case_name,seed,face_x_idx,face_x_coord,Q_face_mean,Q_face_median,Qp_face_mean,Qp_face_median,Q_borehole_mean,Qp_borehole_mean,Q_ratio,Q_difference,Q_log_ratio,Qp_ratio,Qp_difference,face_joints_count,face_rqd_practical,face_rqd_mean,face_rqd_min_dir,RQD_borehole_direct,RQD_borehole_hudson,lambda_borehole,borehole_n_intersections_total,RQD_face_scanline,lambda_face_scanline,RQD_face_scanline_hudson,face_scanline_n_intersections,Jv_face,Jv_method,RQD_face_jv,RQD_face_conservative,RQD_diff_bh_direct_minus_face_scanline,RQD_diff_bh_hudson_minus_face_scanline,RQD_diff_bh_direct_minus_face_jv,RQD_diff_bh_hudson_minus_face_jv,RQD_absdiff_bh_direct_face_scanline,RQD_absdiff_bh_hudson_face_scanline,RQD_absdiff_bh_direct_face_jv,RQD_absdiff_bh_hudson_face_jv,face_joint_count,bh_union_fracture_count,common_union_fracture_count,missed_union_fracture_count,miss_ratio_union,detection_ratio_union,face_area,window_length,face_fracture_density,bh_fracture_frequency_mean,bh_union_fracture_frequency,common_fracture_density,missed_fracture_density,face_orientation_bias,bh_union_orientation_bias,orientation_bias_gap,Q_match_strict,Q_match_normal,Q_match_loose,Qp_match_strict,Qp_match_normal,Qp_match_loose,face_RQD_mean,face_RQD_median,face_RQD_std,face_RQD_min,face_RQD_max,face_RQD_n_points,face_Jn_mean,face_Jn_median,face_Jn_std,face_Jn_min,face_Jn_max,face_Jn_n_points,face_Jr_mean,face_Jr_median,face_Jr_std,face_Jr_min,face_Jr_max,face_Jr_n_points,face_Ja_mean,face_Ja_median,face_Ja_std,face_Ja_min,face_Ja_max,face_Ja_n_points,face_Jw_mean,face_Jw_median,face_Jw_std,face_Jw_min,face_Jw_max,face_Jw_n_points,face_SRF_mean,face_SRF_median,face_SRF_std,face_SRF_min,face_SRF_max,face_SRF_n_points,face_Q_mean,face_Q_median,face_Q_std,face_Q_min,face_Q_max,face_Q_n_points,face_Qprime_mean,face_Qprime_median,face_Qprime_std,face_Qprime_min,face_Qprime_max,face_Qprime_n_points,case_path,case_name_meta,quality_regime,density_regime,orientation_regime,anisotropy_regime,cost_fp,cost_fn
scenario_03_sparse_large,40,10,10.5,30.125538016090076,27.862158169501466,33.3405242320754,33.34052423207541,12.664448741131633,16.66666666666666,0.4203891307888855,-17.461089274958443,-0.37634852123426366,0.49989215978291124,-16.673857565408742,1,100.0,100.0,100.0,100.0,100.0,0.0,0,100.0,0.0,100.0,0,0.05,P32_derived_Jv_proxy,100.0,100.0,0.0,0.0,0.0,0.0,0.0,0.0,0.0,0.0,1,0,0,1,1.0,0.0,78.53981633974483,7.0,0.012732395447351627,0.0,0.0,0.0,0.012732395447351627,0.32303570434237505,0.0,0.32303570434237505,0,0,0,0,0,0,100.0,100.0,0.0,100.0,100.0,81,2.0,2.0,0.0,2.0,2.0,81,1.88509875414665,1.88509875414665,0.0,1.88509875414665,1.88509875414665,81,2.827038262843333,2.827038262843333,0.0,2.827038262843333,2.827038262843333,81,0.8035971553723992,0.8076560283621431,0.10066257195430728,0.53260119501172,1.0,81,0.9697544385533005,0.9383394783297043,0.2766163932638677,0.5,1.603020648014794,81,30.125538016090076,27.862158169501466,10.037987566241052,14.078170307723086,55.02128931406087,81,33.3405242320754,33.34052423207541,7.105427357601002e-15,33.34052423207541,33.34052423207541,81,cases/scenario_03_sparse_large.yaml,scenario_03_sparse_large,sparse_large,sparse,broad,unknown,1,5
scenario_03_sparse_large,40,20,20.5,13.23158950130426,12.210437701103539,16.66666666666666,16.666666666666664,13.604847972119325,16.66666666666666,1.0282096471310778,0.373258470815065,0.012081674298704437,1.0,0.0,0,100.0,100.0,100.0,100.0,100.0,0.0,0,100.0,0.0,100.0,0,0.05,P32_derived_Jv_proxy,100.0,100.0,0.0,0.0,0.0,0.0,0.0,0.0,0.0,0.0,0,0,0,0,0.0,0.0,78.53981633974483,7.0,0.0,0.0,0.0,0.0,0.0,0.0,0.0,0.0,1,1,1,1,1,1,100.0,100.0,0.0,100.0,100.0,81,2.0,2.0,0.0,2.0,2.0,81,1.0,1.0,0.0,1.0,1.0,81,3.0,3.0,0.0,3.0,3.0,81,0.799889545963395,0.7990959797484326,0.08922012665462013,0.6362147928205298,1.0,81,1.1014069007716158,1.1163084583400518,0.29939186823266106,0.5,1.831943449738366,81,13.23158950130426,12.210437701103539,4.719329005333707,6.7939315720787405,28.268071225867192,81,16.66666666666666,16.666666666666664,3.552713678800501e-15,16.666666666666664,16.666666666666664,81,cases/scenario_03_sparse_large.yaml,scenario_03_sparse_large,sparse_large,sparse,broad,unknown,1,5
scenario_03_sparse_large,40,30,30.5,14.606573793853773,13.825778370534998,16.66666666666666,16.666666666666664,19.68727231704963,16.66666666666666,1.347836432752884,5.080698523195856,0.12963719141073193,1.0,0.0,0,100.0,100.0,100.0,100.0,100.0,0.0,0,100.0,0.0,100.0,0,0.05,P32_derived_Jv_proxy,100.0,100.0,0.0,0.0,0.0,0.0,0.0,0.0,0.0,0.0,0,0,0,0,0.0,0.0,78.53981633974483,7.0,0.0,0.0,0.0,0.0,0.0,0.0,0.0,0.0,0,1,1,1,1,1,100.0,100.0,0.0,100.0,100.0,81,2.0,2.0,0.0,2.0,2.0,81,1.0,1.0,0.0,1.0,1.0,81,3.0,3.0,0.0,3.0,3.0,81,0.800257429823972,0.7905785405298176,0.10106852332611733,0.5390120919419402,1.0,81,0.9987436365213074,0.9967042761718597,0.27448000500424025,0.5,1.6629978368886775,81,14.606573793853773,13.825778370534998,5.185623112449858,6.194604436348467,32.37044301954947,81,16.66666666666666,16.666666666666664,3.552713678800501e-15,16.666666666666664,16.666666666666664,81,cases/scenario_03_sparse_large.yaml,scenario_03_sparse_large,sparse_large,sparse,broad,unknown,1,5
scenario_03_sparse_large,41,10,10.5,14.416198258762442,13.360340363767376,16.66666666666666,16.666666666666664,14.698751151819101,16.66666666666666,1.01959968141288,0.28255289305665876,0.00842969109631797,1.0,0.0,0,100.0,100.0,100.0,100.0,100.0,0.0,0,100.0,0.0,100.0,0,0.05,P32_derived_Jv_proxy,100.0,100.0,0.0,0.0,0.0,0.0,0.0,0.0,0.0,0.0,0,0,0,0,0.0,0.0,78.53981633974483,7.0,0.0,0.0,0.0,0.0,0.0,0.0,0.0,0.0,1,1,1,1,1,1,100.0,100.0,0.0,100.0,100.0,81,2.0,2.0,0.0,2.0,2.0,81,1.0,1.0,0.0,1.0,1.0,81,3.0,3.0,0.0,3.0,3.0,81,0.7978581082223815,0.7943015153875855,0.09928950078230864,0.5852307861527136,1.0,81,1.0090870943838894,0.9795592398973204,0.30192537640846345,0.5,1.910320876119753,81,14.416198258762442,13.360340363767376,4.944749428054958,7.525980862949416,33.33333333333333,81,16.66666666666666,16.666666666666664,3.552713678800501e-15,16.666666666666664,16.666666666666664,81,cases/scenario_03_sparse_large.yaml,scenario_03_sparse_large,sparse_large,sparse,broad,unknown,1,5
scenario_03_sparse_large,41,20,20.5,10.729481641816587,10.186654751207765,12.907399981206952,12.907399981206952,15.18220200261759,16.66666666666666,1.4149986466678106,4.452720360801003,0.15075602449282988,1.291248949512153,3.7592666854597088,1,100.0,100.0,100.0,100.0,100.0,0.0,0,100.0,0.0,100.0,0,0.05,P32_derived_Jv_proxy,100.0,100.0,0.0,0.0,0.0,0.0,0.0,0.0,0.0,0.0,1,0,0,1,1.0,0.0,78.53981633974483,7.0,0.012732395447351627,0.0,0.0,0.0,0.012732395447351627,0.9233089800511894,0.0,0.9233089800511894,0,1,1,0,1,1,100.0,100.0,0.0,100.0,100.0,81,2.0,2.0,0.0,2.0,2.0,81,0.8508092904089808,0.8508092904089808,0.0,0.8508092904089808,0.8508092904089808,81,3.295819807427332,3.295819807427332,0.0,3.295819807427332,3.295819807427332,81,0.8089172847331659,0.8130443701500136,0.09896632926536905,0.5198663106279062,1.0,81,1.0427542653117048,1.0020198540577556,0.25699482971596643,0.5,1.6146966926613922,81,10.729481641816587,10.186654751207765,3.3706956255171323,5.338307474631387,21.74653249508537,81,12.907399981206952,12.907399981206952,0.0,12.907399981206952,12.907399981206952,81,cases/scenario_03_sparse_large.yaml,scenario_03_sparse_large,sparse_large,sparse,broad,unknown,1,5
scenario_03_sparse_large,41,30,30.5,15.344839215563736,13.74575125428435,16.66666666666666,16.666666666666664,10.731236742092458,16.66666666666666,0.6993384936355761,-4.613602473471278,-0.15531256626366674,1.0,0.0,0,100.0,100.0,100.0,100.0,100.0,0.0,0,100.0,0.0,100.0,0,0.05,P32_derived_Jv_proxy,100.0,100.0,0.0,0.0,0.0,0.0,0.0,0.0,0.0,0.0,0,0,0,0,0.0,0.0,78.53981633974483,7.0,0.0,0.0,0.0,0.0,0.0,0.0,0.0,0.0,0,1,1,1,1,1,100.0,100.0,0.0,100.0,100.0,81,2.0,2.0,0.0,2.0,2.0,81,1.0,1.0,0.0,1.0,1.0,81,3.0,3.0,0.0,3.0,3.0,81,0.801436147906869,0.8010738879103414,0.09968544949654078,0.5777008709041266,1.0,81,0.9647394838910653,0.922854689662873,0.29718692631239385,0.5,1.8443491796109208,81,15.344839215563736,13.74575125428435,5.718192025501397,6.893771220913127,32.99839097352883,81,16.66666666666666,16.666666666666664,3.552713678800501e-15,16.666666666666664,16.666666666666664,81,cases/scenario_03_sparse_large.yaml,scenario_03_sparse_large,sparse_large,sparse,broad,unknown,1,5
scenario_03_sparse_large,42,10,10.5,14.879363536087354,14.016563625776124,16.66666666666666,16.666666666666664,13.579546174978537,16.66666666666666,0.9126429461880993,-1.2998173611088166,-0.03969909851134501,1.0,0.0,0,100.0,100.0,100.0,100.0,100.0,0.0,0,100.0,0.0,100.0,0,0.05,P32_derived_Jv_proxy,100.0,100.0,0.0,0.0,0.0,0.0,0.0,0.0,0.0,0.0,0,0,0,0,0.0,0.0,78.53981633974483,7.0,0.0,0.0,0.0,0.0,0.0,0.0,0.0,0.0,1,1,1,1,1,1,100.0,100.0,0.0,100.0,100.0,81,2.0,2.0,0.0,2.0,2.0,81,1.0,1.0,0.0,1.0,1.0,81,3.0,3.0,0.0,3.0,3.0,81,0.8201517560809011,0.8226067003048976,0.08698822438873212,0.5751736541013271,1.0,81,0.9877160372876669,0.937196033969026,0.2563878424717291,0.5,1.5404515273190675,81,14.879363536087354,14.016563625776124,4.5590094013541735,8.333819256644585,29.298844330894838,81,16.66666666666666,16.666666666666664,3.552713678800501e-15,16.666666666666664,16.666666666666664,81,cases/scenario_03_sparse_large.yaml,scenario_03_sparse_large,sparse_large,sparse,broad,unknown,1,5
scenario_03_sparse_large,42,20,20.5,15.75389359515431,13.990495851074954,16.66666666666666,16.666666666666664,13.296582955629358,16.66666666666666,0.8440188373316938,-2.4573106395249518,-0.07364786041473126,1.0,0.0,0,100.0,100.0,100.0,100.0,100.0,0.0,0,100.0,0.0,100.0,0,0.05,P32_derived_Jv_proxy,100.0,100.0,0.0,0.0,0.0,0.0,0.0,0.0,0.0,0.0,0,0,0,0,0.0,0.0,78.53981633974483,7.0,0.0,0.0,0.0,0.0,0.0,0.0,0.0,0.0,1,1,1,1,1,1,100.0,100.0,0.0,100.0,100.0,81,2.0,2.0,0.0,2.0,2.0,81,1.0,1.0,0.0,1.0,1.0,81,3.0,3.0,0.0,3.0,3.0,81,0.7988857674090312,0.8117037190935028,0.1011720173796645,0.5561134050219071,1.0,81,0.9683511330949067,0.9370708560021371,0.3338856479833927,0.5,1.7820738996420622,81,15.75389359515431,13.990495851074954,6.346016580948595,5.200994612079078,31.44666493740858,81,16.66666666666666,16.666666666666664,3.552713678800501e-15,16.666666666666664,16.666666666666664,81,cases/scenario_03_sparse_large.yaml,scenario_03_sparse_large,sparse_large,sparse,broad,unknown,1,5
scenario_03_sparse_large,42,30,30.5,15.213930556263227,14.003784099725964,16.66666666666666,16.666666666666664,11.379705359039528,16.66666666666666,0.7479793152042991,-3.8342251972236987,-0.12611041205110562,1.0,0.0,0,100.0,100.0,100.0,100.0,100.0,0.0,0,100.0,0.0,100.0,0,0.05,P32_derived_Jv_proxy,100.0,100.0,0.0,0.0,0.0,0.0,0.0,0.0,0.0,0.0,0,0,0,0,0.0,0.0,78.53981633974483,7.0,0.0,0.0,0.0,0.0,0.0,0.0,0.0,0.0,0,1,1,1,1,1,100.0,100.0,0.0,100.0,100.0,81,2.0,2.0,0.0,2.0,2.0,81,1.0,1.0,0.0,1.0,1.0,81,3.0,3.0,0.0,3.0,3.0,81,0.816729700761937,0.8169461992309159,0.10196021735524873,0.5895180825587304,1.0,81,0.9919010136788373,0.9891668958302567,0.2864226965439688,0.5,1.61392226941115,81,15.213930556263227,14.003784099725964,5.776938707946305,7.516166787999816,33.33333333333333,81,16.66666666666666,16.666666666666664,3.552713678800501e-15,16.666666666666664,16.666666666666664,81,cases/scenario_03_sparse_large.yaml,scenario_03_sparse_large,sparse_large,sparse,broad,unknown,1,5
scenario_03_sparse_large,43,10,10.5,14.670487631941667,13.260408071848259,16.66666666666666,16.666666666666664,14.57297438602984,16.66666666666666,0.993353101249374,-0.09751324591182708,-0.002896348014448824,1.0,0.0,0,100.0,100.0,100.0,100.0,100.0,0.0,0,100.0,0.0,100.0,0,0.05,P32_derived_Jv_proxy,100.0,100.0,0.0,0.0,0.0,0.0,0.0,0.0,0.0,0.0,0,0,0,0,0.0,0.0,78.53981633974483,7.0,0.0,0.0,0.0,0.0,0.0,0.0,0.0,0.0,1,1,1,1,1,1,100.0,100.0,0.0,100.0,100.0,81,2.0,2.0,0.0,2.0,2.0,81,1.0,1.0,0.0,1.0,1.0,81,3.0,3.0,0.0,3.0,3.0,81,0.8005996334473018,0.8083399756866172,0.09094354034905701,0.6028684794019811,1.0,81,1.0111272453389775,1.0189493802142906,0.3091718189269834,0.5,1.9021458853895916,81,14.670487631941667,13.260408071848259,5.498017047706533,6.828949535057145,30.759477872801053,81,16.66666666666666,16.666666666666664,3.552713678800501e-15,16.666666666666664,16.666666666666664,81,cases/scenario_03_sparse_large.yaml,scenario_03_sparse_large,sparse_large,sparse,broad,unknown,1,5
scenario_03_sparse_large,43,20,20.5,14.658914440948646,13.811898153402085,16.66666666666666,16.666666666666664,14.697017674935008,16.66666666666666,1.002599321671455,0.038103233986362284,0.0011274064465505163,1.0,0.0,0,100.0,100.0,100.0,100.0,100.0,0.0,0,100.0,0.0,100.0,0,0.05,P32_derived_Jv_proxy,100.0,100.0,0.0,0.0,0.0,0.0,0.0,0.0,0.0,0.0,0,0,0,0,0.0,0.0,78.53981633974483,7.0,0.0,0.0,0.0,0.0,0.0,0.0,0.0,0.0,1,1,1,1,1,1,100.0,100.0,0.0,100.0,100.0,81,2.0,2.0,0.0,2.0,2.0,81,1.0,1.0,0.0,1.0,1.0,81,3.0,3.0,0.0,3.0,3.0,81,0.7905888054956041,0.7786183429896067,0.11006730644197166,0.5534061106231943,1.0,81,0.9738748458334907,1.00575159650972,0.2531224140316706,0.5,1.5940754817332985,81,14.658914440948646,13.811898153402085,5.056793303388321,8.179786405795484,33.33333333333333,81,16.66666666666666,16.666666666666664,3.552713678800501e-15,16.666666666666664,16.666666666666664,81,cases/scenario_03_sparse_large.yaml,scenario_03_sparse_large,sparse_large,sparse,broad,unknown,1,5
scenario_03_sparse_large,43,30,30.5,14.586390175744496,13.414497322285637,16.66666666666666,16.666666666666664,15.376007137270411,16.66666666666666,1.0541338159758649,0.7896169615259154,0.02289574546005979,1.0,0.0,0,100.0,100.0,100.0,100.0,100.0,0.0,0,100.0,0.0,100.0,0,0.05,P32_derived_Jv_proxy,100.0,100.0,0.0,0.0,0.0,0.0,0.0,0.0,0.0,0.0,0,0,0,0,0.0,0.0,78.53981633974483,7.0,0.0,0.0,0.0,0.0,0.0,0.0,0.0,0.0,1,1,1,1,1,1,100.0,100.0,0.0,100.0,100.0,81,2.0,2.0,0.0,2.0,2.0,81,1.0,1.0,0.0,1.0,1.0,81,3.0,3.0,0.0,3.0,3.0,81,0.7948638466131424,0.7947782314267764,0.10207510399684487,0.5566606012163399,1.0,81,1.0128008059196867,0.9776625528379457,0.3181093142679531,0.5,1.9115843994476727,81,14.586390175744496,13.414497322285637,5.502879926179432,4.853396318582459,32.064979807854534,81,16.66666666666666,16.666666666666664,3.552713678800501e-15,16.666666666666664,16.666666666666664,81,cases/scenario_03_sparse_large.yaml,scenario_03_sparse_large,sparse_large,sparse,broad,unknown,1,5
scenario_03_sparse_large,44,10,10.5,13.904885490787182,12.600847530539475,16.66666666666666,16.666666666666664,13.14116947907252,16.66666666666666,0.9450757065046907,-0.7637160117146617,-0.024533400379316728,1.0,0.0,0,100.0,100.0,100.0,100.0,100.0,0.0,0,100.0,0.0,100.0,0,0.05,P32_derived_Jv_proxy,100.0,100.0,0.0,0.0,0.0,0.0,0.0,0.0,0.0,0.0,0,0,0,0,0.0,0.0,78.53981633974483,7.0,0.0,0.0,0.0,0.0,0.0,0.0,0.0,0.0,1,1,1,1,1,1,100.0,100.0,0.0,100.0,100.0,81,2.0,2.0,0.0,2.0,2.0,81,1.0,1.0,0.0,1.0,1.0,81,3.0,3.0,0.0,3.0,3.0,81,0.8036292895023304,0.8122964039050711,0.09957689538991277,0.5512180366000373,1.0,81,1.0521454522367355,1.053047597726763,0.2997950861484031,0.5,1.9470777795643965,81,13.904885490787182,12.600847530539475,4.911160854767474,7.408270903517755,33.33333333333333,81,16.66666666666666,16.666666666666664,3.552713678800501e-15,16.666666666666664,16.666666666666664,81,cases/scenario_03_sparse_large.yaml,scenario_03_sparse_large,sparse_large,sparse,broad,unknown,1,5
scenario_03_sparse_large,44,20,20.5,8.511920186067197,7.763745539574097,9.199737733159953,9.199737733159955,13.485424828330153,16.66666666666666,1.5842987872940675,4.973504642262956,0.19983708977636006,1.8116458479672273,7.466928933506708,1,100.0,100.0,100.0,100.0,100.0,0.0,0,100.0,0.0,100.0,0,0.05,P32_derived_Jv_proxy,100.0,100.0,0.0,0.0,0.0,0.0,0.0,0.0,0.0,0.0,1,0,0,1,1.0,0.0,78.53981633974483,7.0,0.012732395447351627,0.0,0.0,0.0,0.012732395447351627,0.9010026576308647,0.0,0.9010026576308647,0,0,1,0,0,1,100.0,100.0,0.0,100.0,100.0,81,2.0,2.0,0.0,2.0,2.0,81,0.7197012554085193,0.7197012554085193,0.0,0.7197012554085193,0.7197012554085193,81,3.9115313734129353,3.9115313734129353,0.0,3.9115313734129353,3.9115313734129353,81,0.7963433355952534,0.792399507706913,0.09464515220703215,0.5310851053093565,0.9832069555538783,81,0.9496117296180606,0.943707473018034,0.283591865374451,0.5,1.6093918813096557,81,8.511920186067197,7.763745539574097,2.999673073839579,3.5449299001432437,17.042209148022305,81,9.199737733159953,9.199737733159955,1.7763568394002505e-15,9.199737733159955,9.199737733159955,81,cases/scenario_03_sparse_large.yaml,scenario_03_sparse_large,sparse_large,sparse,broad,unknown,1,5
scenario_03_sparse_large,44,30,30.5,8.096956760598523,7.030488966557262,9.199737733159953,9.199737733159955,14.333207766789927,16.66666666666666,1.770196901203462,6.236251006191404,0.24802157616412446,1.8116458479672273,7.466928933506708,1,100.0,100.0,100.0,100.0,100.0,0.0,0,100.0,0.0,100.0,0,0.05,P32_derived_Jv_proxy,100.0,100.0,0.0,0.0,0.0,0.0,0.0,0.0,0.0,0.0,1,0,0,1,1.0,0.0,78.53981633974483,7.0,0.012732395447351627,0.0,0.0,0.0,0.012732395447351627,0.9010026576308647,0.0,0.9010026576308647,0,0,1,0,0,1,100.0,100.0,0.0,100.0,100.0,81,2.0,2.0,0.0,2.0,2.0,81,0.7197012554085193,0.7197012554085193,0.0,0.7197012554085193,0.7197012554085193,81,3.9115313734129353,3.9115313734129353,0.0,3.9115313734129353,3.9115313734129353,81,0.7812238383453431,0.7788268000785074,0.09346162346482771,0.5342370727038999,1.0,81,0.9848479673114322,0.9792017256840395,0.2960902175930554,0.5,1.714353518314174,81,8.096956760598523,7.030488966557262,2.975169143491509,3.986569904114463,15.517811057796822,81,9.199737733159953,9.199737733159955,1.7763568394002505e-15,9.199737733159955,9.199737733159955,81,cases/scenario_03_sparse_large.yaml,scenario_03_sparse_large,sparse_large,sparse,broad,unknown,1,5
scenario_03_sparse_large,45,10,10.5,14.558527205974054,12.413073590552298,16.66666666666666,16.666666666666664,13.732120930458374,16.66666666666666,0.9432355853154867,-0.82640627551568,-0.025379823037411597,1.0,0.0,0,100.0,100.0,100.0,100.0,100.0,0.0,0,100.0,0.0,100.0,0,0.05,P32_derived_Jv_proxy,100.0,100.0,0.0,0.0,0.0,0.0,0.0,0.0,0.0,0.0,0,0,0,0,0.0,0.0,78.53981633974483,7.0,0.0,0.0,0.0,0.0,0.0,0.0,0.0,0.0,1,1,1,1,1,1,100.0,100.0,0.0,100.0,100.0,81,2.0,2.0,0.0,2.0,2.0,81,1.0,1.0,0.0,1.0,1.0,81,3.0,3.0,0.0,3.0,3.0,81,0.7878509828911117,0.7999873356414235,0.0998739407777145,0.5590883966836794,0.9693777709148167,81,1.0088277539539994,1.0461571489595884,0.29838944737964346,0.5,1.7140001082115817,81,14.558527205974054,12.413073590552298,5.896021730624705,6.629624540635778,31.220511985516612,81,16.66666666666666,16.666666666666664,3.552713678800501e-15,16.666666666666664,16.666666666666664,81,cases/scenario_03_sparse_large.yaml,scenario_03_sparse_large,sparse_large,sparse,broad,unknown,1,5
scenario_03_sparse_large,45,20,20.5,30.238226196202536,27.15665308026549,34.02519654717434,34.02519654717434,15.471142596477303,16.66666666666666,0.5116418699989831,-14.767083599725233,-0.29103392243134496,0.48983307542571014,-17.358529880507678,1,100.0,100.0,100.0,100.0,100.0,0.0,0,100.0,0.0,100.0,0,0.05,P32_derived_Jv_proxy,100.0,100.0,0.0,0.0,0.0,0.0,0.0,0.0,0.0,0.0,1,0,0,1,1.0,0.0,78.53981633974483,7.0,0.012732395447351627,0.0,0.0,0.0,0.012732395447351627,0.3697198996142602,0.0,0.3697198996142602,0,0,1,0,0,0,100.0,100.0,0.0,100.0,100.0,81,2.0,2.0,0.0,2.0,2.0,81,1.3253217602196206,1.3253217602196206,0.0,1.3253217602196206,1.3253217602196206,81,1.9475593012109778,1.9475593012109778,0.0,1.9475593012109778,1.9475593012109778,81,0.8060333339035968,0.794065659519944,0.10791027317708209,0.5085294499498666,1.0,81,0.9988744901786574,1.0171616778561827,0.2875360634309954,0.5,1.7299572534595633,81,30.238226196202536,27.15665308026549,11.138369555808373,13.676373956245143,66.89481867364505,81,34.02519654717434,34.02519654717434,0.0,34.02519654717434,34.02519654717434,81,cases/scenario_03_sparse_large.yaml,scenario_03_sparse_large,sparse_large,sparse,broad,unknown,1,5
scenario_03_sparse_large,45,30,30.5,30.15307706993992,27.10147996720082,34.02519654717434,34.02519654717434,13.715946892554559,16.66666666666666,0.4548771875168987,-16.43713017738536,-0.34210584286658463,0.48983307542571014,-17.358529880507678,1,100.0,100.0,100.0,100.0,100.0,0.0,0,100.0,0.0,100.0,0,0.05,P32_derived_Jv_proxy,100.0,100.0,0.0,0.0,0.0,0.0,0.0,0.0,0.0,0.0,1,0,0,1,1.0,0.0,78.53981633974483,7.0,0.012732395447351627,0.0,0.0,0.0,0.012732395447351627,0.3697198996142602,0.0,0.3697198996142602,0,0,0,0,0,0,100.0,100.0,0.0,100.0,100.0,81,2.0,2.0,0.0,2.0,2.0,81,1.3253217602196206,1.3253217602196206,0.0,1.3253217602196206,1.3253217602196206,81,1.9475593012109778,1.9475593012109778,0.0,1.9475593012109778,1.9475593012109778,81,0.8048600204661626,0.8033934027965469,0.08985548222420017,0.5124127807171411,1.0,81,0.9883837094778509,0.9962071229495126,0.2692187643307613,0.5,1.6941483218907574,81,30.15307706993992,27.10147996720082,10.154421063314675,13.399569085754331,60.03442319378473,81,34.02519654717434,34.02519654717434,0.0,34.02519654717434,34.02519654717434,81,cases/scenario_03_sparse_large.yaml,scenario_03_sparse_large,sparse_large,sparse,broad,unknown,1,5
scenario_03_sparse_large,46,10,10.5,14.592484572913493,12.700651201832349,16.66666666666666,16.666666666666664,17.524038282256747,16.66666666666666,1.2008947615942518,2.9315537093432535,0.07950495039919314,1.0,0.0,0,100.0,100.0,100.0,100.0,100.0,0.0,0,100.0,0.0,100.0,0,0.05,P32_derived_Jv_proxy,100.0,100.0,0.0,0.0,0.0,0.0,0.0,0.0,0.0,0.0,0,0,0,0,0.0,0.0,78.53981633974483,7.0,0.0,0.0,0.0,0.0,0.0,0.0,0.0,0.0,1,1,1,1,1,1,100.0,100.0,0.0,100.0,100.0,81,2.0,2.0,0.0,2.0,2.0,81,1.0,1.0,0.0,1.0,1.0,81,3.0,3.0,0.0,3.0,3.0,81,0.7867676957034144,0.788206767846497,0.08645378565696583,0.5845768051651647,1.0,81,0.9995526442477375,1.050942094212838,0.3042872018407805,0.5,1.6369099858959053,81,14.592484572913493,12.700651201832349,5.338848694964103,8.173481591314914,28.331532750163355,81,16.66666666666666,16.666666666666664,3.552713678800501e-15,16.666666666666664,16.666666666666664,81,cases/scenario_03_sparse_large.yaml,scenario_03_sparse_large,sparse_large,sparse,broad,unknown,1,5
scenario_03_sparse_large,46,20,20.5,13.980124218277842,13.018888361155676,16.66666666666666,16.666666666666664,14.13969673882726,16.66666666666666,1.011414241966519,0.15957252054941762,0.004929064744343403,1.0,0.0,0,100.0,100.0,100.0,100.0,100.0,0.0,0,100.0,0.0,100.0,0,0.05,P32_derived_Jv_proxy,100.0,100.0,0.0,0.0,0.0,0.0,0.0,0.0,0.0,0.0,0,0,0,0,0.0,0.0,78.53981633974483,7.0,0.0,0.0,0.0,0.0,0.0,0.0,0.0,0.0,1,1,1,1,1,1,100.0,100.0,0.0,100.0,100.0,81,2.0,2.0,0.0,2.0,2.0,81,1.0,1.0,0.0,1.0,1.0,81,3.0,3.0,0.0,3.0,3.0,81,0.7855642330645826,0.7877996558127088,0.09730138903653719,0.5609094553723607,0.9957413612135109,81,1.0082620757526024,0.9768911057570042,0.2607522873320484,0.5,1.5971452265315143,81,13.980124218277842,13.018888361155676,4.465864802538994,6.993129793381605,27.300844870882553,81,16.66666666666666,16.666666666666664,3.552713678800501e-15,16.666666666666664,16.666666666666664,81,cases/scenario_03_sparse_large.yaml,scenario_03_sparse_large,sparse_large,sparse,broad,unknown,1,5
scenario_03_sparse_large,46,30,30.5,14.352774165693386,13.248508952704654,16.66666666666666,16.666666666666664,12.8699574705672,16.66666666666666,0.8966877986089632,-1.4828166951261856,-0.047358739723437626,1.0,0.0,0,100.0,100.0,100.0,100.0,100.0,0.0,0,100.0,0.0,100.0,0,0.05,P32_derived_Jv_proxy,100.0,100.0,0.0,0.0,0.0,0.0,0.0,0.0,0.0,0.0,0,0,0,0,0.0,0.0,78.53981633974483,7.0,0.0,0.0,0.0,0.0,0.0,0.0,0.0,0.0,1,1,1,1,1,1,100.0,100.0,0.0,100.0,100.0,81,2.0,2.0,0.0,2.0,2.0,81,1.0,1.0,0.0,1.0,1.0,81,3.0,3.0,0.0,3.0,3.0,81,0.7871252123839014,0.7799559434371687,0.09082855542130557,0.6009053885843837,1.0,81,0.9969094746511691,1.0205001050756453,0.27717376462469245,0.5,1.7460309036122992,81,14.352774165693386,13.248508952704654,4.847196702696401,7.779964107932541,29.533950252399638,81,16.66666666666666,16.666666666666664,3.552713678800501e-15,16.666666666666664,16.666666666666664,81,cases/scenario_03_sparse_large.yaml,scenario_03_sparse_large,sparse_large,sparse,broad,unknown,1,5
scenario_03_sparse_large,47,10,10.5,14.240396570594791,13.560359838220531,16.66666666666666,16.666666666666664,13.691575895005093,16.66666666666666,0.961460295514314,-0.5488206755896989,-0.01706864568975308,1.0,0.0,0,100.0,100.0,100.0,100.0,100.0,0.0,0,100.0,0.0,100.0,0,0.05,P32_derived_Jv_proxy,100.0,100.0,0.0,0.0,0.0,0.0,0.0,0.0,0.0,0.0,0,0,0,0,0.0,0.0,78.53981633974483,7.0,0.0,0.0,0.0,0.0,0.0,0.0,0.0,0.0,1,1,1,1,1,1,100.0,100.0,0.0,100.0,100.0,81,2.0,2.0,0.0,2.0,2.0,81,1.0,1.0,0.0,1.0,1.0,81,3.0,3.0,0.0,3.0,3.0,81,0.7963026066472056,0.8003798368111937,0.10217619894389435,0.5284124169482818,1.0,81,1.0241773174042865,0.9903799864140268,0.30719625652588406,0.5,2.0124024961922897,81,14.240396570594791,13.560359838220531,4.985830386734626,5.924284323340692,28.181606370356075,81,16.66666666666666,16.666666666666664,3.552713678800501e-15,16.666666666666664,16.666666666666664,81,cases/scenario_03_sparse_large.yaml,scenario_03_sparse_large,sparse_large,sparse,broad,unknown,1,5
scenario_03_sparse_large,47,20,20.5,14.87205946048432,13.96723131041066,16.66666666666666,16.666666666666664,15.174872095368466,16.66666666666666,1.02036117699023,0.30281263488414645,0.008753926084686059,1.0,0.0,0,100.0,100.0,100.0,100.0,100.0,0.0,0,100.0,0.0,100.0,0,0.05,P32_derived_Jv_proxy,100.0,100.0,0.0,0.0,0.0,0.0,0.0,0.0,0.0,0.0,0,0,0,0,0.0,0.0,78.53981633974483,7.0,0.0,0.0,0.0,0.0,0.0,0.0,0.0,0.0,1,1,1,1,1,1,100.0,100.0,0.0,100.0,100.0,81,2.0,2.0,0.0,2.0,2.0,81,1.0,1.0,0.0,1.0,1.0,81,3.0,3.0,0.0,3.0,3.0,81,0.7998087194984348,0.7873539374096189,0.09183498687932172,0.6233038930440037,1.0,81,0.9712798626581806,0.9460221466595674,0.26900466756878544,0.5,1.5450643424308745,81,14.87205946048432,13.96723131041066,4.69881661804834,8.680086061669002,28.76131137968878,81,16.66666666666666,16.666666666666664,3.552713678800501e-15,16.666666666666664,16.666666666666664,81,cases/scenario_03_sparse_large.yaml,scenario_03_sparse_large,sparse_large,sparse,broad,unknown,1,5
scenario_03_sparse_large,47,30,30.5,13.679826049119908,13.008171090816786,16.66666666666666,16.666666666666664,15.92812126162899,16.66666666666666,1.1643511550831251,2.248295212509081,0.06608397835144397,1.0,0.0,0,100.0,100.0,100.0,100.0,100.0,0.0,0,100.0,0.0,100.0,0,0.05,P32_derived_Jv_proxy,100.0,100.0,0.0,0.0,0.0,0.0,0.0,0.0,0.0,0.0,0,0,0,0,0.0,0.0,78.53981633974483,7.0,0.0,0.0,0.0,0.0,0.0,0.0,0.0,0.0,1,1,1,1,1,1,100.0,100.0,0.0,100.0,100.0,81,2.0,2.0,0.0,2.0,2.0,81,1.0,1.0,0.0,1.0,1.0,81,3.0,3.0,0.0,3.0,3.0,81,0.8031184375808672,0.7998805389268386,0.10126150194952209,0.580690467511096,1.0,81,1.0485718077097428,1.0126227840019357,0.27534264577569273,0.5,1.9047147491509895,81,13.679826049119908,13.008171090816786,4.00836383913777,5.776979091714448,28.437187044928866,81,16.66666666666666,16.666666666666664,3.552713678800501e-15,16.666666666666664,16.666666666666664,81,cases/scenario_03_sparse_large.yaml,scenario_03_sparse_large,sparse_large,sparse,broad,unknown,1,5
scenario_03_sparse_large,48,10,10.5,14.38879909212297,13.393432043839596,16.66666666666666,16.666666666666664,15.047526042920586,16.66666666666666,1.0457805371094682,0.6587269507976163,0.019440554968665813,1.0,0.0,0,100.0,100.0,100.0,100.0,100.0,0.0,0,100.0,0.0,100.0,0,0.05,P32_derived_Jv_proxy,100.0,100.0,0.0,0.0,0.0,0.0,0.0,0.0,0.0,0.0,0,0,0,0,0.0,0.0,78.53981633974483,7.0,0.0,0.0,0.0,0.0,0.0,0.0,0.0,0.0,1,1,1,1,1,1,100.0,100.0,0.0,100.0,100.0,81,2.0,2.0,0.0,2.0,2.0,81,1.0,1.0,0.0,1.0,1.0,81,3.0,3.0,0.0,3.0,3.0,81,0.7941326784074938,0.7963085659560045,0.0977978283033276,0.5581680807162404,1.0,81,0.9995762199698129,0.9836454802723567,0.2817437735375838,0.5,1.8301604874627946,81,14.38879909212297,13.393432043839596,4.750627234901788,6.063092380732806,30.658651869641297,81,16.66666666666666,16.666666666666664,3.552713678800501e-15,16.666666666666664,16.666666666666664,81,cases/scenario_03_sparse_large.yaml,scenario_03_sparse_large,sparse_large,sparse,broad,unknown,1,5
scenario_03_sparse_large,48,20,20.5,14.198903258401867,13.115374885642261,16.66666666666666,16.666666666666664,12.600409808149726,16.66666666666666,0.8874213436656616,-1.5984934502521408,-0.05187013013293207,1.0,0.0,0,100.0,100.0,100.0,100.0,100.0,0.0,0,100.0,0.0,100.0,0,0.05,P32_derived_Jv_proxy,100.0,100.0,0.0,0.0,0.0,0.0,0.0,0.0,0.0,0.0,0,0,0,0,0.0,0.0,78.53981633974483,7.0,0.0,0.0,0.0,0.0,0.0,0.0,0.0,0.0,1,1,1,1,1,1,100.0,100.0,0.0,100.0,100.0,81,2.0,2.0,0.0,2.0,2.0,81,1.0,1.0,0.0,1.0,1.0,81,3.0,3.0,0.0,3.0,3.0,81,0.7839107927325466,0.7879261738196859,0.08118216919385843,0.5955220424578389,0.9839552226616961,81,1.001824807369888,1.0029159345282757,0.2808950461244752,0.5,1.816875972485724,81,14.198903258401867,13.115374885642261,4.690541336508923,6.651080388936696,27.82100372186042,81,16.66666666666666,16.666666666666664,3.552713678800501e-15,16.666666666666664,16.666666666666664,81,cases/scenario_03_sparse_large.yaml,scenario_03_sparse_large,sparse_large,sparse,broad,unknown,1,5
scenario_03_sparse_large,48,30,30.5,14.777093623114007,13.683866487924275,16.66666666666666,16.666666666666664,14.493028736810485,16.66666666666666,0.9807766741181639,-0.284064886303522,-0.008429871559582303,1.0,0.0,0,100.0,100.0,100.0,100.0,100.0,0.0,0,100.0,0.0,100.0,0,0.05,P32_derived_Jv_proxy,100.0,100.0,0.0,0.0,0.0,0.0,0.0,0.0,0.0,0.0,0,0,0,0,0.0,0.0,78.53981633974483,7.0,0.0,0.0,0.0,0.0,0.0,0.0,0.0,0.0,1,1,1,1,1,1,100.0,100.0,0.0,100.0,100.0,81,2.0,2.0,0.0,2.0,2.0,81,1.0,1.0,0.0,1.0,1.0,81,3.0,3.0,0.0,3.0,3.0,81,0.7958521585622667,0.7943142592727024,0.09559250837228793,0.5553196047192309,1.0,81,0.9938847066644849,0.9755349909444945,0.3044861987352099,0.5,1.9222586318853279,81,14.777093623114007,13.683866487924275,5.398441537002721,7.2805127998884425,31.431293638015486,81,16.66666666666666,16.666666666666664,3.552713678800501e-15,16.666666666666664,16.666666666666664,81,cases/scenario_03_sparse_large.yaml,scenario_03_sparse_large,sparse_large,sparse,broad,unknown,1,5
scenario_03_sparse_large,49,10,10.5,14.675536886833413,14.093100274081193,16.66666666666666,16.666666666666664,13.073163495995491,16.66666666666666,0.8908133035817218,-1.602373390837922,-0.05021330575004623,1.0,0.0,0,100.0,100.0,100.0,100.0,100.0,0.0,0,100.0,0.0,100.0,0,0.05,P32_derived_Jv_proxy,100.0,100.0,0.0,0.0,0.0,0.0,0.0,0.0,0.0,0.0,0,0,0,0,0.0,0.0,78.53981633974483,7.0,0.0,0.0,0.0,0.0,0.0,0.0,0.0,0.0,1,1,1,1,1,1,100.0,100.0,0.0,100.0,100.0,81,2.0,2.0,0.0,2.0,2.0,81,1.0,1.0,0.0,1.0,1.0,81,3.0,3.0,0.0,3.0,3.0,81,0.7871066944420383,0.7804891431614985,0.10574155176250453,0.5632639206363447,1.0,81,0.9711280524572913,0.9867848738962166,0.26748405481762655,0.5,1.6750439296218238,81,14.675536886833413,14.093100274081193,5.023566196313274,6.6513046868545125,33.33333333333333,81,16.66666666666666,16.666666666666664,3.552713678800501e-15,16.666666666666664,16.666666666666664,81,cases/scenario_03_sparse_large.yaml,scenario_03_sparse_large,sparse_large,sparse,broad,unknown,1,5
scenario_03_sparse_large,49,20,20.5,13.548135005566621,12.680800931789117,16.66666666666666,16.666666666666664,12.794492020862318,16.66666666666666,0.9443729351387,-0.7536429847043031,-0.02485646789609075,1.0,0.0,0,100.0,100.0,100.0,100.0,100.0,0.0,0,100.0,0.0,100.0,0,0.05,P32_derived_Jv_proxy,100.0,100.0,0.0,0.0,0.0,0.0,0.0,0.0,0.0,0.0,0,0,0,0,0.0,0.0,78.53981633974483,7.0,0.0,0.0,0.0,0.0,0.0,0.0,0.0,0.0,1,1,1,1,1,1,100.0,100.0,0.0,100.0,100.0,81,2.0,2.0,0.0,2.0,2.0,81,1.0,1.0,0.0,1.0,1.0,81,3.0,3.0,0.0,3.0,3.0,81,0.801240386671217,0.8086293975141062,0.10292465344608133,0.5652240870869816,0.9953055193204609,81,1.0550374972351741,1.0592527335998057,0.2621287633456737,0.5,1.6292694046524878,81,13.548135005566621,12.680800931789117,4.072963252108049,6.532371255055273,24.529578821698617,81,16.66666666666666,16.666666666666664,3.552713678800501e-15,16.666666666666664,16.666666666666664,81,cases/scenario_03_sparse_large.yaml,scenario_03_sparse_large,sparse_large,sparse,broad,unknown,1,5
scenario_03_sparse_large,49,30,30.5,18.285317229710355,16.949651456167658,20.67952017549266,20.67952017549266,15.316420661761395,17.239931453641805,0.8376349433454161,-2.96889656794896,-0.07694521362917928,0.8336717345150437,-3.4395887218508534,1,100.0,100.0,100.0,100.0,99.93315942627937,0.14285714285714285,1,100.0,0.1,99.99503320866597,1,0.05,P32_derived_Jv_proxy,100.0,100.0,0.0,-0.06684057372062568,0.0,-0.06684057372062568,0.0,0.06684057372062568,0.0,0.06684057372062568,1,1,1,0,0.0,1.0,78.53981633974483,7.0,0.012732395447351627,0.14285714285714285,0.14285714285714285,0.012732395447351627,0.0,0.49023924982685063,0.49023924982685063,0.0,1,1,1,1,1,1,100.0,100.0,0.0,100.0,100.0,81,2.0,2.0,0.0,2.0,2.0,81,1.2890834217024099,1.2890834217024099,0.0,1.2890834217024099,1.2890834217024099,81,3.1168117315171204,3.1168117315171204,0.0,3.1168117315171204,3.1168117315171204,81,0.7977486196662066,0.8050997860252979,0.0924371357796984,0.5737982282643138,1.0,81,0.9932331570952084,0.9763592126091798,0.2869769722860283,0.5,1.6130131684613174,81,18.285317229710355,16.949651456167658,6.547557606889243,7.840433261727345,38.582742217457124,81,20.67952017549266,20.67952017549266,0.0,20.67952017549266,20.67952017549266,81,cases/scenario_03_sparse_large.yaml,scenario_03_sparse_large,sparse_large,sparse,broad,unknown,1,5
scenario_03_sparse_large,50,10,10.5,13.224150775099787,12.42692614290037,15.407248380641501,15.407248380641503,11.930021174232214,16.66666666666666,0.9021389257520919,-1.2941296008675724,-0.0447265777112289,1.081741934374704,1.2594182860251593,1,100.0,100.0,100.0,100.0,100.0,0.0,0,100.0,0.0,100.0,0,0.05,P32_derived_Jv_proxy,100.0,100.0,0.0,0.0,0.0,0.0,0.0,0.0,0.0,0.0,1,0,0,1,1.0,0.0,78.53981633974483,7.0,0.012732395447351627,0.0,0.0,0.0,0.012732395447351627,0.09393737417057868,0.0,0.09393737417057868,1,1,1,1,1,1,100.0,100.0,0.0,100.0,100.0,81,2.0,2.0,0.0,2.0,2.0,81,0.5,0.5,0.0,0.5,0.5,81,1.6226129015620563,1.6226129015620563,0.0,1.6226129015620563,1.6226129015620563,81,0.8012737427693075,0.8024635074640515,0.09078087181613989,0.6077581184293633,1.0,81,1.0182479670090923,1.0152385544736318,0.2752523232554317,0.5,1.591477833481668,81,13.224150775099787,12.42692614290037,4.555022846437308,6.137897290816623,26.75190810848724,81,15.407248380641501,15.407248380641503,1.7763568394002505e-15,15.407248380641503,15.407248380641503,81,cases/scenario_03_sparse_large.yaml,scenario_03_sparse_large,sparse_large,sparse,broad,unknown,1,5
scenario_03_sparse_large,50,20,20.5,13.958726608599417,12.574102272798232,15.407248380641501,15.407248380641503,16.487951225125087,16.485219629095813,1.181193076377577,2.5292246165256707,0.07232089266162745,1.0699652022101969,1.0779712484543111,1,100.0,100.0,100.0,99.99006870318792,99.93315942627937,0.14285714285714285,1,100.0,0.0,100.0,0,0.05,P32_derived_Jv_proxy,100.0,100.0,-0.009931296812084156,-0.06684057372062568,-0.009931296812084156,-0.06684057372062568,0.009931296812084156,0.06684057372062568,0.009931296812084156,0.06684057372062568,1,1,1,0,0.0,1.0,78.53981633974483,7.0,0.012732395447351627,0.14285714285714285,0.14285714285714285,0.012732395447351627,0.0,0.09393737417057868,0.09393737417057868,0.0,1,1,1,1,1,1,100.0,100.0,0.0,100.0,100.0,81,2.0,2.0,0.0,2.0,2.0,81,0.5,0.5,0.0,0.5,0.5,81,1.6226129015620563,1.6226129015620563,0.0,1.6226129015620563,1.6226129015620563,81,0.7994913444304069,0.7999326833004284,0.09544963912186753,0.5057842443200987,1.0,81,0.9555357449217797,0.9779056086506612,0.2480471593299317,0.5,1.5139782620778282,81,13.958726608599417,12.574102272798232,4.6304245201152465,5.484155160513594,27.504959414247743,81,15.407248380641501,15.407248380641503,1.7763568394002505e-15,15.407248380641503,15.407248380641503,81,cases/scenario_03_sparse_large.yaml,scenario_03_sparse_large,sparse_large,sparse,broad,unknown,1,5
scenario_03_sparse_large,50,30,30.5,13.783553601577141,13.399692307346696,15.407248380641501,15.407248380641503,14.472075466258017,16.66666666666666,1.0499524204412782,0.688521864680876,0.021169619062327838,1.081741934374704,1.2594182860251593,1,100.0,100.0,100.0,100.0,100.0,0.0,0,100.0,0.0,100.0,0,0.05,P32_derived_Jv_proxy,100.0,100.0,0.0,0.0,0.0,0.0,0.0,0.0,0.0,0.0,1,0,0,1,1.0,0.0,78.53981633974483,7.0,0.012732395447351627,0.0,0.0,0.0,0.012732395447351627,0.09393737417057868,0.0,0.09393737417057868,1,1,1,1,1,1,100.0,100.0,0.0,100.0,100.0,81,2.0,2.0,0.0,2.0,2.0,81,0.5,0.5,0.0,0.5,0.5,81,1.6226129015620563,1.6226129015620563,0.0,1.6226129015620563,1.6226129015620563,81,0.8088118795477663,0.8138605172177267,0.09584849353255269,0.5848971614287447,1.0,81,0.9675824403387312,0.9327893628628112,0.24378250646221436,0.5,1.4894734810451185,81,13.783553601577141,13.399692307346696,4.007777313973869,6.698981992881826,25.07870227194175,81,15.407248380641501,15.407248380641503,1.7763568394002505e-15,15.407248380641503,15.407248380641503,81,cases/scenario_03_sparse_large.yaml,scenario_03_sparse_large,sparse_large,sparse,broad,unknown,1,5
scenario_03_sparse_large,51,10,10.5,13.617117262846017,12.758995400770205,16.66666666666666,16.666666666666664,12.841954674834444,16.66666666666666,0.9430743987109088,-0.7751625880115736,-0.025454044616778804,1.0,0.0,0,100.0,100.0,100.0,100.0,100.0,0.0,0,100.0,0.0,100.0,0,0.05,P32_derived_Jv_proxy,100.0,100.0,0.0,0.0,0.0,0.0,0.0,0.0,0.0,0.0,0,0,0,0,0.0,0.0,78.53981633974483,7.0,0.0,0.0,0.0,0.0,0.0,0.0,0.0,0.0,1,1,1,1,1,1,100.0,100.0,0.0,100.0,100.0,81,2.0,2.0,0.0,2.0,2.0,81,1.0,1.0,0.0,1.0,1.0,81,3.0,3.0,0.0,3.0,3.0,81,0.7838654286524246,0.7939540374680594,0.09992869020360821,0.4749622900598166,1.0,81,1.0485297151903896,1.002223744268108,0.3006532459470663,0.5,1.914870104549414,81,13.617117262846017,12.758995400770205,4.7053018820356085,6.658006626257381,26.212590026486662,81,16.66666666666666,16.666666666666664,3.552713678800501e-15,16.666666666666664,16.666666666666664,81,cases/scenario_03_sparse_large.yaml,scenario_03_sparse_large,sparse_large,sparse,broad,unknown,1,5
scenario_03_sparse_large,51,20,20.5,13.36593328285913,12.32990662826269,16.66666666666666,16.666666666666664,16.635715905946814,16.66666666666666,1.2446355637044029,3.269782623087684,0.09504220617754933,1.0,0.0,0,100.0,100.0,100.0,100.0,100.0,0.0,0,100.0,0.0,100.0,0,0.05,P32_derived_Jv_proxy,100.0,100.0,0.0,0.0,0.0,0.0,0.0,0.0,0.0,0.0,0,0,0,0,0.0,0.0,78.53981633974483,7.0,0.0,0.0,0.0,0.0,0.0,0.0,0.0,0.0,1,1,1,1,1,1,100.0,100.0,0.0,100.0,100.0,81,2.0,2.0,0.0,2.0,2.0,81,1.0,1.0,0.0,1.0,1.0,81,3.0,3.0,0.0,3.0,3.0,81,0.8052804417016167,0.8132156741767894,0.10295180223691232,0.56329971100237,1.0,81,1.089130975749321,1.1130928122059145,0.28622072293879447,0.5,1.7619723911493748,81,13.36593328285913,12.32990662826269,4.630074848818426,6.767889906730435,31.78135308384855,81,16.66666666666666,16.666666666666664,3.552713678800501e-15,16.666666666666664,16.666666666666664,81,cases/scenario_03_sparse_large.yaml,scenario_03_sparse_large,sparse_large,sparse,broad,unknown,1,5
scenario_03_sparse_large,51,30,30.5,15.015257889005403,14.165667349873463,16.66666666666666,16.666666666666664,20.318573354438374,16.66666666666666,1.3531950969231243,5.303315465432972,0.13136041552512912,1.0,0.0,0,100.0,100.0,100.0,100.0,100.0,0.0,0,100.0,0.0,100.0,0,0.05,P32_derived_Jv_proxy,100.0,100.0,0.0,0.0,0.0,0.0,0.0,0.0,0.0,0.0,0,0,0,0,0.0,0.0,78.53981633974483,7.0,0.0,0.0,0.0,0.0,0.0,0.0,0.0,0.0,0,1,1,1,1,1,100.0,100.0,0.0,100.0,100.0,81,2.0,2.0,0.0,2.0,2.0,81,1.0,1.0,0.0,1.0,1.0,81,3.0,3.0,0.0,3.0,3.0,81,0.7987216233867049,0.7980046999951199,0.0977254949045771,0.5775189737373762,1.0,81,0.9760805416804138,0.9275340439524289,0.29537839699062507,0.5,1.732389882030218,81,15.015257889005403,14.165667349873463,5.22157732348987,7.096861142655621,33.33054557346738,81,16.66666666666666,16.666666666666664,3.552713678800501e-15,16.666666666666664,16.666666666666664,81,cases/scenario_03_sparse_large.yaml,scenario_03_sparse_large,sparse_large,sparse,broad,unknown,1,5
scenario_03_sparse_large,52,10,10.5,10.362295865714357,9.667846341346971,12.32512786163084,12.32512786163084,16.270625457128038,16.66666666666666,1.5701757282343696,5.908329591413681,0.19594825975429075,1.3522510154682774,4.341538805035821,1,100.0,100.0,100.0,100.0,100.0,0.0,0,100.0,0.0,100.0,0,0.05,P32_derived_Jv_proxy,100.0,100.0,0.0,0.0,0.0,0.0,0.0,0.0,0.0,0.0,1,0,0,1,1.0,0.0,78.53981633974483,7.0,0.012732395447351627,0.0,0.0,0.0,0.012732395447351627,0.18978499047972464,0.0,0.18978499047972464,0,0,1,0,1,1,100.0,100.0,0.0,100.0,100.0,81,2.0,2.0,0.0,2.0,2.0,81,1.3528601419993507,1.3528601419993507,0.0,1.3528601419993507,1.3528601419993507,81,5.488219502415541,5.488219502415541,0.0,5.488219502415541,5.488219502415541,81,0.8029661202574983,0.7988655099431926,0.0999414618486419,0.5424772832518779,1.0,81,1.0316767392158908,1.034691004443133,0.2762663158812229,0.5,1.8412721425068197,81,10.362295865714357,9.667846341346971,3.2710578372512016,5.179570716873519,19.68800096975769,81,12.32512786163084,12.32512786163084,0.0,12.32512786163084,12.32512786163084,81,cases/scenario_03_sparse_large.yaml,scenario_03_sparse_large,sparse_large,sparse,broad,unknown,1,5
scenario_03_sparse_large,52,20,20.5,10.926599668947215,9.660172173943698,12.32512786163084,12.32512786163084,11.950296299011095,16.66666666666666,1.0936884905716064,1.0236966300638795,0.03889364184156752,1.3522510154682774,4.341538805035821,1,100.0,100.0,100.0,100.0,100.0,0.0,0,100.0,0.0,100.0,0,0.05,P32_derived_Jv_proxy,100.0,100.0,0.0,0.0,0.0,0.0,0.0,0.0,0.0,0.0,1,0,0,1,1.0,0.0,78.53981633974483,7.0,0.012732395447351627,0.0,0.0,0.0,0.012732395447351627,0.18978499047972464,0.0,0.18978499047972464,1,1,1,0,1,1,100.0,100.0,0.0,100.0,100.0,81,2.0,2.0,0.0,2.0,2.0,81,1.3528601419993507,1.3528601419993507,0.0,1.3528601419993507,1.3528601419993507,81,5.488219502415541,5.488219502415541,0.0,5.488219502415541,5.488219502415541,81,0.7810743103232906,0.7887518242440279,0.11013369955489766,0.5091893079140576,1.0,81,0.9839018720155006,0.9925951799673405,0.29353034361696767,0.5,1.6423598413405756,81,10.926599668947215,9.660172173943698,4.441107887341081,5.349267868377179,24.392560181218716,81,12.32512786163084,12.32512786163084,0.0,12.32512786163084,12.32512786163084,81,cases/scenario_03_sparse_large.yaml,scenario_03_sparse_large,sparse_large,sparse,broad,unknown,1,5
scenario_03_sparse_large,52,30,30.5,19.697898282732282,18.112878298070704,20.93682849096792,20.936828490967923,16.98432412057874,16.66666666666666,0.8622404216325792,-2.7135741621535416,-0.0643716213795007,0.7960454313248354,-4.270161824301258,1,100.0,100.0,100.0,100.0,100.0,0.0,0,100.0,0.1,99.99503320866597,1,0.05,P32_derived_Jv_proxy,100.0,100.0,0.0,0.0,0.0,0.0,0.0,0.0,0.0,0.0,1,0,0,1,1.0,0.0,78.53981633974483,7.0,0.012732395447351627,0.0,0.0,0.0,0.012732395447351627,0.6377943404197925,0.0,0.6377943404197925,1,1,1,0,1,1,100.0,100.0,0.0,100.0,100.0,81,2.0,2.0,0.0,2.0,2.0,81,1.3706844905278806,1.3706844905278806,0.0,1.3706844905278806,1.3706844905278806,81,3.2733813794175872,3.2733813794175872,0.0,3.2733813794175872,3.2733813794175872,81,0.7999759789944247,0.8158555489654203,0.1003283673933865,0.534267415660564,1.0,81,0.9325187714664647,0.9361089669648482,0.2643714053272736,0.5,1.4945150714961841,81,19.697898282732282,18.112878298070704,6.940951206216634,10.439775333136689,39.883578904788045,81,20.93682849096792,20.936828490967923,3.552713678800501e-15,20.936828490967923,20.936828490967923,81,cases/scenario_03_sparse_large.yaml,scenario_03_sparse_large,sparse_large,sparse,broad,unknown,1,5
scenario_03_sparse_large,53,10,10.5,13.469556886579607,11.794830975248718,16.66666666666666,16.666666666666664,15.661708346410679,16.66666666666666,1.1627485950941134,2.192151459831072,0.06548582344199927,1.0,0.0,0,100.0,100.0,100.0,100.0,100.0,0.0,0,100.0,0.0,100.0,0,0.05,P32_derived_Jv_proxy,100.0,100.0,0.0,0.0,0.0,0.0,0.0,0.0,0.0,0.0,0,0,0,0,0.0,0.0,78.53981633974483,7.0,0.0,0.0,0.0,0.0,0.0,0.0,0.0,0.0,1,1,1,1,1,1,100.0,100.0,0.0,100.0,100.0,81,2.0,2.0,0.0,2.0,2.0,81,1.0,1.0,0.0,1.0,1.0,81,3.0,3.0,0.0,3.0,3.0,81,0.7815469191546549,0.7704193526014428,0.09602806482868793,0.577922385128754,1.0,81,1.0500208240749493,1.091025868931795,0.26337482813577845,0.5,1.6262270746414123,81,13.469556886579607,11.794830975248718,4.976916050045795,7.733380974898077,33.33333333333333,81,16.66666666666666,16.666666666666664,3.552713678800501e-15,16.666666666666664,16.666666666666664,81,cases/scenario_03_sparse_large.yaml,scenario_03_sparse_large,sparse_large,sparse,broad,unknown,1,5
scenario_03_sparse_large,53,20,20.5,15.42927683448293,14.005839555581641,16.66666666666666,16.666666666666664,14.676961117276493,16.66666666666666,0.9512410254040498,-0.7523157172064376,-0.0217094276046923,1.0,0.0,0,100.0,100.0,100.0,100.0,100.0,0.0,0,100.0,0.0,100.0,0,0.05,P32_derived_Jv_proxy,100.0,100.0,0.0,0.0,0.0,0.0,0.0,0.0,0.0,0.0,0,0,0,0,0.0,0.0,78.53981633974483,7.0,0.0,0.0,0.0,0.0,0.0,0.0,0.0,0.0,1,1,1,1,1,1,100.0,100.0,0.0,100.0,100.0,81,2.0,2.0,0.0,2.0,2.0,81,1.0,1.0,0.0,1.0,1.0,81,3.0,3.0,0.0,3.0,3.0,81,0.7885809337883731,0.7842033611490626,0.10554323536285222,0.48466954656430067,1.0,81,0.9653463163362846,0.9575334951927542,0.3235661024319136,0.5,1.7677804597321345,81,15.42927683448293,14.005839555581641,6.1184977090508985,6.049377539912283,30.584591521869026,81,16.66666666666666,16.666666666666664,3.552713678800501e-15,16.666666666666664,16.666666666666664,81,cases/scenario_03_sparse_large.yaml,scenario_03_sparse_large,sparse_large,sparse,broad,unknown,1,5
scenario_03_sparse_large,53,30,30.5,14.282453010016559,13.652258751372363,16.66666666666666,16.666666666666664,12.57203596977986,16.66666666666666,0.8802434680487203,-1.710417040236699,-0.05539718897964363,1.0,0.0,0,100.0,100.0,100.0,100.0,100.0,0.0,0,100.0,0.0,100.0,0,0.05,P32_derived_Jv_proxy,100.0,100.0,0.0,0.0,0.0,0.0,0.0,0.0,0.0,0.0,0,0,0,0,0.0,0.0,78.53981633974483,7.0,0.0,0.0,0.0,0.0,0.0,0.0,0.0,0.0,1,1,1,1,1,1,100.0,100.0,0.0,100.0,100.0,81,2.0,2.0,0.0,2.0,2.0,81,1.0,1.0,0.0,1.0,1.0,81,3.0,3.0,0.0,3.0,3.0,81,0.7918693297694279,0.7969357561123706,0.10118138027772673,0.5096404005600609,0.9698551146602745,81,1.0155449253031117,0.9585013099142662,0.30263822975242777,0.5,1.6167859127721582,81,14.282453010016559,13.652258751372363,4.918925605037205,7.103834598603603,29.488728705832518,81,16.66666666666666,16.666666666666664,3.552713678800501e-15,16.666666666666664,16.666666666666664,81,cases/scenario_03_sparse_large.yaml,scenario_03_sparse_large,sparse_large,sparse,broad,unknown,1,5
scenario_03_sparse_large,54,10,10.5,14.145926859567496,13.463187839106544,16.66666666666666,16.666666666666664,13.619165135217443,16.66666666666666,0.9627623039777149,-0.5267617243500524,-0.016480922442461132,1.0,0.0,0,100.0,100.0,100.0,100.0,100.0,0.0,0,100.0,0.0,100.0,0,0.05,P32_derived_Jv_proxy,100.0,100.0,0.0,0.0,0.0,0.0,0.0,0.0,0.0,0.0,0,0,0,0,0.0,0.0,78.53981633974483,7.0,0.0,0.0,0.0,0.0,0.0,0.0,0.0,0.0,1,1,1,1,1,1,100.0,100.0,0.0,100.0,100.0,81,2.0,2.0,0.0,2.0,2.0,81,1.0,1.0,0.0,1.0,1.0,81,3.0,3.0,0.0,3.0,3.0,81,0.8078119727822491,0.8089250558464265,0.09648407754777928,0.5335741910550436,1.0,81,1.0288467230446088,1.0323607100823244,0.2723958964152607,0.5,1.712812935228443,81,14.145926859567496,13.463187839106544,4.6707975210334975,7.197629080531528,31.560523893625817,81,16.66666666666666,16.666666666666664,3.552713678800501e-15,16.666666666666664,16.666666666666664,81,cases/scenario_03_sparse_large.yaml,scenario_03_sparse_large,sparse_large,sparse,broad,unknown,1,5
scenario_03_sparse_large,54,20,20.5,13.444000411387822,12.309061585300233,16.66666666666666,16.666666666666664,14.330333624807954,16.66666666666666,1.0659277883292355,0.8863332134201318,0.02772778424739797,1.0,0.0,0,100.0,100.0,100.0,100.0,100.0,0.0,0,100.0,0.0,100.0,0,0.05,P32_derived_Jv_proxy,100.0,100.0,0.0,0.0,0.0,0.0,0.0,0.0,0.0,0.0,0,0,0,0,0.0,0.0,78.53981633974483,7.0,0.0,0.0,0.0,0.0,0.0,0.0,0.0,0.0,1,1,1,1,1,1,100.0,100.0,0.0,100.0,100.0,81,2.0,2.0,0.0,2.0,2.0,81,1.0,1.0,0.0,1.0,1.0,81,3.0,3.0,0.0,3.0,3.0,81,0.7855038277716311,0.7832084502946978,0.09248378655519528,0.5734072022454373,0.9844770300577768,81,1.0479640595703046,1.0616906362666911,0.27001707968438077,0.5,1.8396691409692576,81,13.444000411387822,12.309061585300233,4.248593078214446,7.469388910222658,26.70712326452438,81,16.66666666666666,16.666666666666664,3.552713678800501e-15,16.666666666666664,16.666666666666664,81,cases/scenario_03_sparse_large.yaml,scenario_03_sparse_large,sparse_large,sparse,broad,unknown,1,5
scenario_03_sparse_large,54,30,30.5,14.882117403252082,13.390581254104749,16.66666666666666,16.666666666666664,17.516123132312735,16.66666666666666,1.1769913284305271,2.6340057290606538,0.07077326315894483,1.0,0.0,0,100.0,100.0,100.0,100.0,100.0,0.0,0,100.0,0.0,100.0,0,0.05,P32_derived_Jv_proxy,100.0,100.0,0.0,0.0,0.0,0.0,0.0,0.0,0.0,0.0,0,0,0,0,0.0,0.0,78.53981633974483,7.0,0.0,0.0,0.0,0.0,0.0,0.0,0.0,0.0,1,1,1,1,1,1,100.0,100.0,0.0,100.0,100.0,81,2.0,2.0,0.0,2.0,2.0,81,1.0,1.0,0.0,1.0,1.0,81,3.0,3.0,0.0,3.0,3.0,81,0.7993164253925964,0.7990642605031754,0.10487203939701423,0.5067266883373909,1.0,81,0.9869707952797963,0.9633611234529782,0.3056210202370006,0.5,1.8362575040963869,81,14.882117403252082,13.390581254104749,5.2381952276045025,6.73753442567993,31.115236113846116,81,16.66666666666666,16.666666666666664,3.552713678800501e-15,16.666666666666664,16.666666666666664,81,cases/scenario_03_sparse_large.yaml,scenario_03_sparse_large,sparse_large,sparse,broad,unknown,1,5
scenario_03_sparse_large,55,10,10.5,13.695705908124772,12.606778867255532,16.66666666666666,16.666666666666664,14.838946778917077,16.66666666666666,1.0834744027406498,1.1432408707923045,0.03481865549911878,1.0,0.0,0,100.0,100.0,100.0,100.0,100.0,0.0,0,100.0,0.0,100.0,0,0.05,P32_derived_Jv_proxy,100.0,100.0,0.0,0.0,0.0,0.0,0.0,0.0,0.0,0.0,0,0,0,0,0.0,0.0,78.53981633974483,7.0,0.0,0.0,0.0,0.0,0.0,0.0,0.0,0.0,1,1,1,1,1,1,100.0,100.0,0.0,100.0,100.0,81,2.0,2.0,0.0,2.0,2.0,81,1.0,1.0,0.0,1.0,1.0,81,3.0,3.0,0.0,3.0,3.0,81,0.7989508974061292,0.8060861644536488,0.11470062755130633,0.5306346758404765,1.0,81,1.0488390311236087,1.0336423033437352,0.29021690568682945,0.5,1.7958886582742033,81,13.695705908124772,12.606778867255532,4.401674698864457,6.600304866313421,27.373606292536127,81,16.66666666666666,16.666666666666664,3.552713678800501e-15,16.666666666666664,16.666666666666664,81,cases/scenario_03_sparse_large.yaml,scenario_03_sparse_large,sparse_large,sparse,broad,unknown,1,5
scenario_03_sparse_large,55,20,20.5,17.390071233263857,15.134634390727381,19.005673025403865,19.005673025403865,15.100837578464352,16.66666666666666,0.8683597310159005,-2.2892336547995047,-0.061300324557880925,0.8769311481045275,-2.3390063587372047,1,100.0,100.0,100.0,100.0,100.0,0.0,0,100.0,0.0,100.0,0,0.05,P32_derived_Jv_proxy,100.0,100.0,0.0,0.0,0.0,0.0,0.0,0.0,0.0,0.0,1,0,0,1,1.0,0.0,78.53981633974483,7.0,0.012732395447351627,0.0,0.0,0.0,0.012732395447351627,0.062093025148966086,0.0,0.062093025148966086,1,1,1,1,1,1,100.0,100.0,0.0,100.0,100.0,81,2.0,2.0,0.0,2.0,2.0,81,0.67872338514165,0.67872338514165,0.0,0.67872338514165,0.67872338514165,81,1.7855810321329761,1.7855810321329761,0.0,1.7855810321329761,1.7855810321329761,81,0.8010471372126292,0.7944372582919701,0.08488077615597643,0.5958170217276738,1.0,81,0.9707604475528432,0.9928709735218786,0.29156754547026437,0.5,1.7580939475872595,81,17.390071233263857,15.134634390727381,6.381550569498755,9.332860093810364,38.01134605080773,81,19.005673025403865,19.005673025403865,0.0,19.005673025403865,19.005673025403865,81,cases/scenario_03_sparse_large.yaml,scenario_03_sparse_large,sparse_large,sparse,broad,unknown,1,5
scenario_03_sparse_large,55,30,30.5,14.652336703116193,13.761132403987384,16.66666666666666,16.666666666666664,18.10803619005661,16.66666666666666,1.2358463060847813,3.455699486940416,0.09196446381943435,1.0,0.0,0,100.0,100.0,100.0,100.0,100.0,0.0,0,100.0,0.0,100.0,0,0.05,P32_derived_Jv_proxy,100.0,100.0,0.0,0.0,0.0,0.0,0.0,0.0,0.0,0.0,0,0,0,0,0.0,0.0,78.53981633974483,7.0,0.0,0.0,0.0,0.0,0.0,0.0,0.0,0.0,1,1,1,1,1,1,100.0,100.0,0.0,100.0,100.0,81,2.0,2.0,0.0,2.0,2.0,81,1.0,1.0,0.0,1.0,1.0,81,3.0,3.0,0.0,3.0,3.0,81,0.8038330925410956,0.8132630357124913,0.09222684588255507,0.5662557170820526,1.0,81,0.983951961308957,0.9627312064317265,0.25845668368527064,0.5,1.705656508152421,81,14.652336703116193,13.761132403987384,4.55830230085013,7.049725787675583,31.55503458550518,81,16.66666666666666,16.666666666666664,3.552713678800501e-15,16.666666666666664,16.666666666666664,81,cases/scenario_03_sparse_large.yaml,scenario_03_sparse_large,sparse_large,sparse,broad,unknown,1,5
scenario_03_sparse_large,56,10,10.5,14.119384236280682,12.975611533370921,16.66666666666666,16.666666666666664,13.024298355627716,16.66666666666666,0.9224409604323203,-1.0950858806529666,-0.03506142070167595,1.0,0.0,0,100.0,100.0,100.0,100.0,100.0,0.0,0,100.0,0.0,100.0,0,0.05,P32_derived_Jv_proxy,100.0,100.0,0.0,0.0,0.0,0.0,0.0,0.0,0.0,0.0,0,0,0,0,0.0,0.0,78.53981633974483,7.0,0.0,0.0,0.0,0.0,0.0,0.0,0.0,0.0,1,1,1,1,1,1,100.0,100.0,0.0,100.0,100.0,81,2.0,2.0,0.0,2.0,2.0,81,1.0,1.0,0.0,1.0,1.0,81,3.0,3.0,0.0,3.0,3.0,81,0.7823589503379773,0.790194484838452,0.09917952678137605,0.518969045191373,0.9820108223489054,81,1.0079947474217688,1.007768193717179,0.27464169171945974,0.5,1.720549897063656,81,14.119384236280682,12.975611533370921,5.037639361401073,7.1031771368013406,32.31335302867558,81,16.66666666666666,16.666666666666664,3.552713678800501e-15,16.666666666666664,16.666666666666664,81,cases/scenario_03_sparse_large.yaml,scenario_03_sparse_large,sparse_large,sparse,broad,unknown,1,5
scenario_03_sparse_large,56,20,20.5,14.521400923911822,13.229736007682757,16.66666666666666,16.666666666666664,12.608954161093237,16.66666666666666,0.8683014970222719,-1.9124467628185844,-0.06132945021773151,1.0,0.0,0,100.0,100.0,100.0,100.0,100.0,0.0,0,100.0,0.0,100.0,0,0.05,P32_derived_Jv_proxy,100.0,100.0,0.0,0.0,0.0,0.0,0.0,0.0,0.0,0.0,0,0,0,0,0.0,0.0,78.53981633974483,7.0,0.0,0.0,0.0,0.0,0.0,0.0,0.0,0.0,1,1,1,1,1,1,100.0,100.0,0.0,100.0,100.0,81,2.0,2.0,0.0,2.0,2.0,81,1.0,1.0,0.0,1.0,1.0,81,3.0,3.0,0.0,3.0,3.0,81,0.7839745673627838,0.7772247290095319,0.10132556908802029,0.534042146369163,1.0,81,0.9845532428375287,0.9704414837310807,0.27252122245815147,0.5,1.6625981315246559,81,14.521400923911822,13.229736007682757,5.300808622188798,7.233204460386343,33.33333333333333,81,16.66666666666666,16.666666666666664,3.552713678800501e-15,16.666666666666664,16.666666666666664,81,cases/scenario_03_sparse_large.yaml,scenario_03_sparse_large,sparse_large,sparse,broad,unknown,1,5
scenario_03_sparse_large,56,30,30.5,14.470869960019414,13.41204853463589,16.66666666666666,16.666666666666664,16.75380478646097,16.66666666666666,1.1577607174101436,2.282934826441558,0.06361880995575353,1.0,0.0,0,100.0,100.0,100.0,100.0,100.0,0.0,0,100.0,0.0,100.0,0,0.05,P32_derived_Jv_proxy,100.0,100.0,0.0,0.0,0.0,0.0,0.0,0.0,0.0,0.0,0,0,0,0,0.0,0.0,78.53981633974483,7.0,0.0,0.0,0.0,0.0,0.0,0.0,0.0,0.0,1,1,1,1,1,1,100.0,100.0,0.0,100.0,100.0,81,2.0,2.0,0.0,2.0,2.0,81,1.0,1.0,0.0,1.0,1.0,81,3.0,3.0,0.0,3.0,3.0,81,0.7909837137334307,0.8027262606453777,0.09965502542811723,0.5284697563760429,1.0,81,0.9851134274768893,0.9662617085633743,0.2759374895387308,0.5135505301536576,1.6210734816791847,81,14.470869960019414,13.41204853463589,4.534472070679326,6.8882821339686835,27.70120182794096,81,16.66666666666666,16.666666666666664,3.552713678800501e-15,16.666666666666664,16.666666666666664,81,cases/scenario_03_sparse_large.yaml,scenario_03_sparse_large,sparse_large,sparse,broad,unknown,1,5
scenario_03_sparse_large,57,10,10.5,13.404390009979094,12.17494149919435,16.66666666666666,16.666666666666664,12.474905296744883,16.66666666666666,0.9306581864193564,-0.9294847132342117,-0.031209798083787765,1.0,0.0,0,100.0,100.0,100.0,100.0,100.0,0.0,0,100.0,0.0,100.0,0,0.05,P32_derived_Jv_proxy,100.0,100.0,0.0,0.0,0.0,0.0,0.0,0.0,0.0,0.0,0,0,0,0,0.0,0.0,78.53981633974483,7.0,0.0,0.0,0.0,0.0,0.0,0.0,0.0,0.0,1,1,1,1,1,1,100.0,100.0,0.0,100.0,100.0,81,2.0,2.0,0.0,2.0,2.0,81,1.0,1.0,0.0,1.0,1.0,81,3.0,3.0,0.0,3.0,3.0,81,0.7675328810866332,0.7781820495681833,0.10397211786747748,0.4939238133708671,0.9771729962436889,81,1.0279861806934314,0.9710968011849007,0.2769149055711802,0.5,1.7197434001525769,81,13.404390009979094,12.17494149919435,4.25262744724224,5.984415140552592,31.53373651731365,81,16.66666666666666,16.666666666666664,3.552713678800501e-15,16.666666666666664,16.666666666666664,81,cases/scenario_03_sparse_large.yaml,scenario_03_sparse_large,sparse_large,sparse,broad,unknown,1,5
scenario_03_sparse_large,57,20,20.5,13.655279912510299,12.146878835057269,16.66666666666666,16.666666666666664,15.25400525123192,16.66666666666666,1.1170774490867044,1.5987253387216214,0.04808328461511091,1.0,0.0,0,100.0,100.0,100.0,100.0,100.0,0.0,0,100.0,0.0,100.0,0,0.05,P32_derived_Jv_proxy,100.0,100.0,0.0,0.0,0.0,0.0,0.0,0.0,0.0,0.0,0,0,0,0,0.0,0.0,78.53981633974483,7.0,0.0,0.0,0.0,0.0,0.0,0.0,0.0,0.0,1,1,1,1,1,1,100.0,100.0,0.0,100.0,100.0,81,2.0,2.0,0.0,2.0,2.0,81,1.0,1.0,0.0,1.0,1.0,81,3.0,3.0,0.0,3.0,3.0,81,0.8056996426005038,0.8041431732607716,0.0931551154289102,0.5145380159768163,1.0,81,1.0840527989705073,1.0751959818866281,0.3102090218596026,0.5,1.8316133841926443,81,13.655279912510299,12.146878835057269,5.223947061424905,5.752681155774766,31.218329804615212,81,16.66666666666666,16.666666666666664,3.552713678800501e-15,16.666666666666664,16.666666666666664,81,cases/scenario_03_sparse_large.yaml,scenario_03_sparse_large,sparse_large,sparse,broad,unknown,1,5
scenario_03_sparse_large,57,30,30.5,14.132086304250722,12.65853540250736,16.200173923370183,16.200173923370183,13.55390866277061,16.66666666666666,0.959087594780241,-0.5781776414801119,-0.018141726309588213,1.028795539202423,0.4664927432964774,2,100.0,100.0,100.0,100.0,100.0,0.0,0,100.0,0.0,100.0,0,0.05,P32_derived_Jv_proxy,100.0,100.0,0.0,0.0,0.0,0.0,0.0,0.0,0.0,0.0,2,0,0,2,1.0,0.0,78.53981633974483,7.0,0.025464790894703253,0.0,0.0,0.0,0.025464790894703253,0.7380148201365071,0.0,0.7380148201365071,1,1,1,1,1,1,100.0,100.0,0.0,100.0,100.0,81,2.0,2.0,0.0,2.0,2.0,81,0.5807034017146896,0.5807034017146896,0.0807034017146896,0.5,0.6614068034293792,81,1.7922752078512367,1.7922752078512367,0.6433646581802045,1.1489105496710323,2.4356398660314413,81,0.8133236905771883,0.8219256217903097,0.09648548043687577,0.514780940865292,1.0,81,1.0096679254734195,1.0157515080738397,0.26678014344698847,0.5,1.7454823329804523,81,14.132086304250722,12.65853540250736,4.597749466037762,6.857213759192402,26.690932462110556,81,16.200173923370183,16.200173923370183,0.0,16.200173923370183,16.200173923370183,81,cases/scenario_03_sparse_large.yaml,scenario_03_sparse_large,sparse_large,sparse,broad,unknown,1,5
scenario_03_sparse_large,58,10,10.5,10.10767201635627,9.480952868974144,11.500422895755294,11.500422895755294,15.057224754364182,16.66666666666666,1.4896827607780039,4.949552738007911,0.1730937919608273,1.4492220692873983,5.166243770911366,1,100.0,100.0,100.0,100.0,100.0,0.0,0,100.0,0.0,100.0,0,0.05,P32_derived_Jv_proxy,100.0,100.0,0.0,0.0,0.0,0.0,0.0,0.0,0.0,0.0,1,0,0,1,1.0,0.0,78.53981633974483,7.0,0.012732395447351627,0.0,0.0,0.0,0.012732395447351627,0.8886161984252287,0.0,0.8886161984252287,0,1,1,0,1,1,100.0,100.0,0.0,100.0,100.0,81,2.0,2.0,0.0,2.0,2.0,81,0.8908702922460335,0.8908702922460335,0.0,0.8908702922460335,0.8908702922460335,81,3.8732066651863994,3.8732066651863994,0.0,3.8732066651863994,3.8732066651863994,81,0.7945642768717542,0.7908608889832331,0.10042331260478594,0.565290153295367,1.0,81,0.9864336966394676,0.9952123648700024,0.2767350535634709,0.5,1.5851328271450498,81,10.10767201635627,9.480952868974144,3.4291502879914066,4.900153856681629,20.772956520484186,81,11.500422895755294,11.500422895755294,0.0,11.500422895755294,11.500422895755294,81,cases/scenario_03_sparse_large.yaml,scenario_03_sparse_large,sparse_large,sparse,broad,unknown,1,5
scenario_03_sparse_large,58,20,20.5,16.634028488042002,15.299123788706382,18.37808084460214,18.378080844602138,12.517821221223217,16.66666666666666,0.752542971188376,-4.116207266818785,-0.12346869624286883,0.9068774268430676,-1.711414177935481,1,100.0,100.0,100.0,100.0,100.0,0.0,0,100.0,0.0,100.0,0,0.05,P32_derived_Jv_proxy,100.0,100.0,0.0,0.0,0.0,0.0,0.0,0.0,0.0,0.0,1,0,0,1,1.0,0.0,78.53981633974483,7.0,0.012732395447351627,0.0,0.0,0.0,0.012732395447351627,0.1875429096235256,0.0,0.1875429096235256,0,1,1,1,1,1,100.0,100.0,0.0,100.0,100.0,81,2.0,2.0,0.0,2.0,2.0,81,1.1678298842685932,1.1678298842685932,0.0,1.1678298842685932,1.1678298842685932,81,3.1772356813078195,3.1772356813078195,0.0,3.1772356813078195,3.1772356813078195,81,0.8139883949857611,0.8200378291660119,0.09967076970262026,0.4418658359336589,1.0,81,0.9742854931556376,0.9741720709796667,0.2638048489653771,0.5,1.6886986498735663,81,16.634028488042002,15.299123788706382,5.347310316933264,7.367859653768537,30.66820940589009,81,18.37808084460214,18.378080844602138,3.552713678800501e-15,18.378080844602138,18.378080844602138,81,cases/scenario_03_sparse_large.yaml,scenario_03_sparse_large,sparse_large,sparse,broad,unknown,1,5
scenario_03_sparse_large,58,30,30.5,15.622346287524447,14.730935663095046,18.37808084460214,18.378080844602138,13.963288563821026,16.911154406371733,0.8938022693154423,-1.6590577237034214,-0.048758547024145615,0.9201806515797724,-1.4669264382304092,1,100.0,100.0,100.0,100.0,99.93315942627937,0.14285714285714285,1,100.0,0.1,99.99503320866597,1,0.05,P32_derived_Jv_proxy,100.0,100.0,0.0,-0.06684057372062568,0.0,-0.06684057372062568,0.0,0.06684057372062568,0.0,0.06684057372062568,1,1,1,0,0.0,1.0,78.53981633974483,7.0,0.012732395447351627,0.14285714285714285,0.14285714285714285,0.012732395447351627,0.0,0.1875429096235256,0.1875429096235256,0.0,1,1,1,1,1,1,100.0,100.0,0.0,100.0,100.0,81,2.0,2.0,0.0,2.0,2.0,81,1.1678298842685932,1.1678298842685932,0.0,1.1678298842685932,1.1678298842685932,81,3.1772356813078195,3.1772356813078195,0.0,3.1772356813078195,3.1772356813078195,81,0.7824229526264782,0.7733088624105505,0.0864842389868813,0.6256124130614316,0.9971396888583199,81,1.005426175052472,0.9797078229311897,0.3067216535272064,0.5,1.8057045676403,81,15.622346287524447,14.730935663095046,4.867889588326777,8.11862080725583,29.460411166240732,81,18.37808084460214,18.378080844602138,3.552713678800501e-15,18.378080844602138,18.378080844602138,81,cases/scenario_03_sparse_large.yaml,scenario_03_sparse_large,sparse_large,sparse,broad,unknown,1,5
scenario_03_sparse_large,59,10,10.5,15.455620373559455,13.81902305492568,16.66666666666666,16.666666666666664,13.322878714688654,16.66666666666666,0.8620086669235635,-2.132741658870801,-0.06448836761130083,1.0,0.0,0,100.0,100.0,100.0,100.0,100.0,0.0,0,100.0,0.0,100.0,0,0.05,P32_derived_Jv_proxy,100.0,100.0,0.0,0.0,0.0,0.0,0.0,0.0,0.0,0.0,0,0,0,0,0.0,0.0,78.53981633974483,7.0,0.0,0.0,0.0,0.0,0.0,0.0,0.0,0.0,1,1,1,1,1,1,100.0,100.0,0.0,100.0,100.0,81,2.0,2.0,0.0,2.0,2.0,81,1.0,1.0,0.0,1.0,1.0,81,3.0,3.0,0.0,3.0,3.0,81,0.8130405187327883,0.8123228055296912,0.09551365385189381,0.6032056496829452,1.0,81,0.9821721963761928,0.9944736755353183,0.319658413380919,0.5,1.7409281234417469,81,15.455620373559455,13.81902305492568,5.721972462332152,7.0601361837244925,31.3977090629401,81,16.66666666666666,16.666666666666664,3.552713678800501e-15,16.666666666666664,16.666666666666664,81,cases/scenario_03_sparse_large.yaml,scenario_03_sparse_large,sparse_large,sparse,broad,unknown,1,5
scenario_03_sparse_large,59,20,20.5,36.48998524930785,32.02566746529263,40.0544469971302,40.054446997130206,15.755046530860964,16.66666666666666,0.43176357631330664,-20.734938718446884,-0.3647539976510552,0.4161002813959905,-23.38778033046354,1,100.0,100.0,100.0,100.0,100.0,0.0,0,100.0,0.0,100.0,0,0.05,P32_derived_Jv_proxy,100.0,100.0,0.0,0.0,0.0,0.0,0.0,0.0,0.0,0.0,1,0,0,1,1.0,0.0,78.53981633974483,7.0,0.012732395447351627,0.0,0.0,0.0,0.012732395447351627,0.9330537604506597,0.0,0.9330537604506597,0,0,0,0,0,0,100.0,100.0,0.0,100.0,100.0,81,2.0,2.0,0.0,2.0,2.0,81,1.0496468429148127,1.0496468429148127,0.0,1.0496468429148127,1.0496468429148127,81,1.3102750401098,1.3102750401098,0.0,1.3102750401098,1.3102750401098,81,0.8064984090047714,0.8063037614304853,0.09371386562571783,0.550097108216108,1.0,81,0.9662480803455146,0.9807074574874064,0.2731505887278854,0.5,1.6720256894770706,81,36.48998524930785,32.02566746529263,12.295894575906704,18.750566703809024,69.62208689144673,81,40.0544469971302,40.054446997130206,7.105427357601002e-15,40.054446997130206,40.054446997130206,81,cases/scenario_03_sparse_large.yaml,scenario_03_sparse_large,sparse_large,sparse,broad,unknown,1,5
scenario_03_sparse_large,59,30,30.5,23.641948469322163,21.03775586556259,25.779447739100615,25.779447739100608,11.56954928767819,16.66666666666666,0.4893653034854914,-12.072399181643974,-0.310366825828051,0.6465098413022917,-9.112781072433954,2,100.0,100.0,100.0,100.0,100.0,0.0,0,100.0,0.0,100.0,0,0.05,P32_derived_Jv_proxy,100.0,100.0,0.0,0.0,0.0,0.0,0.0,0.0,0.0,0.0,2,0,0,2,1.0,0.0,78.53981633974483,7.0,0.025464790894703253,0.0,0.0,0.0,0.025464790894703253,0.6933428317355849,0.0,0.6933428317355849,0,0,0,0,0,1,100.0,100.0,0.0,100.0,100.0,81,2.0,2.0,0.0,2.0,2.0,81,1.1730298365040244,1.1730298365040244,0.12338299358921179,1.0496468429148127,1.2964128300932363,81,2.2751260003232114,2.2751260003232114,0.9648509602134115,1.3102750401098,3.239976960536623,81,0.7993147112641963,0.798097197100222,0.08490787298602626,0.6203742123666379,1.0,81,0.9583635068702538,0.9779088975229352,0.2744538001507033,0.5,1.5517615787428731,81,23.641948469322163,21.03775586556259,8.361450554555695,11.587544028116689,46.855362111405746,81,25.779447739100615,25.779447739100608,7.105427357601002e-15,25.779447739100608,25.779447739100608,81,cases/scenario_03_sparse_large.yaml,scenario_03_sparse_large,sparse_large,sparse,broad,unknown,1,5
scenario_07_isotropic,40,10,10.5,30.91629819073925,28.593507267680252,34.21567403854759,34.21567403854758,28.770599510648058,36.7025398512133,0.9305965200991003,-2.1456986800911935,-0.031238575813694824,1.0726820640699346,2.4868658126657124,129,100.0,100.0,100.0,100.0,99.68282947904477,0.42857142857142855,3,100.0,0.7,99.76613872993647,7,2.0,P32_derived_Jv_proxy,100.0,100.0,0.0,-0.31717052095523,0.0,-0.31717052095523,0.0,0.31717052095523,0.0,0.31717052095523,129,3,0,129,1.0,0.0,78.53981633974483,7.0,1.64247901270836,0.42857142857142855,0.42857142857142855,0.0,1.64247901270836,0.5279027938243266,0.4222598361314097,0.10564295769291687,1,1,1,1,1,1,100.0,100.0,0.0,100.0,100.0,81,2.0,2.0,0.0,2.0,2.0,81,1.4980584005525794,1.4980584005525794,0.29722005363204745,0.6593698546464086,2.2453040351302853,81,2.189140565906809,2.189140565906809,0.5958730914710839,0.7506608785100395,3.560084483033844,81,0.8035971553723992,0.8076560283621431,0.10066257195430728,0.53260119501172,1.0,81,0.9697544385533005,0.9383394783297043,0.2766163932638677,0.5,1.603020648014794,81,30.91629819073925,28.593507267680252,10.3014730116053,14.447705829556098,56.46553387242103,81,34.21567403854759,34.21567403854758,7.105427357601002e-15,34.21567403854758,34.21567403854758,81,cases/scenario_07_isotropic.yaml,scenario_07_isotropic,isotropic,moderate,isotropic,unknown,1,5
scenario_07_isotropic,40,20,20.5,26.77454425888381,24.708210953515007,33.72553269361502,33.725532693615015,27.394841264277886,32.74815992344994,1.0231674160126278,0.6202970053940753,0.009946701064772467,0.9710197974026331,-0.9773727701650827,108,99.38766001440553,99.38766001440553,99.38766001440553,98.81694774140503,99.66579713139683,0.7142857142857143,5,99.38766001440553,0.7,99.76613872993647,7,2.0,P32_derived_Jv_proxy,100.0,99.38766001440553,-0.5707122730004954,0.27813711699130295,-1.1830522585949694,-0.33420286860317105,0.5707122730004954,0.27813711699130295,1.1830522585949694,0.33420286860317105,108,5,3,105,0.9722222222222222,0.027777777777777776,78.53981633974483,7.0,1.3750987083139756,0.7142857142857143,0.7142857142857143,0.03819718634205488,1.336901521971921,0.5109515988890777,0.17851464521989047,0.33243695366918724,1,1,1,1,1,1,99.38766001440553,99.38766001440553,0.0,99.38766001440553,99.38766001440553,81,2.0,2.0,0.0,2.0,2.0,81,1.4812113775358071,1.4812113775358071,0.3026645927887886,0.7077437255623561,2.224981184217815,81,2.1825323581600378,2.1825323581600378,0.5761732871714965,0.75,3.310784341600581,81,0.799889545963395,0.7990959797484326,0.08922012665462013,0.6362147928205298,1.0,81,1.1014069007716158,1.1163084583400518,0.29939186823266106,0.5,1.831943449738366,81,26.77454425888381,24.708210953515007,9.549713079678455,13.74773768113949,57.20134561880532,81,33.72553269361502,33.725532693615015,7.105427357601002e-15,33.725532693615015,33.725532693615015,81,cases/scenario_07_isotropic.yaml,scenario_07_isotropic,isotropic,moderate,isotropic,unknown,1,5
scenario_07_isotropic,40,30,30.5,30.288044270918004,28.668994746931734,34.55983209841077,34.55983209841077,39.86914861397315,34.13501537042071,1.3163328822869802,9.581104343055149,0.1193657302042892,0.987707789587045,-0.42481672799006276,119,100.0,100.0,100.0,99.95283596290389,99.48230775788286,0.8571428571428571,6,100.0,0.5,99.87908957257498,5,2.0,P32_derived_Jv_proxy,100.0,100.0,-0.04716403709610972,-0.5176922421171355,-0.04716403709610972,-0.5176922421171355,0.04716403709610972,0.5176922421171355,0.04716403709610972,0.5176922421171355,119,6,4,115,0.9663865546218487,0.03361344537815126,78.53981633974483,7.0,1.5151550582348436,0.8571428571428571,0.8571428571428571,0.05092958178940651,1.464225476445437,0.4813276027636566,0.27545273907379475,0.20587486368986185,0,1,1,1,1,1,100.0,100.0,0.0,100.0,100.0,81,2.0,2.0,0.0,2.0,2.0,81,1.4809413338440687,1.4809413338440687,0.3431811204103666,0.5709868244822369,2.4111139632276752,81,2.1425759963575888,2.1425759963575888,0.6090943527697975,0.75,3.9413829737168617,81,0.800257429823972,0.7905785405298176,0.10106852332611733,0.5390120919419402,1.0,81,0.9987436365213074,0.9967042761718597,0.27448000500424025,0.5,1.6629978368886775,81,30.288044270918004,28.668994746931734,10.752855845514325,12.845069354176411,67.12302454240817,81,34.55983209841077,34.55983209841077,0.0,34.55983209841077,34.55983209841077,81,cases/scenario_07_isotropic.yaml,scenario_07_isotropic,isotropic,moderate,isotropic,unknown,1,5
scenario_07_isotropic,41,10,10.5,30.860195704238215,28.599961716709107,35.677686019475566,35.677686019475566,32.706086702881365,36.58291546393989,1.0598146238712816,1.8458909986431493,0.025229907839929844,1.0253724258902381,0.9052294444643252,130,99.22320418720079,99.22320418720079,99.22320418720079,100.0,99.5491483316035,0.7142857142857143,5,99.22320418720079,1.1,99.43758901791463,11,2.0,P32_derived_Jv_proxy,100.0,99.22320418720079,0.7767958127992074,0.3259441444027118,0.0,-0.4508516683964956,0.7767958127992074,0.3259441444027118,0.0,0.4508516683964956,130,5,3,127,0.9769230769230769,0.023076923076923078,78.53981633974483,7.0,1.6552114081557114,0.7142857142857143,0.7142857142857143,0.03819718634205488,1.6170142218136565,0.5428496691158115,0.3901715864039199,0.15267808271189154,1,1,1,1,1,1,99.22320418720079,99.22320418720079,0.0,99.22320418720079,99.22320418720079,81,2.0,2.0,0.0,2.0,2.0,81,1.5074596188277423,1.5074596188277423,0.2849037533720007,0.8318051240932628,2.141778056051659,81,2.096197795468793,2.096197795468793,0.6491066757269105,0.75,3.6589442629405804,81,0.7978581082223815,0.7943015153875855,0.09928950078230864,0.5852307861527136,1.0,81,1.0090870943838894,0.9795592398973204,0.30192537640846345,0.5,1.910320876119753,81,30.860195704238215,28.599961716709107,10.585033052347573,16.110574933013464,71.35537203895113,81,35.677686019475566,35.677686019475566,0.0,35.677686019475566,35.677686019475566,81,cases/scenario_07_isotropic.yaml,scenario_07_isotropic,isotropic,moderate,isotropic,unknown,1,5
scenario_07_isotropic,41,20,20.5,28.465328895796866,27.025208441660297,34.24334911229244,34.24334911229245,27.451463652867734,29.57604608571637,0.9643824511341291,-1.013865242929132,-0.01575070107865062,0.8637019115370163,-4.6673030265760715,125,99.71434097075826,99.71434097075826,99.71434097075826,100.0,99.79947827883811,0.42857142857142855,3,99.71434097075826,0.7,99.76613872993647,7,2.0,P32_derived_Jv_proxy,100.0,99.71434097075826,0.28565902924174225,0.08513730807985098,0.0,-0.20052172116189126,0.28565902924174225,0.08513730807985098,0.0,0.20052172116189126,125,3,0,125,1.0,0.0,78.53981633974483,7.0,1.5915494309189533,0.42857142857142855,0.42857142857142855,0.0,1.5915494309189533,0.5256320241484533,0.3010892337200676,0.22454279042838576,1,1,1,1,1,1,99.71434097075826,99.71434097075826,0.0,99.71434097075826,99.71434097075826,81,2.0,2.0,0.0,2.0,2.0,81,1.5164829111362292,1.5164829111362292,0.3261692803065851,0.7460653986326271,2.482090610323856,81,2.2079483753398974,2.2079483753398974,0.5928589780235074,0.75,3.6103283480679313,81,0.8089172847331659,0.8130443701500136,0.09896632926536905,0.5198663106279062,1.0,81,1.0427542653117048,1.0020198540577556,0.25699482971596643,0.5,1.6146966926613922,81,28.465328895796866,27.025208441660297,8.942459924068071,14.16253674548864,57.69357928748304,81,34.24334911229244,34.24334911229245,7.105427357601002e-15,34.24334911229245,34.24334911229245,81,cases/scenario_07_isotropic.yaml,scenario_07_isotropic,isotropic,moderate,isotropic,unknown,1,5
scenario_07_isotropic,41,30,30.5,33.060622858464406,29.61537046691458,35.90851446755702,35.90851446755702,20.97754202931409,32.795230522612854,0.6345174475121323,-12.083080829150315,-0.19755643148249513,0.9132995616469463,-3.1132839449441647,123,100.0,100.0,100.0,100.0,99.61598890532413,0.5714285714285714,4,100.0,0.6,99.82704055993037,6,2.0,P32_derived_Jv_proxy,100.0,100.0,0.0,-0.3840110946758699,0.0,-0.3840110946758699,0.0,0.3840110946758699,0.0,0.3840110946758699,123,4,2,121,0.983739837398374,0.016260162601626018,78.53981633974483,7.0,1.56608464002425,0.5714285714285714,0.5714285714285714,0.025464790894703253,1.5406198491295469,0.5246456723006462,0.33297369166519475,0.19167198063545143,0,0,1,1,1,1,100.0,100.0,0.0,100.0,100.0,81,2.0,2.0,0.0,2.0,2.0,81,1.5197668601788685,1.5197668601788685,0.30743158837881357,0.6625957428559776,2.192389243411285,81,2.116165041513988,2.116165041513988,0.5251113843906834,0.75,3.5429390719866265,81,0.801436147906869,0.8010738879103414,0.09968544949654078,0.5777008709041266,1.0,81,0.9647394838910653,0.922854689662873,0.29718692631239385,0.5,1.8443491796109208,81,33.060622858464406,29.61537046691458,12.319906864559167,14.852705017331237,71.09539198074378,81,35.90851446755702,35.90851446755702,0.0,35.90851446755702,35.90851446755702,81,cases/scenario_07_isotropic.yaml,scenario_07_isotropic,isotropic,moderate,isotropic,unknown,1,5
scenario_07_isotropic,42,10,10.5,29.19030127847872,27.497662392148243,32.69662846317612,32.69662846317612,23.541928375604208,29.925485455827438,0.8064983006174411,-5.648372902874513,-0.09339654338133774,0.9152468270399922,-2.7711430073486802,130,98.89792490674402,98.89792490674402,98.89792490674402,94.37086403199179,96.98722577768874,2.142857142857143,15,98.89792490674402,1.3,99.22478369402342,13,2.0,P32_derived_Jv_proxy,100.0,98.89792490674402,-4.527060874752237,-1.9106991290552884,-5.629135968008214,-3.012774222311265,4.527060874752237,1.9106991290552884,5.629135968008214,3.012774222311265,130,15,7,123,0.9461538461538461,0.05384615384615385,78.53981633974483,7.0,1.6552114081557114,2.142857142857143,2.142857142857143,0.08912676813146139,1.56608464002425,0.4883805974172164,0.2740751581757501,0.21430543924146628,1,1,1,1,1,1,98.89792490674402,98.89792490674402,0.0,98.89792490674402,98.89792490674402,81,2.0,2.0,0.0,2.0,2.0,81,1.4772105272264469,1.4772105272264469,0.29447842526079715,0.5987979281953774,2.3405492851712495,81,2.234069117518142,2.234069117518142,0.5716562448349711,0.75,3.73610851468807,81,0.8201517560809011,0.8226067003048976,0.08698822438873212,0.5751736541013271,1.0,81,0.9877160372876669,0.937196033969026,0.2563878424717291,0.5,1.5404515273190675,81,29.19030127847872,27.497662392148243,8.943854193372264,16.349267514826238,57.47840564926216,81,32.69662846317612,32.69662846317612,0.0,32.69662846317612,32.69662846317612,81,cases/scenario_07_isotropic.yaml,scenario_07_isotropic,isotropic,moderate,isotropic,unknown,1,5
scenario_07_isotropic,42,20,20.5,33.80080207136337,30.017340049057445,35.75920440154982,35.75920440154982,28.12830937854792,35.34519923746651,0.8321787547869675,-5.6724926928154495,-0.07978337577758565,0.9884224168011587,-0.41400516408331356,134,99.62985782422976,99.62985782422976,99.62985782422976,100.0,99.48230775788286,0.8571428571428571,6,99.62985782422976,0.9,99.61849919456388,9,2.0,P32_derived_Jv_proxy,100.0,99.62985782422976,0.37014217577024056,-0.14755006634689494,0.0,-0.5176922421171355,0.37014217577024056,0.14755006634689494,0.0,0.5176922421171355,134,6,4,130,0.9701492537313433,0.029850746268656716,78.53981633974483,7.0,1.706140989945118,0.8571428571428571,0.8571428571428571,0.05092958178940651,1.6552114081557114,0.475966429474013,0.36105802423105426,0.11490840524295876,1,1,1,1,1,1,99.62985782422976,99.62985782422976,0.0,99.62985782422976,99.62985782422976,81,2.0,2.0,0.0,2.0,2.0,81,1.5436681135618289,1.5436681135618289,0.3015257028798312,0.6203814520139462,2.5394237647126436,81,2.150431437944637,2.150431437944637,0.632986287555033,0.75,4.02700205159049,81,0.7988857674090312,0.8117037190935028,0.1011720173796645,0.5561134050219071,1.0,81,0.9683511330949067,0.9370708560021371,0.3338856479833927,0.5,1.7820738996420622,81,33.80080207136337,30.017340049057445,13.61571024322591,11.159005765481707,67.47046315463062,81,35.75920440154982,35.75920440154982,0.0,35.75920440154982,35.75920440154982,81,cases/scenario_07_isotropic.yaml,scenario_07_isotropic,isotropic,moderate,isotropic,unknown,1,5
scenario_07_isotropic,42,30,30.5,31.560241400044774,29.049876694718712,34.57384147961262,34.57384147961262,23.988857251385582,35.32129653202479,0.7600973942915262,-7.571384148659192,-0.11913075628056347,1.0216190917880192,0.747455052412171,130,100.0,100.0,100.0,99.71730088157119,99.68282947904477,0.42857142857142855,3,100.0,0.8,99.69656540975667,8,2.0,P32_derived_Jv_proxy,100.0,100.0,-0.282699118428809,-0.31717052095523,-0.282699118428809,-0.31717052095523,0.282699118428809,0.31717052095523,0.282699118428809,0.31717052095523,130,3,1,129,0.9923076923076923,0.007692307692307693,78.53981633974483,7.0,1.6552114081557114,0.42857142857142855,0.42857142857142855,0.012732395447351627,1.64247901270836,0.5050681976963014,0.5303550693319965,-0.025286871635695096,0,1,1,1,1,1,100.0,100.0,0.0,100.0,100.0,81,2.0,2.0,0.0,2.0,2.0,81,1.4961711283108996,1.4961711283108996,0.3159446342073346,0.7291816496487121,2.2421397398400544,81,2.1637328458180685,2.1637328458180685,0.5898165277169076,0.7765821660791014,3.5002538247916233,81,0.816729700761937,0.8169461992309159,0.10196021735524873,0.5895180825587304,1.0,81,0.9919010136788373,0.9891668958302567,0.2864226965439688,0.5,1.61392226941115,81,31.560241400044774,29.049876694718712,11.983857787558424,15.591765543758088,69.14768295922524,81,34.57384147961262,34.57384147961262,0.0,34.57384147961262,34.57384147961262,81,cases/scenario_07_isotropic.yaml,scenario_07_isotropic,isotropic,moderate,isotropic,unknown,1,5
scenario_07_isotropic,43,10,10.5,30.69781985701029,27.747245247237036,34.874800605551265,34.874800605551265,31.879633887205213,35.71141430917557,1.038498304951289,1.1818140301949214,0.016405792011317644,1.0239890605565536,0.8366137036243018,114,100.0,100.0,100.0,98.60189542648162,99.68282947904477,0.42857142857142855,3,100.0,1.0,99.53211598395555,10,2.0,P32_derived_Jv_proxy,100.0,100.0,-1.3981045735183812,-0.31717052095523,-1.3981045735183812,-0.31717052095523,1.3981045735183812,0.31717052095523,1.3981045735183812,0.31717052095523,114,3,2,112,0.9824561403508771,0.017543859649122806,78.53981633974483,7.0,1.4514930809980855,0.42857142857142855,0.42857142857142855,0.025464790894703253,1.4260282901033823,0.5067186166593994,0.3038833069103458,0.20283530974905362,1,1,1,1,1,1,100.0,100.0,0.0,100.0,100.0,81,2.0,2.0,0.0,2.0,2.0,81,1.436611430092473,1.436611430092473,0.297214862398136,0.5572688739259815,2.1725543951949935,81,2.0596697402533644,2.0596697402533644,0.6322051756423895,0.75,3.635757481525718,81,0.8005996334473018,0.8083399756866172,0.09094354034905701,0.6028684794019811,1.0,81,1.0111272453389775,1.0189493802142906,0.3091718189269834,0.5,1.9021458853895916,81,30.69781985701029,27.747245247237036,11.50453489588122,14.289495202829398,64.36383945268818,81,34.874800605551265,34.874800605551265,0.0,34.874800605551265,34.874800605551265,81,cases/scenario_07_isotropic.yaml,scenario_07_isotropic,isotropic,moderate,isotropic,unknown,1,5
scenario_07_isotropic,43,20,20.5,30.118603656044247,28.37830099191478,34.24378589716718,34.24378589716717,26.329998538376646,30.46454578369828,0.8742104660317711,-3.7886051176676006,-0.05838399844961817,0.8896371994376493,-3.779240113468898,127,100.0,100.0,100.0,99.2074578313521,98.77115676845794,1.4285714285714286,10,100.0,0.8,99.69656540975667,8,2.0,P32_derived_Jv_proxy,100.0,100.0,-0.7925421686478984,-1.2288432315420579,-0.7925421686478984,-1.2288432315420579,0.7925421686478984,1.2288432315420579,0.7925421686478984,1.2288432315420579,127,10,5,122,0.9606299212598425,0.03937007874015748,78.53981633974483,7.0,1.6170142218136565,1.4285714285714286,1.4285714285714286,0.06366197723675814,1.5533522445768986,0.5147326016133007,0.21343668246790581,0.3012959191453949,1,1,1,1,1,1,100.0,100.0,0.0,100.0,100.0,81,2.0,2.0,0.0,2.0,2.0,81,1.4654459276255798,1.4654459276255798,0.2960129076945402,0.6906603670457104,2.2375161795079372,81,2.139725338819516,2.139725338819516,0.5687598359507487,0.9612222313617758,3.8675571021060735,81,0.7905888054956041,0.7786183429896067,0.11006730644197166,0.5534061106231943,1.0,81,0.9738748458334907,1.00575159650972,0.2531224140316706,0.5,1.5940754817332985,81,30.118603656044247,28.37830099191478,10.389824832447506,16.80641126187715,68.48757179433434,81,34.24378589716718,34.24378589716717,7.105427357601002e-15,34.24378589716717,34.24378589716717,81,cases/scenario_07_isotropic.yaml,scenario_07_isotropic,isotropic,moderate,isotropic,unknown,1,5
scenario_07_isotropic,43,30,30.5,28.523123756014094,26.23153245170501,32.59102424972013,32.59102424972012,32.839536988241875,34.129487229502516,1.1513303125264345,4.316413232227781,0.0611999390316198,1.0472051129168056,1.5384629797823877,129,99.60730733211804,99.60730733211804,99.60730733211804,96.2648673324568,98.57769013211517,1.0,7,99.60730733211804,0.8,99.69656540975667,8,2.0,P32_derived_Jv_proxy,100.0,99.60730733211804,-3.342439999661238,-1.0296172000028747,-3.7351326675431977,-1.4223098678848345,3.342439999661238,1.0296172000028747,3.7351326675431977,1.4223098678848345,129,7,5,124,0.9612403100775194,0.03875968992248062,78.53981633974483,7.0,1.64247901270836,1.0,1.0,0.06366197723675814,1.5788170354716018,0.4887463947398597,0.31874134483898797,0.17000504990087173,1,1,1,1,1,1,99.60730733211804,99.60730733211804,0.0,99.60730733211804,99.60730733211804,81,2.0,2.0,0.0,2.0,2.0,81,1.4959027557636302,1.4959027557636302,0.26698895564161684,0.7260985245869377,2.1064972915617886,81,2.285949106579395,2.285949106579395,0.6178406930667422,0.75,3.785128798609478,81,0.7948638466131424,0.7947782314267764,0.10207510399684487,0.5566606012163399,1.0,81,1.0128008059196867,0.9776625528379457,0.3181093142679531,0.5,1.9115843994476727,81,28.523123756014094,26.23153245170501,10.760669587044717,9.490629426745398,62.70183206907439,81,32.59102424972013,32.59102424972012,7.105427357601002e-15,32.59102424972012,32.59102424972012,81,cases/scenario_07_isotropic.yaml,scenario_07_isotropic,isotropic,moderate,isotropic,unknown,1,5
scenario_07_isotropic,44,10,10.5,27.81450917378996,25.205988892748312,33.33901262284006,33.33901262284005,26.450469162372997,33.492773575602094,0.9509594074483141,-1.3640400114169644,-0.021838020914800138,1.0046120427890746,0.15376095276203472,119,99.76753910808551,99.76753910808551,99.76753910808551,100.0,99.86631885255873,0.2857142857142857,2,99.76753910808551,0.8,99.69656540975667,8,2.0,P32_derived_Jv_proxy,100.0,99.76753910808551,0.23246089191448505,0.09877974447321947,0.0,-0.13368114744126558,0.23246089191448505,0.09877974447321947,0.0,0.13368114744126558,119,2,1,118,0.9915966386554622,0.008403361344537815,78.53981633974483,7.0,1.5151550582348436,0.2857142857142857,0.2857142857142857,0.012732395447351627,1.502422662787492,0.5133972168375739,0.32594914672566855,0.18744807011190534,1,1,1,1,1,1,99.76753910808551,99.76753910808551,0.0,99.76753910808551,99.76753910808551,81,2.0,2.0,0.0,2.0,2.0,81,1.4608268011040606,1.4608268011040606,0.3055191082820197,0.6105553360933654,2.2927674967102276,81,2.1857740158363663,2.1857740158363663,0.6322338121984832,0.7652002982357081,4.259690849622803,81,0.8036292895023304,0.8122964039050711,0.09957689538991277,0.5512180366000373,1.0,81,1.0521454522367355,1.053047597726763,0.2997950861484031,0.5,1.9470777795643965,81,27.81450917378996,25.205988892748312,9.823995223793448,14.819066229947829,66.6780252456801,81,33.33901262284006,33.33901262284005,7.105427357601002e-15,33.33901262284005,33.33901262284005,81,cases/scenario_07_isotropic.yaml,scenario_07_isotropic,isotropic,moderate,isotropic,unknown,1,5
scenario_07_isotropic,44,20,20.5,31.143950732618684,28.406482121491887,33.660580979545955,33.660580979545955,27.093499248835865,33.42521788251224,0.8699441981989597,-4.050451483782819,-0.0605086039233389,0.9930077529803562,-0.23536309703371217,127,100.0,100.0,100.0,98.92706704095,99.61598890532413,0.5714285714285714,4,100.0,0.6,99.82704055993037,6,2.0,P32_derived_Jv_proxy,100.0,100.0,-1.072932959049993,-0.3840110946758699,-1.072932959049993,-0.3840110946758699,1.072932959049993,0.3840110946758699,1.072932959049993,0.3840110946758699,127,4,1,126,0.9921259842519685,0.007874015748031496,78.53981633974483,7.0,1.6170142218136565,0.5714285714285714,0.5714285714285714,0.012732395447351627,1.604281826366305,0.5262160132120401,0.22192058118438263,0.3042954320276575,1,1,1,1,1,1,100.0,100.0,0.0,100.0,100.0,81,2.0,2.0,0.0,2.0,2.0,81,1.526016578606597,1.526016578606597,0.2879420129108187,0.8156489843213482,2.2761199813228146,81,2.266771003646505,2.266771003646505,0.5253136670678472,1.0199009369584089,3.6229595706222284,81,0.7963433355952534,0.792399507706913,0.09464515220703215,0.5310851053093565,0.9832069555538783,81,0.9496117296180606,0.943707473018034,0.283591865374451,0.5,1.6093918813096557,81,31.143950732618684,28.406482121491887,10.97539314084978,12.97041322607351,62.355110301641645,81,33.660580979545955,33.660580979545955,0.0,33.660580979545955,33.660580979545955,81,cases/scenario_07_isotropic.yaml,scenario_07_isotropic,isotropic,moderate,isotropic,unknown,1,5
scenario_07_isotropic,44,30,30.5,29.47115568625816,25.589445641131647,33.48503777691647,33.48503777691647,31.353609570712024,35.94806090929234,1.0638744508187583,1.882453884453863,0.026890379337041415,1.0735559311231775,2.4630231323758665,111,99.04853988714848,99.04853988714848,99.04853988714848,98.40985435161711,99.61598890532413,0.5714285714285714,4,99.04853988714848,0.6,99.82704055993037,6,2.0,P32_derived_Jv_proxy,100.0,99.04853988714848,-0.6386855355313656,0.5674490181756511,-1.5901456483828866,-0.3840110946758699,0.6386855355313656,0.5674490181756511,1.5901456483828866,0.3840110946758699,111,4,2,109,0.9819819819819819,0.018018018018018018,78.53981633974483,7.0,1.4132958946560306,0.5714285714285714,0.5714285714285714,0.025464790894703253,1.3878311037613273,0.5609018289297881,0.3018351649675308,0.2590666639622573,1,1,1,1,1,1,99.04853988714848,99.04853988714848,0.0,99.04853988714848,99.04853988714848,81,2.0,2.0,0.0,2.0,2.0,81,1.5037447530216004,1.5037447530216004,0.26006965830163575,0.8703132806880803,2.228868876357123,81,2.224033957226522,2.224033957226522,0.5774566053493716,0.75,3.7841687295112503,81,0.7812238383453431,0.7788268000785074,0.09346162346482771,0.5342370727038999,1.0,81,0.9848479673114322,0.9792017256840395,0.2960902175930554,0.5,1.714353518314174,81,29.47115568625816,25.589445641131647,10.828966439275913,14.510244499517853,56.48144594518782,81,33.48503777691647,33.48503777691647,0.0,33.48503777691647,33.48503777691647,81,cases/scenario_07_isotropic.yaml,scenario_07_isotropic,isotropic,moderate,isotropic,unknown,1,5
scenario_07_isotropic,45,10,10.5,29.378758201311463,25.049284339852402,33.63293299482468,33.632932994824685,26.193915755899493,31.61146433341158,0.8915937010138911,-3.18484244541197,-0.049833008411373836,0.9398961529247493,-2.021468661413099,109,100.0,100.0,100.0,98.79181391904164,99.73263770511747,0.5714285714285714,4,100.0,0.7,99.76613872993647,7,2.0,P32_derived_Jv_proxy,100.0,100.0,-1.208186080958356,-0.26736229488253116,-1.208186080958356,-0.26736229488253116,1.208186080958356,0.26736229488253116,1.208186080958356,0.26736229488253116,109,4,2,107,0.981651376146789,0.01834862385321101,78.53981633974483,7.0,1.3878311037613273,0.5714285714285714,0.5714285714285714,0.025464790894703253,1.3623663128666241,0.4892250711990245,0.3715457689671957,0.11767930223182876,1,1,1,1,1,1,100.0,100.0,0.0,100.0,100.0,81,2.0,2.0,0.0,2.0,2.0,81,1.53513620074216,1.53513620074216,0.26768537608456805,0.9293318442481592,2.1188066812160513,81,2.2821919827485475,2.2821919827485475,0.5488685086627747,1.0131077332897824,3.4580046404380753,81,0.7878509828911117,0.7999873356414235,0.0998739407777145,0.5590883966836794,0.9693777709148167,81,1.0088277539539994,1.0461571489595884,0.29838944737964346,0.5,1.7140001082115817,81,29.378758201311463,25.049284339852402,11.89803022812786,13.37842307736291,63.00224326038008,81,33.63293299482468,33.632932994824685,7.105427357601002e-15,33.632932994824685,33.632932994824685,81,cases/scenario_07_isotropic.yaml,scenario_07_isotropic,isotropic,moderate,isotropic,unknown,1,5
scenario_07_isotropic,45,20,20.5,30.392572887882558,27.295270323646232,34.19887328623776,34.19887328623776,32.93600171658902,35.106983928101265,1.0836858675337921,2.5434288287064604,0.0349034097227261,1.0265538175559994,0.9081106418635017,128,97.99944813651287,97.99944813651287,97.99944813651287,99.01823083269967,99.41546718416224,1.0,7,97.99944813651287,0.9,99.61849919456388,9,2.0,P32_derived_Jv_proxy,100.0,97.99944813651287,1.018782696186804,1.416019047649371,-0.9817691673003281,-0.5845328158377612,1.018782696186804,1.416019047649371,0.9817691673003281,0.5845328158377612,128,7,4,124,0.96875,0.03125,78.53981633974483,7.0,1.6297466172610082,1.0,1.0,0.05092958178940651,1.5788170354716018,0.5096311661690996,0.5137860916473448,-0.004154925478245142,1,1,1,1,1,1,97.99944813651287,97.99944813651287,0.0,97.99944813651287,97.99944813651287,81,2.0,2.0,0.0,2.0,2.0,81,1.576742110846389,1.576742110846389,0.28318564778045896,0.9730294568334522,2.520498581243728,81,2.2591366596093105,2.2591366596093105,0.5803959178662783,0.8565181261527797,3.712851489232964,81,0.8060333339035968,0.794065659519944,0.10791027317708209,0.5085294499498666,1.0,81,0.9988744901786574,1.0171616778561827,0.2875360634309954,0.5,1.7299572534595633,81,30.392572887882558,27.295270323646232,11.195223766782703,13.746183046918269,67.23627368776583,81,34.19887328623776,34.19887328623776,0.0,34.19887328623776,34.19887328623776,81,cases/scenario_07_isotropic.yaml,scenario_07_isotropic,isotropic,moderate,isotropic,unknown,1,5
scenario_07_isotropic,45,30,30.5,30.202127218141044,27.145566068456013,34.08054548981591,34.08054548981592,26.458010350508555,34.061358841953854,0.8760313523418454,-3.7441168676324885,-0.05748035056091383,0.9994370205175328,-0.019186647862056816,127,99.57421292607678,99.57421292607678,99.57421292607678,97.84135806459247,99.2988183843689,1.0,7,99.57421292607678,0.6,99.82704055993037,6,2.0,P32_derived_Jv_proxy,100.0,99.57421292607678,-1.732854861484313,-0.27539454170788247,-2.1586419354075304,-0.7011816156310999,1.732854861484313,0.27539454170788247,2.1586419354075304,0.7011816156310999,127,7,3,124,0.9763779527559056,0.023622047244094488,78.53981633974483,7.0,1.6170142218136565,1.0,1.0,0.03819718634205488,1.5788170354716018,0.4793778299813152,0.5725264510537083,-0.09314862107239308,1,1,1,1,1,1,99.57421292607678,99.57421292607678,0.0,99.57421292607678,99.57421292607678,81,2.0,2.0,0.0,2.0,2.0,81,1.4799403621996872,1.4799403621996872,0.2949913769450927,0.7864504371176405,2.319562232285339,81,2.161994396298655,2.161994396298655,0.5566293545060136,0.75,3.7039947919369838,81,0.8048600204661626,0.8033934027965469,0.08985548222420017,0.5124127807171411,1.0,81,0.9883837094778509,0.9962071229495126,0.2692187643307613,0.5,1.6941483218907574,81,30.202127218141044,27.145566068456013,10.170939306441138,13.42136622599189,60.132081464215766,81,34.08054548981591,34.08054548981592,7.105427357601002e-15,34.08054548981592,34.08054548981592,81,cases/scenario_07_isotropic.yaml,scenario_07_isotropic,isotropic,moderate,isotropic,unknown,1,5
scenario_07_isotropic,46,10,10.5,27.873003803005652,24.259425972354595,31.834884666982838,31.83488466698284,35.44970365511052,32.75576681079779,1.27182932652877,7.576699852104866,0.10442883496020383,1.0289268251934343,0.9208821438149499,125,99.74814103463139,99.74814103463139,99.74814103463139,99.77709308495237,99.79947827883811,0.42857142857142855,3,99.74814103463139,0.5,99.87908957257498,5,2.0,P32_derived_Jv_proxy,100.0,99.74814103463139,0.02895205032098147,0.05133724420672081,-0.2229069150476306,-0.20052172116189126,0.02895205032098147,0.05133724420672081,0.2229069150476306,0.20052172116189126,125,3,0,125,1.0,0.0,78.53981633974483,7.0,1.5915494309189533,0.42857142857142855,0.42857142857142855,0.0,1.5915494309189533,0.4857497812751512,0.33592117111115904,0.14982861016399218,0,1,1,1,1,1,99.74814103463139,99.74814103463139,0.0,99.74814103463139,99.74814103463139,81,2.0,2.0,0.0,2.0,2.0,81,1.4382340515307754,1.4382340515307754,0.27994191183504274,0.7541396966491172,2.0584402865332234,81,2.2532070480797137,2.2532070480797137,0.6012079554025915,0.75,3.575681535268954,81,0.7867676957034144,0.788206767846497,0.08645378565696583,0.5845768051651647,1.0,81,0.9995526442477375,1.050942094212838,0.3042872018407805,0.5,1.6369099858959053,81,27.873003803005652,24.259425972354595,10.197697947519247,15.612110627233061,54.11586465241786,81,31.834884666982838,31.83488466698284,3.552713678800501e-15,31.83488466698284,31.83488466698284,81,cases/scenario_07_isotropic.yaml,scenario_07_isotropic,isotropic,moderate,isotropic,unknown,1,5
scenario_07_isotropic,46,20,20.5,29.181048688698112,27.174638022380037,34.78873319612131,34.78873319612131,24.887572459280165,29.151515717815126,0.8528676513575463,-4.293476229417948,-0.06911835774764241,0.8379585296617039,-5.637217478306187,129,99.2000238655067,99.2000238655067,99.2000238655067,100.0,99.5491483316035,0.7142857142857143,5,99.2000238655067,0.7,99.76613872993647,7,2.0,P32_derived_Jv_proxy,100.0,99.2000238655067,0.7999761344933063,0.3491244660968107,0.0,-0.4508516683964956,0.7999761344933063,0.3491244660968107,0.0,0.4508516683964956,129,5,3,126,0.9767441860465116,0.023255813953488372,78.53981633974483,7.0,1.64247901270836,0.7142857142857143,0.7142857142857143,0.03819718634205488,1.604281826366305,0.5025421600193144,0.22672796507542592,0.2758141949438885,1,1,1,1,1,1,99.2000238655067,99.2000238655067,0.0,99.2000238655067,99.2000238655067,81,2.0,2.0,0.0,2.0,2.0,81,1.5164534002713788,1.5164534002713788,0.3000981731047203,0.9185081199069958,2.489917402753774,81,2.162082370889861,2.162082370889861,0.6178567276924118,0.75,3.524933994708455,81,0.7855642330645826,0.7877996558127088,0.09730138903653719,0.5609094553723607,0.9957413612135109,81,1.0082620757526024,0.9768911057570042,0.2607522873320484,0.5,1.5971452265315143,81,29.181048688698112,27.174638022380037,9.321706746328685,14.596927595267978,56.985708494509815,81,34.78873319612131,34.78873319612131,0.0,34.78873319612131,34.78873319612131,81,cases/scenario_07_isotropic.yaml,scenario_07_isotropic,isotropic,moderate,isotropic,unknown,1,5
scenario_07_isotropic,46,30,30.5,29.49242409978332,27.223353493353418,34.247065827730786,34.247065827730786,24.642893473284314,32.3835062602854,0.8355669032124546,-4.849530626499007,-0.07801877074638197,0.945584839973753,-1.8635595674453853,130,99.885154932678,99.885154932678,99.885154932678,99.71436991641833,99.11532901085495,1.1428571428571428,8,99.885154932678,0.8,99.69656540975667,8,2.0,P32_derived_Jv_proxy,100.0,99.885154932678,-0.17078501625967135,-0.7698259218230561,-0.2856300835816654,-0.8846709891450502,0.17078501625967135,0.7698259218230561,0.2856300835816654,0.8846709891450502,130,8,3,127,0.9769230769230769,0.023076923076923078,78.53981633974483,7.0,1.6552114081557114,1.1428571428571428,1.1428571428571428,0.03819718634205488,1.6170142218136565,0.5260208719270032,0.37254375548530905,0.15347711644169415,1,1,1,1,1,1,99.885154932678,99.885154932678,0.0,99.885154932678,99.885154932678,81,2.0,2.0,0.0,2.0,2.0,81,1.4618100284964495,1.4618100284964495,0.30138082108444797,0.5808219531134784,2.2725386699156482,81,2.131761037762825,2.131761037762825,0.6481375269800952,0.75,3.979813718145944,81,0.7871252123839014,0.7799559434371687,0.09082855542130557,0.6009053885843837,1.0,81,0.9969094746511691,1.0205001050756453,0.27717376462469245,0.5,1.7460309036122992,81,29.49242409978332,27.223353493353418,9.960135873432199,15.986456576504915,60.68706830681141,81,34.247065827730786,34.247065827730786,0.0,34.247065827730786,34.247065827730786,81,cases/scenario_07_isotropic.yaml,scenario_07_isotropic,isotropic,moderate,isotropic,unknown,1,5
scenario_07_isotropic,47,10,10.5,30.130198438896514,28.691359176899795,35.263763301265556,35.263763301265556,31.11387036118675,36.831855738573985,1.0326473761626596,0.9836719222902346,0.013952045884582986,1.0444675295688635,1.5680924373084295,127,100.0,100.0,100.0,96.94717705501839,98.60299439288137,1.4285714285714286,10,100.0,0.4,99.92210167184162,4,2.0,P32_derived_Jv_proxy,100.0,100.0,-3.0528229449816138,-1.3970056071186292,-3.0528229449816138,-1.3970056071186292,3.0528229449816138,1.3970056071186292,3.0528229449816138,1.3970056071186292,127,10,3,124,0.9763779527559056,0.023622047244094488,78.53981633974483,7.0,1.6170142218136565,1.4285714285714286,1.4285714285714286,0.03819718634205488,1.5788170354716018,0.46078328069765984,0.47982394385735194,-0.019040663159692106,1,1,1,1,1,1,100.0,100.0,0.0,100.0,100.0,81,2.0,2.0,0.0,2.0,2.0,81,1.5262259492897783,1.5262259492897783,0.2905045031026888,0.5204422094181564,2.214239105256865,81,2.1640145668102937,2.1640145668102937,0.5379246407817547,0.75,3.578924767058346,81,0.7963026066472056,0.8003798368111937,0.10217619894389435,0.5284124169482818,1.0,81,1.0241773174042865,0.9903799864140268,0.30719625652588406,0.5,2.0124024961922897,81,30.130198438896514,28.691359176899795,10.549148557084031,12.534753606461063,59.62736978962046,81,35.263763301265556,35.263763301265556,0.0,35.263763301265556,35.263763301265556,81,cases/scenario_07_isotropic.yaml,scenario_07_isotropic,isotropic,moderate,isotropic,unknown,1,5
scenario_07_isotropic,47,20,20.5,29.61216989723204,27.81054148262195,33.185462058245086,33.185462058245086,28.873776259854562,31.69403340345742,0.9750645211093937,-0.7383936373774773,-0.010966645599248093,0.9550577704125378,-1.491428654787665,141,100.0,100.0,100.0,100.0,99.5491483316035,0.7142857142857143,5,100.0,1.1,99.43758901791463,11,2.0,P32_derived_Jv_proxy,100.0,100.0,0.0,-0.4508516683964956,0.0,-0.4508516683964956,0.0,0.4508516683964956,0.0,0.4508516683964956,141,5,1,140,0.9929078014184397,0.0070921985815602835,78.53981633974483,7.0,1.7952677580765795,0.7142857142857143,0.7142857142857143,0.012732395447351627,1.7825353626292277,0.5191525554895481,0.48701422440940745,0.032138331080140636,1,1,1,1,1,1,100.0,100.0,0.0,100.0,100.0,81,2.0,2.0,0.0,2.0,2.0,81,1.4735744114545364,1.4735744114545364,0.3077749437142278,0.6735213931918083,2.3634659930615527,81,2.2202107791481236,2.2202107791481236,0.6273417595151138,0.75,3.6260340064767322,81,0.7998087194984348,0.7873539374096189,0.09183498687932172,0.6233038930440037,1.0,81,0.9712798626581806,0.9460221466595674,0.26900466756878544,0.5,1.5450643424308745,81,29.61216989723204,27.81054148262195,9.355944035813682,17.283159999709124,57.26744445216209,81,33.185462058245086,33.185462058245086,0.0,33.185462058245086,33.185462058245086,81,cases/scenario_07_isotropic.yaml,scenario_07_isotropic,isotropic,moderate,isotropic,unknown,1,5
scenario_07_isotropic,47,30,30.5,28.514925905988473,27.114894114529,34.74084856001389,34.74084856001389,29.50709940773994,31.16994319177417,1.0347948826878453,0.9921735017514663,0.0148542723580678,0.8972130642672393,-3.5709053682397176,133,100.0,100.0,100.0,96.79358947406773,98.669834966602,1.2857142857142858,9,100.0,0.5,99.87908957257498,5,2.0,P32_derived_Jv_proxy,100.0,100.0,-3.20641052593227,-1.3301650333980035,-3.20641052593227,-1.3301650333980035,3.20641052593227,1.3301650333980035,3.20641052593227,1.3301650333980035,133,9,2,131,0.9849624060150376,0.015037593984962405,78.53981633974483,7.0,1.6934085944977664,1.2857142857142858,1.2857142857142858,0.025464790894703253,1.6679438036030632,0.5374204589822933,0.4215907892704831,0.11582966971181019,1,1,1,1,1,1,100.0,100.0,0.0,100.0,100.0,81,2.0,2.0,0.0,2.0,2.0,81,1.4859065837094496,1.4859065837094496,0.28633124233720003,0.8093616444934899,2.272089697599328,81,2.1385582754874073,2.1385582754874073,0.5740938520603446,0.8307135347878769,3.3724095068569393,81,0.8031184375808672,0.7998805389268386,0.10126150194952209,0.580690467511096,1.0,81,1.0485718077097428,1.0126227840019357,0.27534264577569273,0.5,1.9047147491509895,81,28.514925905988473,27.114894114529,8.355237666535269,12.041829345577096,59.27592051603976,81,34.74084856001389,34.74084856001389,0.0,34.74084856001389,34.74084856001389,81,cases/scenario_07_isotropic.yaml,scenario_07_isotropic,isotropic,moderate,isotropic,unknown,1,5
scenario_07_isotropic,48,10,10.5,28.279095857056028,26.32284641670003,32.755913906830926,32.75591390683093,28.395041507124514,31.336788404867352,1.0041000479879048,0.11594565006848612,0.0017769878332225542,0.9566757469811389,-1.419125501963574,126,99.37435328078308,99.37435328078308,99.37435328078308,98.97298766160831,99.68282947904477,0.42857142857142855,3,99.37435328078308,0.4,99.92210167184162,4,2.0,P32_derived_Jv_proxy,100.0,99.37435328078308,-0.40136561917476854,0.3084761982616868,-1.0270123383916854,-0.31717052095523,0.40136561917476854,0.3084761982616868,1.0270123383916854,0.31717052095523,126,3,0,126,1.0,0.0,78.53981633974483,7.0,1.604281826366305,0.42857142857142855,0.42857142857142855,0.0,1.604281826366305,0.5041157147160712,0.48672528217113553,0.017390432544935663,1,1,1,1,1,1,99.37435328078308,99.37435328078308,0.0,99.37435328078308,99.37435328078308,81,2.0,2.0,0.0,2.0,2.0,81,1.4773241325281128,1.4773241325281128,0.3037660319450369,0.7304669424034452,2.088130440691625,81,2.2409408370294264,2.2409408370294264,0.5850307537827266,0.75,3.6894543726926896,81,0.7941326784074938,0.7963085659560045,0.0977978283033276,0.5581680807162404,1.0,81,0.9995762199698129,0.9836454802723567,0.2817437735375838,0.5,1.8301604874627946,81,28.279095857056028,26.32284641670003,9.336668202593359,11.916127921946785,60.2551296684883,81,32.755913906830926,32.75591390683093,7.105427357601002e-15,32.75591390683093,32.75591390683093,81,cases/scenario_07_isotropic.yaml,scenario_07_isotropic,isotropic,moderate,isotropic,unknown,1,5
scenario_07_isotropic,48,20,20.5,31.765953286197117,29.341870873142863,37.286862593184644,37.28686259318464,27.75832374546605,39.20756730628407,0.8738388391928897,-4.007629540731067,-0.058568656270656216,1.0515115667964645,1.9207047130994255,118,98.81973409753557,98.81973409753557,98.81973409753557,99.1674007186493,99.73263770511745,0.5714285714285714,4,98.81973409753557,0.9,99.61849919456388,9,2.0,P32_derived_Jv_proxy,100.0,98.81973409753557,0.34766662111373137,0.9129036075818817,-0.8325992813506957,-0.26736229488254537,0.34766662111373137,0.9129036075818817,0.8325992813506957,0.26736229488254537,118,4,1,117,0.9915254237288136,0.00847457627118644,78.53981633974483,7.0,1.502422662787492,0.5714285714285714,0.5714285714285714,0.012732395447351627,1.4896902673401404,0.49172716704609254,0.31191117801516266,0.17981598903092988,1,1,1,1,1,1,98.81973409753557,98.81973409753557,0.0,98.81973409753557,98.81973409753557,81,2.0,2.0,0.0,2.0,2.0,81,1.5616928733063768,1.5616928733063768,0.2920530091959109,0.8278822895126364,2.283385825429311,81,2.0694430122200798,2.0694430122200798,0.6189288523809935,0.75,3.8654853584463646,81,0.7839107927325466,0.7879261738196859,0.08118216919385843,0.5955220424578389,0.9839552226616961,81,1.001824807369888,1.0029159345282757,0.2808950461244752,0.5,1.816875972485724,81,31.765953286197117,29.341870873142863,10.493734218123649,14.87987523351046,62.241476578889284,81,37.286862593184644,37.28686259318464,7.105427357601002e-15,37.28686259318464,37.28686259318464,81,cases/scenario_07_isotropic.yaml,scenario_07_isotropic,isotropic,moderate,isotropic,unknown,1,5
scenario_07_isotropic,48,30,30.5,30.148185369038867,27.917786404075294,34.003287044530566,34.003287044530566,26.34611567823679,31.113512626120894,0.8738872789767748,-3.802069690802078,-0.0585445825549491,0.9150148509282283,-2.8897744184096723,139,98.5677689183835,98.5677689183835,98.5677689183835,96.16464196555694,99.33865723664778,0.7142857142857143,5,98.5677689183835,0.7,99.76613872993647,7,2.0,P32_derived_Jv_proxy,100.0,98.5677689183835,-2.403126952826568,0.7708883182642694,-3.835358034443061,-0.6613427633522235,2.403126952826568,0.7708883182642694,3.835358034443061,0.6613427633522235,139,5,3,136,0.9784172661870504,0.02158273381294964,78.53981633974483,7.0,1.769802967181876,0.7142857142857143,0.7142857142857143,0.03819718634205488,1.7316057808398213,0.5124059126013497,0.5492095430180943,-0.036803630416744615,1,1,1,1,1,1,98.5677689183835,98.5677689183835,0.0,98.5677689183835,98.5677689183835,81,2.0,2.0,0.0,2.0,2.0,81,1.4838218814961779,1.4838218814961779,0.3098554372073975,0.772580019396461,2.441887652322275,81,2.1506304984547335,2.1506304984547335,0.5897566550943112,0.75,3.5900214547466285,81,0.7958521585622667,0.7943142592727024,0.09559250837228793,0.5553196047192309,1.0,81,0.9938847066644849,0.9755349909444945,0.3044861987352099,0.5,1.9222586318853279,81,30.148185369038867,27.917786404075294,11.013885430549218,14.85368199395914,64.12603798526209,81,34.003287044530566,34.003287044530566,0.0,34.003287044530566,34.003287044530566,81,cases/scenario_07_isotropic.yaml,scenario_07_isotropic,isotropic,moderate,isotropic,unknown,1,5
scenario_07_isotropic,49,10,10.5,32.22652117179524,30.947528384217694,36.59891221277703,36.59891221277703,31.635867367198678,39.03368107236175,0.9816718099528067,-0.5906538045965632,-0.008033680185739467,1.0665257165412343,2.4347688595847217,119,100.0,100.0,100.0,99.33816471322959,99.61598890532413,0.5714285714285714,4,100.0,0.9,99.61849919456388,9,2.0,P32_derived_Jv_proxy,100.0,100.0,-0.6618352867704118,-0.3840110946758699,-0.6618352867704118,-0.3840110946758699,0.6618352867704118,0.3840110946758699,0.6618352867704118,0.3840110946758699,119,4,1,118,0.9915966386554622,0.008403361344537815,78.53981633974483,7.0,1.5151550582348436,0.5714285714285714,0.5714285714285714,0.012732395447351627,1.502422662787492,0.4613431575984869,0.2870070894334882,0.1743360681649987,1,1,1,1,1,1,100.0,100.0,0.0,100.0,100.0,81,2.0,2.0,0.0,2.0,2.0,81,1.556996591916766,1.556996591916766,0.3089772927713474,0.7847760118722954,2.323813149012759,81,2.127107744165691,2.127107744165691,0.5927825275251069,0.75,3.965087774756618,81,0.7871066944420383,0.7804891431614985,0.10574155176250453,0.5632639206363447,1.0,81,0.9711280524572913,0.9867848738962166,0.26748405481762655,0.5,1.6750439296218238,81,32.22652117179524,30.947528384217694,11.031423492836625,14.605830980077245,73.19782442555406,81,36.59891221277703,36.59891221277703,0.0,36.59891221277703,36.59891221277703,81,cases/scenario_07_isotropic.yaml,scenario_07_isotropic,isotropic,moderate,isotropic,unknown,1,5
scenario_07_isotropic,49,20,20.5,27.768070833576946,25.990394866579795,34.159770357282476,34.159770357282476,27.71465889898565,36.40685910889685,0.9980764981870217,-0.05341193459129556,-0.0008361706692643356,1.0657817288615152,2.2470887516143776,119,99.31413029942584,99.31413029942584,99.31413029942584,98.38845038636848,98.32736018488058,1.2857142857142858,9,99.31413029942584,1.5,98.98141728888164,15,2.0,P32_derived_Jv_proxy,100.0,99.31413029942584,-0.9256799130573654,-0.9867701145452656,-1.6115496136315244,-1.6726398151194246,0.9256799130573654,0.9867701145452656,1.6115496136315244,1.6726398151194246,119,9,5,114,0.957983193277311,0.04201680672268908,78.53981633974483,7.0,1.5151550582348436,1.2857142857142858,1.2857142857142858,0.06366197723675814,1.4514930809980855,0.5182078748567973,0.34944855720273515,0.16875931765406216,1,1,1,1,1,1,99.31413029942584,99.31413029942584,0.0,99.31413029942584,99.31413029942584,81,2.0,2.0,0.0,2.0,2.0,81,1.4958650038634882,1.4958650038634882,0.27613959913023467,0.8020553354889906,2.07527887232632,81,2.174495471577112,2.174495471577112,0.6059547291273635,0.75,4.066446373927337,81,0.801240386671217,0.8086293975141062,0.10292465344608133,0.5652240870869816,0.9953055193204609,81,1.0550374972351741,1.0592527335998057,0.2621287633456737,0.5,1.6292694046524878,81,27.768070833576946,25.990394866579795,8.347889361939682,13.388658117672076,50.27548677060507,81,34.159770357282476,34.159770357282476,0.0,34.159770357282476,34.159770357282476,81,cases/scenario_07_isotropic.yaml,scenario_07_isotropic,isotropic,moderate,isotropic,unknown,1,5
scenario_07_isotropic,49,30,30.5,31.671143789285672,29.357699497514513,35.81803086835681,35.81803086835681,33.320838752164654,39.07038878620152,1.0520882660207893,1.649694962878982,0.022052176925811295,1.0908022534739057,3.252357917844712,106,100.0,100.0,100.0,100.0,99.68282947904478,0.42857142857142855,3,100.0,0.7,99.76613872993647,7,2.0,P32_derived_Jv_proxy,100.0,100.0,0.0,-0.3171705209552158,0.0,-0.3171705209552158,0.0,0.3171705209552158,0.0,0.3171705209552158,106,3,1,105,0.9905660377358491,0.009433962264150943,78.53981633974483,7.0,1.3496339174192724,0.42857142857142855,0.42857142857142855,0.012732395447351627,1.336901521971921,0.5225608560218057,0.26665365411736097,0.2559072019044447,1,1,1,1,1,1,100.0,100.0,0.0,100.0,100.0,81,2.0,2.0,0.0,2.0,2.0,81,1.5325738281174783,1.5325738281174783,0.2905564731711543,0.7969224917257048,2.2728832322133368,81,2.1393887254022945,2.1393887254022945,0.5867152964296604,0.75,3.5051713639322,81,0.7977486196662066,0.8050997860252979,0.0924371357796984,0.5737982282643138,1.0,81,0.9932331570952084,0.9763592126091798,0.2869769722860283,0.5,1.6130131684613174,81,31.671143789285672,29.357699497514513,11.34071866685931,13.580048192929175,66.82736543222573,81,35.81803086835681,35.81803086835681,0.0,35.81803086835681,35.81803086835681,81,cases/scenario_07_isotropic.yaml,scenario_07_isotropic,isotropic,moderate,isotropic,unknown,1,5
scenario_07_isotropic,50,10,10.5,29.674255059346358,27.885327552559023,34.57300404277999,34.57300404277999,24.229758788211036,33.97058308067614,0.8165245846863982,-5.444496271135321,-0.08803073458572808,0.9825753943348855,-0.6024209621038494,137,99.76094145456833,99.76094145456833,99.76094145456833,99.63439625631291,99.36565895808953,0.8571428571428571,6,99.76094145456833,0.7,99.76613872993647,7,2.0,P32_derived_Jv_proxy,100.0,99.76094145456833,-0.126545198255414,-0.3952824964787993,-0.3656037436870889,-0.6343410419104742,0.126545198255414,0.3952824964787993,0.3656037436870889,0.6343410419104742,137,6,2,135,0.9854014598540146,0.014598540145985401,78.53981633974483,7.0,1.7443381762871728,0.8571428571428571,0.8571428571428571,0.025464790894703253,1.7188733853924696,0.5007346209317663,0.30908832797841246,0.1916462929533539,1,1,1,1,1,1,99.76094145456833,99.76094145456833,0.0,99.76094145456833,99.76094145456833,81,2.0,2.0,0.0,2.0,2.0,81,1.5203233045283724,1.5203233045283724,0.27259228420579457,0.6754195834536834,2.2337180500605416,81,2.193458283049378,2.193458283049378,0.5858482373491588,0.7892678475329974,3.679612734047864,81,0.8012737427693075,0.8024635074640515,0.09078087181613989,0.6077581184293633,1.0,81,1.0182479670090923,1.0152385544736318,0.2752523232554317,0.5,1.591477833481668,81,29.674255059346358,27.885327552559023,10.221216624423324,13.773098388950356,60.02978626273686,81,34.57300404277999,34.57300404277999,0.0,34.57300404277999,34.57300404277999,81,cases/scenario_07_isotropic.yaml,scenario_07_isotropic,isotropic,moderate,isotropic,unknown,1,5
scenario_07_isotropic,50,20,20.5,29.980015074380503,27.006172286020405,33.091094313846135,33.091094313846135,34.908521740917074,34.88195365139309,1.1643930683259809,4.92850666653657,0.06609961140372156,1.054119072659305,1.790859337546955,119,98.48849145692154,98.48849145692154,98.48849145692154,100.0,99.93315942627937,0.14285714285714285,1,98.48849145692154,0.9,99.61849919456388,9,2.0,P32_derived_Jv_proxy,100.0,98.48849145692154,1.5115085430784632,1.4446679693578375,0.0,-0.06684057372062568,1.5115085430784632,1.4446679693578375,0.0,0.06684057372062568,119,1,1,118,0.9915966386554622,0.008403361344537815,78.53981633974483,7.0,1.5151550582348436,0.14285714285714285,0.14285714285714285,0.012732395447351627,1.502422662787492,0.47596813235581525,0.3049513777435481,0.17101675461226717,1,1,1,1,1,1,98.48849145692154,98.48849145692154,0.0,98.48849145692154,98.48849145692154,81,2.0,2.0,0.0,2.0,2.0,81,1.4836924638453937,1.4836924638453937,0.2903812823876351,0.8946962886594182,2.4755797260201056,81,2.207945001217335,2.207945001217335,0.6412770973499996,0.75,4.2053490674790135,81,0.7994913444304069,0.7999326833004284,0.09544963912186753,0.5057842443200987,1.0,81,0.9555357449217797,0.9779056086506612,0.2480471593299317,0.5,1.5139782620778282,81,29.980015074380503,27.006172286020405,9.945047338939542,11.778657107672673,59.07409185529636,81,33.091094313846135,33.091094313846135,0.0,33.091094313846135,33.091094313846135,81,cases/scenario_07_isotropic.yaml,scenario_07_isotropic,isotropic,moderate,isotropic,unknown,1,5
scenario_07_isotropic,50,30,30.5,28.91285110611985,28.107650592065376,32.31876853103562,32.318768531035616,27.968995253208075,31.691054052913636,0.9673551442765881,-0.9438558529117742,-0.014414054475788474,0.9805774010999462,-0.6277144781219874,134,99.01081601279087,99.01081601279087,99.01081601279087,98.77707501580359,99.5491483316035,0.7142857142857143,5,99.01081601279087,1.3,99.22478369402342,13,2.0,P32_derived_Jv_proxy,100.0,99.01081601279087,-0.23374099698727946,0.5383323188126354,-1.2229249841964105,-0.4508516683964956,0.23374099698727946,0.5383323188126354,1.2229249841964105,0.4508516683964956,134,5,2,132,0.9850746268656716,0.014925373134328358,78.53981633974483,7.0,1.706140989945118,0.7142857142857143,0.7142857142857143,0.025464790894703253,1.6806761990504147,0.49032097270096264,0.33118524004645145,0.1591357326545112,1,1,1,1,1,1,99.01081601279087,99.01081601279087,0.0,99.01081601279087,99.01081601279087,81,2.0,2.0,0.0,2.0,2.0,81,1.4769734034683326,1.4769734034683326,0.2635937686263392,0.6766463559641438,2.090099600169753,81,2.262405848882489,2.262405848882489,0.6506671095387897,0.75,4.094524152127793,81,0.8088118795477663,0.8138605172177267,0.09584849353255269,0.5848971614287447,1.0,81,0.9675824403387312,0.9327893628628112,0.24378250646221436,0.5,1.4894734810451185,81,28.91285110611985,28.107650592065376,8.40685008343223,14.052012602947926,52.60593934501727,81,32.31876853103562,32.318768531035616,7.105427357601002e-15,32.318768531035616,32.318768531035616,81,cases/scenario_07_isotropic.yaml,scenario_07_isotropic,isotropic,moderate,isotropic,unknown,1,5
scenario_07_isotropic,51,10,10.5,27.857253321658785,26.101748273764144,34.09587700531722,34.09587700531722,25.931829912981634,33.45233642663546,0.9308825106895894,-1.9254234086771511,-0.03110512909283636,0.98112556017898,-0.6435405786817583,130,100.0,100.0,100.0,99.09755394800892,99.73263770511745,0.5714285714285714,4,100.0,0.6,99.82704055993037,6,2.0,P32_derived_Jv_proxy,100.0,100.0,-0.9024460519910775,-0.26736229488254537,-0.9024460519910775,-0.26736229488254537,0.9024460519910775,0.26736229488254537,0.9024460519910775,0.26736229488254537,130,4,1,129,0.9923076923076923,0.007692307692307693,78.53981633974483,7.0,1.6552114081557114,0.5714285714285714,0.5714285714285714,0.012732395447351627,1.64247901270836,0.5447481451450528,0.4621527324432255,0.08259541270182724,1,1,1,1,1,1,100.0,100.0,0.0,100.0,100.0,81,2.0,2.0,0.0,2.0,2.0,81,1.5303681374534868,1.5303681374534868,0.29042886308830207,0.7075038262461043,2.3104382781230917,81,2.244212895909419,2.244212895909419,0.6136312406186462,0.75,3.520815631432493,81,0.7838654286524246,0.7939540374680594,0.09992869020360821,0.4749622900598166,1.0,81,1.0485297151903896,1.002223744268108,0.3006532459470663,0.5,1.914870104549414,81,27.857253321658785,26.101748273764144,9.625883654566426,13.620634501767526,53.624474732033654,81,34.09587700531722,34.09587700531722,0.0,34.09587700531722,34.09587700531722,81,cases/scenario_07_isotropic.yaml,scenario_07_isotropic,isotropic,moderate,isotropic,unknown,1,5
scenario_07_isotropic,51,20,20.5,27.51351812298911,25.380877062024492,34.30801468770017,34.30801468770018,34.887532499293776,35.41733949434785,1.2680142300719899,7.374014376304665,0.10312412736832033,1.0323342757296121,1.1093248066476775,134,99.77570279154261,99.77570279154261,99.77570279154261,99.80993758644233,99.68282947904477,0.42857142857142855,3,99.77570279154261,0.6,99.82704055993037,6,2.0,P32_derived_Jv_proxy,100.0,99.77570279154261,0.03423479489971726,-0.09287331249784359,-0.19006241355766917,-0.31717052095523,0.03423479489971726,0.09287331249784359,0.19006241355766917,0.31717052095523,134,3,1,133,0.9925373134328358,0.007462686567164179,78.53981633974483,7.0,1.706140989945118,0.42857142857142855,0.42857142857142855,0.012732395447351627,1.6934085944977664,0.5127756476671923,0.2657281226636051,0.24704752500358718,0,1,1,1,1,1,99.77570279154261,99.77570279154261,0.0,99.77570279154261,99.77570279154261,81,2.0,2.0,0.0,2.0,2.0,81,1.484639481837146,1.484639481837146,0.2799568981921618,0.7775491509516362,2.05097729408389,81,2.158838817121638,2.158838817121638,0.628271046874094,0.75,3.611284685800299,81,0.8052804417016167,0.8132156741767894,0.10295180223691232,0.56329971100237,1.0,81,1.089130975749321,1.1130928122059145,0.28622072293879447,0.5,1.7619723911493748,81,27.51351812298911,25.380877062024492,9.530920555104826,13.931571979490736,65.4213077037397,81,34.30801468770017,34.30801468770018,7.105427357601002e-15,34.30801468770018,34.30801468770018,81,cases/scenario_07_isotropic.yaml,scenario_07_isotropic,isotropic,moderate,isotropic,unknown,1,5
scenario_07_isotropic,51,30,30.5,30.531481034469785,28.80395443290769,33.88939577346608,33.88939577346608,41.58708768980546,34.786421718430454,1.3621051544421965,11.055606655335673,0.13421063638085218,1.0264692221413612,0.8970259449643763,144,99.51545485954283,99.51545485954283,99.51545485954283,99.46715888804556,99.61598890532413,0.5714285714285714,4,99.51545485954283,0.8,99.69656540975667,8,2.0,P32_derived_Jv_proxy,100.0,99.51545485954283,-0.04829597149726794,0.10053404578130198,-0.5328411119544398,-0.3840110946758699,0.04829597149726794,0.10053404578130198,0.5328411119544398,0.3840110946758699,144,4,2,142,0.9861111111111112,0.013888888888888888,78.53981633974483,7.0,1.8334649444186342,0.5714285714285714,0.5714285714285714,0.025464790894703253,1.808000153523931,0.5314299947519457,0.3466995993687805,0.18473039538316527,0,1,1,1,1,1,99.51545485954283,99.51545485954283,0.0,99.51545485954283,99.51545485954283,81,2.0,2.0,0.0,2.0,2.0,81,1.507003495400956,1.507003495400956,0.27829851286103185,0.8416848118464909,2.153093398618053,81,2.2126410769053484,2.2126410769053484,0.5667104948838326,0.9968149744548399,4.208151965232491,81,0.7987216233867049,0.7980046999951199,0.0977254949045771,0.5775189737373762,1.0,81,0.9760805416804138,0.9275340439524289,0.29537839699062507,0.5,1.732389882030218,81,30.531481034469785,28.80395443290769,10.617366028650235,14.430500160767345,67.77312301708704,81,33.88939577346608,33.88939577346608,0.0,33.88939577346608,33.88939577346608,81,cases/scenario_07_isotropic.yaml,scenario_07_isotropic,isotropic,moderate,isotropic,unknown,1,5
scenario_07_isotropic,52,10,10.5,29.573991765761257,27.592032865771667,35.17591416182721,35.1759141618272,35.64841028659944,36.461418590683806,1.2053973156194198,6.0744185208381865,0.08113021997329706,1.0365450183595122,1.2855044288565978,119,100.0,100.0,100.0,98.68452045432697,99.61598890532413,0.5714285714285714,4,100.0,0.9,99.61849919456388,9,2.0,P32_derived_Jv_proxy,100.0,100.0,-1.3154795456730284,-0.3840110946758699,-1.3154795456730284,-0.3840110946758699,1.3154795456730284,0.3840110946758699,1.3154795456730284,0.3840110946758699,119,4,3,116,0.9747899159663865,0.025210084033613446,78.53981633974483,7.0,1.5151550582348436,0.5714285714285714,0.5714285714285714,0.03819718634205488,1.4769578718927887,0.5001140716452863,0.3186937350301797,0.1814203366151066,1,1,1,1,1,1,100.0,100.0,0.0,100.0,100.0,81,2.0,2.0,0.0,2.0,2.0,81,1.5256533752163295,1.5256533752163295,0.3139119240489887,0.7398309774725775,2.3524718344429467,81,2.168605154364352,2.168605154364352,0.645758938225989,0.75,3.8580664791192767,81,0.8029661202574983,0.7988655099431926,0.0999414618486419,0.5424772832518779,1.0,81,1.0316767392158908,1.034691004443133,0.2762663158812229,0.5,1.8412721425068197,81,29.573991765761257,27.592032865771667,9.335598867068915,14.782494508559914,56.189553561234305,81,35.17591416182721,35.1759141618272,7.105427357601002e-15,35.1759141618272,35.1759141618272,81,cases/scenario_07_isotropic.yaml,scenario_07_isotropic,isotropic,moderate,isotropic,unknown,1,5
scenario_07_isotropic,52,20,20.5,31.87949797724441,28.184563231897293,35.95985033210218,35.95985033210218,21.85443772056433,30.820946574368925,0.6855326811031978,-10.025060256680078,-0.16397183644782776,0.8570932940411702,-5.138903757733253,110,99.21165763194914,99.21165763194914,99.21165763194914,99.80063022580319,99.36565895808954,0.8571428571428571,6,99.21165763194914,0.9,99.61849919456388,9,2.0,P32_derived_Jv_proxy,100.0,99.21165763194914,0.5889725938540522,0.15400132614040274,-0.19936977419681057,-0.63434104191046,0.5889725938540522,0.15400132614040274,0.19936977419681057,0.63434104191046,110,6,3,107,0.9727272727272728,0.02727272727272727,78.53981633974483,7.0,1.4005634992086788,0.8571428571428571,0.8571428571428571,0.03819718634205488,1.3623663128666241,0.5705070938672403,0.2877020330350267,0.2828050608322136,0,1,1,1,1,1,99.21165763194914,99.21165763194914,0.0,99.21165763194914,99.21165763194914,81,2.0,2.0,0.0,2.0,2.0,81,1.5077575074617349,1.5077575074617349,0.27625143451843404,0.8175457855901449,2.2938613679583333,81,2.079918579204358,2.079918579204358,0.5662010803912304,0.75,3.915370062220192,81,0.7810743103232906,0.7887518242440279,0.11013369955489766,0.5091893079140576,1.0,81,0.9839018720155006,0.9925951799673405,0.29353034361696767,0.5,1.6423598413405756,81,31.87949797724441,28.184563231897293,12.957397012867364,15.607048794357418,71.16784695305844,81,35.95985033210218,35.95985033210218,0.0,35.95985033210218,35.95985033210218,81,cases/scenario_07_isotropic.yaml,scenario_07_isotropic,isotropic,moderate,isotropic,unknown,1,5
scenario_07_isotropic,52,30,30.5,31.87871014268577,29.313543446415178,33.88377161820289,33.88377161820289,38.841521850819085,39.60112010516641,1.2184157287722277,6.962811708133316,0.08579549675846443,1.1687341229714836,5.717348486963516,110,100.0,100.0,100.0,99.16833110230864,99.68282947904478,0.42857142857142855,3,100.0,1.0,99.53211598395555,10,2.0,P32_derived_Jv_proxy,100.0,100.0,-0.8316688976913582,-0.3171705209552158,-0.8316688976913582,-0.3171705209552158,0.8316688976913582,0.3171705209552158,0.8316688976913582,0.3171705209552158,110,3,0,110,1.0,0.0,78.53981633974483,7.0,1.4005634992086788,0.42857142857142855,0.42857142857142855,0.0,1.4005634992086788,0.4895491411496685,0.5513718501879665,-0.06182270903829801,1,1,1,1,1,1,100.0,100.0,0.0,100.0,100.0,81,2.0,2.0,0.0,2.0,2.0,81,1.4698931848879622,1.4698931848879622,0.31979232832644583,0.7754581441656859,2.1700189303691935,81,2.169022388431978,2.169022388431978,0.5712076544272418,0.7989270844768774,3.8535818824515693,81,0.7999759789944247,0.8158555489654203,0.1003283673933865,0.534267415660564,1.0,81,0.9325187714664647,0.9361089669648482,0.2643714053272736,0.5,1.4945150714961841,81,31.87871014268577,29.313543446415178,11.233105605559725,16.89553712903334,64.54683809963886,81,33.88377161820289,33.88377161820289,0.0,33.88377161820289,33.88377161820289,81,cases/scenario_07_isotropic.yaml,scenario_07_isotropic,isotropic,moderate,isotropic,unknown,1,5
scenario_07_isotropic,53,10,10.5,28.763196251108532,25.18694868334914,35.59037674526463,35.590376745264635,39.20222298415484,43.7169630386765,1.3629299971363227,10.439026733046305,0.13447355015738105,1.2283366189567837,8.126586293411869,130,100.0,100.0,100.0,100.0,99.66579713139683,0.7142857142857143,5,100.0,0.5,99.87908957257498,5,2.0,P32_derived_Jv_proxy,100.0,100.0,0.0,-0.33420286860317105,0.0,-0.33420286860317105,0.0,0.33420286860317105,0.0,0.33420286860317105,130,5,2,128,0.9846153846153847,0.015384615384615385,78.53981633974483,7.0,1.6552114081557114,0.7142857142857143,0.7142857142857143,0.025464790894703253,1.6297466172610082,0.49880918998831314,0.4481644624367149,0.05064472755159821,0,1,1,1,1,1,100.0,100.0,0.0,100.0,100.0,81,2.0,2.0,0.0,2.0,2.0,81,1.510642661331051,1.510642661331051,0.2779608371227667,0.5785618577981155,2.318359240272247,81,2.1222628129836316,2.1222628129836316,0.5869318300290166,0.75,3.374747153102878,81,0.7815469191546549,0.7704193526014428,0.09602806482868793,0.577922385128754,1.0,81,1.0500208240749493,1.091025868931795,0.26337482813577845,0.5,1.6262270746414123,81,28.763196251108532,25.18694868334914,10.627819035041052,16.514036544677072,71.18075349052927,81,35.59037674526463,35.590376745264635,7.105427357601002e-15,35.590376745264635,35.590376745264635,81,cases/scenario_07_isotropic.yaml,scenario_07_isotropic,isotropic,moderate,isotropic,unknown,1,5
scenario_07_isotropic,53,20,20.5,29.77883819378547,27.031573441060964,32.16702734811337,32.16702734811337,30.021056830792823,34.090909090909086,1.0081339183023568,0.24221863700735113,0.003518226669671165,1.0598091244794043,1.9238817427957144,125,99.09163824028198,99.09163824028198,99.09163824028198,100.0,100.0,0.0,0,99.09163824028198,1.0,99.53211598395555,10,2.0,P32_derived_Jv_proxy,100.0,99.09163824028198,0.9083617597180194,0.9083617597180194,0.0,0.0,0.9083617597180194,0.9083617597180194,0.0,0.0,125,0,0,125,1.0,0.0,78.53981633974483,7.0,1.5915494309189533,0.0,0.0,0.0,1.5915494309189533,0.5192357726120501,0.0,0.5192357726120501,1,1,1,1,1,1,99.09163824028198,99.09163824028198,0.0,99.09163824028198,99.09163824028198,81,2.0,2.0,0.0,2.0,2.0,81,1.468687585013088,1.468687585013088,0.2949280573460423,0.8195134653675873,2.047788661940306,81,2.262171404387575,2.262171404387575,0.610183159881506,0.75,3.7032045334029413,81,0.7885809337883731,0.7842033611490626,0.10554323536285222,0.48466954656430067,1.0,81,0.9653463163362846,0.9575334951927542,0.3235661024319136,0.5,1.7677804597321345,81,29.77883819378547,27.031573441060964,11.808832988184557,11.675429565925272,59.02892351489025,81,32.16702734811337,32.16702734811337,0.0,32.16702734811337,32.16702734811337,81,cases/scenario_07_isotropic.yaml,scenario_07_isotropic,isotropic,moderate,isotropic,unknown,1,5
scenario_07_isotropic,53,30,30.5,29.159696026086372,27.873063190216936,34.027413458127164,34.02741345812716,26.227433964951626,34.15261261227243,0.8994412678886798,-2.9322620611347467,-0.046027190144581454,1.0036793614742223,0.12519915414526395,129,99.12001270761384,99.12001270761384,99.12001270761384,100.0,99.79947827883811,0.42857142857142855,3,99.12001270761384,0.8,99.69656540975667,8,2.0,P32_derived_Jv_proxy,100.0,99.12001270761384,0.8799872923861614,0.6794655712242701,0.0,-0.20052172116189126,0.8799872923861614,0.6794655712242701,0.0,0.20052172116189126,129,3,0,129,1.0,0.0,78.53981633974483,7.0,1.64247901270836,0.42857142857142855,0.42857142857142855,0.0,1.64247901270836,0.5057297044502072,0.44015258500117094,0.06557711944903621,1,1,1,1,1,1,99.12001270761384,99.12001270761384,0.0,99.12001270761384,99.12001270761384,81,2.0,2.0,0.0,2.0,2.0,81,1.500332646329548,1.500332646329548,0.2912674041265126,0.9383744538168488,2.249858518380838,81,2.1851938754150866,2.1851938754150866,0.556769670897727,0.9322442801986229,3.554841199547153,81,0.7918693297694279,0.7969357561123706,0.10118138027772673,0.5096404005600609,0.9698551146602745,81,1.0155449253031117,0.9585013099142662,0.30263822975242777,0.5,1.6167859127721582,81,29.159696026086372,27.873063190216936,10.042698919942158,14.503507021490016,60.20550984167437,81,34.027413458127164,34.02741345812716,7.105427357601002e-15,34.02741345812716,34.02741345812716,81,cases/scenario_07_isotropic.yaml,scenario_07_isotropic,isotropic,moderate,isotropic,unknown,1,5
scenario_07_isotropic,54,10,10.5,27.85130676290897,26.507091280485128,32.81428291385038,32.81428291385038,35.30183554714221,43.55689707727489,1.2675109231914208,7.450528784233242,0.10295171069674858,1.3273761670071489,10.742614163424513,133,98.73059152397946,98.73059152397946,98.73059152397946,99.67636406691902,99.43249953181018,0.7142857142857143,5,98.73059152397946,1.0,99.53211598395555,10,2.0,P32_derived_Jv_proxy,100.0,98.73059152397946,0.9457725429395651,0.701908007830724,-0.32363593308097904,-0.5675004681898201,0.9457725429395651,0.701908007830724,0.32363593308097904,0.5675004681898201,133,5,3,130,0.9774436090225563,0.022556390977443608,78.53981633974483,7.0,1.6934085944977664,0.7142857142857143,0.7142857142857143,0.03819718634205488,1.6552114081557114,0.5340735498157705,0.3314973133478585,0.202576236467912,0,1,1,0,1,1,98.73059152397946,98.73059152397946,0.0,98.73059152397946,98.73059152397946,81,2.0,2.0,0.0,2.0,2.0,81,1.4692574321985432,1.4692574321985432,0.3210066040732027,0.6675005158930544,2.4628059418080976,81,2.2103279806967464,2.2103279806967464,0.5678679300574943,0.75,3.615193296956305,81,0.8078119727822491,0.8089250558464265,0.09648407754777928,0.5335741910550436,1.0,81,1.0288467230446088,1.0323607100823244,0.2723958964152607,0.5,1.712812935228443,81,27.85130676290897,26.507091280485128,9.196132277310252,14.171102217451102,62.138157597286344,81,32.81428291385038,32.81428291385038,0.0,32.81428291385038,32.81428291385038,81,cases/scenario_07_isotropic.yaml,scenario_07_isotropic,isotropic,moderate,isotropic,unknown,1,5
scenario_07_isotropic,54,20,20.5,26.910093254946002,24.638350565708524,33.360721550498766,33.360721550498766,29.97320424230625,34.69533475329103,1.113827587230574,3.063110987360247,0.046817970272752474,1.0400055256830112,1.3346132027922621,121,99.10267530956067,99.10267530956067,99.10267530956067,99.31897938507362,99.08832728941319,1.0,7,99.10267530956067,0.9,99.61849919456388,9,2.0,P32_derived_Jv_proxy,100.0,99.10267530956067,0.2163040755129515,-0.014348020147480156,-0.681020614926382,-0.9116727105868137,0.2163040755129515,0.014348020147480156,0.681020614926382,0.9116727105868137,121,7,3,118,0.9752066115702479,0.024793388429752067,78.53981633974483,7.0,1.5406198491295469,1.0,1.0,0.03819718634205488,1.502422662787492,0.5085322907531411,0.4966073744342152,0.011924916318925893,1,1,1,1,1,1,99.10267530956067,99.10267530956067,0.0,99.10267530956067,99.10267530956067,81,2.0,2.0,0.0,2.0,2.0,81,1.4863890045414998,1.4863890045414998,0.28144585276151124,0.9150344171343804,2.2645178268882824,81,2.2077629028166963,2.2077629028166963,0.5836796266004688,0.75,3.279390413112494,81,0.7855038277716311,0.7832084502946978,0.09248378655519528,0.5734072022454373,0.9844770300577768,81,1.0479640595703046,1.0616906362666911,0.27001707968438077,0.5,1.8396691409692576,81,26.910093254946002,24.638350565708524,8.504167839821315,14.951052215179292,53.458134158558735,81,33.360721550498766,33.360721550498766,0.0,33.360721550498766,33.360721550498766,81,cases/scenario_07_isotropic.yaml,scenario_07_isotropic,isotropic,moderate,isotropic,unknown,1,5
scenario_07_isotropic,54,30,30.5,30.11438916705663,27.09622321425072,33.72547551653722,33.725475516537216,35.01122021164336,33.008719440682555,1.16260768290607,4.896831044586733,0.06543318859515534,0.9787473396630625,-0.7167560758546685,130,99.89903122300753,99.89903122300753,99.89903122300753,97.96128090685347,99.11532901085492,1.1428571428571428,8,99.89903122300753,0.8,99.69656540975667,8,2.0,P32_derived_Jv_proxy,100.0,99.89903122300753,-1.9377503161540517,-0.7837022121526047,-2.0387190931465256,-0.8846709891450786,1.9377503161540517,0.7837022121526047,2.0387190931465256,0.8846709891450786,130,8,3,127,0.9769230769230769,0.023076923076923078,78.53981633974483,7.0,1.6552114081557114,1.1428571428571428,1.1428571428571428,0.03819718634205488,1.6170142218136565,0.4853721112117134,0.5117652205108769,-0.026393109299163497,1,1,1,1,1,1,99.89903122300753,99.89903122300753,0.0,99.89903122300753,99.89903122300753,81,2.0,2.0,0.0,2.0,2.0,81,1.5296012092870652,1.5296012092870652,0.29136056413493044,0.8893209913893159,2.3183926562188018,81,2.2654340172370686,2.2654340172370686,0.5074663899391494,0.9468653122223443,3.5428198147408048,81,0.7993164253925964,0.7990642605031754,0.10487203939701423,0.5067266883373909,1.0,81,0.9869707952797963,0.9633611234529782,0.3056210202370006,0.5,1.8362575040963869,81,30.11438916705663,27.09622321425072,10.599637493965066,13.633593138905708,62.96256802492751,81,33.72547551653722,33.725475516537216,7.105427357601002e-15,33.725475516537216,33.725475516537216,81,cases/scenario_07_isotropic.yaml,scenario_07_isotropic,isotropic,moderate,isotropic,unknown,1,5
scenario_07_isotropic,55,10,10.5,27.426563006695474,25.24591410137856,33.37610974646814,33.37610974646814,29.79668158387509,34.703942056719924,1.0864169008927955,2.370118577179614,0.0359965131103841,1.0397839149121415,1.327832310251786,139,100.0,100.0,100.0,98.73341688802358,99.54914833160349,0.7142857142857143,5,100.0,0.9,99.61849919456388,9,2.0,P32_derived_Jv_proxy,100.0,100.0,-1.2665831119764164,-0.4508516683965098,-1.2665831119764164,-0.4508516683965098,1.2665831119764164,0.4508516683965098,1.2665831119764164,0.4508516683965098,139,5,3,136,0.9784172661870504,0.02158273381294964,78.53981633974483,7.0,1.769802967181876,0.7142857142857143,0.7142857142857143,0.03819718634205488,1.7316057808398213,0.5016886924549697,0.2748199519635708,0.22686874049139893,1,1,1,1,1,1,100.0,100.0,0.0,100.0,100.0,81,2.0,2.0,0.0,2.0,2.0,81,1.436497411145902,1.436497411145902,0.3071836597458772,0.7275551348041195,2.2220097329822885,81,2.1519844913889523,2.1519844913889523,0.5631024094782918,0.8855152561893402,3.836404653842233,81,0.7989508974061292,0.8060861644536488,0.11470062755130633,0.5306346758404765,1.0,81,1.0488390311236087,1.0336423033437352,0.29021690568682945,0.5,1.7958886582742033,81,27.426563006695474,25.24591410137856,8.814646669053133,13.217549974693469,54.8174692665778,81,33.37610974646814,33.37610974646814,0.0,33.37610974646814,33.37610974646814,81,cases/scenario_07_isotropic.yaml,scenario_07_isotropic,isotropic,moderate,isotropic,unknown,1,5
scenario_07_isotropic,55,20,20.5,31.068614999104437,27.03911460341171,33.95500398501317,33.95500398501318,30.684612332647447,33.870753571902874,0.9876401742894538,-0.38400266645698977,-0.005401252562134973,0.9975187629738614,-0.08425041311029702,141,100.0,100.0,100.0,100.0,99.79947827883811,0.42857142857142855,3,100.0,0.8,99.69656540975667,8,2.0,P32_derived_Jv_proxy,100.0,100.0,0.0,-0.20052172116189126,0.0,-0.20052172116189126,0.0,0.20052172116189126,0.0,0.20052172116189126,141,3,1,140,0.9929078014184397,0.0070921985815602835,78.53981633974483,7.0,1.7952677580765795,0.42857142857142855,0.42857142857142855,0.012732395447351627,1.7825353626292277,0.5164624649976679,0.28149003154965213,0.23497243344801577,1,1,1,1,1,1,100.0,100.0,0.0,100.0,100.0,81,2.0,2.0,0.0,2.0,2.0,81,1.4981322027257888,1.4981322027257888,0.3108817888741985,0.7677542714328679,2.4957640369160665,81,2.2060551125056915,2.2060551125056915,0.5864185977169486,0.75,3.7911396199394,81,0.8010471372126292,0.7944372582919701,0.08488077615597643,0.5958170217276738,1.0,81,0.9707604475528432,0.9928709735218786,0.29156754547026437,0.5,1.7580939475872595,81,31.068614999104437,27.03911460341171,11.40109980468786,16.673826875445123,67.91000797002636,81,33.95500398501317,33.95500398501318,7.105427357601002e-15,33.95500398501318,33.95500398501318,81,cases/scenario_07_isotropic.yaml,scenario_07_isotropic,isotropic,moderate,isotropic,unknown,1,5
scenario_07_isotropic,55,30,30.5,30.322368713427263,28.478060470672506,34.490936301168524,34.49093630116853,36.553053746650384,33.46074439443695,1.2054814744886362,6.230685033223121,0.08116054064530154,0.9701315180969248,-1.0301919067315737,106,99.74747092114598,99.74747092114598,99.74747092114598,99.7036839510163,99.68282947904478,0.42857142857142855,3,99.74747092114598,0.8,99.69656540975667,8,2.0,P32_derived_Jv_proxy,100.0,99.74747092114598,-0.043786970129673364,-0.06464144210119116,-0.296316048983698,-0.3171705209552158,0.043786970129673364,0.06464144210119116,0.296316048983698,0.3171705209552158,106,3,1,105,0.9905660377358491,0.009433962264150943,78.53981633974483,7.0,1.3496339174192724,0.42857142857142855,0.42857142857142855,0.012732395447351627,1.336901521971921,0.4872343922159812,0.23941732938247162,0.24781706283350957,1,1,1,1,1,1,99.74747092114598,99.74747092114598,0.0,99.74747092114598,99.74747092114598,81,2.0,2.0,0.0,2.0,2.0,81,1.4388785634865202,1.4388785634865202,0.2753692269469391,0.7778957917023347,2.0913291975292516,81,2.0806117934462893,2.0806117934462893,0.604731238730862,0.75,3.611714828025962,81,0.8038330925410956,0.8132630357124913,0.09222684588255507,0.5662557170820526,1.0,81,0.983951961308957,0.9627312064317265,0.25845668368527064,0.5,1.705656508152421,81,30.322368713427263,28.478060470672506,9.433206858005509,14.589098585005424,65.30176127218976,81,34.490936301168524,34.49093630116853,7.105427357601002e-15,34.49093630116853,34.49093630116853,81,cases/scenario_07_isotropic.yaml,scenario_07_isotropic,isotropic,moderate,isotropic,unknown,1,5
scenario_07_isotropic,56,10,10.5,26.537295452235053,24.387581722558032,31.324897044784855,31.324897044784862,25.54975877286183,33.20801200403984,0.9627868378241216,-0.9875366793732248,-0.016469855558855384,1.0601155993126719,1.883114959254982,132,99.31620473125541,99.31620473125541,99.31620473125541,99.26999209424528,99.7994782788381,0.42857142857142855,3,99.31620473125541,0.7,99.76613872993647,7,2.0,P32_derived_Jv_proxy,100.0,99.31620473125541,-0.04621263701012879,0.4832735475826837,-0.730007905754718,-0.20052172116190548,0.04621263701012879,0.4832735475826837,0.730007905754718,0.20052172116190548,132,3,1,131,0.9924242424242424,0.007575757575757576,78.53981633974483,7.0,1.6806761990504147,0.42857142857142855,0.42857142857142855,0.012732395447351627,1.6679438036030632,0.43112732568973977,0.20142275041859625,0.22970457527114352,1,1,1,1,1,1,99.31620473125541,99.31620473125541,0.0,99.31620473125541,99.31620473125541,81,2.0,2.0,0.0,2.0,2.0,81,1.4643718418039409,1.4643718418039409,0.28587890311257863,0.7377991454831053,2.1715042009328838,81,2.3214099225187828,2.3214099225187828,0.6076974677966639,0.75,3.8801817786180783,81,0.7823589503379773,0.790194484838452,0.09917952678137605,0.518969045191373,0.9820108223489054,81,1.0079947474217688,1.007768193717179,0.27464169171945974,0.5,1.720549897063656,81,26.537295452235053,24.387581722558032,9.468212060678662,13.350377550070306,60.73274740770299,81,31.324897044784855,31.324897044784862,7.105427357601002e-15,31.324897044784862,31.324897044784862,81,cases/scenario_07_isotropic.yaml,scenario_07_isotropic,isotropic,moderate,isotropic,unknown,1,5
scenario_07_isotropic,56,20,20.5,29.5498338013203,26.921403954809094,33.91526978716144,33.91526978716144,26.65248867210044,35.78440400837558,0.9019505439962777,-2.897345129219861,-0.044817275161339376,1.0551118783056739,1.8691342212141393,124,100.0,100.0,100.0,99.08465254433455,99.5491483316035,0.7142857142857143,5,100.0,0.8,99.69656540975667,8,2.0,P32_derived_Jv_proxy,100.0,100.0,-0.9153474556654544,-0.4508516683964956,-0.9153474556654544,-0.4508516683964956,0.9153474556654544,0.4508516683964956,0.9153474556654544,0.4508516683964956,124,5,1,123,0.9919354838709677,0.008064516129032258,78.53981633974483,7.0,1.5788170354716018,0.7142857142857143,0.7142857142857143,0.012732395447351627,1.56608464002425,0.506328922188523,0.3241707768600385,0.1821581453284845,1,1,1,1,1,1,100.0,100.0,0.0,100.0,100.0,81,2.0,2.0,0.0,2.0,2.0,81,1.4882686021443086,1.4882686021443086,0.29799737764892203,0.7377991454831053,2.2783936969233034,81,2.194098132617081,2.194098132617081,0.5391018855031098,0.9394624107664465,3.6114216828265002,81,0.7839745673627838,0.7772247290095319,0.10132556908802029,0.534042146369163,1.0,81,0.9845532428375287,0.9704414837310807,0.27252122245815147,0.5,1.6625981315246559,81,29.5498338013203,26.921403954809094,10.78670127069868,14.718964841982142,67.83053957432288,81,33.91526978716144,33.91526978716144,0.0,33.91526978716144,33.91526978716144,81,cases/scenario_07_isotropic.yaml,scenario_07_isotropic,isotropic,moderate,isotropic,unknown,1,5
scenario_07_isotropic,56,30,30.5,29.46634093008285,27.31031346313536,33.93753682569811,33.93753682569811,30.5394561935683,30.944985956464745,1.0364183413893064,1.0731152634854482,0.015535090046788769,0.9118218011930862,-2.9925508692333658,121,99.86323407656495,99.86323407656495,99.86323407656495,98.5094859016126,99.61598890532413,0.5714285714285714,4,99.86323407656495,0.7,99.76613872993647,7,2.0,P32_derived_Jv_proxy,100.0,99.86323407656495,-1.3537481749523437,-0.24724517124082013,-1.4905140983873935,-0.3840110946758699,1.3537481749523437,0.24724517124082013,1.4905140983873935,0.3840110946758699,121,4,1,120,0.9917355371900827,0.008264462809917356,78.53981633974483,7.0,1.5406198491295469,0.5714285714285714,0.5714285714285714,0.012732395447351627,1.5278874536821951,0.550334139282365,0.255710189499898,0.294623949782467,1,1,1,1,1,1,99.86323407656495,99.86323407656495,0.0,99.86323407656495,99.86323407656495,81,2.0,2.0,0.0,2.0,2.0,81,1.5146162046881861,1.5146162046881861,0.3041396541803223,0.8342258506279762,2.1790062078622476,81,2.228424434009043,2.228424434009043,0.5815415961267185,0.75,3.498559321975331,81,0.7909837137334307,0.8027262606453777,0.09965502542811723,0.5284697563760429,1.0,81,0.9851134274768893,0.9662617085633743,0.2759374895387308,0.5135505301536576,1.6210734816791847,81,29.46634093008285,27.31031346313536,9.233328773026752,14.026279715241635,56.40663342911054,81,33.93753682569811,33.93753682569811,0.0,33.93753682569811,33.93753682569811,81,cases/scenario_07_isotropic.yaml,scenario_07_isotropic,isotropic,moderate,isotropic,unknown,1,5
scenario_07_isotropic,57,10,10.5,26.976890212855054,24.50257415124339,33.542357134207165,33.54235713420716,25.421934681990898,34.23214018058614,0.9423597190560093,-1.5549555308641558,-0.02578328597545787,1.0205645370603822,0.6897830463789774,126,100.0,100.0,100.0,100.0,99.61598890532413,0.5714285714285714,4,100.0,0.4,99.92210167184162,4,2.0,P32_derived_Jv_proxy,100.0,100.0,0.0,-0.3840110946758699,0.0,-0.3840110946758699,0.0,0.3840110946758699,0.0,0.3840110946758699,126,4,1,125,0.9920634920634921,0.007936507936507936,78.53981633974483,7.0,1.604281826366305,0.5714285714285714,0.5714285714285714,0.012732395447351627,1.5915494309189533,0.5031369687064136,0.13567991116210587,0.3674570575443077,1,1,1,1,1,1,100.0,100.0,0.0,100.0,100.0,81,2.0,2.0,0.0,2.0,2.0,81,1.4869762990614883,1.4869762990614883,0.33184945362383406,0.7477542989827367,2.423434317564506,81,2.216565003335798,2.216565003335798,0.6342683433134527,0.75,3.8707755721643706,81,0.7675328810866332,0.7781820495681833,0.10397211786747748,0.4939238133708671,0.9771729962436889,81,1.0279861806934314,0.9710968011849007,0.2769149055711802,0.5,1.7197434001525769,81,26.976890212855054,24.50257415124339,8.558588915647857,12.043883393026297,63.462951122383465,81,33.542357134207165,33.54235713420716,7.105427357601002e-15,33.54235713420716,33.54235713420716,81,cases/scenario_07_isotropic.yaml,scenario_07_isotropic,isotropic,moderate,isotropic,unknown,1,5
scenario_07_isotropic,57,20,20.5,27.601864057063064,24.552883607732088,33.68887862901,33.68887862901,29.97402865719138,33.87861254927194,1.0859421883690243,2.3721646001283148,0.03580670560216448,1.0056319452585922,0.18973392026194347,127,100.0,100.0,100.0,98.75917848422958,98.99868021106161,1.1428571428571428,8,100.0,0.7,99.76613872993647,7,2.0,P32_derived_Jv_proxy,100.0,100.0,-1.2408215157704205,-1.001319788938389,-1.2408215157704205,-1.001319788938389,1.2408215157704205,1.001319788938389,1.2408215157704205,1.001319788938389,127,8,5,122,0.9606299212598425,0.03937007874015748,78.53981633974483,7.0,1.6170142218136565,1.1428571428571428,1.1428571428571428,0.06366197723675814,1.5533522445768986,0.4867699569411349,0.2251486428826841,0.2616213140584508,1,1,1,1,1,1,100.0,100.0,0.0,100.0,100.0,81,2.0,2.0,0.0,2.0,2.0,81,1.46398389164764,1.46398389164764,0.28919914918032175,0.5999672243863013,2.376213701366789,81,2.172799973203889,2.172799973203889,0.6240315912600379,0.8900047385757364,3.7630828134689973,81,0.8056996426005038,0.8041431732607716,0.0931551154289102,0.5145380159768163,1.0,81,1.0840527989705073,1.0751959818866281,0.3102090218596026,0.5,1.8316133841926443,81,27.601864057063064,24.552883607732088,10.559335111003026,11.628082634897346,63.102631427285246,81,33.68887862901,33.68887862901,0.0,33.68887862901,33.68887862901,81,cases/scenario_07_isotropic.yaml,scenario_07_isotropic,isotropic,moderate,isotropic,unknown,1,5
scenario_07_isotropic,57,30,30.5,29.96519408791108,26.84072698386608,34.350296581877636,34.35029658187764,26.531759725129227,32.44502611127491,0.8854192516588101,-3.4334343627818527,-0.05285103939546687,0.9445340896530163,-1.9052704706027228,127,100.0,100.0,100.0,98.65141261072297,98.93183963734097,1.2857142857142858,9,100.0,0.7,99.76613872993647,7,2.0,P32_derived_Jv_proxy,100.0,100.0,-1.3485873892770286,-1.0681603626590288,-1.3485873892770286,-1.0681603626590288,1.3485873892770286,1.0681603626590288,1.3485873892770286,1.0681603626590288,127,9,2,125,0.984251968503937,0.015748031496062992,78.53981633974483,7.0,1.6170142218136565,1.2857142857142858,1.2857142857142858,0.025464790894703253,1.5915494309189533,0.5167485326229728,0.3304880374468472,0.18626049517612564,1,1,1,1,1,1,100.0,100.0,0.0,100.0,100.0,81,2.0,2.0,0.0,2.0,2.0,81,1.5030533227698937,1.5030533227698937,0.3132277039690295,0.6885243338994073,2.2124585399706045,81,2.1878316526135424,2.1878316526135424,0.6058852154883856,0.75,3.6363230045699084,81,0.8133236905771883,0.8219256217903097,0.09648548043687577,0.514780940865292,1.0,81,1.0096679254734195,1.0157515080738397,0.26678014344698847,0.5,1.7454823329804523,81,29.96519408791108,26.84072698386608,9.748911247164628,14.539802317417918,56.594543395471725,81,34.350296581877636,34.35029658187764,7.105427357601002e-15,34.35029658187764,34.35029658187764,81,cases/scenario_07_isotropic.yaml,scenario_07_isotropic,isotropic,moderate,isotropic,unknown,1,5
scenario_07_isotropic,58,10,10.5,31.519404356865497,29.565065692872295,35.862509086136576,35.862509086136576,38.03584143577405,38.971817051919984,1.2067436619400822,6.516437078908556,0.08161502649493357,1.0867007926945462,3.109307965783408,119,100.0,100.0,100.0,99.0906704384249,99.5491483316035,0.7142857142857143,5,100.0,0.8,99.69656540975667,8,2.0,P32_derived_Jv_proxy,100.0,100.0,-0.909329561575106,-0.4508516683964956,-0.909329561575106,-0.4508516683964956,0.909329561575106,0.4508516683964956,0.909329561575106,0.4508516683964956,119,5,2,117,0.9831932773109243,0.01680672268907563,78.53981633974483,7.0,1.5151550582348436,0.7142857142857143,0.7142857142857143,0.025464790894703253,1.4896902673401404,0.4972759691239259,0.31366594781913526,0.18361002130479065,1,1,1,1,1,1,100.0,100.0,0.0,100.0,100.0,81,2.0,2.0,0.0,2.0,2.0,81,1.542542295199351,1.542542295199351,0.29837170105580735,0.8973459060828215,2.3393810336792353,81,2.1506335369541305,2.1506335369541305,0.6232222824698028,0.75,3.6237174191552683,81,0.7945642768717542,0.7908608889832331,0.10042331260478594,0.565290153295367,1.0,81,0.9864336966394676,0.9952123648700024,0.2767350535634709,0.5,1.5851328271450498,81,31.519404356865497,29.565065692872295,10.693340103711295,15.28046523172406,64.77764763213588,81,35.862509086136576,35.862509086136576,0.0,35.862509086136576,35.862509086136576,81,cases/scenario_07_isotropic.yaml,scenario_07_isotropic,isotropic,moderate,isotropic,unknown,1,5
scenario_07_isotropic,58,20,20.5,29.978466928379483,27.57265186016916,33.121663173960435,33.12166317396044,26.917541745661804,36.49375063657342,0.8978958733937119,-3.0609251827176784,-0.04677402439343514,1.1018091224737787,3.3720874626129813,131,100.0,100.0,100.0,98.95844482446871,99.5491483316035,0.7142857142857143,5,100.0,0.3,99.95588995549635,3,2.0,P32_derived_Jv_proxy,100.0,100.0,-1.0415551755312862,-0.4508516683964956,-1.0415551755312862,-0.4508516683964956,1.0415551755312862,0.4508516683964956,1.0415551755312862,0.4508516683964956,131,5,2,129,0.9847328244274809,0.015267175572519083,78.53981633974483,7.0,1.6679438036030632,0.7142857142857143,0.7142857142857143,0.025464790894703253,1.64247901270836,0.499401494086098,0.4245359300795126,0.0748655640065854,1,1,1,1,1,1,100.0,100.0,0.0,100.0,100.0,81,2.0,2.0,0.0,2.0,2.0,81,1.501323176538264,1.501323176538264,0.2841880063305817,0.7542350756060379,2.217338337807248,81,2.2663764930116383,2.2663764930116383,0.5703115722487283,0.8804593220548842,4.0019354740604,81,0.8139883949857611,0.8200378291660119,0.09967076970262026,0.4418658359336589,1.0,81,0.9742854931556376,0.9741720709796667,0.2638048489653771,0.5,1.6886986498735663,81,29.978466928379483,27.57265186016916,9.637122216497762,13.278631638885761,55.27139153861783,81,33.121663173960435,33.12166317396044,7.105427357601002e-15,33.12166317396044,33.12166317396044,81,cases/scenario_07_isotropic.yaml,scenario_07_isotropic,isotropic,moderate,isotropic,unknown,1,5
scenario_07_isotropic,58,30,30.5,27.704025785418796,26.123234880514225,32.590932004366,32.590932004366,31.825187555711462,38.792234750554904,1.1487567836607242,4.121161770292666,0.06022808900589438,1.1902769379334766,6.201302746188901,115,100.0,100.0,100.0,100.0,99.79947827883811,0.42857142857142855,3,100.0,0.8,99.69656540975667,8,2.0,P32_derived_Jv_proxy,100.0,100.0,0.0,-0.20052172116189126,0.0,-0.20052172116189126,0.0,0.20052172116189126,0.0,0.20052172116189126,115,3,1,114,0.991304347826087,0.008695652173913044,78.53981633974483,7.0,1.464225476445437,0.42857142857142855,0.42857142857142855,0.012732395447351627,1.4514930809980855,0.4677681849122015,0.4365781288975751,0.031190056014626433,1,1,1,1,1,1,100.0,100.0,0.0,100.0,100.0,81,2.0,2.0,0.0,2.0,2.0,81,1.5242933549664963,1.5242933549664963,0.2975450436114818,0.8674571487698015,2.2461362912172547,81,2.3385237261123684,2.3385237261123684,0.5753565335416077,0.75,3.8476815329302845,81,0.7824229526264782,0.7733088624105505,0.0864842389868813,0.6256124130614316,0.9971396888583199,81,1.005426175052472,0.9797078229311897,0.3067216535272064,0.5,1.8057045676403,81,27.704025785418796,26.123234880514225,8.632515000853113,14.39722792253469,52.24388037348426,81,32.590932004366,32.590932004366,0.0,32.590932004366,32.590932004366,81,cases/scenario_07_isotropic.yaml,scenario_07_isotropic,isotropic,moderate,isotropic,unknown,1,5
scenario_07_isotropic,59,10,10.5,34.1659537820145,30.548117228273313,36.84307386377877,36.84307386377876,28.42618896556824,36.69786544166657,0.8320033781855737,-5.739764816446257,-0.07987491033863292,0.996058732160919,-0.14520842211219787,99,99.08213800757451,99.08213800757451,99.08213800757451,100.0,99.73263770511745,0.5714285714285714,4,99.08213800757451,1.2,99.33508891232165,12,2.0,P32_derived_Jv_proxy,100.0,99.08213800757451,0.917861992425486,0.6504996975429407,0.0,-0.26736229488254537,0.917861992425486,0.6504996975429407,0.0,0.26736229488254537,99,4,2,97,0.9797979797979798,0.020202020202020204,78.53981633974483,7.0,1.260507149287811,0.5714285714285714,0.5714285714285714,0.025464790894703253,1.2350423583931078,0.5265411144134537,0.23396008578178296,0.2925810286316708,1,1,1,1,1,1,99.08213800757451,99.08213800757451,0.0,99.08213800757451,99.08213800757451,81,2.0,2.0,0.0,2.0,2.0,81,1.4999711681284942,1.4999711681284942,0.2890877976315819,0.8077123580499513,2.2498667793639195,81,2.0169374417209274,2.0169374417209274,0.5765293211917125,0.75,3.557089797960463,81,0.8130405187327883,0.8123228055296912,0.09551365385189381,0.6032056496829452,1.0,81,0.9821721963761928,0.9944736755353183,0.319658413380919,0.5,1.7409281234417469,81,34.1659537820145,30.548117228273313,12.648903244572695,15.607027134317917,69.4072868495603,81,36.84307386377877,36.84307386377876,7.105427357601002e-15,36.84307386377876,36.84307386377876,81,cases/scenario_07_isotropic.yaml,scenario_07_isotropic,isotropic,moderate,isotropic,unknown,1,5
scenario_07_isotropic,59,20,20.5,31.36058341059924,27.52381534175804,34.423988319994045,34.423988319994045,26.587602101687544,27.87329819397412,0.847803172331975,-4.772981308911696,-0.07170496271036231,0.8097056603340999,-6.550690126019926,129,100.0,100.0,100.0,99.20762441634267,99.02148671569255,1.1428571428571428,8,100.0,0.5,99.87908957257498,5,2.0,P32_derived_Jv_proxy,100.0,100.0,-0.7923755836573321,-0.9785132843074535,-0.7923755836573321,-0.9785132843074535,0.7923755836573321,0.9785132843074535,0.7923755836573321,0.9785132843074535,129,8,3,126,0.9767441860465116,0.023255813953488372,78.53981633974483,7.0,1.64247901270836,1.1428571428571428,1.1428571428571428,0.03819718634205488,1.604281826366305,0.4770272837641001,0.29854041580338586,0.17848686796071422,1,1,1,1,1,1,100.0,100.0,0.0,100.0,100.0,81,2.0,2.0,0.0,2.0,2.0,81,1.4633652862256685,1.4633652862256685,0.28032896418166625,0.6143524264757303,2.160208614848221,81,2.125502240796022,2.125502240796022,0.5721069779212905,0.75,3.6834749906112476,81,0.8064984090047714,0.8063037614304853,0.09371386562571783,0.550097108216108,1.0,81,0.9662480803455146,0.9807074574874064,0.2731505887278854,0.5,1.6720256894770706,81,31.36058341059924,27.52381534175804,10.567459121211108,16.114797172244998,59.83530133711464,81,34.423988319994045,34.423988319994045,0.0,34.423988319994045,34.423988319994045,81,cases/scenario_07_isotropic.yaml,scenario_07_isotropic,isotropic,moderate,isotropic,unknown,1,5
scenario_07_isotropic,59,30,30.5,30.376346307654618,27.03035067255367,33.122711233345974,33.12271123334598,25.88853832325802,37.84843806028549,0.8522597833543364,-4.487807984396596,-0.06942800466942534,1.1426733093691297,4.725726826939514,136,99.98212159083941,99.98212159083941,99.98212159083941,98.02209176102949,99.29881838436889,1.0,7,99.98212159083941,0.8,99.69656540975667,8,2.0,P32_derived_Jv_proxy,100.0,99.98212159083941,-1.9600298298099261,-0.6833032064705264,-1.9779082389705138,-0.7011816156311141,1.9600298298099261,0.6833032064705264,1.9779082389705138,0.7011816156311141,136,7,4,132,0.9705882352941176,0.029411764705882353,78.53981633974483,7.0,1.7316057808398213,1.0,1.0,0.05092958178940651,1.6806761990504147,0.49702506422434667,0.29841360345319556,0.1986114607711511,1,1,1,1,1,1,99.98212159083941,99.98212159083941,0.0,99.98212159083941,99.98212159083941,81,2.0,2.0,0.0,2.0,2.0,81,1.5141339481820306,1.5141339481820306,0.2892591574386158,0.779322229280285,2.394094700768124,81,2.285234494324045,2.285234494324045,0.5985134826702683,0.75,4.399631760629847,81,0.7993147112641963,0.798097197100222,0.08490787298602626,0.6203742123666379,1.0,81,0.9583635068702538,0.9779088975229352,0.2744538001507033,0.5,1.5517615787428731,81,30.376346307654618,27.03035067255367,10.743205789873578,14.888250463366296,60.202089845238014,81,33.122711233345974,33.12271123334598,7.105427357601002e-15,33.12271123334598,33.12271123334598,81,cases/scenario_07_isotropic.yaml,scenario_07_isotropic,isotropic,moderate,isotropic,unknown,1,5
scenario_05_orthogonal_two_sets,40,10,10.5,23.708220648194978,21.926984117748948,26.238353140725927,26.238353140725927,19.159697127085167,24.73662150248568,0.8081457234347061,-4.548523521109811,-0.09251032093662248,0.9427657814426877,-1.5017316382402477,196,100.0,100.0,100.0,94.55491428945932,97.67387280180716,1.8571428571428572,13,100.0,0.7,99.76613872993647,7,3.0,P32_derived_Jv_proxy,100.0,100.0,-5.445085710540681,-2.326127198192836,-5.445085710540681,-2.326127198192836,5.445085710540681,2.326127198192836,5.445085710540681,2.326127198192836,196,13,6,190,0.9693877551020408,0.030612244897959183,78.53981633974483,7.0,2.4955495076809187,1.8571428571428572,1.8571428571428572,0.07639437268410976,2.4191551349968092,0.3567437494719148,0.32426951451825736,0.03247423495365742,1,1,1,1,1,1,100.0,100.0,0.0,100.0,100.0,81,4.0,4.0,0.0,4.0,4.0,81,1.5579613110517965,1.5579613110517965,0.30051333147751874,0.7086832554981012,2.2917471017703606,81,1.4844313043351822,1.4844313043351822,0.3880546577434795,0.75,2.5028945539762906,81,0.8035971553723992,0.8076560283621431,0.10066257195430728,0.53260119501172,1.0,81,0.9697544385533005,0.9383394783297043,0.2766163932638677,0.5,1.603020648014794,81,23.708220648194978,21.926984117748948,7.8997036984758155,11.07925003032643,43.30069945005518,81,26.238353140725927,26.238353140725927,0.0,26.238353140725927,26.238353140725927,81,cases/scenario_05_orthogonal_two_sets.yaml,scenario_05_orthogonal_two_sets,orthogonal,moderate,anisotropic,unknown,1,5
scenario_05_orthogonal_two_sets,40,20,20.5,21.423012306439034,19.769685048947697,26.984679737239585,26.98467973723958,21.906422358607735,28.04138997950982,1.0225649897061118,0.4834100521687006,0.009690919392150388,1.0391596362291433,1.0567102422702348,183,100.0,100.0,100.0,98.1382869133488,97.52486465642853,2.2857142857142856,16,100.0,0.3,99.95588995549635,3,3.0,P32_derived_Jv_proxy,100.0,100.0,-1.861713086651207,-2.4751353435714663,-1.861713086651207,-2.4751353435714663,1.861713086651207,2.4751353435714663,1.861713086651207,2.4751353435714663,183,16,7,176,0.9617486338797814,0.03825136612021858,78.53981633974483,7.0,2.330028366865348,2.2857142857142856,2.2857142857142856,0.08912676813146139,2.2409015987338865,0.3691812583826033,0.1845187467106959,0.1846625116719074,1,1,1,1,1,1,100.0,100.0,0.0,100.0,100.0,81,4.0,4.0,0.0,4.0,4.0,81,1.5718108509895587,1.5718108509895587,0.30444153251496997,0.9326085292422666,2.6402323045428155,81,1.4562066942195517,1.4562066942195517,0.3813316494495562,0.75,2.398013962146665,81,0.799889545963395,0.7990959797484326,0.08922012665462013,0.6362147928205298,1.0,81,1.1014069007716158,1.1163084583400518,0.29939186823266106,0.5,1.831943449738366,81,21.423012306439034,19.769685048947697,7.640974907015731,10.999924057755928,45.76829092917023,81,26.984679737239585,26.98467973723958,3.552713678800501e-15,26.98467973723958,26.98467973723958,81,cases/scenario_05_orthogonal_two_sets.yaml,scenario_05_orthogonal_two_sets,orthogonal,moderate,anisotropic,unknown,1,5
scenario_05_orthogonal_two_sets,40,30,30.5,23.25536816191666,22.012250831002405,26.535276159585727,26.535276159585727,27.090994504007877,23.877018731221398,1.164935094356945,3.835626342091217,0.06630172884025587,0.8998217537900374,-2.6582574283643297,176,99.77515229556128,99.77515229556128,99.77515229556128,97.24895034666058,98.88780556825125,1.4285714285714286,10,99.77515229556128,0.2,99.98026467728904,2,3.0,P32_derived_Jv_proxy,100.0,99.77515229556128,-2.526201948900706,-0.8873467273100317,-2.7510496533394218,-1.1121944317487475,2.526201948900706,0.8873467273100317,2.7510496533394218,1.1121944317487475,176,10,4,172,0.9772727272727273,0.022727272727272728,78.53981633974483,7.0,2.2409015987338865,1.4285714285714286,1.4285714285714286,0.05092958178940651,2.1899720169444796,0.3728180643063399,0.24663829438165286,0.12617976992468705,1,1,1,1,1,1,99.77515229556128,99.77515229556128,0.0,99.77515229556128,99.77515229556128,81,4.0,4.0,0.0,4.0,4.0,81,1.605826574261352,1.605826574261352,0.29014466057001487,0.8128031314224474,2.3454258224238553,81,1.509515013557779,1.509515013557779,0.4033068842424546,0.75,2.6156229608774253,81,0.800257429823972,0.7905785405298176,0.10106852332611733,0.5390120919419402,1.0,81,0.9987436365213074,0.9967042761718597,0.27448000500424025,0.5,1.6629978368886775,81,23.25536816191666,22.012250831002405,8.25611648090325,9.862532365074088,51.537518695912766,81,26.535276159585727,26.535276159585727,0.0,26.535276159585727,26.535276159585727,81,cases/scenario_05_orthogonal_two_sets.yaml,scenario_05_orthogonal_two_sets,orthogonal,moderate,anisotropic,unknown,1,5
scenario_05_orthogonal_two_sets,41,10,10.5,23.213270171894557,21.513105250483964,26.837022441966266,26.83702244196626,24.02629909899526,27.549503625941362,1.0350243167412525,0.813028927100703,0.014950553176982684,1.0265484438713648,0.7124811839750969,187,100.0,100.0,100.0,96.77728703700619,96.81121591086834,2.4285714285714284,17,100.0,0.1,99.99503320866597,1,3.0,P32_derived_Jv_proxy,100.0,100.0,-3.2227129629938105,-3.1887840891316586,-3.2227129629938105,-3.1887840891316586,3.2227129629938105,3.1887840891316586,3.2227129629938105,3.1887840891316586,187,17,4,183,0.9786096256684492,0.0213903743315508,78.53981633974483,7.0,2.3809579486547543,2.4285714285714284,2.4285714285714284,0.05092958178940651,2.330028366865348,0.3849498515552918,0.08944142788347254,0.2955084236718193,1,1,1,1,1,1,100.0,100.0,0.0,100.0,100.0,81,4.0,4.0,0.0,4.0,4.0,81,1.6030911527433735,1.6030911527433735,0.303807369757639,0.8772950610657388,2.3848523688754906,81,1.493357875496415,1.493357875496415,0.3943318620743122,0.75,2.8650219206943293,81,0.7978581082223815,0.7943015153875855,0.09928950078230864,0.5852307861527136,1.0,81,1.0090870943838894,0.9795592398973204,0.30192537640846345,0.5,1.910320876119753,81,23.213270171894557,21.513105250483964,7.962141082236645,12.118495039006925,53.67404488393252,81,26.837022441966266,26.83702244196626,7.105427357601002e-15,26.83702244196626,26.83702244196626,81,cases/scenario_05_orthogonal_two_sets.yaml,scenario_05_orthogonal_two_sets,orthogonal,moderate,anisotropic,unknown,1,5
scenario_05_orthogonal_two_sets,41,20,20.5,21.280656891384265,20.204024003040228,25.600300138396967,25.600300138396964,25.132592611796778,26.996449933965483,1.1810064294571667,3.851935720412513,0.07225226194049905,1.0545364619953999,1.3961497955685154,180,100.0,100.0,100.0,97.3102640836375,99.02148671569255,1.1428571428571428,8,100.0,0.1,99.99503320866597,1,3.0,P32_derived_Jv_proxy,100.0,100.0,-2.689735916362494,-0.9785132843074535,-2.689735916362494,-0.9785132843074535,2.689735916362494,0.9785132843074535,2.689735916362494,0.9785132843074535,180,8,4,176,0.9777777777777777,0.022222222222222223,78.53981633974483,7.0,2.291831180523293,1.1428571428571428,1.1428571428571428,0.05092958178940651,2.2409015987338865,0.3606571255779788,0.13975759631155482,0.22089952926642398,1,1,1,1,1,1,100.0,100.0,0.0,100.0,100.0,81,4.0,4.0,0.0,4.0,4.0,81,1.5862363758412332,1.5862363758412332,0.3011815255182356,0.7714662009711885,2.4037378956515965,81,1.549040799586266,1.549040799586266,0.4296875610275065,0.75,2.725139537934504,81,0.8089172847331659,0.8130443701500136,0.09896632926536905,0.5198663106279062,1.0,81,1.0427542653117048,1.0020198540577556,0.25699482971596643,0.5,1.6146966926613922,81,21.280656891384265,20.204024003040228,6.68537581651292,10.587901032011898,43.131673276892606,81,25.600300138396967,25.600300138396964,3.552713678800501e-15,25.600300138396964,25.600300138396964,81,cases/scenario_05_orthogonal_two_sets.yaml,scenario_05_orthogonal_two_sets,orthogonal,moderate,anisotropic,unknown,1,5
scenario_05_orthogonal_two_sets,41,30,30.5,24.122830028821863,21.608986348273355,26.200806766306723,26.200806766306723,17.21004636481069,26.95777028076052,0.7134339687444713,-6.912783664011172,-0.14664621643434628,1.0288908475683742,0.7569635144537976,171,100.0,100.0,100.0,98.87690645416413,99.41546718416224,1.0,7,100.0,0.1,99.99503320866597,1,3.0,P32_derived_Jv_proxy,100.0,100.0,-1.1230935458358715,-0.5845328158377612,-1.1230935458358715,-0.5845328158377612,1.1230935458358715,0.5845328158377612,1.1230935458358715,0.5845328158377612,171,7,3,168,0.9824561403508771,0.017543859649122806,78.53981633974483,7.0,2.177239621497128,1.0,1.0,0.03819718634205488,2.139042435155073,0.35134150165606426,0.15221579779687644,0.19912570385918782,0,1,1,1,1,1,100.0,100.0,0.0,100.0,100.0,81,4.0,4.0,0.0,4.0,4.0,81,1.5578477359048648,1.5578477359048648,0.3078771493301401,0.9067066586553861,2.303759407294833,81,1.4864501595311561,1.4864501595311561,0.3456031592818581,0.75,2.362424803581694,81,0.801436147906869,0.8010738879103414,0.09968544949654078,0.5777008709041266,1.0,81,0.9647394838910653,0.922854689662873,0.29718692631239385,0.5,1.8443491796109208,81,24.122830028821863,21.608986348273355,8.98927465876789,10.837342059016274,51.87506792978814,81,26.200806766306723,26.200806766306723,0.0,26.200806766306723,26.200806766306723,81,cases/scenario_05_orthogonal_two_sets.yaml,scenario_05_orthogonal_two_sets,orthogonal,moderate,anisotropic,unknown,1,5
scenario_05_orthogonal_two_sets,42,10,10.5,24.74182443485333,23.307136462376985,27.713802380106582,27.713802380106582,19.884721847937936,24.625956768082965,0.8036885840935283,-4.857102586915396,-0.09491220051672022,0.888580947151441,-3.0878456120236173,217,100.0,100.0,100.0,91.21084227595513,97.3965411331308,2.0,14,100.0,0.4,99.92210167184162,4,3.0,P32_derived_Jv_proxy,100.0,100.0,-8.78915772404487,-2.603458866869204,-8.78915772404487,-2.603458866869204,8.78915772404487,2.603458866869204,8.78915772404487,2.603458866869204,217,14,3,214,0.9861751152073732,0.013824884792626729,78.53981633974483,7.0,2.762929812075303,2.0,2.0,0.03819718634205488,2.7247326257332483,0.40360348120795053,0.17995717142241485,0.22364630978553568,1,1,1,1,1,1,100.0,100.0,0.0,100.0,100.0,81,4.0,4.0,0.0,4.0,4.0,81,1.6506609643910028,1.6506609643910028,0.2949019430776792,0.8642238215086041,2.4914582737796747,81,1.4890242610446285,1.4890242610446285,0.3890375782128525,0.75,2.5851396974964636,81,0.8201517560809011,0.8226067003048976,0.08698822438873212,0.5751736541013271,1.0,81,0.9877160372876669,0.937196033969026,0.2563878424717291,0.5,1.5404515273190675,81,24.74182443485333,23.307136462376985,7.580849135890657,13.85770919701049,48.71894290511555,81,27.713802380106582,27.713802380106582,0.0,27.713802380106582,27.713802380106582,81,cases/scenario_05_orthogonal_two_sets.yaml,scenario_05_orthogonal_two_sets,orthogonal,moderate,anisotropic,unknown,1,5
scenario_05_orthogonal_two_sets,42,20,20.5,24.374437627905206,21.646107131914576,25.786680903869232,25.78668090386923,25.479969655310327,31.526694428592016,1.0453562065423592,1.105532027405122,0.019264302098654262,1.2225960582566293,5.740013524722784,194,100.0,100.0,100.0,97.79480001142913,97.89184340345646,2.0,14,100.0,0.1,99.99503320866597,1,3.0,P32_derived_Jv_proxy,100.0,100.0,-2.205199988570868,-2.1081565965435374,-2.205199988570868,-2.1081565965435374,2.205199988570868,2.1081565965435374,2.205199988570868,2.1081565965435374,194,14,7,187,0.9639175257731959,0.03608247422680412,78.53981633974483,7.0,2.4700847167862157,2.0,2.0,0.08912676813146139,2.3809579486547543,0.3401359764446046,0.16455403714225725,0.17558193930234733,1,1,1,1,1,1,100.0,100.0,0.0,100.0,100.0,81,4.0,4.0,0.0,4.0,4.0,81,1.5718411415896134,1.5718411415896134,0.26461999913683637,0.7755681310338626,2.2228885538670453,81,1.5238885797762387,1.5238885797762387,0.38375923111165555,0.75,2.5145623975266704,81,0.7988857674090312,0.8117037190935028,0.1011720173796645,0.5561134050219071,1.0,81,0.9683511330949067,0.9370708560021371,0.3338856479833927,0.5,1.7820738996420622,81,24.374437627905206,21.646107131914576,9.818562275015077,8.04698330666558,48.65430685391088,81,25.786680903869232,25.78668090386923,3.552713678800501e-15,25.78668090386923,25.78668090386923,81,cases/scenario_05_orthogonal_two_sets.yaml,scenario_05_orthogonal_two_sets,orthogonal,moderate,anisotropic,unknown,1,5
scenario_05_orthogonal_two_sets,42,30,30.5,24.61129931717764,22.653667359458506,26.961364154780856,26.96136415478086,17.106589429049468,25.154765356311827,0.6950705531060604,-7.504709888128172,-0.15797111013004028,0.9329930493094624,-1.8065987984690288,190,100.0,100.0,100.0,97.22790805719983,98.19368692647429,1.7142857142857142,12,100.0,0.3,99.95588995549635,3,3.0,P32_derived_Jv_proxy,100.0,100.0,-2.7720919428001736,-1.8063130735257147,-2.7720919428001736,-1.8063130735257147,2.7720919428001736,1.8063130735257147,2.7720919428001736,1.8063130735257147,190,12,1,189,0.9947368421052631,0.005263157894736842,78.53981633974483,7.0,2.4191551349968092,1.7142857142857142,1.7142857142857142,0.012732395447351627,2.4064227395494573,0.39639469342988454,0.13320378023469714,0.2631909131951874,0,1,1,1,1,1,100.0,100.0,0.0,100.0,100.0,81,4.0,4.0,0.0,4.0,4.0,81,1.6044487949476605,1.6044487949476605,0.33932976395894726,0.6744106790926901,2.448866163677572,81,1.4877296135098894,1.4877296135098894,0.3807773187200725,0.75,2.646368583107222,81,0.816729700761937,0.8169461992309159,0.10196021735524873,0.5895180825587304,1.0,81,0.9919010136788373,0.9891668958302567,0.2864226965439688,0.5,1.61392226941115,81,24.61129931717764,22.653667359458506,9.345248892287374,12.158766589159958,53.92272830956172,81,26.961364154780856,26.96136415478086,3.552713678800501e-15,26.96136415478086,26.96136415478086,81,cases/scenario_05_orthogonal_two_sets.yaml,scenario_05_orthogonal_two_sets,orthogonal,moderate,anisotropic,unknown,1,5
scenario_05_orthogonal_two_sets,43,10,10.5,23.089695217573116,20.870388805140177,26.23145619156805,26.231456191568046,22.54215868476307,26.43826004980671,0.9762865413488296,-0.5475365328100459,-0.010422697637909373,1.007883811585921,0.20680385823866132,176,100.0,100.0,100.0,97.72316776430262,97.02970845060713,2.2857142857142856,16,100.0,0.3,99.95588995549635,3,3.0,P32_derived_Jv_proxy,100.0,100.0,-2.276832235697384,-2.9702915493928685,-2.276832235697384,-2.9702915493928685,2.276832235697384,2.9702915493928685,2.276832235697384,2.9702915493928685,176,16,10,166,0.9431818181818182,0.056818181818181816,78.53981633974483,7.0,2.2409015987338865,2.2857142857142856,2.2857142857142856,0.12732395447351627,2.11357764426037,0.3466535150217843,0.20504972183378878,0.14160379318799554,1,1,1,1,1,1,100.0,100.0,0.0,100.0,100.0,81,4.0,4.0,0.0,4.0,4.0,81,1.5496166904248303,1.5496166904248303,0.30977192543971993,0.8432068799518181,2.3110460072701335,81,1.47686872500329,1.47686872500329,0.37168652506397604,0.75,2.5604572874397666,81,0.8005996334473018,0.8083399756866172,0.09094354034905701,0.6028684794019811,1.0,81,1.0111272453389775,1.0189493802142906,0.3091718189269834,0.5,1.9021458853895916,81,23.089695217573116,20.870388805140177,8.653259599644494,10.74799743379683,48.41195377775326,81,26.23145619156805,26.231456191568046,3.552713678800501e-15,26.231456191568046,26.231456191568046,81,cases/scenario_05_orthogonal_two_sets.yaml,scenario_05_orthogonal_two_sets,orthogonal,moderate,anisotropic,unknown,1,5
scenario_05_orthogonal_two_sets,43,20,20.5,23.21112299105805,21.869945968375312,26.390224965794438,26.390224965794438,19.48055696829467,21.825515133982694,0.8392767974130093,-3.73056602276338,-0.07609478319546747,0.8270302796687686,-4.564709831811744,208,100.0,100.0,100.0,94.84285112108775,97.32185306816636,2.4285714285714284,17,100.0,0.4,99.92210167184162,4,3.0,P32_derived_Jv_proxy,100.0,100.0,-5.157148878912253,-2.6781469318336377,-5.157148878912253,-2.6781469318336377,5.157148878912253,2.6781469318336377,5.157148878912253,2.6781469318336377,208,17,7,201,0.9663461538461539,0.03365384615384615,78.53981633974483,7.0,2.6483382530491384,2.4285714285714284,2.4285714285714284,0.08912676813146139,2.559211484917677,0.388366449536083,0.1829563499042668,0.20541009963181622,1,1,1,1,1,1,100.0,100.0,0.0,100.0,100.0,81,4.0,4.0,0.0,4.0,4.0,81,1.59893543064259,1.59893543064259,0.30157054942451456,0.8360735773126668,2.455966744362574,81,1.5147042443888243,1.5147042443888243,0.4082754678652997,0.75,2.476019554669467,81,0.7905888054956041,0.7786183429896067,0.11006730644197166,0.5534061106231943,1.0,81,0.9738748458334907,1.00575159650972,0.2531224140316706,0.5,1.5940754817332985,81,23.21112299105805,21.869945968375312,8.006994772916437,12.951984205265399,52.780449931588876,81,26.390224965794438,26.390224965794438,0.0,26.390224965794438,26.390224965794438,81,cases/scenario_05_orthogonal_two_sets.yaml,scenario_05_orthogonal_two_sets,orthogonal,moderate,anisotropic,unknown,1,5
scenario_05_orthogonal_two_sets,43,30,30.5,22.708993017204715,20.884517851967267,25.94769592704207,25.94769592704207,22.243747613203116,23.88811306876617,0.979512724159582,-0.46524540400159964,-0.008989918019014498,0.9206255975841982,-2.059582858275899,182,99.77976356859716,99.77976356859716,99.77976356859716,100.0,99.66579713139683,0.7142857142857143,5,99.77976356859716,0.5,99.87908957257498,5,3.0,P32_derived_Jv_proxy,100.0,99.77976356859716,0.22023643140283866,-0.1139664372003324,0.0,-0.33420286860317105,0.22023643140283866,0.1139664372003324,0.0,0.33420286860317105,182,5,4,178,0.978021978021978,0.02197802197802198,78.53981633974483,7.0,2.317295971417996,0.7142857142857143,0.7142857142857143,0.05092958178940651,2.2663663896285895,0.3726929559255131,0.2015819035005032,0.1711110524250099,1,1,1,1,1,1,99.77976356859716,99.77976356859716,0.0,99.77976356859716,99.77976356859716,81,4.0,4.0,0.0,4.0,4.0,81,1.5849243597390823,1.5849243597390823,0.28590324552597834,0.7757500408661043,2.3493828024572014,81,1.523674571468045,1.523674571468045,0.3921739981599218,0.75,2.705834839415935,81,0.7948638466131424,0.7947782314267764,0.10207510399684487,0.5566606012163399,1.0,81,1.0128008059196867,0.9776625528379457,0.3181093142679531,0.5,1.9115843994476727,81,22.708993017204715,20.884517851967267,8.567223302851655,7.556067113280184,49.9207407576572,81,25.94769592704207,25.94769592704207,0.0,25.94769592704207,25.94769592704207,81,cases/scenario_05_orthogonal_two_sets.yaml,scenario_05_orthogonal_two_sets,orthogonal,moderate,anisotropic,unknown,1,5
scenario_05_orthogonal_two_sets,44,10,10.5,22.657241062266653,20.532383404197144,27.157410582151662,27.15741058215166,23.210691631135656,29.706949284405674,1.0244270945146414,0.5534505688690032,0.010481056366665076,1.0938800367045898,2.5495387022540115,168,100.0,100.0,100.0,97.02387056142345,98.77115676845794,1.4285714285714286,10,100.0,0.2,99.98026467728904,2,3.0,P32_derived_Jv_proxy,100.0,100.0,-2.9761294385765495,-1.2288432315420579,-2.9761294385765495,-1.2288432315420579,2.9761294385765495,1.2288432315420579,2.9761294385765495,1.2288432315420579,168,10,6,162,0.9642857142857143,0.03571428571428571,78.53981633974483,7.0,2.139042435155073,1.4285714285714286,1.4285714285714286,0.07639437268410976,2.0626480624709633,0.33300760889907977,0.21122003141813972,0.12178757748094005,1,1,1,1,1,1,100.0,100.0,0.0,100.0,100.0,81,4.0,4.0,0.0,4.0,4.0,81,1.623162539212786,1.623162539212786,0.3219576179519515,0.8740428447043364,2.5148600462162785,81,1.494216959955267,1.494216959955267,0.40934573893836734,0.75,2.417504306113521,81,0.8036292895023304,0.8122964039050711,0.09957689538991277,0.5512180366000373,1.0,81,1.0521454522367355,1.053047597726763,0.2997950861484031,0.5,1.9470777795643965,81,22.657241062266653,20.532383404197144,8.002464706074672,12.07136727783836,54.31482116430332,81,27.157410582151662,27.15741058215166,3.552713678800501e-15,27.15741058215166,27.15741058215166,81,cases/scenario_05_orthogonal_two_sets.yaml,scenario_05_orthogonal_two_sets,orthogonal,moderate,anisotropic,unknown,1,5
scenario_05_orthogonal_two_sets,44,20,20.5,25.361464896558044,23.132261071951167,27.41083333452614,27.410833334526142,23.657823765050182,29.220842623500424,0.9328256022096313,-1.7036411315078617,-0.030199542831864212,1.0660326253815287,1.8100092889742854,174,100.0,100.0,100.0,98.65345546264332,99.73263770511747,0.5714285714285714,4,100.0,0.2,99.98026467728904,2,3.0,P32_derived_Jv_proxy,100.0,100.0,-1.346544537356678,-0.26736229488253116,-1.346544537356678,-0.26736229488253116,1.346544537356678,0.26736229488253116,1.346544537356678,0.26736229488253116,174,4,1,173,0.9942528735632183,0.005747126436781609,78.53981633974483,7.0,2.215436807839183,0.5714285714285714,0.5714285714285714,0.012732395447351627,2.2027044123918316,0.38898600455062715,0.3705459545528268,0.018440049997800356,1,1,1,1,1,1,100.0,100.0,0.0,100.0,100.0,81,4.0,4.0,0.0,4.0,4.0,81,1.614087311046444,1.614087311046444,0.28553032386987426,0.7899889492855697,2.4942113469180867,81,1.4721253558290872,1.4721253558290872,0.3528577638523816,0.75,2.3749041950509366,81,0.7963433355952534,0.792399507706913,0.09464515220703215,0.5310851053093565,0.9832069555538783,81,0.9496117296180606,0.943707473018034,0.283591865374451,0.5,1.6093918813096557,81,25.361464896558044,23.132261071951167,8.937595947840139,10.56220139028124,50.777659989674625,81,27.41083333452614,27.410833334526142,3.552713678800501e-15,27.410833334526142,27.410833334526142,81,cases/scenario_05_orthogonal_two_sets.yaml,scenario_05_orthogonal_two_sets,orthogonal,moderate,anisotropic,unknown,1,5
scenario_05_orthogonal_two_sets,44,30,30.5,23.4877192455239,20.3941006340565,26.68667542605734,26.686675426057338,21.259812018956683,25.647864448986148,0.9051458677925149,-2.227907226567215,-0.04328142690243575,0.9610737957993494,-1.0388109770711935,175,100.0,100.0,100.0,99.00049671131288,99.59895655767619,0.8571428571428571,6,100.0,0.3,99.95588995549635,3,3.0,P32_derived_Jv_proxy,100.0,100.0,-0.9995032886871229,-0.40104344232381095,-0.9995032886871229,-0.40104344232381095,0.9995032886871229,0.40104344232381095,0.9995032886871229,0.40104344232381095,175,6,4,171,0.9771428571428571,0.022857142857142857,78.53981633974483,7.0,2.2281692032865346,0.8571428571428571,0.8571428571428571,0.05092958178940651,2.177239621497128,0.36787847096469706,0.07247513300961239,0.29540333795508467,1,1,1,1,1,1,100.0,100.0,0.0,100.0,100.0,81,4.0,4.0,0.0,4.0,4.0,81,1.5920489125947792,1.5920489125947792,0.30786604335738815,0.7481264003834505,2.3295585498937603,81,1.491426795561311,1.491426795561311,0.3695342277335724,0.75,2.2417783130704994,81,0.7812238383453431,0.7788268000785074,0.09346162346482771,0.5342370727038999,1.0,81,0.9848479673114322,0.9792017256840395,0.2960902175930554,0.5,1.714353518314174,81,23.4877192455239,20.3941006340565,8.630395297443687,11.564275002201462,45.014194864451255,81,26.68667542605734,26.686675426057338,3.552713678800501e-15,26.686675426057338,26.686675426057338,81,cases/scenario_05_orthogonal_two_sets.yaml,scenario_05_orthogonal_two_sets,orthogonal,moderate,anisotropic,unknown,1,5
scenario_05_orthogonal_two_sets,45,10,10.5,23.072865578847054,19.672675286661136,26.4139190872036,26.413919087203595,23.3192231935947,28.060962032189536,1.0106773739874557,0.2463576147476445,0.004612543268423197,1.062355114345143,1.6470429449859374,170,100.0,100.0,100.0,99.53329603782686,98.58766739494399,1.5714285714285714,11,100.0,0.1,99.99503320866597,1,3.0,P32_derived_Jv_proxy,100.0,100.0,-0.4667039621731419,-1.412332605056008,-0.4667039621731419,-1.412332605056008,0.4667039621731419,1.412332605056008,0.4667039621731419,1.412332605056008,170,11,4,166,0.9764705882352941,0.023529411764705882,78.53981633974483,7.0,2.1645072260497766,1.5714285714285714,1.5714285714285714,0.05092958178940651,2.11357764426037,0.3457710265257008,0.23328046849930284,0.11249055802639796,1,1,1,1,1,1,100.0,100.0,0.0,100.0,100.0,81,4.0,4.0,0.0,4.0,4.0,81,1.6030174287161538,1.6030174287161538,0.3081387054104543,0.669279958315857,2.380443502344943,81,1.5172089982405776,1.5172089982405776,0.4217903642588809,0.75,2.748452263486513,81,0.7878509828911117,0.7999873356414235,0.0998739407777145,0.5590883966836794,0.9693777709148167,81,1.0088277539539994,1.0461571489595884,0.29838944737964346,0.5,1.7140001082115817,81,23.072865578847054,19.672675286661136,9.344222455746905,10.506861971693565,49.47936464679036,81,26.4139190872036,26.413919087203595,3.552713678800501e-15,26.413919087203595,26.413919087203595,81,cases/scenario_05_orthogonal_two_sets.yaml,scenario_05_orthogonal_two_sets,orthogonal,moderate,anisotropic,unknown,1,5
scenario_05_orthogonal_two_sets,45,20,20.5,23.717737482015878,21.300666397184475,26.68809586394394,26.688095863943932,24.431248431401837,27.225027444966393,1.0300834322804604,0.7135109493859595,0.012872402095047253,1.020118766949869,0.5369315810224542,199,100.0,100.0,100.0,99.64294887089531,99.18216958457558,1.0,7,100.0,0.4,99.92210167184162,4,3.0,P32_derived_Jv_proxy,100.0,100.0,-0.35705112910468984,-0.8178304154244245,-0.35705112910468984,-0.8178304154244245,0.35705112910468984,0.8178304154244245,0.35705112910468984,0.8178304154244245,199,7,6,193,0.9698492462311558,0.03015075376884422,78.53981633974483,7.0,2.5337466940229736,1.0,1.0,0.07639437268410976,2.457352321338864,0.36376539600048097,0.15526829638401607,0.2084970996164649,1,1,1,1,1,1,100.0,100.0,0.0,100.0,100.0,81,4.0,4.0,0.0,4.0,4.0,81,1.5831475113236502,1.5831475113236502,0.2870763598081514,0.7444651678186781,2.3194424260841715,81,1.4830090533571085,1.4830090533571085,0.39701477019062353,0.75,2.509980873169478,81,0.8060333339035968,0.794065659519944,0.10791027317708209,0.5085294499498666,1.0,81,0.9988744901786574,1.0171616778561827,0.2875360634309954,0.5,1.7299572534595633,81,23.717737482015878,21.300666397184475,8.736521890808444,10.727237937020178,52.46980222695136,81,26.68809586394394,26.688095863943932,7.105427357601002e-15,26.688095863943932,26.688095863943932,81,cases/scenario_05_orthogonal_two_sets.yaml,scenario_05_orthogonal_two_sets,orthogonal,moderate,anisotropic,unknown,1,5
scenario_05_orthogonal_two_sets,45,30,30.5,24.542391420492784,22.05861537404321,27.694012451300914,27.694012451300914,21.47639973069966,26.662686219067343,0.8750736373948859,-3.0659916897931225,-0.05795539958494156,0.962759956360707,-1.031326232233571,184,100.0,100.0,100.0,95.0323942418362,97.6145117347801,2.142857142857143,15,100.0,0.2,99.98026467728904,2,3.0,P32_derived_Jv_proxy,100.0,100.0,-4.967605758163799,-2.385488265219905,-4.967605758163799,-2.385488265219905,4.967605758163799,2.385488265219905,4.967605758163799,2.385488265219905,184,15,4,180,0.9782608695652174,0.021739130434782608,78.53981633974483,7.0,2.3427607623126994,2.142857142857143,2.142857142857143,0.05092958178940651,2.291831180523293,0.3631375220694014,0.21673005068178897,0.14640747138761245,1,1,1,1,1,1,100.0,100.0,0.0,100.0,100.0,81,4.0,4.0,0.0,4.0,4.0,81,1.5925015127012718,1.5925015127012718,0.31604655711070356,0.6378423316123241,2.4424406723866965,81,1.437586477854769,1.437586477854769,0.400417671885522,0.75,2.504622192720007,81,0.8048600204661626,0.8033934027965469,0.08985548222420017,0.5124127807171411,1.0,81,0.9883837094778509,0.9962071229495126,0.2692187643307613,0.5,1.6941483218907574,81,24.542391420492784,22.05861537404321,8.26495338456885,10.906265672512761,48.863613796623746,81,27.694012451300914,27.694012451300914,0.0,27.694012451300914,27.694012451300914,81,cases/scenario_05_orthogonal_two_sets.yaml,scenario_05_orthogonal_two_sets,orthogonal,moderate,anisotropic,unknown,1,5
scenario_05_orthogonal_two_sets,46,10,10.5,23.723701528164582,20.64805734897806,27.095798765025954,27.095798765025947,23.42105520875222,22.848897363409666,0.9872428710564807,-0.30264631941236075,-0.005575993648152089,0.8432634727455239,-4.246901401616288,204,100.0,100.0,100.0,94.28765049980959,96.40805847502953,2.7142857142857144,19,100.0,0.0,100.0,0,3.0,P32_derived_Jv_proxy,100.0,100.0,-5.712349500190413,-3.5919415249704656,-5.712349500190413,-3.5919415249704656,5.712349500190413,3.5919415249704656,5.712349500190413,3.5919415249704656,204,19,11,193,0.946078431372549,0.05392156862745098,78.53981633974483,7.0,2.597408671259732,2.7142857142857144,2.7142857142857144,0.1400563499208679,2.457352321338864,0.3672819297482143,0.16463345032560006,0.2026484794226142,1,1,1,1,1,1,100.0,100.0,0.0,100.0,100.0,81,4.0,4.0,0.0,4.0,4.0,81,1.5948536947064464,1.5948536947064464,0.3413798955965053,0.8069011642218072,2.3462417902771096,81,1.471495367729307,1.471495367729307,0.3896185457354302,0.75,2.580600581255328,81,0.7867676957034144,0.788206767846497,0.08645378565696583,0.5845768051651647,1.0,81,0.9995526442477375,1.050942094212838,0.3042872018407805,0.5,1.6369099858959053,81,23.723701528164582,20.64805734897806,8.679622192540124,13.288020744474778,46.05993060619011,81,27.095798765025954,27.095798765025947,7.105427357601002e-15,27.095798765025947,27.095798765025947,81,cases/scenario_05_orthogonal_two_sets.yaml,scenario_05_orthogonal_two_sets,orthogonal,moderate,anisotropic,unknown,1,5
scenario_05_orthogonal_two_sets,46,20,20.5,22.764379301831642,21.19916161789709,27.138980725303718,27.138980725303714,22.384564782258085,27.19756551799701,0.9833154019032271,-0.37981451957355716,-0.007307158326739449,1.0021586953941373,0.05858479269329209,171,100.0,100.0,100.0,98.72961118088132,98.95464614197192,1.2857142857142858,9,100.0,0.0,100.0,0,3.0,P32_derived_Jv_proxy,100.0,100.0,-1.2703888191186792,-1.0453538580280792,-1.2703888191186792,-1.0453538580280792,1.2703888191186792,1.0453538580280792,1.2703888191186792,1.0453538580280792,171,9,3,168,0.9824561403508771,0.017543859649122806,78.53981633974483,7.0,2.177239621497128,1.2857142857142858,1.2857142857142858,0.03819718634205488,2.139042435155073,0.3845540309007863,0.26380252776808677,0.12075150313269956,1,1,1,1,1,1,100.0,100.0,0.0,100.0,100.0,81,4.0,4.0,0.0,4.0,4.0,81,1.6139090387772705,1.6139090387772705,0.2985230499269927,0.8554159964185782,2.6482993525696576,81,1.4867074919955467,1.4867074919955467,0.3972353525960914,0.75,2.389475441173492,81,0.7855642330645826,0.7877996558127088,0.09730138903653719,0.5609094553723607,0.9957413612135109,81,1.0082620757526024,0.9768911057570042,0.2607522873320484,0.5,1.5971452265315143,81,22.764379301831642,21.19916161789709,7.271941127875084,11.387184880327831,44.45502616412331,81,27.138980725303718,27.138980725303714,3.552713678800501e-15,27.138980725303714,27.138980725303714,81,cases/scenario_05_orthogonal_two_sets.yaml,scenario_05_orthogonal_two_sets,orthogonal,moderate,anisotropic,unknown,1,5
scenario_05_orthogonal_two_sets,46,30,30.5,22.973882404351322,21.206331486769283,26.677632884919294,26.677632884919294,18.285312434188018,23.262488728594644,0.7959173862022,-4.688569970163304,-0.09913200836597391,0.8719847382615715,-3.4151441563246507,208,100.0,100.0,100.0,96.91813776106666,97.07937061217558,2.4285714285714284,17,100.0,0.2,99.98026467728904,2,3.0,P32_derived_Jv_proxy,100.0,100.0,-3.08186223893334,-2.9206293878244196,-3.08186223893334,-2.9206293878244196,3.08186223893334,2.9206293878244196,3.08186223893334,2.9206293878244196,208,17,4,204,0.9807692307692307,0.019230769230769232,78.53981633974483,7.0,2.6483382530491384,2.4285714285714284,2.4285714285714284,0.05092958178940651,2.597408671259732,0.40067463000547776,0.19342195847986332,0.20725267152561444,0,1,1,1,1,1,100.0,100.0,0.0,100.0,100.0,81,4.0,4.0,0.0,4.0,4.0,81,1.592965690220832,1.592965690220832,0.33871880331641563,0.652945017453604,2.587567669616087,81,1.4927914492006202,1.4927914492006202,0.401952511623313,0.75,2.705200141630987,81,0.7871252123839014,0.7799559434371687,0.09082855542130557,0.6009053885843837,1.0,81,0.9969094746511691,1.0205001050756453,0.27717376462469245,0.5,1.7460309036122992,81,22.973882404351322,21.206331486769283,7.7587040493315556,12.45306157975638,47.27375294849924,81,26.677632884919294,26.677632884919294,0.0,26.677632884919294,26.677632884919294,81,cases/scenario_05_orthogonal_two_sets.yaml,scenario_05_orthogonal_two_sets,orthogonal,moderate,anisotropic,unknown,1,5
scenario_05_orthogonal_two_sets,47,10,10.5,22.441175820211267,21.369518594953572,26.26468969100478,26.26468969100479,22.7256366414224,27.834535104122374,1.0126758429901404,0.2844608212111339,0.005470450167795793,1.0597701869539027,1.5698454131175943,174,100.0,100.0,100.0,95.74142701170717,97.03704189279642,2.4285714285714284,17,100.0,0.3,99.95588995549635,3,3.0,P32_derived_Jv_proxy,100.0,100.0,-4.258572988292826,-2.962958107203576,-4.258572988292826,-2.962958107203576,4.258572988292826,2.962958107203576,4.258572988292826,2.962958107203576,174,17,6,168,0.9655172413793104,0.034482758620689655,78.53981633974483,7.0,2.215436807839183,2.4285714285714284,2.4285714285714284,0.07639437268410976,2.139042435155073,0.41841329327890997,0.22954292939181065,0.18887036388709932,1,1,1,1,1,1,100.0,100.0,0.0,100.0,100.0,81,4.0,4.0,0.0,4.0,4.0,81,1.5882820318868813,1.5882820318868813,0.2982496269853979,0.6336362816403872,2.3092530894301673,81,1.5118035379177173,1.5118035379177173,0.38459960570512614,0.75,2.596259495100367,81,0.7963026066472056,0.8003798368111937,0.10217619894389435,0.5284124169482818,1.0,81,1.0241773174042865,0.9903799864140268,0.30719625652588406,0.5,2.0124024961922897,81,22.441175820211267,21.369518594953572,7.857077277574042,9.335969363629655,44.410868778686776,81,26.26468969100478,26.26468969100479,1.0658141036401503e-14,26.26468969100479,26.26468969100479,81,cases/scenario_05_orthogonal_two_sets.yaml,scenario_05_orthogonal_two_sets,orthogonal,moderate,anisotropic,unknown,1,5
scenario_05_orthogonal_two_sets,47,20,20.5,23.92230779657312,22.46685520330054,26.809005908177106,26.809005908177102,21.787672163973532,24.01261059854016,0.9107679889937135,-2.1346356325995863,-0.040592242053051786,0.8956919432516516,-2.796395309636946,188,100.0,100.0,100.0,91.98914145358648,96.6700552567335,2.5714285714285716,18,100.0,0.2,99.98026467728904,2,3.0,P32_derived_Jv_proxy,100.0,100.0,-8.010858546413516,-3.329944743266495,-8.010858546413516,-3.329944743266495,8.010858546413516,3.329944743266495,8.010858546413516,3.329944743266495,188,18,8,180,0.9574468085106383,0.0425531914893617,78.53981633974483,7.0,2.393690344102106,2.5714285714285716,2.5714285714285716,0.10185916357881301,2.291831180523293,0.4047880992997036,0.1888840854127114,0.2159040138869922,1,1,1,1,1,1,100.0,100.0,0.0,100.0,100.0,81,4.0,4.0,0.0,4.0,4.0,81,1.5977089106900506,1.5977089106900506,0.3182377679813081,0.6482931087328285,2.5084574279023646,81,1.4898994354381565,1.4898994354381565,0.3981770435323463,0.75,2.433323410484234,81,0.7998087194984348,0.7873539374096189,0.09183498687932172,0.6233038930440037,1.0,81,0.9712798626581806,0.9460221466595674,0.26900466756878544,0.5,1.5450643424308745,81,23.92230779657312,22.46685520330054,7.558236148481923,13.962268710646201,46.26373000229988,81,26.809005908177106,26.809005908177102,3.552713678800501e-15,26.809005908177102,26.809005908177102,81,cases/scenario_05_orthogonal_two_sets.yaml,scenario_05_orthogonal_two_sets,orthogonal,moderate,anisotropic,unknown,1,5
scenario_05_orthogonal_two_sets,47,30,30.5,20.987513672736593,19.95706434025732,25.569908074095256,25.569908074095256,31.546530995503115,31.95477724486664,1.5031094910724465,10.559017322766522,0.1769906170717026,1.2497024687092975,6.384869170771385,193,100.0,100.0,100.0,94.08365837257296,97.43102236126613,2.2857142857142856,16,100.0,0.1,99.99503320866597,1,3.0,P32_derived_Jv_proxy,100.0,100.0,-5.916341627427045,-2.5689776387338696,-5.916341627427045,-2.5689776387338696,5.916341627427045,2.5689776387338696,5.916341627427045,2.5689776387338696,193,16,4,189,0.9792746113989638,0.02072538860103627,78.53981633974483,7.0,2.457352321338864,2.2857142857142856,2.2857142857142856,0.05092958178940651,2.4064227395494573,0.34711829183283727,0.20582673457998324,0.14129155725285403,0,0,1,1,1,1,100.0,100.0,0.0,100.0,100.0,81,4.0,4.0,0.0,4.0,4.0,81,1.5709875859088336,1.5709875859088336,0.28625132812654275,0.7481472200849711,2.3196778428711866,81,1.5359730482375034,1.5359730482375034,0.38115846438247414,0.75,2.63634780800719,81,0.8031184375808672,0.7998805389268386,0.10126150194952209,0.580690467511096,1.0,81,1.0485718077097428,1.0126227840019357,0.27534264577569273,0.5,1.9047147491509895,81,20.987513672736593,19.95706434025732,6.14960969365682,8.863009459266527,43.62817551748102,81,25.569908074095256,25.569908074095256,0.0,25.569908074095256,25.569908074095256,81,cases/scenario_05_orthogonal_two_sets.yaml,scenario_05_orthogonal_two_sets,orthogonal,moderate,anisotropic,unknown,1,5
scenario_05_orthogonal_two_sets,48,10,10.5,22.506098195083638,20.949204642995625,26.069002297076594,26.069002297076594,27.909591634093317,31.011296004486493,1.2400901920969158,5.403493439009679,0.09345327266670878,1.189585073148892,4.942293707409899,176,100.0,100.0,100.0,98.10940522507461,98.49382509978159,1.5714285714285714,11,100.0,0.3,99.95588995549635,3,3.0,P32_derived_Jv_proxy,100.0,100.0,-1.8905947749253897,-1.5061749002184115,-1.8905947749253897,-1.5061749002184115,1.8905947749253897,1.5061749002184115,1.8905947749253897,1.5061749002184115,176,11,5,171,0.9715909090909091,0.028409090909090908,78.53981633974483,7.0,2.2409015987338865,1.5714285714285714,1.5714285714285714,0.06366197723675814,2.177239621497128,0.367145583418388,0.12667155855205658,0.2404740248663314,1,1,1,1,1,1,100.0,100.0,0.0,100.0,100.0,81,4.0,4.0,0.0,4.0,4.0,81,1.6253388440337992,1.6253388440337992,0.28763759188400834,0.5200774791726548,2.5640917175033224,81,1.5586891526493771,1.5586891526493771,0.3611969759389596,0.75,2.7160243047684527,81,0.7941326784074938,0.7963085659560045,0.0977978283033276,0.5581680807162404,1.0,81,0.9995762199698129,0.9836454802723567,0.2817437735375838,0.5,1.8301604874627946,81,22.506098195083638,20.949204642995625,7.4306467379525625,9.483526152042668,47.954427960897036,81,26.069002297076594,26.069002297076594,0.0,26.069002297076594,26.069002297076594,81,cases/scenario_05_orthogonal_two_sets.yaml,scenario_05_orthogonal_two_sets,orthogonal,moderate,anisotropic,unknown,1,5
scenario_05_orthogonal_two_sets,48,20,20.5,23.260879934988377,21.485825698316916,27.303611074355693,27.30361107435569,23.8459154358625,30.55975961319214,1.0251510477036654,0.5850355008741239,0.010787859880762918,1.1192570656668455,3.2561485388364453,213,100.0,100.0,100.0,98.89011191255551,98.90483791589921,1.1428571428571428,8,100.0,0.3,99.95588995549635,3,3.0,P32_derived_Jv_proxy,100.0,100.0,-1.1098880874444887,-1.0951620841007923,-1.1098880874444887,-1.0951620841007923,1.1098880874444887,1.0951620841007923,1.1098880874444887,1.0951620841007923,213,8,3,210,0.9859154929577465,0.014084507042253521,78.53981633974483,7.0,2.7120002302858963,1.1428571428571428,1.1428571428571428,0.03819718634205488,2.673803043943842,0.3852697178091694,0.24406837972887185,0.14120133808029756,1,1,1,1,1,1,100.0,100.0,0.0,100.0,100.0,81,4.0,4.0,0.0,4.0,4.0,81,1.5991415780035714,1.5991415780035714,0.27848454814682216,0.9655111579675393,2.43371632115102,81,1.4642216863262545,1.4642216863262545,0.3738172607960938,0.75,2.3761416599954552,81,0.7839107927325466,0.7879261738196859,0.08118216919385843,0.5955220424578389,0.9839552226616961,81,1.001824807369888,1.0029159345282757,0.2808950461244752,0.5,1.816875972485724,81,23.260879934988377,21.485825698316916,7.684122982813689,10.895910729828117,45.57683191919275,81,27.303611074355693,27.30361107435569,3.552713678800501e-15,27.30361107435569,27.30361107435569,81,cases/scenario_05_orthogonal_two_sets.yaml,scenario_05_orthogonal_two_sets,orthogonal,moderate,anisotropic,unknown,1,5
scenario_05_orthogonal_two_sets,48,30,30.5,23.717139931030147,21.962517431979474,26.749892475396646,26.749892475396642,23.418895941454974,26.780596148648453,0.9874249597361877,-0.2982439895751732,-0.005495899054211106,1.0011478054829583,0.030703673251807118,193,99.61889716473695,99.61889716473695,99.61889716473695,95.83223469807146,97.1615381838336,2.142857142857143,15,99.61889716473695,0.5,99.87908957257498,5,3.0,P32_derived_Jv_proxy,100.0,99.61889716473695,-3.78666246666549,-2.4573589809033507,-4.16776530192854,-2.838461816166401,3.78666246666549,2.4573589809033507,4.16776530192854,2.838461816166401,193,15,6,187,0.9689119170984456,0.031088082901554404,78.53981633974483,7.0,2.457352321338864,2.142857142857143,2.142857142857143,0.07639437268410976,2.3809579486547543,0.3145382828188701,0.14685879959116843,0.16767948322770165,1,1,1,1,1,1,99.61889716473695,99.61889716473695,0.0,99.61889716473695,99.61889716473695,81,4.0,4.0,0.0,4.0,4.0,81,1.5938106576593487,1.5938106576593487,0.2839417587469489,0.8097786410213202,2.3453368947288253,81,1.483871945947646,1.483871945947646,0.38954160480315553,0.75,2.458016803392133,81,0.7958521585622667,0.7943142592727024,0.09559250837228793,0.5553196047192309,1.0,81,0.9938847066644849,0.9755349909444945,0.3044861987352099,0.5,1.9222586318853279,81,23.717139931030147,21.962517431979474,8.664463838972267,11.68517607376589,50.44702351077197,81,26.749892475396646,26.749892475396642,3.552713678800501e-15,26.749892475396642,26.749892475396642,81,cases/scenario_05_orthogonal_two_sets.yaml,scenario_05_orthogonal_two_sets,orthogonal,moderate,anisotropic,unknown,1,5
scenario_05_orthogonal_two_sets,49,10,10.5,24.16338226884968,23.20439598917684,27.441792482255007,27.441792482255007,18.66653316616422,23.911912763761627,0.7725132582216462,-5.496849102685459,-0.1120940582810046,0.8713684712550777,-3.5298797184933797,185,100.0,100.0,100.0,95.96147309410925,98.2758544981323,1.4285714285714286,10,100.0,0.2,99.98026467728904,2,3.0,P32_derived_Jv_proxy,100.0,100.0,-4.038526905890748,-1.7241455018676959,-4.038526905890748,-1.7241455018676959,4.038526905890748,1.7241455018676959,4.038526905890748,1.7241455018676959,185,10,8,177,0.9567567567567568,0.043243243243243246,78.53981633974483,7.0,2.355493157760051,1.4285714285714286,1.4285714285714286,0.10185916357881301,2.253633994181238,0.34050409277150573,0.2742613019429305,0.0662427908285752,0,1,1,1,1,1,100.0,100.0,0.0,100.0,100.0,81,4.0,4.0,0.0,4.0,4.0,81,1.6029073849120938,1.6029073849120938,0.2860730279431625,0.8811420562606226,2.307025524479546,81,1.4602794131875676,1.4602794131875676,0.381276457485681,0.75,2.4677298917209316,81,0.7871066944420383,0.7804891431614985,0.10574155176250453,0.5632639206363447,1.0,81,0.9711280524572913,0.9867848738962166,0.26748405481762655,0.5,1.6750439296218238,81,24.16338226884968,23.20439598917684,8.271339664806,10.9514233771747,54.883584964510014,81,27.441792482255007,27.441792482255007,0.0,27.441792482255007,27.441792482255007,81,cases/scenario_05_orthogonal_two_sets.yaml,scenario_05_orthogonal_two_sets,orthogonal,moderate,anisotropic,unknown,1,5
scenario_05_orthogonal_two_sets,49,20,20.5,21.2920921779838,19.928999985561074,26.193140444835343,26.193140444835343,15.950927379143375,20.587589944444144,0.7491479581154906,-5.341164798840426,-0.12543239986099364,0.7859916602136007,-5.6055505003912,194,100.0,100.0,100.0,98.0781409423624,98.49382509978159,1.5714285714285714,11,100.0,0.2,99.98026467728904,2,3.0,P32_derived_Jv_proxy,100.0,100.0,-1.9218590576376045,-1.5061749002184115,-1.9218590576376045,-1.5061749002184115,1.9218590576376045,1.5061749002184115,1.9218590576376045,1.5061749002184115,194,11,2,192,0.9896907216494846,0.010309278350515464,78.53981633974483,7.0,2.4700847167862157,1.5714285714285714,1.5714285714285714,0.025464790894703253,2.4446199258915122,0.368093288913951,0.30617821376714605,0.06191507514680494,0,1,1,0,1,1,100.0,100.0,0.0,100.0,100.0,81,4.0,4.0,0.0,4.0,4.0,81,1.5686163077409434,1.5686163077409434,0.31686258083500435,0.8121833392292876,2.469133265006989,81,1.4971632659365182,1.4971632659365182,0.37494084962357244,0.75,2.5358308725147602,81,0.801240386671217,0.8086293975141062,0.10292465344608133,0.5652240870869816,0.9953055193204609,81,1.0550374972351741,1.0592527335998057,0.2621287633456737,0.5,1.6292694046524878,81,21.2920921779838,19.928999985561074,6.401021909347167,10.266199063288086,38.55040218776464,81,26.193140444835343,26.193140444835343,0.0,26.193140444835343,26.193140444835343,81,cases/scenario_05_orthogonal_two_sets.yaml,scenario_05_orthogonal_two_sets,orthogonal,moderate,anisotropic,unknown,1,5
scenario_05_orthogonal_two_sets,49,30,30.5,23.18971380227132,21.49580241780719,26.226077918888077,26.226077918888073,21.102689188337333,23.3777108753539,0.9100021400984443,-2.0870246139339876,-0.04095758632522273,0.8913918027566455,-2.8483670435341786,176,100.0,100.0,100.0,97.4524844122685,98.68150969010637,1.5714285714285714,11,100.0,0.3,99.95588995549635,3,3.0,P32_derived_Jv_proxy,100.0,100.0,-2.547515587731496,-1.3184903098936331,-2.547515587731496,-1.3184903098936331,2.547515587731496,1.3184903098936331,2.547515587731496,1.3184903098936331,176,11,3,173,0.9829545454545454,0.017045454545454544,78.53981633974483,7.0,2.2409015987338865,1.5714285714285714,1.5714285714285714,0.03819718634205488,2.2027044123918316,0.3906487580584518,0.22661700142437946,0.16403175663407232,1,1,1,1,1,1,100.0,100.0,0.0,100.0,100.0,81,4.0,4.0,0.0,4.0,4.0,81,1.593048365201404,1.593048365201404,0.31953381884072607,0.6442929539277797,2.290142262610976,81,1.5185728210374982,1.5185728210374982,0.3778962420526309,0.75,2.5213954517635195,81,0.7977486196662066,0.8050997860252979,0.0924371357796984,0.5737982282643138,1.0,81,0.9932331570952084,0.9763592126091798,0.2869769722860283,0.5,1.6130131684613174,81,23.18971380227132,21.49580241780719,8.303710846259746,9.9433551598353,48.93121286820653,81,26.226077918888077,26.226077918888073,3.552713678800501e-15,26.226077918888073,26.226077918888073,81,cases/scenario_05_orthogonal_two_sets.yaml,scenario_05_orthogonal_two_sets,orthogonal,moderate,anisotropic,unknown,1,5
scenario_05_orthogonal_two_sets,50,10,10.5,22.267364706938793,20.924965339263288,25.943353539807756,25.943353539807756,23.50604264543345,31.239123883878413,1.0556275048617976,1.2386779384946571,0.02351069743858014,1.204128210947932,5.295770344070657,203,100.0,100.0,100.0,94.99079910077651,98.4938250997816,1.5714285714285714,11,100.0,0.4,99.92210167184162,4,3.0,P32_derived_Jv_proxy,100.0,100.0,-5.009200899223487,-1.5061749002183973,-5.009200899223487,-1.5061749002183973,5.009200899223487,1.5061749002183973,5.009200899223487,1.5061749002183973,203,11,3,200,0.9852216748768473,0.014778325123152709,78.53981633974483,7.0,2.58467627581238,1.5714285714285714,1.5714285714285714,0.03819718634205488,2.5464790894703255,0.34202237105161815,0.18373948527751238,0.15828288577410576,1,1,1,1,1,1,100.0,100.0,0.0,100.0,100.0,81,4.0,4.0,0.0,4.0,4.0,81,1.5572122150010173,1.5572122150010173,0.29157457832339,0.7380439847882525,2.2440147133081596,81,1.5005887853045041,1.5005887853045041,0.36873778121930256,0.75,2.75249719511013,81,0.8012737427693075,0.8024635074640515,0.09078087181613989,0.6077581184293633,1.0,81,1.0182479670090923,1.0152385544736318,0.2752523232554317,0.5,1.591477833481668,81,22.267364706938793,20.924965339263288,7.669933343549061,10.335241924622869,45.04595452585526,81,25.943353539807756,25.943353539807756,0.0,25.943353539807756,25.943353539807756,81,cases/scenario_05_orthogonal_two_sets.yaml,scenario_05_orthogonal_two_sets,orthogonal,moderate,anisotropic,unknown,1,5
scenario_05_orthogonal_two_sets,50,20,20.5,23.695339411306332,21.34489982509427,26.154246731122946,26.15424673112295,26.385878552249256,26.997042931125424,1.1135471872438816,2.6905391409429242,0.046708625254585856,1.0322240670383969,0.8427962000024785,191,100.0,100.0,100.0,99.15704173230816,98.67731447329557,1.4285714285714286,10,100.0,0.1,99.99503320866597,1,3.0,P32_derived_Jv_proxy,100.0,100.0,-0.8429582676918415,-1.3226855267044328,-0.8429582676918415,-1.3226855267044328,0.8429582676918415,1.3226855267044328,0.8429582676918415,1.3226855267044328,191,10,3,188,0.9842931937172775,0.015706806282722512,78.53981633974483,7.0,2.4318875304441607,1.4285714285714286,1.4285714285714286,0.03819718634205488,2.393690344102106,0.301754101800764,0.10667270533396367,0.19508139646680034,1,1,1,1,1,1,100.0,100.0,0.0,100.0,100.0,81,4.0,4.0,0.0,4.0,4.0,81,1.593767055739119,1.593767055739119,0.32186776927461,0.7687667910649724,2.5292958145037607,81,1.5234304701295154,1.5234304701295154,0.37787020568087853,0.75,2.526052712735727,81,0.7994913444304069,0.7999326833004284,0.09544963912186753,0.5057842443200987,1.0,81,0.9555357449217797,0.9779056086506612,0.2480471593299317,0.5,1.5139782620778282,81,23.695339411306332,21.34489982509427,7.8602786413892645,9.309510928638748,46.69045874236801,81,26.154246731122946,26.15424673112295,3.552713678800501e-15,26.15424673112295,26.15424673112295,81,cases/scenario_05_orthogonal_two_sets.yaml,scenario_05_orthogonal_two_sets,orthogonal,moderate,anisotropic,unknown,1,5
scenario_05_orthogonal_two_sets,50,30,30.5,23.854527176903606,23.190197067262375,26.66457691834006,26.66457691834006,23.769035310809645,27.599881048024066,0.9964161156723016,-0.08549186609396031,-0.001559256957537114,1.0350766536648364,0.9353041296840061,183,100.0,100.0,100.0,95.60340774576267,96.19193139856006,2.2857142857142856,16,100.0,0.2,99.98026467728904,2,3.0,P32_derived_Jv_proxy,100.0,100.0,-4.3965922542373335,-3.808068601439942,-4.3965922542373335,-3.808068601439942,4.3965922542373335,3.808068601439942,4.3965922542373335,3.808068601439942,183,16,8,175,0.9562841530054644,0.04371584699453552,78.53981633974483,7.0,2.330028366865348,2.2857142857142856,2.2857142857142856,0.10185916357881301,2.2281692032865346,0.3496986030215806,0.2723640040511397,0.07733459897044093,1,1,1,1,1,1,100.0,100.0,0.0,100.0,100.0,81,4.0,4.0,0.0,4.0,4.0,81,1.6136214230412331,1.6136214230412331,0.3130458684654903,0.8736832063459116,2.476516019656895,81,1.5128886424702415,1.5128886424702415,0.38541072441912316,0.75,2.6331940940298657,81,0.8088118795477663,0.8138605172177267,0.09584849353255269,0.5848971614287447,1.0,81,0.9675824403387312,0.9327893628628112,0.24378250646221436,0.5,1.4894734810451185,81,23.854527176903606,23.190197067262375,6.936065663373504,11.593602972494892,43.402492724304196,81,26.66457691834006,26.66457691834006,0.0,26.66457691834006,26.66457691834006,81,cases/scenario_05_orthogonal_two_sets.yaml,scenario_05_orthogonal_two_sets,orthogonal,moderate,anisotropic,unknown,1,5
scenario_05_orthogonal_two_sets,51,10,10.5,21.18989408856048,19.854551884959278,25.935364634011787,25.935364634011787,21.637372542768983,27.53657549937737,1.0211175408587851,0.44747845420850396,0.009075736610147711,1.061738513722909,1.6012108653655837,194,100.0,100.0,100.0,99.01985461078787,99.02148671569253,1.1428571428571428,8,100.0,0.0,100.0,0,3.0,P32_derived_Jv_proxy,100.0,100.0,-0.9801453892121259,-0.9785132843074678,-0.9801453892121259,-0.9785132843074678,0.9801453892121259,0.9785132843074678,0.9801453892121259,0.9785132843074678,194,8,4,190,0.979381443298969,0.020618556701030927,78.53981633974483,7.0,2.4700847167862157,1.1428571428571428,1.1428571428571428,0.05092958178940651,2.4191551349968092,0.3649743413390134,0.23370062463358177,0.13127371670543164,1,1,1,1,1,1,100.0,100.0,0.0,100.0,100.0,81,4.0,4.0,0.0,4.0,4.0,81,1.6120044553976802,1.6120044553976802,0.29896452995438744,0.8261912096141066,2.3863938730961305,81,1.5538671599045963,1.5538671599045963,0.3805898797578298,0.75,2.399021328597468,81,0.7838654286524246,0.7939540374680594,0.09992869020360821,0.4749622900598166,1.0,81,1.0485297151903896,1.002223744268108,0.3006532459470663,0.5,1.914870104549414,81,21.18989408856048,19.854551884959278,7.322023201421727,10.360669775259112,40.78998482032755,81,25.935364634011787,25.935364634011787,0.0,25.935364634011787,25.935364634011787,81,cases/scenario_05_orthogonal_two_sets.yaml,scenario_05_orthogonal_two_sets,orthogonal,moderate,anisotropic,unknown,1,5
scenario_05_orthogonal_two_sets,51,20,20.5,20.768155385335582,19.158364127915384,25.896876466742604,25.8968764667426,28.880739797227644,28.393274983614397,1.3906261418681587,8.112584411892062,0.14321038926818908,1.0963976686562076,2.4963985168717926,174,100.0,100.0,100.0,98.41612116203352,98.3942007586012,1.1428571428571428,8,100.0,0.2,99.98026467728904,2,3.0,P32_derived_Jv_proxy,100.0,100.0,-1.5838788379664805,-1.605799241398799,-1.5838788379664805,-1.605799241398799,1.5838788379664805,1.605799241398799,1.5838788379664805,1.605799241398799,174,8,6,168,0.9655172413793104,0.034482758620689655,78.53981633974483,7.0,2.215436807839183,1.1428571428571428,1.1428571428571428,0.07639437268410976,2.139042435155073,0.37378680261229336,0.3070056116043194,0.06678119100797397,0,1,1,1,1,1,100.0,100.0,0.0,100.0,100.0,81,4.0,4.0,0.0,4.0,4.0,81,1.5484237068993092,1.5484237068993092,0.2981423456481039,0.9219792255315793,2.302865445368882,81,1.4947977499215326,1.4947977499215326,0.36337466497947213,0.75,2.3822670046509193,81,0.8052804417016167,0.8132156741767894,0.10295180223691232,0.56329971100237,1.0,81,1.089130975749321,1.1130928122059145,0.28622072293879447,0.5,1.7619723911493748,81,20.768155385335582,19.158364127915384,7.1942685834973625,10.516032531306733,49.382266485501304,81,25.896876466742604,25.8968764667426,3.552713678800501e-15,25.8968764667426,25.8968764667426,81,cases/scenario_05_orthogonal_two_sets.yaml,scenario_05_orthogonal_two_sets,orthogonal,moderate,anisotropic,unknown,1,5
scenario_05_orthogonal_two_sets,51,30,30.5,23.848045481960018,22.49867979220405,26.470902307337017,26.47090230733702,29.4562645173364,24.878236138123786,1.2351647240701025,5.608219035376383,0.09172487985009203,0.9398333252594949,-1.5926661692132313,199,100.0,100.0,100.0,96.0403623998768,97.43102236126613,2.2857142857142856,16,100.0,0.0,100.0,0,3.0,P32_derived_Jv_proxy,100.0,100.0,-3.9596376001232017,-2.5689776387338696,-3.9596376001232017,-2.5689776387338696,3.9596376001232017,2.5689776387338696,3.9596376001232017,2.5689776387338696,199,16,10,189,0.949748743718593,0.05025125628140704,78.53981633974483,7.0,2.5337466940229736,2.2857142857142856,2.2857142857142856,0.12732395447351627,2.4064227395494573,0.3631909509786182,0.24831307782273193,0.11487787315588627,1,1,1,1,1,1,100.0,100.0,0.0,100.0,100.0,81,4.0,4.0,0.0,4.0,4.0,81,1.6092527501754135,1.6092527501754135,0.3013214816453705,0.6794181323095567,2.5714727962072477,81,1.5198317868913105,1.5198317868913105,0.369145981156593,0.75,2.4253911711025924,81,0.7987216233867049,0.7980046999951199,0.0977254949045771,0.5775189737373762,1.0,81,0.9760805416804138,0.9275340439524289,0.29537839699062507,0.5,1.732389882030218,81,23.848045481960018,22.49867979220405,8.2931917932184,11.27161907975839,52.93737694352997,81,26.470902307337017,26.47090230733702,3.552713678800501e-15,26.47090230733702,26.47090230733702,81,cases/scenario_05_orthogonal_two_sets.yaml,scenario_05_orthogonal_two_sets,orthogonal,moderate,anisotropic,unknown,1,5
scenario_05_orthogonal_two_sets,52,10,10.5,22.273282363747786,20.780594783306963,26.49230021888337,26.49230021888337,23.047140192673233,23.731374192709215,1.0347437713170191,0.773857828925447,0.0148328208270474,0.895783831401465,-2.760926026174154,186,100.0,100.0,100.0,95.51867564862174,98.77115676845794,1.4285714285714286,10,100.0,0.3,99.95588995549635,3,3.0,P32_derived_Jv_proxy,100.0,100.0,-4.481324351378262,-1.2288432315420579,-4.481324351378262,-1.2288432315420579,4.481324351378262,1.2288432315420579,4.481324351378262,1.2288432315420579,186,10,7,179,0.9623655913978495,0.03763440860215054,78.53981633974483,7.0,2.368225553207403,1.4285714285714286,1.4285714285714286,0.08912676813146139,2.279098785075941,0.34679464405254,0.12049453616810446,0.22630010788443555,1,1,1,1,1,1,100.0,100.0,0.0,100.0,100.0,81,4.0,4.0,0.0,4.0,4.0,81,1.6135723438935048,1.6135723438935048,0.30497898547025204,0.5891504040196074,2.6695972308731597,81,1.5226804869357582,1.5226804869357582,0.3843602658697171,0.75,2.5245379551361204,81,0.8029661202574983,0.7988655099431926,0.0999414618486419,0.5424772832518779,1.0,81,1.0316767392158908,1.034691004443133,0.2762663158812229,0.5,1.8412721425068197,81,22.273282363747786,20.780594783306963,7.030989636023439,11.13325102805008,42.31846016171657,81,26.49230021888337,26.49230021888337,0.0,26.49230021888337,26.49230021888337,81,cases/scenario_05_orthogonal_two_sets.yaml,scenario_05_orthogonal_two_sets,orthogonal,moderate,anisotropic,unknown,1,5
scenario_05_orthogonal_two_sets,52,20,20.5,23.467363271842792,20.74742157148388,26.47102132997521,26.471021329975216,20.229883091819573,27.855844101722507,0.8620432921022834,-3.237480180023219,-0.06447092321355341,1.0523146709937918,1.3848227717472987,212,100.0,100.0,100.0,92.26064416962323,96.26689782089473,2.857142857142857,20,100.0,0.5,99.87908957257498,5,3.0,P32_derived_Jv_proxy,100.0,100.0,-7.739355830376766,-3.7331021791052734,-7.739355830376766,-3.7331021791052734,7.739355830376766,3.7331021791052734,7.739355830376766,3.7331021791052734,212,20,7,205,0.9669811320754716,0.0330188679245283,78.53981633974483,7.0,2.699267834838545,2.857142857142857,2.857142857142857,0.08912676813146139,2.6101410667070835,0.34700069106716136,0.15031417895829424,0.19668651210886712,1,1,1,1,1,1,100.0,100.0,0.0,100.0,100.0,81,4.0,4.0,0.0,4.0,4.0,81,1.585929583844361,1.585929583844361,0.3007763040471365,0.6765975112966469,2.2991719690760615,81,1.4977978787396546,1.4977978787396546,0.39259358591038795,0.75,2.556469314873883,81,0.7810743103232906,0.7887518242440279,0.11013369955489766,0.5091893079140576,1.0,81,0.9839018720155006,0.9925951799673405,0.29353034361696767,0.5,1.6423598413405756,81,23.467363271842792,20.74742157148388,9.538291442841997,11.488771997601575,52.38858274727118,81,26.47102132997521,26.471021329975216,7.105427357601002e-15,26.471021329975216,26.471021329975216,81,cases/scenario_05_orthogonal_two_sets.yaml,scenario_05_orthogonal_two_sets,orthogonal,moderate,anisotropic,unknown,1,5
scenario_05_orthogonal_two_sets,52,30,30.5,24.34415751505721,22.385269535371556,25.87532148527077,25.875321485270764,31.95023295059769,31.794558175200148,1.3124394603031966,7.6060754355404825,0.11807927957312336,1.2287599283857724,5.919236689929377,189,100.0,100.0,100.0,95.85140864802202,96.38539803490286,2.7142857142857144,19,100.0,0.3,99.95588995549635,3,3.0,P32_derived_Jv_proxy,100.0,100.0,-4.148591351977984,-3.614601965097137,-4.148591351977984,-3.614601965097137,4.148591351977984,3.614601965097137,4.148591351977984,3.614601965097137,189,19,9,180,0.9523809523809523,0.047619047619047616,78.53981633974483,7.0,2.4064227395494573,2.7142857142857144,2.7142857142857144,0.11459155902616464,2.291831180523293,0.3360393835633251,0.30368214820337003,0.03235723535995505,0,1,1,1,1,1,100.0,100.0,0.0,100.0,100.0,81,4.0,4.0,0.0,4.0,4.0,81,1.586270021963389,1.586270021963389,0.306835085714888,0.6776684537162354,2.430287588117944,81,1.5326089985648637,1.5326089985648637,0.37926725080243584,0.75,2.4378330288214762,81,0.7999759789944247,0.8158555489654203,0.1003283673933865,0.534267415660564,1.0,81,0.9325187714664647,0.9361089669648482,0.2643714053272736,0.5,1.4945150714961841,81,24.34415751505721,22.385269535371556,8.578154229610844,12.902266601431338,49.29115346145933,81,25.87532148527077,25.875321485270764,7.105427357601002e-15,25.875321485270764,25.875321485270764,81,cases/scenario_05_orthogonal_two_sets.yaml,scenario_05_orthogonal_two_sets,orthogonal,moderate,anisotropic,unknown,1,5
scenario_05_orthogonal_two_sets,53,10,10.5,20.941862980299266,18.33807423951357,25.91258588613345,25.912585886133442,23.123656087624397,23.80013368048477,1.1041833340891218,2.181793107325131,0.043041187861398544,0.9184777538246728,-2.1124522056486796,211,100.0,100.0,100.0,99.44866490353425,98.49382509978159,1.5714285714285714,11,100.0,0.3,99.95588995549635,3,3.0,P32_derived_Jv_proxy,100.0,100.0,-0.5513350964657491,-1.5061749002184115,-0.5513350964657491,-1.5061749002184115,0.5513350964657491,1.5061749002184115,0.5513350964657491,1.5061749002184115,211,11,5,206,0.976303317535545,0.023696682464454975,78.53981633974483,7.0,2.6865354393911933,1.5714285714285714,1.5714285714285714,0.06366197723675814,2.622873462154435,0.37987557815703143,0.15420661611318953,0.2256689620438419,1,1,1,1,1,1,100.0,100.0,0.0,100.0,100.0,81,4.0,4.0,0.0,4.0,4.0,81,1.5733920752240487,1.5733920752240487,0.3004342596133359,0.6975337915940654,2.273485594191599,81,1.517980569498098,1.517980569498098,0.380660450876192,0.75,2.76426779890276,81,0.7815469191546549,0.7704193526014428,0.09602806482868793,0.577922385128754,1.0,81,1.0500208240749493,1.091025868931795,0.26337482813577845,0.5,1.6262270746414123,81,20.941862980299266,18.33807423951357,7.737885875693261,12.02351392213421,51.825171772266884,81,25.91258588613345,25.912585886133442,7.105427357601002e-15,25.912585886133442,25.912585886133442,81,cases/scenario_05_orthogonal_two_sets.yaml,scenario_05_orthogonal_two_sets,orthogonal,moderate,anisotropic,unknown,1,5
scenario_05_orthogonal_two_sets,53,20,20.5,24.10917573795766,21.884969128851118,26.042671989305425,26.042671989305422,23.196482956768897,26.23215718789916,0.9621433436336103,-0.9126927811887633,-0.01676022036187841,1.007275950742364,0.18948519859373292,196,100.0,100.0,100.0,95.3780668375904,96.85354463024748,2.4285714285714284,17,100.0,0.0,100.0,0,3.0,P32_derived_Jv_proxy,100.0,100.0,-4.621933162409604,-3.146455369752516,-4.621933162409604,-3.146455369752516,4.621933162409604,3.146455369752516,4.621933162409604,3.146455369752516,196,17,7,189,0.9642857142857143,0.03571428571428571,78.53981633974483,7.0,2.4955495076809187,2.4285714285714284,2.4285714285714284,0.08912676813146139,2.4064227395494573,0.4080681751155113,0.3832928446081738,0.02477533050733749,1,1,1,1,1,1,100.0,100.0,0.0,100.0,100.0,81,4.0,4.0,0.0,4.0,4.0,81,1.6100259345177972,1.6100259345177972,0.3267616392747064,0.8592438061688955,2.6133236469269394,81,1.545565231535155,1.545565231535155,0.3955560339770792,0.75,2.646531325003319,81,0.7885809337883731,0.7842033611490626,0.10554323536285222,0.48466954656430067,1.0,81,0.9653463163362846,0.9575334951927542,0.3235661024319136,0.5,1.7677804597321345,81,24.10917573795766,21.884969128851118,9.560521734247754,9.452517300684418,47.7902690958556,81,26.042671989305425,26.042671989305422,3.552713678800501e-15,26.042671989305422,26.042671989305422,81,cases/scenario_05_orthogonal_two_sets.yaml,scenario_05_orthogonal_two_sets,orthogonal,moderate,anisotropic,unknown,1,5
scenario_05_orthogonal_two_sets,53,30,30.5,21.635985227324486,20.681326131943035,25.247746555570384,25.247746555570384,17.532110079788122,23.280816914394144,0.8103217808471461,-4.103875147536364,-0.09134248742313944,0.9220948437181504,-1.9669296411762396,176,100.0,100.0,100.0,97.17191600936079,98.83799734217858,1.2857142857142858,9,100.0,0.4,99.92210167184162,4,3.0,P32_derived_Jv_proxy,100.0,100.0,-2.8280839906392146,-1.162002657821418,-2.8280839906392146,-1.162002657821418,2.8280839906392146,1.162002657821418,2.8280839906392146,1.162002657821418,176,9,2,174,0.9886363636363636,0.011363636363636364,78.53981633974483,7.0,2.2409015987338865,1.2857142857142858,1.2857142857142858,0.025464790894703253,2.215436807839183,0.39698740985889513,0.21338930632680464,0.1835981035320905,1,1,1,1,1,1,100.0,100.0,0.0,100.0,100.0,81,4.0,4.0,0.0,4.0,4.0,81,1.556909350790336,1.556909350790336,0.30604571419485205,0.7686392787805206,2.4065958643278447,81,1.541631990169472,1.541631990169472,0.3786920922316286,0.75,2.4881071314174865,81,0.7918693297694279,0.7969357561123706,0.10118138027772673,0.5096404005600609,0.9698551146602745,81,1.0155449253031117,0.9585013099142662,0.30263822975242777,0.5,1.6167859127721582,81,21.635985227324486,20.681326131943035,7.451507220101106,10.761348931094153,44.67143691664995,81,25.247746555570384,25.247746555570384,0.0,25.247746555570384,25.247746555570384,81,cases/scenario_05_orthogonal_two_sets.yaml,scenario_05_orthogonal_two_sets,orthogonal,moderate,anisotropic,unknown,1,5
scenario_05_orthogonal_two_sets,54,10,10.5,23.516201483290637,22.38121552407756,27.706681596695354,27.706681596695354,23.19030186568663,28.230263389578855,0.9861414855696158,-0.325899617604005,-0.0060607706632871405,1.0188973115043105,0.5235817928835012,197,100.0,100.0,100.0,98.22210399437434,98.83799734217858,1.2857142857142858,9,100.0,0.2,99.98026467728904,2,3.0,P32_derived_Jv_proxy,100.0,100.0,-1.7778960056256636,-1.162002657821418,-1.7778960056256636,-1.162002657821418,1.7778960056256636,1.162002657821418,1.7778960056256636,1.162002657821418,197,9,3,194,0.9847715736040609,0.015228426395939087,78.53981633974483,7.0,2.5082819031282706,1.2857142857142858,1.2857142857142858,0.03819718634205488,2.4700847167862157,0.3683116575879326,0.2672183416739661,0.10109331591396653,1,1,1,1,1,1,100.0,100.0,0.0,100.0,100.0,81,4.0,4.0,0.0,4.0,4.0,81,1.657234167426108,1.657234167426108,0.3012267835662006,0.8127405467636218,2.5895582623470728,81,1.4953380122791127,1.4953380122791127,0.409278563653042,0.75,2.614807483129845,81,0.8078119727822491,0.8089250558464265,0.09648407754777928,0.5335741910550436,1.0,81,1.0288467230446088,1.0323607100823244,0.2723958964152607,0.5,1.712812935228443,81,23.516201483290637,22.38121552407756,7.764737983074546,11.965345031124134,52.46624319273519,81,27.706681596695354,27.706681596695354,0.0,27.706681596695354,27.706681596695354,81,cases/scenario_05_orthogonal_two_sets.yaml,scenario_05_orthogonal_two_sets,orthogonal,moderate,anisotropic,unknown,1,5
scenario_05_orthogonal_two_sets,54,20,20.5,22.002203580741973,20.144783591218957,27.27635984760517,27.276359847605175,26.062678643882816,30.53032056919818,1.184548563430932,4.060475063140842,0.0735528703755719,1.1192960035640058,3.2539607215930104,228,100.0,100.0,100.0,96.82284198146644,98.23601564585344,1.7142857142857142,12,100.0,0.4,99.92210167184162,4,3.0,P32_derived_Jv_proxy,100.0,100.0,-3.177158018533561,-1.763984354146558,-3.177158018533561,-1.763984354146558,3.177158018533561,1.763984354146558,3.177158018533561,1.763984354146558,228,12,5,223,0.9780701754385965,0.021929824561403508,78.53981633974483,7.0,2.902986161996171,1.7142857142857142,1.7142857142857142,0.06366197723675814,2.8393241847594126,0.38519333981501735,0.06364528309732831,0.32154805671768905,1,1,1,1,1,1,100.0,100.0,0.0,100.0,100.0,81,4.0,4.0,0.0,4.0,4.0,81,1.6288222830033698,1.6288222830033698,0.3020241076519356,0.8836838064054137,2.3647324639758436,81,1.4928882483803811,1.4928882483803811,0.4171639413840051,0.75,2.678960225664977,81,0.7855038277716311,0.7832084502946978,0.09248378655519528,0.5734072022454373,0.9844770300577768,81,1.0479640595703046,1.0616906362666911,0.27001707968438077,0.5,1.8396691409692576,81,22.002203580741973,20.144783591218957,6.953169218845308,12.224264385416681,43.70838627945089,81,27.27635984760517,27.276359847605175,3.552713678800501e-15,27.276359847605175,27.276359847605175,81,cases/scenario_05_orthogonal_two_sets.yaml,scenario_05_orthogonal_two_sets,orthogonal,moderate,anisotropic,unknown,1,5
scenario_05_orthogonal_two_sets,54,30,30.5,23.968110155423847,21.565945076700043,26.84218191311302,26.842181913113013,30.722095602490946,29.46090485281804,1.2817904875799608,6.753985447067098,0.10781704427499306,1.0975599877901772,2.6187229397050196,196,100.0,100.0,100.0,99.39853439039759,98.77115676845794,1.4285714285714286,10,100.0,0.1,99.99503320866597,1,3.0,P32_derived_Jv_proxy,100.0,100.0,-0.601465609602414,-1.2288432315420579,-0.601465609602414,-1.2288432315420579,0.601465609602414,1.2288432315420579,0.601465609602414,1.2288432315420579,196,10,3,193,0.9846938775510204,0.015306122448979591,78.53981633974483,7.0,2.4955495076809187,1.4285714285714286,1.4285714285714286,0.03819718634205488,2.457352321338864,0.37420697922438284,0.2656090380202396,0.10859794120414323,0,1,1,1,1,1,100.0,100.0,0.0,100.0,100.0,81,4.0,4.0,0.0,4.0,4.0,81,1.5761350540975858,1.5761350540975858,0.3090308053890953,0.8639047188543331,2.4903872312843,81,1.467964731033665,1.467964731033665,0.37500196310434414,0.75,2.420459927101994,81,0.7993164253925964,0.7990642605031754,0.10487203939701423,0.5067266883373909,1.0,81,0.9869707952797963,0.9633611234529782,0.3056210202370006,0.5,1.8362575040963869,81,23.968110155423847,21.565945076700043,8.43627535174563,10.851007481997726,50.11204968223927,81,26.84218191311302,26.842181913113013,7.105427357601002e-15,26.842181913113013,26.842181913113013,81,cases/scenario_05_orthogonal_two_sets.yaml,scenario_05_orthogonal_two_sets,orthogonal,moderate,anisotropic,unknown,1,5
scenario_05_orthogonal_two_sets,55,10,10.5,22.307681190935526,20.534027650851165,27.146807109448112,27.146807109448112,23.26075491813886,26.09146619680096,1.0427240159587097,0.9530737272033356,0.018169376301275353,0.9611246763425134,-1.0553409126471536,193,100.0,100.0,100.0,99.60935323074038,98.72134854238526,1.2857142857142858,9,100.0,0.1,99.99503320866597,1,3.0,P32_derived_Jv_proxy,100.0,100.0,-0.39064676925961805,-1.2786514576147425,-0.39064676925961805,-1.2786514576147425,0.39064676925961805,1.2786514576147425,0.39064676925961805,1.2786514576147425,193,9,3,190,0.9844559585492227,0.015544041450777202,78.53981633974483,7.0,2.457352321338864,1.2857142857142858,1.2857142857142858,0.03819718634205488,2.4191551349968092,0.353567182435254,0.08371353353131972,0.26985364890393426,1,1,1,1,1,1,100.0,100.0,0.0,100.0,100.0,81,4.0,4.0,0.0,4.0,4.0,81,1.6091086587229995,1.6091086587229995,0.3066189046694287,0.8520430875098739,2.2289864311932774,81,1.4818581170849452,1.4818581170849452,0.37254731777367617,0.75,2.667876612960245,81,0.7989508974061292,0.8060861644536488,0.11470062755130633,0.5306346758404765,1.0,81,1.0488390311236087,1.0336423033437352,0.29021690568682945,0.5,1.7958886582742033,81,22.307681190935526,20.534027650851165,7.1694848405166915,10.75063218416173,44.5863605948072,81,27.146807109448112,27.146807109448112,0.0,27.146807109448112,27.146807109448112,81,cases/scenario_05_orthogonal_two_sets.yaml,scenario_05_orthogonal_two_sets,orthogonal,moderate,anisotropic,unknown,1,5
scenario_05_orthogonal_two_sets,55,20,20.5,23.87644222478226,20.779743727109672,26.094651818685442,26.09465181868544,24.35581244015924,27.378498377401826,1.0200771208232784,0.47937021537698143,0.008633006940219179,1.0491996048706451,1.2838465587163839,181,100.0,100.0,100.0,96.93877446725322,97.59918473684273,2.2857142857142856,16,100.0,0.1,99.99503320866597,1,3.0,P32_derived_Jv_proxy,100.0,100.0,-3.061225532746775,-2.40081526315727,-3.061225532746775,-2.40081526315727,3.061225532746775,2.40081526315727,3.061225532746775,2.40081526315727,181,16,6,175,0.9668508287292817,0.03314917127071823,78.53981633974483,7.0,2.3045635759706444,2.2857142857142856,2.2857142857142856,0.07639437268410976,2.2281692032865346,0.3414133177891846,0.16172294252156105,0.17969037526762355,1,1,1,1,1,1,100.0,100.0,0.0,100.0,100.0,81,4.0,4.0,0.0,4.0,4.0,81,1.575150673545316,1.575150673545316,0.32871858982855956,0.5994732418012746,2.460566391387852,81,1.5090742391295364,1.5090742391295364,0.4169867385732139,0.75,2.923981476462277,81,0.8010471372126292,0.7944372582919701,0.08488077615597643,0.5958170217276738,1.0,81,0.9707604475528432,0.9928709735218786,0.29156754547026437,0.5,1.7580939475872595,81,23.87644222478226,20.779743727109672,8.76182284898933,12.813949513651082,52.18930363737088,81,26.094651818685442,26.09465181868544,3.552713678800501e-15,26.09465181868544,26.09465181868544,81,cases/scenario_05_orthogonal_two_sets.yaml,scenario_05_orthogonal_two_sets,orthogonal,moderate,anisotropic,unknown,1,5
scenario_05_orthogonal_two_sets,55,30,30.5,22.69760510279167,21.317060575499042,25.817958326019582,25.817958326019586,28.7871191925349,27.588975812692688,1.2682888376181263,6.089514089743229,0.10321817018517554,1.0685963415197033,1.7710174866731059,177,100.0,100.0,100.0,98.21446538672022,98.4938250997816,1.5714285714285714,11,100.0,0.2,99.98026467728904,2,3.0,P32_derived_Jv_proxy,100.0,100.0,-1.7855346132797791,-1.5061749002183973,-1.7855346132797791,-1.5061749002183973,1.7855346132797791,1.5061749002183973,1.7855346132797791,1.5061749002183973,177,11,1,176,0.9943502824858758,0.005649717514124294,78.53981633974483,7.0,2.253633994181238,1.5714285714285714,1.5714285714285714,0.012732395447351627,2.2409015987338865,0.37616238728611506,0.14156114799468145,0.23460123929143362,0,1,1,1,1,1,100.0,100.0,0.0,100.0,100.0,81,4.0,4.0,0.0,4.0,4.0,81,1.5623643693420706,1.5623643693420706,0.2935613629172695,0.6734191182428229,2.427946751914781,81,1.5128659183785118,1.5128659183785118,0.376995333031431,0.75,2.572752618653904,81,0.8038330925410956,0.8132630357124913,0.09222684588255507,0.5662557170820526,1.0,81,0.983951961308957,0.9627312064317265,0.25845668368527064,0.5,1.705656508152421,81,22.69760510279167,21.317060575499042,7.061163530444872,10.92057159576443,48.88119407428078,81,25.817958326019582,25.817958326019586,3.552713678800501e-15,25.817958326019586,25.817958326019586,81,cases/scenario_05_orthogonal_two_sets.yaml,scenario_05_orthogonal_two_sets,orthogonal,moderate,anisotropic,unknown,1,5
scenario_05_orthogonal_two_sets,56,10,10.5,22.803322463909893,20.956087674247453,26.91727684709656,26.91727684709656,23.42840406987932,30.41696675527862,1.0274118653963134,0.6250816059694273,0.011744577006761459,1.1300164919379485,3.4996899081820594,190,99.76702277960591,99.76702277960591,99.76702277960591,97.30500396179137,98.9201649138366,1.0,7,99.76702277960591,0.6,99.82704055993037,6,3.0,P32_derived_Jv_proxy,100.0,99.76702277960591,-2.4620188178145384,-0.8468578657693087,-2.694996038208629,-1.0798350861633992,2.4620188178145384,0.8468578657693087,2.694996038208629,1.0798350861633992,190,7,4,186,0.9789473684210527,0.021052631578947368,78.53981633974483,7.0,2.4191551349968092,1.0,1.0,0.05092958178940651,2.368225553207403,0.41552504531214374,0.1122780584104559,0.30324698690168783,1,1,1,1,1,1,99.76702277960591,99.76702277960591,0.0,99.76702277960591,99.76702277960591,81,4.0,4.0,0.0,4.0,4.0,81,1.6081139316163737,1.6081139316163737,0.2867912833266328,0.8596498013495572,2.445942752247148,81,1.4900907339097893,1.4900907339097893,0.37220593328651386,0.75,2.420756419015939,81,0.7823589503379773,0.790194484838452,0.09917952678137605,0.518969045191373,0.9820108223489054,81,1.0079947474217688,1.007768193717179,0.27464169171945974,0.5,1.720549897063656,81,22.803322463909893,20.956087674247453,8.135972000799805,11.471891129114903,52.18724815984961,81,26.91727684709656,26.91727684709656,0.0,26.91727684709656,26.91727684709656,81,cases/scenario_05_orthogonal_two_sets.yaml,scenario_05_orthogonal_two_sets,orthogonal,moderate,anisotropic,unknown,1,5
scenario_05_orthogonal_two_sets,56,20,20.5,23.72362882437906,21.613434415543995,27.22835185196019,27.228351851960188,18.006941593987484,23.77068718284412,0.7590298148436319,-5.716687230391575,-0.11974116459495909,0.873012340669193,-3.4576646691160704,177,100.0,100.0,100.0,99.27695545036002,98.93183963734097,1.2857142857142858,9,100.0,0.2,99.98026467728904,2,3.0,P32_derived_Jv_proxy,100.0,100.0,-0.7230445496399796,-1.0681603626590288,-0.7230445496399796,-1.0681603626590288,0.7230445496399796,1.0681603626590288,0.7230445496399796,1.0681603626590288,177,9,4,173,0.9774011299435028,0.022598870056497175,78.53981633974483,7.0,2.253633994181238,1.2857142857142858,1.2857142857142858,0.05092958178940651,2.2027044123918316,0.37691736089265304,0.3018883050139505,0.07502905587870257,0,1,1,1,1,1,100.0,100.0,0.0,100.0,100.0,81,4.0,4.0,0.0,4.0,4.0,81,1.625868479732762,1.625868479732762,0.32213575044727916,0.7751994439209642,2.393415080481496,81,1.4928083864316917,1.4928083864316917,0.3797885089108068,0.75,2.4015679305334965,81,0.7839745673627838,0.7772247290095319,0.10132556908802029,0.534042146369163,1.0,81,0.9845532428375287,0.9704414837310807,0.27252122245815147,0.5,1.6625981315246559,81,23.72362882437906,21.613434415543995,8.659936935891658,11.816894163874032,54.456703703920375,81,27.22835185196019,27.228351851960188,3.552713678800501e-15,27.228351851960188,27.228351851960188,81,cases/scenario_05_orthogonal_two_sets.yaml,scenario_05_orthogonal_two_sets,orthogonal,moderate,anisotropic,unknown,1,5
scenario_05_orthogonal_two_sets,56,30,30.5,22.909554577242755,21.233281671785363,26.38582964781201,26.385829647812013,24.28682043051247,23.86174916717897,1.0601175308156285,1.3772658532697157,0.025354016354501407,0.9043395445842143,-2.524080480633039,224,100.0,100.0,100.0,94.11965727097507,98.40417802143001,1.7142857142857142,12,100.0,0.6,99.82704055993037,6,3.0,P32_derived_Jv_proxy,100.0,100.0,-5.880342729024932,-1.5958219785699868,-5.880342729024932,-1.5958219785699868,5.880342729024932,1.5958219785699868,5.880342729024932,1.5958219785699868,224,12,7,217,0.96875,0.03125,78.53981633974483,7.0,2.8520565802067646,1.7142857142857142,1.7142857142857142,0.08912676813146139,2.762929812075303,0.4069754095809729,0.20133668515983416,0.20563872442113873,1,1,1,1,1,1,100.0,100.0,0.0,100.0,100.0,81,4.0,4.0,0.0,4.0,4.0,81,1.6287882157335574,1.6287882157335574,0.3011591696325066,0.8691229701211681,2.408954854224113,81,1.5432414268131807,1.5432414268131807,0.38936255130846165,0.75,2.467794344677267,81,0.7909837137334307,0.8027262606453777,0.09965502542811723,0.5284697563760429,1.0,81,0.9851134274768893,0.9662617085633743,0.2759374895387308,0.5135505301536576,1.6210734816791847,81,22.909554577242755,21.233281671785363,7.178748455982366,10.905182337177884,43.855151548302544,81,26.38582964781201,26.385829647812013,3.552713678800501e-15,26.385829647812013,26.385829647812013,81,cases/scenario_05_orthogonal_two_sets.yaml,scenario_05_orthogonal_two_sets,orthogonal,moderate,anisotropic,unknown,1,5
scenario_05_orthogonal_two_sets,57,10,10.5,21.291916709561615,19.339025509675963,26.47381031352481,26.473810313524815,20.862329703075208,28.0354529367853,0.9798239391809431,-0.4295870064864076,-0.008851954013003649,1.0589882077708581,1.5616426232604894,199,99.87831494926432,99.87831494926432,99.87831494926432,99.0406055053974,99.02148671569255,1.1428571428571428,8,99.87831494926432,0.5,99.87908957257498,5,3.0,P32_derived_Jv_proxy,100.0,99.87831494926432,-0.8377094438669275,-0.8568282335717754,-0.9593944946026056,-0.9785132843074535,0.8377094438669275,0.8568282335717754,0.9593944946026056,0.9785132843074535,199,8,3,196,0.9849246231155779,0.01507537688442211,78.53981633974483,7.0,2.5337466940229736,1.1428571428571428,1.1428571428571428,0.03819718634205488,2.4955495076809187,0.35410400058379765,0.1633715357861496,0.19073246479764805,1,1,1,1,1,1,99.87831494926432,99.87831494926432,0.0,99.87831494926432,99.87831494926432,81,4.0,4.0,0.0,4.0,4.0,81,1.6340869681139587,1.6340869681139587,0.2742108823740507,0.9605958237309254,2.263419341332899,81,1.5412387839425832,1.5412387839425832,0.3877227720782486,0.75,2.424434054308773,81,0.7675328810866332,0.7781820495681833,0.10397211786747748,0.4939238133708671,0.9771729962436889,81,1.0279861806934314,0.9710968011849007,0.2769149055711802,0.5,1.7197434001525769,81,21.291916709561615,19.339025509675963,6.75499514234282,9.505816276102518,50.089089542161936,81,26.47381031352481,26.473810313524815,3.552713678800501e-15,26.473810313524815,26.473810313524815,81,cases/scenario_05_orthogonal_two_sets.yaml,scenario_05_orthogonal_two_sets,orthogonal,moderate,anisotropic,unknown,1,5
scenario_05_orthogonal_two_sets,57,20,20.5,22.0446004377097,19.60949114186884,26.906076598148562,26.906076598148573,22.79401857081322,25.376908160427526,1.0339955416847364,0.7494181331035179,0.014518666199034191,0.9431664281433637,-1.5291684377210366,194,99.99999999999997,99.99999999999997,99.99999999999997,99.19649400126639,98.44401687370892,1.4285714285714286,10,99.99999999999997,0.3,99.95588995549635,3,3.0,P32_derived_Jv_proxy,100.0,99.99999999999997,-0.8035059987335842,-1.5559831262910535,-0.8035059987336126,-1.555983126291082,0.8035059987335842,1.5559831262910535,0.8035059987336126,1.555983126291082,194,10,2,192,0.9896907216494846,0.010309278350515464,78.53981633974483,7.0,2.4700847167862157,1.4285714285714286,1.4285714285714286,0.025464790894703253,2.4446199258915122,0.38562046262017424,0.1952490087809704,0.19037145383920384,1,1,1,1,1,1,99.99999999999997,99.99999999999997,0.0,99.99999999999997,99.99999999999997,81,4.0,4.0,0.0,4.0,4.0,81,1.6343411690616838,1.6343411690616838,0.28387808633141365,0.9313801309040217,2.4589306110292393,81,1.5185613955084625,1.5185613955084625,0.38486878247399836,0.75,2.7555745513602505,81,0.8056996426005038,0.8041431732607716,0.0931551154289102,0.5145380159768163,1.0,81,1.0840527989705073,1.0751959818866281,0.3102090218596026,0.5,1.8316133841926443,81,22.0446004377097,19.60949114186884,8.4333551867623,9.286924789320105,50.39776637935449,81,26.906076598148562,26.906076598148573,1.0658141036401503e-14,26.906076598148573,26.906076598148573,81,cases/scenario_05_orthogonal_two_sets.yaml,scenario_05_orthogonal_two_sets,orthogonal,moderate,anisotropic,unknown,1,5
scenario_05_orthogonal_two_sets,57,30,30.5,22.71226087117794,20.344056222067625,26.035970088532935,26.035970088532935,21.893301619110446,26.098592705149404,0.9639419758027366,-0.8189592520674935,-0.01594910753608425,1.002405234619779,0.06262261661646917,189,100.0,100.0,100.0,98.77546704907013,98.58766739494399,1.5714285714285714,11,100.0,0.0,100.0,0,3.0,P32_derived_Jv_proxy,100.0,100.0,-1.22453295092987,-1.412332605056008,-1.22453295092987,-1.412332605056008,1.22453295092987,1.412332605056008,1.22453295092987,1.412332605056008,189,11,4,185,0.9788359788359788,0.021164021164021163,78.53981633974483,7.0,2.4064227395494573,1.5714285714285714,1.5714285714285714,0.05092958178940651,2.355493157760051,0.3666844284357669,0.2796133000599188,0.08707112837584807,1,1,1,1,1,1,100.0,100.0,0.0,100.0,100.0,81,4.0,4.0,0.0,4.0,4.0,81,1.5876196036529338,1.5876196036529338,0.29078020913166425,0.8643018113265266,2.4408642736139075,81,1.524448290436633,1.524448290436633,0.4027314079066487,0.75,2.656362291256177,81,0.8133236905771883,0.8219256217903097,0.09648548043687577,0.514780940865292,1.0,81,1.0096679254734195,1.0157515080738397,0.26678014344698847,0.5,1.7454823329804523,81,22.71226087117794,20.344056222067625,7.389233482218342,11.020512074099308,42.89610238172032,81,26.035970088532935,26.035970088532935,0.0,26.035970088532935,26.035970088532935,81,cases/scenario_05_orthogonal_two_sets.yaml,scenario_05_orthogonal_two_sets,orthogonal,moderate,anisotropic,unknown,1,5
scenario_05_orthogonal_two_sets,58,10,10.5,23.680464178743925,22.212173528265787,26.94342989984693,26.943429899846933,28.28156099877284,28.62307597028532,1.1942992664881524,4.601096820028914,0.07711316556990311,1.0623397272241102,1.679646070438391,194,100.0,100.0,100.0,96.33340522999404,97.84951468407732,2.0,14,100.0,0.5,99.87908957257498,5,3.0,P32_derived_Jv_proxy,100.0,100.0,-3.6665947700059576,-2.1504853159226798,-3.6665947700059576,-2.1504853159226798,3.6665947700059576,2.1504853159226798,3.6665947700059576,2.1504853159226798,194,14,8,186,0.9587628865979382,0.041237113402061855,78.53981633974483,7.0,2.4700847167862157,2.0,2.0,0.10185916357881301,2.368225553207403,0.3618319825471116,0.16648794961536884,0.19534403293174274,1,1,1,1,1,1,100.0,100.0,0.0,100.0,100.0,81,4.0,4.0,0.0,4.0,4.0,81,1.6192764993918662,1.6192764993918662,0.2801700632512923,0.9784911600491749,2.4846585242467443,81,1.5024780673906197,1.5024780673906197,0.36761621339482303,0.75,2.3460356198693777,81,0.7945642768717542,0.7908608889832331,0.10042331260478594,0.565290153295367,1.0,81,0.9864336966394676,0.9952123648700024,0.2767350535634709,0.5,1.5851328271450498,81,23.680464178743925,22.212173528265787,8.0338846004209,11.480182349180922,48.667314488827394,81,26.94342989984693,26.943429899846933,3.552713678800501e-15,26.943429899846933,26.943429899846933,81,cases/scenario_05_orthogonal_two_sets.yaml,scenario_05_orthogonal_two_sets,orthogonal,moderate,anisotropic,unknown,1,5
scenario_05_orthogonal_two_sets,58,20,20.5,23.524386311631325,21.636520491336604,25.990882110464778,25.99088211046478,18.517910501586012,25.120081998841236,0.7871793234593361,-5.006475810045313,-0.10392632187530149,0.9664959385401957,-0.8708001116235415,198,100.0,100.0,100.0,99.64933120776219,99.23197781064826,1.1428571428571428,8,100.0,0.0,100.0,0,3.0,P32_derived_Jv_proxy,100.0,100.0,-0.350668792237812,-0.7680221893517398,-0.350668792237812,-0.7680221893517398,0.350668792237812,0.7680221893517398,0.350668792237812,0.7680221893517398,198,8,3,195,0.9848484848484849,0.015151515151515152,78.53981633974483,7.0,2.521014298575622,1.1428571428571428,1.1428571428571428,0.03819718634205488,2.482817112233567,0.32790222032945526,0.17991927027319643,0.14798295005625883,0,1,1,1,1,1,100.0,100.0,0.0,100.0,100.0,81,4.0,4.0,0.0,4.0,4.0,81,1.5625756841904797,1.5625756841904797,0.30558031324058216,0.801868731347858,2.446984187276678,81,1.5030037048659226,1.5030037048659226,0.4267946479851521,0.75,2.674991132735717,81,0.8139883949857611,0.8200378291660119,0.09967076970262026,0.4418658359336589,1.0,81,0.9742854931556376,0.9741720709796667,0.2638048489653771,0.5,1.6886986498735663,81,23.524386311631325,21.636520491336604,7.562340879369077,10.419867737375467,43.37198328527608,81,25.990882110464778,25.99088211046478,3.552713678800501e-15,25.99088211046478,25.99088211046478,81,cases/scenario_05_orthogonal_two_sets.yaml,scenario_05_orthogonal_two_sets,orthogonal,moderate,anisotropic,unknown,1,5
scenario_05_orthogonal_two_sets,58,30,30.5,23.513775594847996,22.17208024384719,27.66153437457996,27.661534374579965,22.434118807727323,27.988980432885977,0.9540840737054056,-1.0796567871206726,-0.02041335366326802,1.0118375956254593,0.32744605830601614,168,100.0,100.0,100.0,95.20733619200776,98.05252627233946,1.8571428571428572,13,100.0,0.1,99.99503320866597,1,3.0,P32_derived_Jv_proxy,100.0,100.0,-4.792663807992241,-1.9474737276605367,-4.792663807992241,-1.9474737276605367,4.792663807992241,1.9474737276605367,4.792663807992241,1.9474737276605367,168,13,6,162,0.9642857142857143,0.03571428571428571,78.53981633974483,7.0,2.139042435155073,1.8571428571428572,1.8571428571428572,0.07639437268410976,2.0626480624709633,0.37199983489291,0.2360027221692902,0.1359971127236198,1,1,1,1,1,1,100.0,100.0,0.0,100.0,100.0,81,4.0,4.0,0.0,4.0,4.0,81,1.6040663906799582,1.6040663906799582,0.3187163290289655,0.7934589356074141,2.4310212646502682,81,1.449726512779821,1.449726512779821,0.3910580620134909,0.75,2.6689679371925257,81,0.7824229526264782,0.7733088624105505,0.0864842389868813,0.6256124130614316,0.9971396888583199,81,1.005426175052472,0.9797078229311897,0.3067216535272064,0.5,1.8057045676403,81,23.513775594847996,22.17208024384719,7.326842030881061,12.219638733390774,44.34196274653886,81,27.66153437457996,27.661534374579965,3.552713678800501e-15,27.661534374579965,27.661534374579965,81,cases/scenario_05_orthogonal_two_sets.yaml,scenario_05_orthogonal_two_sets,orthogonal,moderate,anisotropic,unknown,1,5
scenario_05_orthogonal_two_sets,59,10,10.5,24.96122365592672,22.318076974154316,26.917094507390196,26.9170945073902,24.816511023199666,32.48286741801934,0.9942025024605438,-0.14471263272705315,-0.0025251480533488024,1.2067746542666793,5.565772910629143,205,99.52331992457107,99.52331992457107,99.52331992457107,98.10015293873107,99.66579713139683,0.7142857142857143,5,99.52331992457107,0.5,99.87908957257498,5,3.0,P32_derived_Jv_proxy,100.0,99.52331992457107,-1.4231669858399982,0.1424772068257596,-1.8998470612689289,-0.33420286860317105,1.4231669858399982,0.1424772068257596,1.8998470612689289,0.33420286860317105,205,5,1,204,0.9951219512195122,0.004878048780487805,78.53981633974483,7.0,2.6101410667070835,0.7142857142857143,0.7142857142857143,0.012732395447351627,2.597408671259732,0.3527600258538418,0.3283992605435063,0.024360765310335486,1,1,1,1,1,1,99.52331992457107,99.52331992457107,0.0,99.52331992457107,99.52331992457107,81,4.0,4.0,0.0,4.0,4.0,81,1.5974320446142023,1.5974320446142023,0.29391796508809886,0.8063871694232891,2.295869169437314,81,1.4765871218961975,1.4765871218961975,0.3992854279331202,0.75,2.6552418679822014,81,0.8130405187327883,0.8123228055296912,0.09551365385189381,0.6032056496829452,1.0,81,0.9821721963761928,0.9944736755353183,0.319658413380919,0.5,1.7409281234417469,81,24.96122365592672,22.318076974154316,9.241132412236727,11.402301173541442,50.70810612976204,81,26.917094507390196,26.9170945073902,3.552713678800501e-15,26.9170945073902,26.9170945073902,81,cases/scenario_05_orthogonal_two_sets.yaml,scenario_05_orthogonal_two_sets,orthogonal,moderate,anisotropic,unknown,1,5
scenario_05_orthogonal_two_sets,59,20,20.5,24.063553710293096,21.119530849184795,26.414160764008894,26.414160764008894,24.202625688781207,25.284424040195002,1.0057793616089474,0.13907197848811137,0.0025027197405558255,0.957229883852557,-1.1297367238138918,171,100.0,100.0,100.0,95.78818739477808,97.5148873935997,1.7142857142857142,12,100.0,0.2,99.98026467728904,2,3.0,P32_derived_Jv_proxy,100.0,100.0,-4.2118126052219225,-2.485112606400307,-4.2118126052219225,-2.485112606400307,4.2118126052219225,2.485112606400307,4.2118126052219225,2.485112606400307,171,12,2,169,0.9883040935672515,0.011695906432748537,78.53981633974483,7.0,2.177239621497128,1.7142857142857142,1.7142857142857142,0.025464790894703253,2.151774830602425,0.34763772008166216,0.2737811669254341,0.07385655315622808,1,1,1,1,1,1,100.0,100.0,0.0,100.0,100.0,81,4.0,4.0,0.0,4.0,4.0,81,1.60017721009839,1.60017721009839,0.29516968840942165,0.8095043399003962,2.616966730690711,81,1.5145069574562646,1.5145069574562646,0.3708185858307998,0.75,2.4683707422138776,81,0.8064984090047714,0.8063037614304853,0.09371386562571783,0.550097108216108,1.0,81,0.9662480803455146,0.9807074574874064,0.2731505887278854,0.5,1.6720256894770706,81,24.063553710293096,21.119530849184795,8.10860617021063,12.365180909030386,45.91272964043743,81,26.414160764008894,26.414160764008894,0.0,26.414160764008894,26.414160764008894,81,cases/scenario_05_orthogonal_two_sets.yaml,scenario_05_orthogonal_two_sets,orthogonal,moderate,anisotropic,unknown,1,5
scenario_05_orthogonal_two_sets,59,30,30.5,23.60376921886538,21.003782111187732,25.737816653018776,25.73781665301878,16.47858811501683,23.555665061172338,0.6981337583086633,-7.125181103848551,-0.1560613611445929,0.9152161342484932,-2.182151591846438,196,100.0,100.0,100.0,96.18651740813644,98.73667554032262,1.1428571428571428,8,100.0,0.2,99.98026467728904,2,3.0,P32_derived_Jv_proxy,100.0,100.0,-3.8134825918635613,-1.2633244596773778,-3.8134825918635613,-1.2633244596773778,3.8134825918635613,1.2633244596773778,3.8134825918635613,1.2633244596773778,196,8,2,194,0.9897959183673469,0.01020408163265306,78.53981633974483,7.0,2.4955495076809187,1.1428571428571428,1.1428571428571428,0.025464790894703253,2.4700847167862157,0.32752558723862235,0.19305488911312063,0.13447069812550172,0,1,1,1,1,1,100.0,100.0,0.0,100.0,100.0,81,4.0,4.0,0.0,4.0,4.0,81,1.5795547861872092,1.5795547861872092,0.29222916377072816,0.686607322230707,2.35865423051055,81,1.534274262150694,1.534274262150694,0.39353639894748066,0.75,3.408885996043318,81,0.7993147112641963,0.798097197100222,0.08490787298602626,0.6203742123666379,1.0,81,0.9583635068702538,0.9779088975229352,0.2744538001507033,0.5,1.5517615787428731,81,23.60376921886538,21.003782111187732,8.34794769478428,11.568831368024293,46.77969564898977,81,25.737816653018776,25.73781665301878,3.552713678800501e-15,25.73781665301878,25.73781665301878,81,cases/scenario_05_orthogonal_two_sets.yaml,scenario_05_orthogonal_two_sets,orthogonal,moderate,anisotropic,unknown,1,5
scenario_10_fieldlike,40,10,10.5,13.420617076959978,12.412304654305474,14.852860341442055,14.852860341442053,11.021201681524431,14.24952834674032,0.8212142272090621,-2.399415395435547,-0.08554353525752756,0.9593794070076634,-0.603331994701735,1346,99.69882538541326,99.69882538541326,99.69882538541326,92.7425725224421,96.27607478826381,2.7142857142857144,19,99.69882538541326,0.4,99.92210167184162,4,4.1,P32_derived_Jv_proxy,100.0,99.69882538541326,-6.956252862971155,-3.422750597149445,-7.257427477557897,-3.723925211736187,6.956252862971155,3.422750597149445,7.257427477557897,3.723925211736187,1346,19,0,1346,1.0,0.0,78.53981633974483,7.0,17.13780427213529,2.7142857142857144,2.7142857142857144,0.0,17.13780427213529,0.30485421299177073,0.34980521663128317,-0.04495100363951243,1,1,1,1,1,1,99.69882538541326,99.69882538541326,0.0,99.69882538541326,99.69882538541326,81,4.0,4.0,0.0,4.0,4.0,81,1.1918413297166297,1.1918413297166297,0.20384931769253725,0.5,1.7716029514849139,81,2.0000386775164474,2.0000386775164474,0.5124395970266361,0.75,4.087015663046372,81,0.8035971553723992,0.8076560283621431,0.10066257195430728,0.53260119501172,1.0,81,0.9697544385533005,0.9383394783297043,0.2766163932638677,0.5,1.603020648014794,81,13.420617076959978,12.412304654305474,4.4718201307427154,6.27167995284491,24.511418005887574,81,14.852860341442055,14.852860341442053,1.7763568394002505e-15,14.852860341442053,14.852860341442053,81,cases/scenario_10_fieldlike.yaml,scenario_10_fieldlike,fieldlike,mixed,structured,unknown,1,5
scenario_10_fieldlike,40,20,20.5,11.88067871227856,10.963783848403452,14.9650434554209,14.965043455420904,12.88790698276682,15.273280829097233,1.0847786809896054,1.0072282704882607,0.03534114147546452,1.020597158611302,0.30823737367633264,1292,100.0,100.0,100.0,95.55597827684832,97.96616348387064,2.0,14,100.0,0.2,99.98026467728904,2,4.1,P32_derived_Jv_proxy,100.0,100.0,-4.444021723151678,-2.0338365161293552,-4.444021723151678,-2.0338365161293552,4.444021723151678,2.0338365161293552,4.444021723151678,2.0338365161293552,1292,14,1,1291,0.9992260061919505,0.0007739938080495357,78.53981633974483,7.0,16.450254917978302,2.0,2.0,0.012732395447351627,16.43752252253095,0.3138380097644228,0.29838408771935365,0.015453922045069124,1,1,1,1,1,1,100.0,100.0,0.0,100.0,100.0,81,4.0,4.0,0.0,4.0,4.0,81,1.1989438788402944,1.1989438788402944,0.19944675125497285,0.5428692034591017,1.8532271066225534,81,2.0029074462961076,2.0029074462961076,0.4945644209588745,0.75,4.087015663046372,81,0.799889545963395,0.7990959797484326,0.08922012665462013,0.6362147928205298,1.0,81,1.1014069007716158,1.1163084583400518,0.29939186823266106,0.5,1.831943449738366,81,11.88067871227856,10.963783848403452,4.237497818714835,6.100288872558865,25.381974857762152,81,14.9650434554209,14.965043455420904,3.552713678800501e-15,14.965043455420904,14.965043455420904,81,cases/scenario_10_fieldlike.yaml,scenario_10_fieldlike,fieldlike,mixed,structured,unknown,1,5
scenario_10_fieldlike,40,30,30.5,13.084351484147584,12.384926560815089,14.929752029018244,14.929752029018244,17.822713267164715,14.967989963384905,1.3621395977292354,4.738361783017131,0.13422161816175748,1.0025611901853655,0.03823793436666101,1322,100.0,100.0,100.0,93.762690342846,95.69127150409088,2.857142857142857,20,100.0,0.8,99.69656540975667,8,4.1,P32_derived_Jv_proxy,100.0,100.0,-6.237309657154,-4.308728495909122,-6.237309657154,-4.308728495909122,6.237309657154,4.308728495909122,6.237309657154,4.308728495909122,1322,20,1,1321,0.9992435703479576,0.0007564296520423601,78.53981633974483,7.0,16.83222678139885,2.857142857142857,2.857142857142857,0.012732395447351627,16.8194943859515,0.3129865713868154,0.25268378570998107,0.060302785676834336,0,1,1,1,1,1,100.0,100.0,0.0,100.0,100.0,81,4.0,4.0,0.0,4.0,4.0,81,1.2017887668062892,1.2017887668062892,0.1985156438221164,0.5324693068302782,1.836386526675816,81,2.012405772832713,2.012405772832713,0.49792694282961336,0.75,4.087015663046372,81,0.800257429823972,0.7905785405298176,0.10106852332611733,0.5390120919419402,1.0,81,0.9987436365213074,0.9967042761718597,0.27448000500424025,0.5,1.6629978368886775,81,13.084351484147584,12.384926560815089,4.645204031089332,5.549034489152337,28.996961241080296,81,14.929752029018244,14.929752029018244,0.0,14.929752029018244,14.929752029018244,81,cases/scenario_10_fieldlike.yaml,scenario_10_fieldlike,fieldlike,mixed,structured,unknown,1,5
scenario_10_fieldlike,41,10,10.5,12.745286614980188,11.811808089307013,14.734914141035016,14.734914141035018,13.511326661770639,15.583334882423388,1.0601037913019613,0.7660400467904509,0.025348387701579433,1.0575789402820897,0.848420741388372,1356,100.0,100.0,100.0,90.36694319395068,92.20608903001254,4.285714285714286,30,100.0,0.2,99.98026467728904,2,4.1,P32_derived_Jv_proxy,100.0,100.0,-9.633056806049325,-7.793910969987465,-9.633056806049325,-7.793910969987465,9.633056806049325,7.793910969987465,9.633056806049325,7.793910969987465,1356,30,1,1355,0.9992625368731564,0.0007374631268436578,78.53981633974483,7.0,17.265128226608805,4.285714285714286,4.285714285714286,0.012732395447351627,17.252395831161454,0.3090356397153443,0.2933248610194069,0.0157107786959374,1,1,1,1,1,1,100.0,100.0,0.0,100.0,100.0,81,4.0,4.0,0.0,4.0,4.0,81,1.1945081576417944,1.1945081576417944,0.20137325028804745,0.6124293974248071,1.7859325445882372,81,2.0266629079215814,2.0266629079215814,0.5088899945306167,0.75,3.7517291743607455,81,0.7978581082223815,0.7943015153875855,0.09928950078230864,0.5852307861527136,1.0,81,1.0090870943838894,0.9795592398973204,0.30192537640846345,0.5,1.910320876119753,81,12.745286614980188,11.811808089307013,4.37162749627931,6.653680910557937,29.469828282070036,81,14.734914141035016,14.734914141035018,1.7763568394002505e-15,14.734914141035018,14.734914141035018,81,cases/scenario_10_fieldlike.yaml,scenario_10_fieldlike,fieldlike,mixed,structured,unknown,1,5
scenario_10_fieldlike,41,20,20.5,12.33909890875768,11.7148381180545,14.843744585227196,14.843744585227196,13.080954337494408,14.564635453961728,1.060122334233839,0.7418554287367272,0.025355984148860422,0.981196851666173,-0.2791091312654679,1351,100.0,100.0,100.0,97.5758131294866,97.7083540299425,2.142857142857143,15,100.0,0.6,99.82704055993037,6,4.1,P32_derived_Jv_proxy,100.0,100.0,-2.4241868705133953,-2.291645970057502,-2.4241868705133953,-2.291645970057502,2.4241868705133953,2.291645970057502,2.4241868705133953,2.291645970057502,1351,15,2,1349,0.9985196150999259,0.0014803849000740192,78.53981633974483,7.0,17.201466249372046,2.142857142857143,2.142857142857143,0.025464790894703253,17.176001458477344,0.30872741392071257,0.3163347289460041,-0.00760731502529155,1,1,1,1,1,1,100.0,100.0,0.0,100.0,100.0,81,4.0,4.0,0.0,4.0,4.0,81,1.1893381462311858,1.1893381462311858,0.19890436315409732,0.6024852742051993,1.8669072858887181,81,2.0030965559304357,2.0030965559304357,0.495983052962275,0.75,3.5634016779984807,81,0.8089172847331659,0.8130443701500136,0.09896632926536905,0.5198663106279062,1.0,81,1.0427542653117048,1.0020198540577556,0.25699482971596643,0.5,1.6146966926613922,81,12.33909890875768,11.7148381180545,3.876361235614265,6.139150625703927,25.00890763758652,81,14.843744585227196,14.843744585227196,0.0,14.843744585227196,14.843744585227196,81,cases/scenario_10_fieldlike.yaml,scenario_10_fieldlike,fieldlike,mixed,structured,unknown,1,5
scenario_10_fieldlike,41,30,30.5,13.797885805801402,12.3600060878578,14.986456371388899,14.986456371388899,8.39570642062586,13.47439581113064,0.6084777435319718,-5.4021793851755415,-0.2157553024594292,0.8991048635656805,-1.5120605602582593,1354,99.06493914465851,99.06493914465851,99.06493914465851,96.98106946416935,98.05252627233949,1.8571428571428572,13,99.06493914465851,0.6,99.82704055993037,6,4.1,P32_derived_Jv_proxy,100.0,99.06493914465851,-2.0838696804891583,-1.0124128723190182,-3.0189305358306484,-1.9474737276605083,2.0838696804891583,1.0124128723190182,3.0189305358306484,1.9474737276605083,1354,13,1,1353,0.9992614475627769,0.0007385524372230429,78.53981633974483,7.0,17.239663435714103,1.8571428571428572,1.8571428571428572,0.012732395447351627,17.226931040266752,0.30818706184266975,0.333124968633446,-0.024937906790776232,0,0,1,1,1,1,99.06493914465851,99.06493914465851,0.0,99.06493914465851,99.06493914465851,81,4.0,4.0,0.0,4.0,4.0,81,1.2028037256466877,1.2028037256466877,0.19732169343123687,0.5950601127255475,1.8209375269870067,81,1.9877226966016028,1.9877226966016028,0.5012612657037389,0.75,3.8344796395157106,81,0.801436147906869,0.8010738879103414,0.09968544949654078,0.5777008709041266,1.0,81,0.9647394838910653,0.922854689662873,0.29718692631239385,0.5,1.8443491796109208,81,13.797885805801402,12.3600060878578,5.141726118804036,6.198792098193058,29.671736799049388,81,14.986456371388899,14.986456371388899,0.0,14.986456371388899,14.986456371388899,81,cases/scenario_10_fieldlike.yaml,scenario_10_fieldlike,fieldlike,mixed,structured,unknown,1,5
scenario_10_fieldlike,42,10,10.5,13.56143900647839,12.775060722884307,15.190433575544002,15.190433575544002,12.056636449218804,13.780062396037493,0.8890381355149161,-1.5048025572595858,-0.051079609458952735,0.907153987903469,-1.4103711795065088,1297,100.0,100.0,100.0,91.33203828447071,93.15054550805914,3.857142857142857,27,100.0,0.1,99.99503320866597,1,4.1,P32_derived_Jv_proxy,100.0,100.0,-8.667961715529287,-6.849454491940861,-8.667961715529287,-6.849454491940861,8.667961715529287,6.849454491940861,8.667961715529287,6.849454491940861,1297,27,4,1293,0.9969159599074788,0.0030840400925212026,78.53981633974483,7.0,16.51391689521506,3.857142857142857,3.857142857142857,0.05092958178940651,16.462987313425653,0.3115793482152571,0.28558414032760593,0.025995207887651195,1,1,1,1,1,1,100.0,100.0,0.0,100.0,100.0,81,4.0,4.0,0.0,4.0,4.0,81,1.2006325440111207,1.2006325440111207,0.19912714445238344,0.518498499348403,1.842461704385848,81,1.9759681941272758,1.9759681941272758,0.48644379253863923,0.75,3.609501978783028,81,0.8201517560809011,0.8226067003048976,0.08698822438873212,0.5751736541013271,1.0,81,0.9877160372876669,0.937196033969026,0.2563878424717291,0.5,1.5404515273190675,81,13.56143900647839,12.775060722884307,4.155199768893072,7.595659670918946,26.703728918919722,81,15.190433575544002,15.190433575544002,0.0,15.190433575544002,15.190433575544002,81,cases/scenario_10_fieldlike.yaml,scenario_10_fieldlike,fieldlike,mixed,structured,unknown,1,5
scenario_10_fieldlike,42,20,20.5,14.159704510737578,12.574750871165891,14.980111028015868,14.980111028015868,12.50306806962783,15.503932921877938,0.8830034595811311,-1.6566364411097485,-0.0540375948663141,1.0349678245296323,0.5238218938620705,1272,99.4022165057463,99.4022165057463,99.4022165057463,98.87787183454338,97.87651640551907,2.142857142857143,15,99.4022165057463,0.6,99.82704055993037,6,4.1,P32_derived_Jv_proxy,100.0,99.4022165057463,-0.5243446712029112,-1.5257001002272261,-1.1221281654566155,-2.1234835944809305,0.5243446712029112,1.5257001002272261,1.1221281654566155,2.1234835944809305,1272,15,1,1271,0.9992138364779874,0.0007861635220125787,78.53981633974483,7.0,16.19560700903127,2.142857142857143,2.142857142857143,0.012732395447351627,16.182874613583916,0.31000936035919213,0.3004776882460938,0.009531672113098355,1,1,1,1,1,1,99.4022165057463,99.4022165057463,0.0,99.4022165057463,99.4022165057463,81,4.0,4.0,0.0,4.0,4.0,81,1.197320304598883,1.197320304598883,0.19698495440189254,0.5805739941901219,1.8760096007857823,81,1.986238485180108,1.986238485180108,0.48729572331645793,0.75,3.458429723902377,81,0.7988857674090312,0.8117037190935028,0.1011720173796645,0.5561134050219071,1.0,81,0.9683511330949067,0.9370708560021371,0.3338856479833927,0.5,1.7820738996420622,81,14.159704510737578,12.574750871165891,5.703841978094376,4.674688604703415,28.264471933391658,81,14.980111028015868,14.980111028015868,0.0,14.980111028015868,14.980111028015868,81,cases/scenario_10_fieldlike.yaml,scenario_10_fieldlike,fieldlike,mixed,structured,unknown,1,5
scenario_10_fieldlike,42,30,30.5,13.627820632982417,12.543836531152802,14.929103497816076,14.929103497816076,10.670442625396756,15.755691769816156,0.7829896586378503,-2.9573780075856604,-0.10624397386309825,1.0553675759646919,0.8265882720000803,1308,100.0,100.0,100.0,97.50958978572721,97.64321091689739,2.0,14,100.0,0.7,99.76613872993647,7,4.1,P32_derived_Jv_proxy,100.0,100.0,-2.490410214272785,-2.356789083102612,-2.490410214272785,-2.356789083102612,2.490410214272785,2.356789083102612,2.490410214272785,2.356789083102612,1308,14,1,1307,0.9992354740061162,0.0007645259938837921,78.53981633974483,7.0,16.653973245135926,2.0,2.0,0.012732395447351627,16.641240849688575,0.31254627877868524,0.2792692927319076,0.033276986046777646,0,1,1,1,1,1,100.0,100.0,0.0,100.0,100.0,81,4.0,4.0,0.0,4.0,4.0,81,1.1989345195866323,1.1989345195866323,0.2021420460568943,0.5370603973146865,1.8760096007857823,81,2.007713523725688,2.007713523725688,0.49968727931079543,0.75,3.492470286663293,81,0.816729700761937,0.8169461992309159,0.10196021735524873,0.5895180825587304,1.0,81,0.9919010136788373,0.9891668958302567,0.2864226965439688,0.5,1.61392226941115,81,13.627820632982417,12.543836531152802,5.174670952288217,6.732577913093825,29.858206995632152,81,14.929103497816076,14.929103497816076,0.0,14.929103497816076,14.929103497816076,81,cases/scenario_10_fieldlike.yaml,scenario_10_fieldlike,fieldlike,mixed,structured,unknown,1,5
scenario_10_fieldlike,43,10,10.5,13.353921181324258,12.070385706751113,15.170958089865078,15.170958089865078,12.516939892267791,14.596442148863716,0.937323181881064,-0.8369812890564674,-0.028110641867869157,0.9621305432657437,-0.574515941001362,1373,100.0,100.0,100.0,92.83366152889144,95.75641461713595,3.0,21,100.0,0.2,99.98026467728904,2,4.1,P32_derived_Jv_proxy,100.0,100.0,-7.16633847110856,-4.243585382864055,-7.16633847110856,-4.243585382864055,7.16633847110856,4.243585382864055,7.16633847110856,4.243585382864055,1373,21,2,1371,0.9985433357611071,0.0014566642388929353,78.53981633974483,7.0,17.481578949213784,3.0,3.0,0.025464790894703253,17.45611415831908,0.31221058594415363,0.31207144968694267,0.0001391362572109589,1,1,1,1,1,1,100.0,100.0,0.0,100.0,100.0,81,4.0,4.0,0.0,4.0,4.0,81,1.1971893479056943,1.1971893479056943,0.2019135678601484,0.5507257437599685,1.886246028307856,81,1.9728308205950977,1.9728308205950977,0.49343447288481157,0.75,3.5559278241460417,81,0.8005996334473018,0.8083399756866172,0.09094354034905701,0.6028684794019811,1.0,81,1.0111272453389775,1.0189493802142906,0.3091718189269834,0.5,1.9021458853895916,81,13.353921181324258,12.070385706751113,5.004611172487173,6.216102431649334,27.999044980463825,81,15.170958089865078,15.170958089865078,0.0,15.170958089865078,15.170958089865078,81,cases/scenario_10_fieldlike.yaml,scenario_10_fieldlike,fieldlike,mixed,structured,unknown,1,5
scenario_10_fieldlike,43,20,20.5,13.046375130633674,12.292534027760441,14.833266568713922,14.833266568713919,14.141608523502901,16.020321917780098,1.083949248883512,1.0952333928692273,0.03500894876526717,1.0800265635062403,1.187055349066176,1310,100.0,100.0,100.0,93.07834491661676,96.12758858097469,2.857142857142857,20,100.0,0.4,99.92210167184162,4,4.1,P32_derived_Jv_proxy,100.0,100.0,-6.921655083383243,-3.872411419025312,-6.921655083383243,-3.872411419025312,6.921655083383243,3.872411419025312,6.921655083383243,3.872411419025312,1310,20,0,1310,1.0,0.0,78.53981633974483,7.0,16.679438036030632,2.857142857142857,2.857142857142857,0.0,16.679438036030632,0.314131205066401,0.2909205094997558,0.023210695566645234,1,1,1,1,1,1,100.0,100.0,0.0,100.0,100.0,81,4.0,4.0,0.0,4.0,4.0,81,1.195823045194347,1.195823045194347,0.20279558131502082,0.5374849308521614,1.7791906250288616,81,2.015441170113799,2.015441170113799,0.5007731155693645,0.75,3.7244303064692703,81,0.7905888054956041,0.7786183429896067,0.11006730644197166,0.5534061106231943,1.0,81,0.9738748458334907,1.00575159650972,0.2531224140316706,0.5,1.5940754817332985,81,13.046375130633674,12.292534027760441,4.500525783122784,7.279977133938406,29.666533137427837,81,14.833266568713922,14.833266568713919,3.552713678800501e-15,14.833266568713919,14.833266568713919,81,cases/scenario_10_fieldlike.yaml,scenario_10_fieldlike,fieldlike,mixed,structured,unknown,1,5
scenario_10_fieldlike,43,30,30.5,13.148733973356732,12.09234461384051,15.023975334694278,15.023975334694276,11.574893197513163,12.670869765575315,0.8803047670572207,-1.5738407758435695,-0.05536694633065786,0.8433766352314871,-2.353105569118963,1357,100.0,100.0,100.0,89.33855373860784,94.65297273088188,3.2857142857142856,23,100.0,0.4,99.92210167184162,4,4.1,P32_derived_Jv_proxy,100.0,100.0,-10.661446261392157,-5.347027269118115,-10.661446261392157,-5.347027269118115,10.661446261392157,5.347027269118115,10.661446261392157,5.347027269118115,1357,23,2,1355,0.9985261606484893,0.0014738393515106854,78.53981633974483,7.0,17.277860622056156,3.2857142857142856,3.2857142857142856,0.025464790894703253,17.252395831161454,0.3134229715173996,0.29786278446337344,0.015560187054026176,1,1,1,1,1,1,100.0,100.0,0.0,100.0,100.0,81,4.0,4.0,0.0,4.0,4.0,81,1.2123647546676701,1.2123647546676701,0.20043110386499668,0.5,1.8879009352655072,81,2.017383428252847,2.017383428252847,0.5039959535081536,0.75,3.9939146527434968,81,0.7948638466131424,0.7947782314267764,0.10207510399684487,0.5566606012163399,1.0,81,1.0128008059196867,0.9776625528379457,0.3181093142679531,0.5,1.9115843994476727,81,13.148733973356732,12.09234461384051,4.960507936842243,4.375038394792733,28.904607944440592,81,15.023975334694278,15.023975334694276,1.7763568394002505e-15,15.023975334694276,15.023975334694276,81,cases/scenario_10_fieldlike.yaml,scenario_10_fieldlike,fieldlike,mixed,structured,unknown,1,5
scenario_10_fieldlike,44,10,10.5,12.432273170885988,11.266340797135339,14.901564848224398,14.9015648482244,11.802662362824929,14.928265120955027,0.9493567427768972,-0.6296108080610594,-0.022570560695695185,1.001791776434393,0.026700272730629138,1303,100.0,100.0,100.0,94.90248926465593,95.93190254586683,3.0,21,100.0,0.6,99.82704055993037,6,4.1,P32_derived_Jv_proxy,100.0,100.0,-5.097510735344073,-4.0680974541331665,-5.097510735344073,-4.0680974541331665,5.097510735344073,4.0680974541331665,5.097510735344073,4.0680974541331665,1303,21,1,1302,0.9992325402916347,0.0007674597083653108,78.53981633974483,7.0,16.59031126789917,3.0,3.0,0.012732395447351627,16.577578872451816,0.3112915219840663,0.2613102233343174,0.04998129864974887,1,1,1,1,1,1,100.0,100.0,0.0,100.0,100.0,81,4.0,4.0,0.0,4.0,4.0,81,1.1974967862779369,1.1974967862779369,0.20179509479348443,0.5093872795297661,1.8361105561602145,81,2.009011802576937,2.009011802576937,0.50515637385235,0.75,3.847838106175835,81,0.8036292895023304,0.8122964039050711,0.09957689538991277,0.5512180366000373,1.0,81,1.0521454522367355,1.053047597726763,0.2997950861484031,0.5,1.9470777795643965,81,12.432273170885988,11.266340797135339,4.391038917442723,6.6236897569190285,29.8031296964488,81,14.901564848224398,14.9015648482244,1.7763568394002505e-15,14.9015648482244,14.9015648482244,81,cases/scenario_10_fieldlike.yaml,scenario_10_fieldlike,fieldlike,mixed,structured,unknown,1,5
scenario_10_fieldlike,44,20,20.5,13.659888844418306,12.459221746524653,14.76369515758213,14.763695157582127,12.09977916910457,15.10508156161598,0.8857889919103384,-1.5601096753137362,-0.0526697211863949,1.0231233712420922,0.3413864040338499,1322,100.0,100.0,100.0,93.88318055579525,96.39272358805715,2.7142857142857144,19,100.0,0.3,99.95588995549635,3,4.1,P32_derived_Jv_proxy,100.0,100.0,-6.116819444204751,-3.6072764119428484,-6.116819444204751,-3.6072764119428484,6.116819444204751,3.6072764119428484,6.116819444204751,3.6072764119428484,1322,19,2,1320,0.9984871406959153,0.0015128593040847202,78.53981633974483,7.0,16.83222678139885,2.7142857142857144,2.7142857142857144,0.025464790894703253,16.806761990504146,0.30790068641693347,0.3009238127484386,0.006976873668494865,1,1,1,1,1,1,100.0,100.0,0.0,100.0,100.0,81,4.0,4.0,0.0,4.0,4.0,81,1.1941127842382706,1.1941127842382706,0.20185648991667424,0.5,1.8313728884765927,81,2.0220425365952766,2.0220425365952766,0.4973621765660767,0.75,4.3949001611156655,81,0.7963433355952534,0.792399507706913,0.09464515220703215,0.5310851053093565,0.9832069555538783,81,0.9496117296180606,0.943707473018034,0.283591865374451,0.5,1.6093918813096557,81,13.659888844418306,12.459221746524653,4.8138610163795725,5.688886565979994,27.34925581261503,81,14.76369515758213,14.763695157582127,3.552713678800501e-15,14.763695157582127,14.763695157582127,81,cases/scenario_10_fieldlike.yaml,scenario_10_fieldlike,fieldlike,mixed,structured,unknown,1,5
scenario_10_fieldlike,44,30,30.5,13.204369454138071,11.465193220421897,15.00276455729019,15.00276455729019,12.84619850833343,14.612212111100044,0.972874816397053,-0.35817094580464115,-0.011943038504117487,0.9739679680569028,-0.39055244619014573,1362,100.0,100.0,100.0,94.1760613539155,95.41063242799103,2.857142857142857,20,100.0,0.8,99.69656540975667,8,4.1,P32_derived_Jv_proxy,100.0,100.0,-5.8239386460845,-4.5893675720089675,-5.8239386460845,-4.5893675720089675,5.8239386460845,4.5893675720089675,5.8239386460845,4.5893675720089675,1362,20,1,1361,0.9992657856093979,0.0007342143906020558,78.53981633974483,7.0,17.341522599292915,2.857142857142857,2.857142857142857,0.012732395447351627,17.328790203845564,0.311917440880463,0.26340934841843167,0.04850809246203136,1,1,1,1,1,1,100.0,100.0,0.0,100.0,100.0,81,4.0,4.0,0.0,4.0,4.0,81,1.199380532592649,1.199380532592649,0.19906679831197927,0.6442152204481583,1.8692771051466976,81,1.998599204854285,1.998599204854285,0.503468134278321,0.75,3.535087610068021,81,0.7812238383453431,0.7788268000785074,0.09346162346482771,0.5342370727038999,1.0,81,0.9848479673114322,0.9792017256840395,0.2960902175930554,0.5,1.714353518314174,81,13.204369454138071,11.465193220421897,4.851851593228647,6.501225512878251,25.306163338275255,81,15.00276455729019,15.00276455729019,0.0,15.00276455729019,15.00276455729019,81,cases/scenario_10_fieldlike.yaml,scenario_10_fieldlike,fieldlike,mixed,structured,unknown,1,5
scenario_10_fieldlike,45,10,10.5,13.187783617145742,11.244333044123847,15.097433312409704,15.097433312409706,13.231919240443817,15.981602337005967,1.0033467051461697,0.04413562329807519,0.0014510288467690646,1.0585641947409363,0.8841690245962628,1315,100.0,100.0,100.0,96.63131738100266,96.81121591086834,2.4285714285714284,17,100.0,0.3,99.95588995549635,3,4.1,P32_derived_Jv_proxy,100.0,100.0,-3.3686826189973402,-3.1887840891316586,-3.3686826189973402,-3.1887840891316586,3.3686826189973402,3.1887840891316586,3.3686826189973402,3.1887840891316586,1315,17,0,1315,1.0,0.0,78.53981633974483,7.0,16.74310001326739,2.4285714285714284,2.4285714285714284,0.0,16.74310001326739,0.3115769459638368,0.2836481869982853,0.02792875896555147,1,1,1,1,1,1,100.0,100.0,0.0,100.0,100.0,81,4.0,4.0,0.0,4.0,4.0,81,1.2027116460580125,1.2027116460580125,0.1996427338309232,0.5877488284608307,1.7978463067966086,81,1.991582975017042,1.991582975017042,0.5135594254050276,0.75,3.880297595736368,81,0.7878509828911117,0.7999873356414235,0.0998739407777145,0.5590883966836794,0.9693777709148167,81,1.0088277539539994,1.0461571489595884,0.29838944737964346,0.5,1.7140001082115817,81,13.187783617145742,11.244333044123847,5.340887693197497,6.0054188633138095,28.2809758608375,81,15.097433312409704,15.097433312409706,1.7763568394002505e-15,15.097433312409706,15.097433312409706,81,cases/scenario_10_fieldlike.yaml,scenario_10_fieldlike,fieldlike,mixed,structured,unknown,1,5
scenario_10_fieldlike,45,20,20.5,13.142725977476646,11.803352735821166,14.788692684806241,14.788692684806241,14.015878173376604,14.910645894382165,1.0664361561974527,0.8731521958999586,0.027934860872092626,1.008246382028157,0.12195320957592415,1309,99.04833425359809,99.04833425359809,99.04833425359809,94.40779452761001,95.5802507967763,3.142857142857143,22,99.04833425359809,0.7,99.76613872993647,7,4.1,P32_derived_Jv_proxy,100.0,99.04833425359809,-4.640539725988077,-3.4680834568217875,-5.592205472389992,-4.419749203223702,4.640539725988077,3.4680834568217875,5.592205472389992,4.419749203223702,1309,22,1,1308,0.9992360580595875,0.0007639419404125286,78.53981633974483,7.0,16.66670564058328,3.142857142857143,3.142857142857143,0.012732395447351627,16.653973245135926,0.3100050469245307,0.3089742875488348,0.0010307593756958555,1,1,1,1,1,1,99.04833425359809,99.04833425359809,0.0,99.04833425359809,99.04833425359809,81,4.0,4.0,0.0,4.0,4.0,81,1.198616496060499,1.198616496060499,0.19978630237319114,0.5,1.9872524861968799,81,2.0069550749683507,2.0069550749683507,0.5034251530809718,0.75,3.880297595736368,81,0.8060333339035968,0.794065659519944,0.10791027317708209,0.5085294499498666,1.0,81,0.9988744901786574,1.0171616778561827,0.2875360634309954,0.5,1.7299572534595633,81,13.142725977476646,11.803352735821166,4.8411748082710595,5.9442916428411845,29.075127139935095,81,14.788692684806241,14.788692684806241,0.0,14.788692684806241,14.788692684806241,81,cases/scenario_10_fieldlike.yaml,scenario_10_fieldlike,fieldlike,mixed,structured,unknown,1,5
scenario_10_fieldlike,45,30,30.5,13.253286409185732,11.912007364455611,14.955212495314246,14.955212495314244,10.49499480488475,12.595777244235196,0.7918786692492183,-2.7582916043009824,-0.10134135542079115,0.8422332513283709,-2.3594352510790504,1342,99.41301395551307,99.41301395551307,99.41301395551307,94.9438432071506,97.95868397717709,1.8571428571428572,13,99.41301395551307,0.8,99.69656540975667,8,4.1,P32_derived_Jv_proxy,100.0,99.41301395551307,-4.469170748362458,-1.454329978335977,-5.056156792849393,-2.0413160228229117,4.469170748362458,1.454329978335977,5.056156792849393,2.0413160228229117,1342,13,1,1341,0.9992548435171386,0.0007451564828614009,78.53981633974483,7.0,17.086874690345883,1.8571428571428572,1.8571428571428572,0.012732395447351627,17.074142294898532,0.30616304032353525,0.2414325435139737,0.06473049680956156,0,1,1,1,1,1,99.41301395551307,99.41301395551307,0.0,99.41301395551307,99.41301395551307,81,4.0,4.0,0.0,4.0,4.0,81,1.2061840754773843,1.2061840754773843,0.1990330903357825,0.5100597671692423,1.8534767077373038,81,2.004491650752556,2.004491650752556,0.47664303024886745,0.75,3.7572333071965085,81,0.8048600204661626,0.8033934027965469,0.08985548222420017,0.5124127807171411,1.0,81,0.9883837094778509,0.9962071229495126,0.2692187643307613,0.5,1.6941483218907574,81,13.253286409185732,11.912007364455611,4.463207862979333,5.889559013869724,26.38713797440896,81,14.955212495314246,14.955212495314244,1.7763568394002505e-15,14.955212495314244,14.955212495314244,81,cases/scenario_10_fieldlike.yaml,scenario_10_fieldlike,fieldlike,mixed,structured,unknown,1,5
scenario_10_fieldlike,46,10,10.5,13.12501081609045,11.423427145837964,14.990605552821156,14.990605552821156,16.014093774623838,14.226600128350059,1.2201204249669304,2.889082958533388,0.08640269732848282,0.9490343854503386,-0.7640054244710974,1308,100.0,100.0,100.0,92.98781759829244,96.56088596363375,2.7142857142857144,19,100.0,0.5,99.87908957257498,5,4.1,P32_derived_Jv_proxy,100.0,100.0,-7.0121824017075625,-3.4391140363662487,-7.0121824017075625,-3.4391140363662487,7.0121824017075625,3.4391140363662487,7.0121824017075625,3.4391140363662487,1308,19,2,1306,0.9984709480122325,0.0015290519877675841,78.53981633974483,7.0,16.653973245135926,2.7142857142857144,2.7142857142857144,0.025464790894703253,16.628508454241224,0.3108452217941752,0.25299200016153633,0.05785322163263884,1,1,1,1,1,1,100.0,100.0,0.0,100.0,100.0,81,4.0,4.0,0.0,4.0,4.0,81,1.2058726242231002,1.2058726242231002,0.1999123072927554,0.6137029409073786,1.845764674652057,81,2.0110472188299306,2.0110472188299306,0.5003938289047479,0.75,3.8645801929159167,81,0.7867676957034144,0.788206767846497,0.08645378565696583,0.5845768051651647,1.0,81,0.9995526442477375,1.050942094212838,0.3042872018407805,0.5,1.6369099858959053,81,13.12501081609045,11.423427145837964,4.801954493544053,7.351526311718811,25.482409929871995,81,14.990605552821156,14.990605552821156,0.0,14.990605552821156,14.990605552821156,81,cases/scenario_10_fieldlike.yaml,scenario_10_fieldlike,fieldlike,mixed,structured,unknown,1,5
scenario_10_fieldlike,46,20,20.5,12.657689459534604,11.787380670653128,15.090101325167693,15.090101325167687,11.69136604888601,13.923436387581676,0.923657203493747,-0.9663234106485934,-0.03448917840495147,0.9226867393103437,-1.1666649375860167,1257,100.0,100.0,100.0,94.16084285974372,96.80373640417477,2.2857142857142856,16,100.0,0.2,99.98026467728904,2,4.1,P32_derived_Jv_proxy,100.0,100.0,-5.839157140256276,-3.1962635958252292,-5.839157140256276,-3.1962635958252292,5.839157140256276,3.1962635958252292,5.839157140256276,3.1962635958252292,1257,16,0,1257,1.0,0.0,78.53981633974483,7.0,16.004621077320994,2.2857142857142856,2.2857142857142856,0.0,16.004621077320994,0.3097683440577167,0.30722071975323817,0.002547624304478524,1,1,1,1,1,1,100.0,100.0,0.0,100.0,100.0,81,4.0,4.0,0.0,4.0,4.0,81,1.2130143637226092,1.2130143637226092,0.20176616367021716,0.6716275663206336,1.9061427411325689,81,2.0096193153115385,2.0096193153115385,0.49690433042882587,0.75,3.57540632522248,81,0.7855642330645826,0.7877996558127088,0.09730138903653719,0.5609094553723607,0.9957413612135109,81,1.0082620757526024,0.9768911057570042,0.2607522873320484,0.5,1.5971452265315143,81,12.657689459534604,11.787380670653128,4.043421142488805,6.331622229730644,24.71835092185814,81,15.090101325167693,15.090101325167687,5.329070518200751e-15,15.090101325167687,15.090101325167687,81,cases/scenario_10_fieldlike.yaml,scenario_10_fieldlike,fieldlike,mixed,structured,unknown,1,5
scenario_10_fieldlike,46,30,30.5,12.893148791113884,11.901183368154344,14.971726768951786,14.97172676895179,10.677550715223479,13.544738897581894,0.8281569450732297,-2.215598075890405,-0.08188735171720007,0.9046878230285924,-1.4269878713698922,1331,100.0,100.0,100.0,97.28043699021873,97.02970845060713,2.2857142857142856,16,100.0,0.4,99.92210167184162,4,4.1,P32_derived_Jv_proxy,100.0,100.0,-2.719563009781268,-2.9702915493928685,-2.719563009781268,-2.9702915493928685,2.719563009781268,2.9702915493928685,2.719563009781268,2.9702915493928685,1331,16,0,1331,1.0,0.0,78.53981633974483,7.0,16.946818340425015,2.2857142857142856,2.2857142857142856,0.0,16.946818340425015,0.3122261036870071,0.25411182861985127,0.05811427506715583,1,1,1,1,1,1,100.0,100.0,0.0,100.0,100.0,81,4.0,4.0,0.0,4.0,4.0,81,1.198700290426252,1.198700290426252,0.197134256142649,0.6358720656759537,1.7948033986292506,81,2.0016066097868284,2.0016066097868284,0.4863804588310866,0.75,3.5065399251969307,81,0.7871252123839014,0.7799559434371687,0.09082855542130557,0.6009053885843837,1.0,81,0.9969094746511691,1.0205001050756453,0.27717376462469245,0.5,1.7460309036122992,81,12.893148791113884,11.901183368154344,4.354254277688074,6.988769813773066,26.530454015204533,81,14.971726768951786,14.97172676895179,3.552713678800501e-15,14.97172676895179,14.97172676895179,81,cases/scenario_10_fieldlike.yaml,scenario_10_fieldlike,fieldlike,mixed,structured,unknown,1,5
scenario_10_fieldlike,47,10,10.5,12.70618298354718,12.099411176719617,14.871054702910413,14.871054702910413,11.402998731238734,13.974434691064738,0.8974369994516924,-1.303184252308446,-0.04699602938010039,0.9397070329066709,-0.8966200118456751,1361,99.85873648153196,99.85873648153196,99.85873648153196,95.62865018963997,97.08854757954471,2.2857142857142856,16,99.85873648153196,0.6,99.82704055993037,6,4.1,P32_derived_Jv_proxy,100.0,99.85873648153196,-4.230086291891993,-2.770188901987254,-4.37134981036003,-2.9114524204552907,4.230086291891993,2.770188901987254,4.37134981036003,2.9114524204552907,1361,16,0,1361,1.0,0.0,78.53981633974483,7.0,17.328790203845564,2.2857142857142856,2.2857142857142856,0.0,17.328790203845564,0.30879791785260524,0.3032769118704822,0.005521005982123017,1,1,1,1,1,1,99.85873648153196,99.85873648153196,0.0,99.85873648153196,99.85873648153196,81,4.0,4.0,0.0,4.0,4.0,81,1.1949020136259692,1.1949020136259692,0.2011008282392663,0.5008008618631627,1.896884864317252,81,2.005933803682653,2.005933803682653,0.49952957794013786,0.75,3.895893745954424,81,0.7963026066472056,0.8003798368111937,0.10217619894389435,0.5284124169482818,1.0,81,1.0241773174042865,0.9903799864140268,0.30719625652588406,0.5,2.0124024961922897,81,12.70618298354718,12.099411176719617,4.448673385233817,5.286021374879643,25.14541259696723,81,14.871054702910413,14.871054702910413,0.0,14.871054702910413,14.871054702910413,81,cases/scenario_10_fieldlike.yaml,scenario_10_fieldlike,fieldlike,mixed,structured,unknown,1,5
scenario_10_fieldlike,47,20,20.5,13.19213123815191,12.389511282559214,14.784021981178816,14.784021981178816,13.978208418553361,15.493687870729008,1.0595868223421019,0.7860771804014508,0.025136548511851986,1.0480022209418824,0.7096658895501928,1274,100.0,100.0,100.0,98.12624129549488,98.0255245508977,1.7142857142857142,12,100.0,0.5,99.87908957257498,5,4.1,P32_derived_Jv_proxy,100.0,100.0,-1.8737587045051214,-1.9744754491023002,-1.8737587045051214,-1.9744754491023002,1.8737587045051214,1.9744754491023002,1.8737587045051214,1.9744754491023002,1274,12,1,1273,0.9992150706436421,0.0007849293563579278,78.53981633974483,7.0,16.221071799925973,1.7142857142857142,1.7142857142857142,0.012732395447351627,16.20833940447862,0.3097282251582497,0.3063451536908427,0.0033830714674070173,1,1,1,1,1,1,100.0,100.0,0.0,100.0,100.0,81,4.0,4.0,0.0,4.0,4.0,81,1.1998688887537605,1.1998688887537605,0.1941773558938589,0.5703576557785993,1.8821048053424492,81,2.028996051076772,2.028996051076772,0.4979037147180529,0.75,4.795746316441633,81,0.7998087194984348,0.7873539374096189,0.09183498687932172,0.6233038930440037,1.0,81,0.9712798626581806,0.9460221466595674,0.26900466756878544,0.5,1.5450643424308745,81,13.19213123815191,12.389511282559214,4.168044490005299,7.6995949880543035,25.512471578690842,81,14.784021981178816,14.784021981178816,0.0,14.784021981178816,14.784021981178816,81,cases/scenario_10_fieldlike.yaml,scenario_10_fieldlike,fieldlike,mixed,structured,unknown,1,5
scenario_10_fieldlike,47,30,30.5,12.228249558336765,11.627864405942718,14.89815430209541,14.898154302095413,13.541065337007806,14.113349999916759,1.107359256319398,1.312815778671041,0.044288540233183404,0.9473220449818895,-0.7848043021786513,1299,98.73946940725394,98.73946940725394,98.73946940725394,94.26184169830624,95.11944470053956,2.7142857142857144,19,98.73946940725394,0.4,99.92210167184162,4,4.1,P32_derived_Jv_proxy,100.0,98.73946940725394,-4.4776277089476935,-3.620024706714375,-5.738158301693758,-4.88055529946044,4.4776277089476935,3.620024706714375,5.738158301693758,4.88055529946044,1299,19,2,1297,0.9984603541185527,0.001539645881447267,78.53981633974483,7.0,16.539381686109763,2.7142857142857144,2.7142857142857144,0.025464790894703253,16.51391689521506,0.31700028910442346,0.29557074988147136,0.0214295392229521,1,1,1,1,1,1,98.73946940725394,98.73946940725394,0.0,98.73946940725394,98.73946940725394,81,4.0,4.0,0.0,4.0,4.0,81,1.2005530310526034,1.2005530310526034,0.2023480864653704,0.5115793690387822,1.8244124147652667,81,1.9892056236914475,1.9892056236914475,0.49188179882295674,0.75,3.4696413895802474,81,0.8031184375808672,0.7998805389268386,0.10126150194952209,0.580690467511096,1.0,81,1.0485718077097428,1.0126227840019357,0.27534264577569273,0.5,1.9047147491509895,81,12.228249558336765,11.627864405942718,3.5830333784648434,5.163979554500453,25.419696030773938,81,14.89815430209541,14.898154302095413,3.552713678800501e-15,14.898154302095413,14.898154302095413,81,cases/scenario_10_fieldlike.yaml,scenario_10_fieldlike,fieldlike,mixed,structured,unknown,1,5
scenario_10_fieldlike,48,10,10.5,12.802778486416075,11.917126824296046,14.82956569718739,14.82956569718739,14.082503189390735,15.676065524892364,1.0999567948732742,1.2797247029746597,0.041375626870377546,1.0570819028008032,0.8464998277049745,1350,100.0,100.0,100.0,97.61267642743731,96.20923421454322,2.857142857142857,20,100.0,0.5,99.87908957257498,5,4.1,P32_derived_Jv_proxy,100.0,100.0,-2.3873235725626927,-3.7907657854567844,-2.3873235725626927,-3.7907657854567844,2.3873235725626927,3.7907657854567844,2.3873235725626927,3.7907657854567844,1350,20,1,1349,0.9992592592592593,0.0007407407407407407,78.53981633974483,7.0,17.188733853924695,2.857142857142857,2.857142857142857,0.012732395447351627,17.176001458477344,0.312901783023392,0.3121327555156388,0.000769027507753206,1,1,1,1,1,1,100.0,100.0,0.0,100.0,100.0,81,4.0,4.0,0.0,4.0,4.0,81,1.2051947482084797,1.2051947482084797,0.20603595247326342,0.5,1.9291892881068589,81,2.031743162304915,2.031743162304915,0.4919025761764805,0.75,3.678527812161677,81,0.7941326784074938,0.7963085659560045,0.0977978283033276,0.5581680807162404,1.0,81,0.9995762199698129,0.9836454802723567,0.2817437735375838,0.5,1.8301604874627946,81,12.802778486416075,11.917126824296046,4.226984320969425,5.394781607291607,27.279269525282558,81,14.82956569718739,14.82956569718739,0.0,14.82956569718739,14.82956569718739,81,cases/scenario_10_fieldlike.yaml,scenario_10_fieldlike,fieldlike,mixed,structured,unknown,1,5
scenario_10_fieldlike,48,20,20.5,12.749425141588556,11.77650747140783,14.965269863412846,14.965269863412844,11.542632865749498,14.787620244278004,0.9053453577367572,-1.2067922758390583,-0.04318572096240314,0.9881292071071061,-0.17764961913484179,1337,100.0,100.0,100.0,96.22414667163561,96.72771886308503,2.5714285714285716,18,100.0,0.5,99.87908957257498,5,4.1,P32_derived_Jv_proxy,100.0,100.0,-3.7758533283643914,-3.2722811369149696,-3.7758533283643914,-3.2722811369149696,3.7758533283643914,3.2722811369149696,3.7758533283643914,3.2722811369149696,1337,18,1,1336,0.9992520568436799,0.0007479431563201197,78.53981633974483,7.0,17.023212713109125,2.5714285714285716,2.5714285714285716,0.012732395447351627,17.010480317661774,0.31290220210483466,0.2920047474972455,0.020897454607589183,1,1,1,1,1,1,100.0,100.0,0.0,100.0,100.0,81,4.0,4.0,0.0,4.0,4.0,81,1.2016724252802027,1.2016724252802027,0.19342382063280755,0.6437895038963009,1.762543888950271,81,2.0074352755543297,2.0074352755543297,0.48612699457468117,0.75,3.6593383959800896,81,0.7839107927325466,0.7879261738196859,0.08118216919385843,0.5955220424578389,0.9839552226616961,81,1.001824807369888,1.0029159345282757,0.2808950461244752,0.5,1.816875972485724,81,12.749425141588556,11.77650747140783,4.211713014380951,5.972112774221432,24.980929714119267,81,14.965269863412846,14.965269863412844,1.7763568394002505e-15,14.965269863412844,14.965269863412844,81,cases/scenario_10_fieldlike.yaml,scenario_10_fieldlike,fieldlike,mixed,structured,unknown,1,5
scenario_10_fieldlike,48,30,30.5,13.291344165015904,12.308034559288508,14.990931802974071,14.99093180297407,13.441347567306526,14.580548945758474,1.0112857962617088,0.15000340229062203,0.004873907519006959,0.9726245931467595,-0.41038285721559653,1376,100.0,100.0,100.0,94.67201371706325,95.03877196701362,3.0,21,100.0,0.4,99.92210167184162,4,4.1,P32_derived_Jv_proxy,100.0,100.0,-5.327986282936749,-4.961228032986384,-5.327986282936749,-4.961228032986384,5.327986282936749,4.961228032986384,5.327986282936749,4.961228032986384,1376,21,4,1372,0.997093023255814,0.0029069767441860465,78.53981633974483,7.0,17.519776135555837,3.0,3.0,0.05092958178940651,17.468846553766433,0.31105728416773737,0.2944682217814454,0.016589062386291986,1,1,1,1,1,1,100.0,100.0,0.0,100.0,100.0,81,4.0,4.0,0.0,4.0,4.0,81,1.199220748374539,1.199220748374539,0.19697237968478118,0.6130109333833172,1.8806203403960229,81,1.9999102859914017,1.9999102859914017,0.4886869830562018,0.75,3.7585243641285,81,0.7958521585622667,0.7943142592727024,0.09559250837228793,0.5553196047192309,1.0,81,0.9938847066644849,0.9755349909444945,0.3044861987352099,0.5,1.9222586318853279,81,13.291344165015904,12.308034559288508,4.855660135413019,6.548500252428447,28.271062764404576,81,14.990931802974071,14.99093180297407,1.7763568394002505e-15,14.99093180297407,14.99093180297407,81,cases/scenario_10_fieldlike.yaml,scenario_10_fieldlike,fieldlike,mixed,structured,unknown,1,5
scenario_10_fieldlike,49,10,10.5,13.349874187339038,12.820049925214905,15.16114230355264,15.16114230355264,11.42641310249613,14.002246160287802,0.8559191601470589,-1.9234610848429075,-0.06756725163120247,0.9235614230074682,-1.1588961432648386,1265,100.0,100.0,100.0,89.9639520514061,93.5231496310909,3.857142857142857,27,100.0,0.2,99.98026467728904,2,4.1,P32_derived_Jv_proxy,100.0,100.0,-10.036047948593904,-6.476850368909098,-10.036047948593904,-6.476850368909098,10.036047948593904,6.476850368909098,10.036047948593904,6.476850368909098,1265,27,0,1265,1.0,0.0,78.53981633974483,7.0,16.106480240899806,3.857142857142857,3.857142857142857,0.0,16.106480240899806,0.313026663029623,0.31756897213713575,-0.004542309107512743,1,1,1,1,1,1,100.0,100.0,0.0,100.0,100.0,81,4.0,4.0,0.0,4.0,4.0,81,1.2090219874177284,1.2090219874177284,0.19582386199624563,0.5,1.739941458042519,81,1.993619549257881,1.993619549257881,0.4971314628497351,0.75,3.556115408336688,81,0.7871066944420383,0.7804891431614985,0.10574155176250453,0.5632639206363447,1.0,81,0.9711280524572913,0.9867848738962166,0.26748405481762655,0.5,1.6750439296218238,81,13.349874187339038,12.820049925214905,4.569780118417333,6.050482611701275,30.32228460710528,81,15.16114230355264,15.16114230355264,0.0,15.16114230355264,15.16114230355264,81,cases/scenario_10_fieldlike.yaml,scenario_10_fieldlike,fieldlike,mixed,structured,unknown,1,5
scenario_10_fieldlike,49,20,20.5,12.273693075188397,11.487947124854719,15.098871628389457,15.098871628389459,12.527591677441123,16.24868917838605,1.020686406340565,0.2538986022527254,0.008892330808370597,1.07615254823643,1.1498175499965946,1352,99.49513366551989,99.49513366551989,99.49513366551989,94.27852406405802,95.90106087340219,2.857142857142857,20,99.49513366551989,0.9,99.61849919456388,9,4.1,P32_derived_Jv_proxy,100.0,99.49513366551989,-5.216609601461869,-3.5940727921177,-5.721475935941982,-4.098939126597813,5.216609601461869,3.5940727921177,5.721475935941982,4.098939126597813,1352,20,1,1351,0.9992603550295858,0.0007396449704142012,78.53981633974483,7.0,17.2141986448194,2.857142857142857,2.857142857142857,0.012732395447351627,17.201466249372046,0.30978142661393715,0.2693910652903446,0.04039036132359253,1,1,1,1,1,1,99.49513366551989,99.49513366551989,0.0,99.49513366551989,99.49513366551989,81,4.0,4.0,0.0,4.0,4.0,81,1.1973819820043587,1.1973819820043587,0.1978745770002239,0.5,1.8399615684699293,81,1.9725593289403367,1.9725593289403367,0.4983543106224763,0.75,3.522709142524093,81,0.801240386671217,0.8086293975141062,0.10292465344608133,0.5652240870869816,0.9953055193204609,81,1.0550374972351741,1.0592527335998057,0.2621287633456737,0.5,1.6292694046524878,81,12.273693075188397,11.487947124854719,3.689828957443625,5.9178861005436545,22.222137703637294,81,15.098871628389457,15.098871628389459,1.7763568394002505e-15,15.098871628389459,15.098871628389459,81,cases/scenario_10_fieldlike.yaml,scenario_10_fieldlike,fieldlike,mixed,structured,unknown,1,5
scenario_10_fieldlike,49,30,30.5,13.29849232840381,12.327093209666705,15.039741282805036,15.039741282805034,12.844984971469886,14.72199815232094,0.9658978367070008,-0.4535073569339243,-0.015068806608086849,0.9788730986451627,-0.3177431304840965,1400,100.0,100.0,100.0,96.21887474676886,97.95868397717709,1.8571428571428572,13,100.0,0.1,99.99503320866597,1,4.1,P32_derived_Jv_proxy,100.0,100.0,-3.7811252532311386,-2.0413160228229117,-3.7811252532311386,-2.0413160228229117,3.7811252532311386,2.0413160228229117,3.7811252532311386,2.0413160228229117,1400,13,2,1398,0.9985714285714286,0.0014285714285714286,78.53981633974483,7.0,17.825353626292276,1.8571428571428572,1.8571428571428572,0.025464790894703253,17.799888835397574,0.30956550113942494,0.2765681422209074,0.032997358918517516,1,1,1,1,1,1,100.0,100.0,0.0,100.0,100.0,81,4.0,4.0,0.0,4.0,4.0,81,1.2000798962157513,1.2000798962157513,0.19399877692741407,0.608538962059661,1.9413811740939828,81,1.994847972530959,1.994847972530959,0.4973030241973189,0.75,4.585115659357766,81,0.7977486196662066,0.8050997860252979,0.0924371357796984,0.5737982282643138,1.0,81,0.9932331570952084,0.9763592126091798,0.2869769722860283,0.5,1.6130131684613174,81,13.29849232840381,12.327093209666705,4.761888651487064,5.70216749715612,28.060344534463567,81,15.039741282805036,15.039741282805034,1.7763568394002505e-15,15.039741282805034,15.039741282805034,81,cases/scenario_10_fieldlike.yaml,scenario_10_fieldlike,fieldlike,mixed,structured,unknown,1,5
scenario_10_fieldlike,50,10,10.5,12.7646973924883,11.995171140335708,14.871946529837574,14.871946529837576,11.749975123357856,16.96950866090371,0.920505575813526,-1.0147222691304432,-0.03597357648347277,1.141041532583364,2.0975621310661356,1288,100.0,100.0,100.0,96.79568551456957,96.2092342145432,2.857142857142857,20,100.0,0.1,99.99503320866597,1,4.1,P32_derived_Jv_proxy,100.0,100.0,-3.20431448543043,-3.7907657854567987,-3.20431448543043,-3.7907657854567987,3.20431448543043,3.7907657854567987,3.20431448543043,3.7907657854567987,1288,20,1,1287,0.9992236024844721,0.0007763975155279503,78.53981633974483,7.0,16.399325336188895,2.857142857142857,2.857142857142857,0.012732395447351627,16.386592940741544,0.31418983511907816,0.2673411097655094,0.046848725353568765,1,1,1,1,1,1,100.0,100.0,0.0,100.0,100.0,81,4.0,4.0,0.0,4.0,4.0,81,1.201366173718331,1.201366173718331,0.1920017776240996,0.6174688189056704,1.7136731987557452,81,2.019517370016142,2.019517370016142,0.49565049422277546,0.75,3.6784819490210134,81,0.8012737427693075,0.8024635074640515,0.09078087181613989,0.6077581184293633,1.0,81,1.0182479670090923,1.0152385544736318,0.2752523232554317,0.5,1.591477833481668,81,12.7646973924883,11.995171140335708,4.396765375673373,5.924645209806052,25.822452986506946,81,14.871946529837574,14.871946529837576,1.7763568394002505e-15,14.871946529837576,14.871946529837576,81,cases/scenario_10_fieldlike.yaml,scenario_10_fieldlike,fieldlike,mixed,structured,unknown,1,5
scenario_10_fieldlike,50,20,20.5,13.578767067148416,12.231832503664195,14.987859764911772,14.987859764911773,16.164759984544318,15.821127220980971,1.1904438675917997,2.5859929173959024,0.07570892215175973,1.0555961604351256,0.8332674560691995,1290,100.0,100.0,100.0,95.51745426937869,95.20175127978324,3.2857142857142856,23,100.0,0.2,99.98026467728904,2,4.1,P32_derived_Jv_proxy,100.0,100.0,-4.482545730621311,-4.798248720216762,-4.482545730621311,-4.798248720216762,4.482545730621311,4.798248720216762,4.482545730621311,4.798248720216762,1290,23,1,1289,0.9992248062015504,0.0007751937984496124,78.53981633974483,7.0,16.4247901270836,3.2857142857142856,3.2857142857142856,0.012732395447351627,16.412057731636246,0.31279219996511143,0.2916684629381945,0.021123737026916944,1,1,1,1,1,1,100.0,100.0,0.0,100.0,100.0,81,4.0,4.0,0.0,4.0,4.0,81,1.2040461005394136,1.2040461005394136,0.19764356912332437,0.5748344781275633,1.8564086952969372,81,2.008368972330222,2.008368972330222,0.4755758159858451,0.75,3.5725095003837657,81,0.7994913444304069,0.7999326833004284,0.09544963912186753,0.5057842443200987,1.0,81,0.9555357449217797,0.9779056086506612,0.2480471593299317,0.5,1.5139782620778282,81,13.578767067148416,12.231832503664195,4.504383368460153,5.33487527715008,26.756268501408478,81,14.987859764911772,14.987859764911773,1.7763568394002505e-15,14.987859764911773,14.987859764911773,81,cases/scenario_10_fieldlike.yaml,scenario_10_fieldlike,fieldlike,mixed,structured,unknown,1,5
scenario_10_fieldlike,50,30,30.5,13.583445894944825,13.205157445386638,15.183568099918258,15.183568099918258,13.366585602317542,15.240245165155699,0.9840349573808816,-0.2168602926272829,-0.006989473186593154,1.0037327896094295,0.05667706523744087,1292,100.0,100.0,100.0,97.35875701201313,96.48656588321955,2.7142857142857144,19,100.0,0.3,99.95588995549635,3,4.1,P32_derived_Jv_proxy,100.0,100.0,-2.641242987986871,-3.513434116780445,-2.641242987986871,-3.513434116780445,2.641242987986871,3.513434116780445,2.641242987986871,3.513434116780445,1292,19,2,1290,0.9984520123839009,0.0015479876160990713,78.53981633974483,7.0,16.450254917978302,2.7142857142857144,2.7142857142857144,0.025464790894703253,16.4247901270836,0.3070796093710637,0.27399280730551046,0.033086802065553256,1,1,1,1,1,1,100.0,100.0,0.0,100.0,100.0,81,4.0,4.0,0.0,4.0,4.0,81,1.2045558157898428,1.2045558157898428,0.19604990553965598,0.5826621641551134,1.77381961987968,81,1.983321390372543,1.983321390372543,0.5028910639004218,0.75,3.5911758701333234,81,0.8088118795477663,0.8138605172177267,0.09584849353255269,0.5848971614287447,1.0,81,0.9675824403387312,0.9327893628628112,0.24378250646221436,0.5,1.4894734810451185,81,13.583445894944825,13.205157445386638,3.9495929625232686,6.601727107667508,24.714613174020098,81,15.183568099918258,15.183568099918258,0.0,15.183568099918258,15.183568099918258,81,cases/scenario_10_fieldlike.yaml,scenario_10_fieldlike,fieldlike,mixed,structured,unknown,1,5
scenario_10_fieldlike,51,10,10.5,12.37620401537581,11.596281875461392,15.147851262596756,15.147851262596758,11.683211145727777,15.15020153015711,0.9440060240775701,-0.6929928696480339,-0.025025234287418652,1.0001551551780916,0.002350267560354169,1342,99.39072935680242,99.39072935680242,99.39072935680242,96.91555845441313,98.23601564585344,1.7142857142857142,12,99.39072935680242,0.5,99.87908957257498,5,4.1,P32_derived_Jv_proxy,100.0,99.39072935680242,-2.4751709023892943,-1.1547137109489825,-3.08444154558687,-1.763984354146558,2.4751709023892943,1.1547137109489825,3.08444154558687,1.763984354146558,1342,12,1,1341,0.9992548435171386,0.0007451564828614009,78.53981633974483,7.0,17.086874690345883,1.7142857142857142,1.7142857142857142,0.012732395447351627,17.074142294898532,0.3044305833043819,0.26031177294869534,0.044118810355686544,1,1,1,1,1,1,99.39072935680242,99.39072935680242,0.0,99.39072935680242,99.39072935680242,81,4.0,4.0,0.0,4.0,4.0,81,1.2093020548452724,1.2093020548452724,0.19870187375743545,0.5278320596215749,1.8194076614225911,81,1.9836710032355285,1.9836710032355285,0.48722821186056664,0.75,3.6685826450966927,81,0.7838654286524246,0.7939540374680594,0.09992869020360821,0.4749622900598166,1.0,81,1.0485297151903896,1.002223744268108,0.3006532459470663,0.5,1.914870104549414,81,12.37620401537581,11.596281875461392,4.276512783281521,6.051269644795829,23.823864895718835,81,15.147851262596756,15.147851262596758,1.7763568394002505e-15,15.147851262596758,15.147851262596758,81,cases/scenario_10_fieldlike.yaml,scenario_10_fieldlike,fieldlike,mixed,structured,unknown,1,5
scenario_10_fieldlike,51,20,20.5,12.053062020714272,11.118799275367628,15.029580259054907,15.029580259054903,15.23137468820631,16.725201991625198,1.263693380323591,3.1783126674920386,0.1016417105069578,1.1128189678849298,1.6956217325702916,1380,100.0,100.0,100.0,94.22167470103838,96.47504511325441,2.5714285714285716,18,100.0,0.4,99.92210167184162,4,4.1,P32_derived_Jv_proxy,100.0,100.0,-5.778325298961619,-3.52495488674559,-5.778325298961619,-3.52495488674559,5.778325298961619,3.52495488674559,5.778325298961619,3.52495488674559,1380,18,4,1376,0.9971014492753624,0.002898550724637681,78.53981633974483,7.0,17.570705717345245,2.5714285714285716,2.5714285714285716,0.05092958178940651,17.519776135555837,0.313871155606381,0.26311972404931305,0.05075143155706796,0,1,1,1,1,1,100.0,100.0,0.0,100.0,100.0,81,4.0,4.0,0.0,4.0,4.0,81,1.1995675481785621,1.1995675481785621,0.19964787950852214,0.5556866999014513,1.8903180670856188,81,1.9953443933603137,1.9953443933603137,0.5052390045781816,0.75,3.8918383257823796,81,0.8052804417016167,0.8132156741767894,0.10295180223691232,0.56329971100237,1.0,81,1.089130975749321,1.1130928122059145,0.28622072293879447,0.5,1.7619723911493748,81,12.053062020714272,11.118799275367628,4.175284892744882,6.1031126722591615,28.659623814903835,81,15.029580259054907,15.029580259054903,3.552713678800501e-15,15.029580259054903,15.029580259054903,81,cases/scenario_10_fieldlike.yaml,scenario_10_fieldlike,fieldlike,mixed,structured,unknown,1,5
scenario_10_fieldlike,51,30,30.5,13.292933448545185,12.54079515170887,14.754917461078751,14.754917461078755,17.356618846490584,14.563542632620038,1.3057026813287882,4.063685397945399,0.11584429596017887,0.9870297594707981,-0.1913748284587129,1418,99.27249112611076,99.27249112611076,99.27249112611076,93.16432621596785,96.45956416177778,2.5714285714285716,18,99.27249112611076,0.6,99.82704055993037,6,4.1,P32_derived_Jv_proxy,100.0,99.27249112611076,-6.108164910142918,-2.8129269643329877,-6.835673784032153,-3.5404358382222227,6.108164910142918,2.8129269643329877,6.835673784032153,3.5404358382222227,1418,18,1,1417,0.9992947813822285,0.0007052186177715092,78.53981633974483,7.0,18.054536744344606,2.5714285714285716,2.5714285714285716,0.012732395447351627,18.041804348897255,0.31407310507995057,0.2997655561558292,0.014307548924121338,0,1,1,1,1,1,99.27249112611076,99.27249112611076,0.0,99.27249112611076,99.27249112611076,81,4.0,4.0,0.0,4.0,4.0,81,1.1957899164834365,1.1957899164834365,0.20154506306068204,0.5,1.9070858395051054,81,2.0113471353860706,2.0113471353860706,0.5202890974825929,0.75,3.882953374560084,81,0.7987216233867049,0.7980046999951199,0.0977254949045771,0.5775189737373762,1.0,81,0.9760805416804138,0.9275340439524289,0.29537839699062507,0.5,1.732389882030218,81,13.292933448545185,12.54079515170887,4.6226365454840135,6.282816023557245,29.507366932154106,81,14.754917461078751,14.754917461078755,3.552713678800501e-15,14.754917461078755,14.754917461078755,81,cases/scenario_10_fieldlike.yaml,scenario_10_fieldlike,fieldlike,mixed,structured,unknown,1,5
scenario_10_fieldlike,52,10,10.5,12.586301594304095,11.742805976250114,14.970406024413574,14.970406024413574,14.859980445696639,14.56088911949357,1.180647097509684,2.2736788513925443,0.0721201037882675,0.9726449032676757,-0.4095169049200038,1243,100.0,100.0,100.0,91.80324539174025,96.54422948957108,2.7142857142857144,19,100.0,0.9,99.61849919456388,9,4.1,P32_derived_Jv_proxy,100.0,100.0,-8.196754608259752,-3.45577051042892,-8.196754608259752,-3.45577051042892,8.196754608259752,3.45577051042892,8.196754608259752,3.45577051042892,1243,19,2,1241,0.998390989541432,0.0016090104585679806,78.53981633974483,7.0,15.826367541058072,2.7142857142857144,2.7142857142857144,0.025464790894703253,15.800902750163369,0.30846710069680383,0.2628105440419426,0.045656556654861236,1,1,1,1,1,1,100.0,100.0,0.0,100.0,100.0,81,4.0,4.0,0.0,4.0,4.0,81,1.2037648459129147,1.2037648459129147,0.19354032958474054,0.5838558245208384,1.8265013738122886,81,2.0102408110204695,2.0102408110204695,0.4985001217113584,0.75,3.7312106770212505,81,0.8029661202574983,0.7988655099431926,0.0999414618486419,0.5424772832518779,1.0,81,1.0316767392158908,1.034691004443133,0.2762663158812229,0.5,1.8412721425068197,81,12.586301594304095,11.742805976250114,3.973107987417756,6.2912350714955965,23.91353433694291,81,14.970406024413574,14.970406024413574,0.0,14.970406024413574,14.970406024413574,81,cases/scenario_10_fieldlike.yaml,scenario_10_fieldlike,fieldlike,mixed,structured,unknown,1,5
scenario_10_fieldlike,52,20,20.5,13.264226810879302,11.7268609292501,14.961954897493827,14.96195489749383,11.232150887504059,15.553154249569385,0.846800273219956,-2.0320759233752437,-0.07221901052756641,1.0395135098405213,0.5911993520755576,1321,100.0,100.0,100.0,95.02803651562944,94.94394182585508,3.4285714285714284,24,100.0,0.7,99.76613872993647,7,4.1,P32_derived_Jv_proxy,100.0,100.0,-4.971963484370562,-5.056058174144923,-4.971963484370562,-5.056058174144923,4.971963484370562,5.056058174144923,4.971963484370562,5.056058174144923,1321,24,3,1318,0.9977289931869796,0.002271006813020439,78.53981633974483,7.0,16.8194943859515,3.4285714285714284,3.4285714285714284,0.03819718634205488,16.781297199609444,0.3097773843731436,0.32082540930567605,-0.01104802493253243,1,1,1,1,1,1,100.0,100.0,0.0,100.0,100.0,81,4.0,4.0,0.0,4.0,4.0,81,1.2074076763876802,1.2074076763876802,0.20333126953513003,0.6082701267095513,1.864341730519331,81,2.0174631000089507,2.0174631000089507,0.49827461426916286,0.75,3.53271511860878,81,0.7810743103232906,0.7887518242440279,0.11013369955489766,0.5091893079140576,1.0,81,0.9839018720155006,0.9925951799673405,0.29353034361696767,0.5,1.6423598413405756,81,13.264226810879302,11.7268609292501,5.391234610405829,6.49368554061249,29.611083094882183,81,14.961954897493827,14.96195489749383,3.552713678800501e-15,14.96195489749383,14.96195489749383,81,cases/scenario_10_fieldlike.yaml,scenario_10_fieldlike,fieldlike,mixed,structured,unknown,1,5
scenario_10_fieldlike,52,30,30.5,14.099400596851106,12.964871856932236,14.986204512006235,14.986204512006235,17.522457252958638,16.759319956167214,1.242780296410049,3.4230566561075317,0.09439435914020788,1.118316511878671,1.7731154441609789,1347,100.0,100.0,100.0,92.5504705556967,95.93190254586683,3.0,21,100.0,0.6,99.82704055993037,6,4.1,P32_derived_Jv_proxy,100.0,100.0,-7.449529444303295,-4.0680974541331665,-7.449529444303295,-4.0680974541331665,7.449529444303295,4.0680974541331665,7.449529444303295,4.0680974541331665,1347,21,2,1345,0.9985152190051967,0.0014847809948032665,78.53981633974483,7.0,17.150536667582642,3.0,3.0,0.025464790894703253,17.125071876687937,0.3121001162937216,0.3170579002851285,-0.004957783991406894,1,1,1,1,1,1,100.0,100.0,0.0,100.0,100.0,81,4.0,4.0,0.0,4.0,4.0,81,1.204367632556694,1.204367632556694,0.20423135952128935,0.6020050094069387,1.8654981235599606,81,2.009127180254033,2.009127180254033,0.4872283242704761,0.75,3.672535414109145,81,0.7999759789944247,0.8158555489654203,0.1003283673933865,0.534267415660564,1.0,81,0.9325187714664647,0.9361089669648482,0.2643714053272736,0.5,1.4945150714961841,81,14.099400596851106,12.964871856932236,4.968207784148974,7.472603038673101,28.54794700141612,81,14.986204512006235,14.986204512006235,0.0,14.986204512006235,14.986204512006235,81,cases/scenario_10_fieldlike.yaml,scenario_10_fieldlike,fieldlike,mixed,structured,unknown,1,5
scenario_10_fieldlike,53,10,10.5,11.902112167696206,10.422273163737023,14.727176090396451,14.72717609039645,13.323137229444141,14.291974159138686,1.119392679360288,1.421025061747935,0.048982462367185065,0.9704490576749769,-0.4352019312577653,1422,99.40806585469481,99.40806585469481,99.40806585469481,91.29787366120782,93.84797944629459,3.857142857142857,27,99.40806585469481,0.4,99.92210167184162,4,4.1,P32_derived_Jv_proxy,100.0,99.40806585469481,-8.110192193486995,-5.560086408400224,-8.702126338792183,-6.1520205537054125,8.110192193486995,5.560086408400224,8.702126338792183,6.1520205537054125,1422,27,2,1420,0.9985935302390999,0.0014064697609001407,78.53981633974483,7.0,18.105466326134014,3.857142857142857,3.857142857142857,0.025464790894703253,18.08000153523931,0.3055200108101104,0.277455273726545,0.028064737083565383,1,1,1,1,1,1,99.40806585469481,99.40806585469481,0.0,99.40806585469481,99.40806585469481,81,4.0,4.0,0.0,4.0,4.0,81,1.200492143063381,1.200492143063381,0.20696579712587668,0.5630096163742117,1.8984636204988707,81,2.025822895088296,2.025822895088296,0.49841918965614807,0.75,3.757634041393654,81,0.7815469191546549,0.7704193526014428,0.09602806482868793,0.577922385128754,1.0,81,1.0500208240749493,1.091025868931795,0.26337482813577845,0.5,1.6262270746414123,81,11.902112167696206,10.422273163737023,4.397755143368687,6.833451803486747,29.4543521807929,81,14.727176090396451,14.72717609039645,1.7763568394002505e-15,14.72717609039645,14.72717609039645,81,cases/scenario_10_fieldlike.yaml,scenario_10_fieldlike,fieldlike,mixed,structured,unknown,1,5
scenario_10_fieldlike,53,20,20.5,13.94146873062063,12.655290089412325,15.059540033510412,15.05954003351041,13.389285915337425,15.11884544905448,0.9603927802764133,-0.5521828152832047,-0.01755111339832971,1.003938062876562,0.059305415544066875,1346,100.0,100.0,100.0,98.59307814753447,97.08854757954468,2.2857142857142856,16,100.0,0.7,99.76613872993647,7,4.1,P32_derived_Jv_proxy,100.0,100.0,-1.4069218524655298,-2.911452420455319,-1.4069218524655298,-2.911452420455319,1.4069218524655298,2.911452420455319,1.4069218524655298,2.911452420455319,1346,16,1,1345,0.9992570579494799,0.0007429420505200594,78.53981633974483,7.0,17.13780427213529,2.2857142857142856,2.2857142857142856,0.012732395447351627,17.125071876687937,0.3108402649524964,0.31610397050839356,-0.005263705555897169,1,1,1,1,1,1,100.0,100.0,0.0,100.0,100.0,81,4.0,4.0,0.0,4.0,4.0,81,1.2036449682420336,1.2036449682420336,0.20157401814332127,0.6098632100247399,1.9310199754117487,81,1.9981436444335106,1.9981436444335106,0.4910008140916682,0.75,3.7639949770026764,81,0.7885809337883731,0.7842033611490626,0.10554323536285222,0.48466954656430067,1.0,81,0.9653463163362846,0.9575334951927542,0.3235661024319136,0.5,1.7677804597321345,81,13.94146873062063,12.655290089412325,5.528505671663624,5.466050594407665,27.635392825928985,81,15.059540033510412,15.05954003351041,1.7763568394002505e-15,15.05954003351041,15.05954003351041,81,cases/scenario_10_fieldlike.yaml,scenario_10_fieldlike,fieldlike,mixed,structured,unknown,1,5
scenario_10_fieldlike,53,30,30.5,12.816976780653007,12.251444713109793,14.956553998653934,14.956553998653938,9.824883780489609,12.891016905343823,0.7665523585343536,-2.9920930001633987,-0.11545817577901196,0.8618975270977522,-2.0655370933101107,1306,100.0,100.0,100.0,90.38554542033334,93.84797944629456,3.857142857142857,27,100.0,0.5,99.87908957257498,5,4.1,P32_derived_Jv_proxy,100.0,100.0,-9.614454579666656,-6.152020553705441,-9.614454579666656,-6.152020553705441,9.614454579666656,6.152020553705441,9.614454579666656,6.152020553705441,1306,27,1,1305,0.9992343032159265,0.0007656967840735069,78.53981633974483,7.0,16.628508454241224,3.857142857142857,3.857142857142857,0.012732395447351627,16.615776058793873,0.3119244559339619,0.24631064114740786,0.06561381478655404,0,1,1,1,1,1,100.0,100.0,0.0,100.0,100.0,81,4.0,4.0,0.0,4.0,4.0,81,1.1904505385975683,1.1904505385975683,0.20491751240353123,0.6019716890573744,1.8257672681511556,81,1.9898476258379882,1.9898476258379882,0.49726362535855545,0.75,3.755252222435831,81,0.7918693297694279,0.7969357561123706,0.10118138027772673,0.5096404005600609,0.9698551146602745,81,1.0155449253031117,0.9585013099142662,0.30263822975242777,0.5,1.6167859127721582,81,12.816976780653007,12.251444713109793,4.414210585626028,6.374933146291256,26.462985794426434,81,14.956553998653934,14.956553998653938,3.552713678800501e-15,14.956553998653938,14.956553998653938,81,cases/scenario_10_fieldlike.yaml,scenario_10_fieldlike,fieldlike,mixed,structured,unknown,1,5
scenario_10_fieldlike,54,10,10.5,12.713106910031925,12.099521512274826,14.978524720979438,14.978524720979436,10.55341575777636,12.973068504547197,0.8301209006154624,-2.159691152255565,-0.08085865142345616,0.8661112323282859,-2.0054562164322416,1302,100.0,100.0,100.0,96.40770008845503,97.49786293498677,2.142857142857143,15,100.0,0.3,99.95588995549635,3,4.1,P32_derived_Jv_proxy,100.0,100.0,-3.59229991154497,-2.5021370650132297,-3.59229991154497,-2.5021370650132297,3.59229991154497,2.5021370650132297,3.59229991154497,2.5021370650132297,1302,15,2,1300,0.9984639016897081,0.0015360983102918587,78.53981633974483,7.0,16.577578872451816,2.142857142857143,2.142857142857143,0.025464790894703253,16.552114081557114,0.3129122292177797,0.2697098639800838,0.04320236523769594,1,1,1,1,1,1,100.0,100.0,0.0,100.0,100.0,81,4.0,4.0,0.0,4.0,4.0,81,1.1931083339635953,1.1931083339635953,0.20123500456623228,0.5872169037537425,1.9452483203981032,81,1.991364897726688,1.991364897726688,0.4991544682875708,0.75,4.056407500164531,81,0.8078119727822491,0.8089250558464265,0.09648407754777928,0.5335741910550436,1.0,81,1.0288467230446088,1.0323607100823244,0.2723958964152607,0.5,1.712812935228443,81,12.713106910031925,12.099521512274826,4.197699368129383,6.468591906910921,28.363805240864192,81,14.978524720979438,14.978524720979436,1.7763568394002505e-15,14.978524720979436,14.978524720979436,81,cases/scenario_10_fieldlike.yaml,scenario_10_fieldlike,fieldlike,mixed,structured,unknown,1,5
scenario_10_fieldlike,54,20,20.5,11.964215734315513,10.954199924656596,14.83216226347473,14.83216226347473,12.423131578133004,14.230224546500597,1.038357369509916,0.4589158438174916,0.016346849557742793,0.9594167252028757,-0.6019377169741329,1341,100.0,100.0,100.0,94.73152666955714,94.76891980503082,3.2857142857142856,23,100.0,0.3,99.95588995549635,3,4.1,P32_derived_Jv_proxy,100.0,100.0,-5.268473330442859,-5.231080194969181,-5.268473330442859,-5.231080194969181,5.268473330442859,5.231080194969181,5.268473330442859,5.231080194969181,1341,23,1,1340,0.9992542878448919,0.0007457121551081282,78.53981633974483,7.0,17.074142294898532,3.2857142857142856,3.2857142857142856,0.012732395447351627,17.06140989945118,0.3126985712304736,0.281454760063509,0.03124381116696462,1,1,1,1,1,1,100.0,100.0,0.0,100.0,100.0,81,4.0,4.0,0.0,4.0,4.0,81,1.193494713485629,1.193494713485629,0.1963652628256263,0.6252178135408584,1.8437843095408013,81,2.011666762210214,2.011666762210214,0.49625556843870017,0.75,3.7799289412260086,81,0.7855038277716311,0.7832084502946978,0.09248378655519528,0.5734072022454373,0.9844770300577768,81,1.0479640595703046,1.0616906362666911,0.27001707968438077,0.5,1.8396691409692576,81,11.964215734315513,10.954199924656596,3.7809493156531357,6.647231299525269,23.767463151002797,81,14.83216226347473,14.83216226347473,0.0,14.83216226347473,14.83216226347473,81,cases/scenario_10_fieldlike.yaml,scenario_10_fieldlike,fieldlike,mixed,structured,unknown,1,5
scenario_10_fieldlike,54,30,30.5,13.324116088651131,11.988728101635528,14.921841795777786,14.921841795777786,16.11908874646337,15.622974705418361,1.2097679605323213,2.794972657812238,0.08270207847826638,1.046987022060438,0.7011329096405756,1309,100.0,100.0,100.0,96.10750043194484,94.08913242616006,3.7142857142857144,26,100.0,0.2,99.98026467728904,2,4.1,P32_derived_Jv_proxy,100.0,100.0,-3.8924995680551575,-5.910867573839937,-3.8924995680551575,-5.910867573839937,3.8924995680551575,5.910867573839937,3.8924995680551575,5.910867573839937,1309,26,0,1309,1.0,0.0,78.53981633974483,7.0,16.66670564058328,3.7142857142857144,3.7142857142857144,0.0,16.66670564058328,0.3089976031251135,0.2981939449888922,0.010803658136221306,1,1,1,1,1,1,100.0,100.0,0.0,100.0,100.0,81,4.0,4.0,0.0,4.0,4.0,81,1.1986678853196886,1.1986678853196886,0.20101182965914005,0.5789832079759616,1.8597405017013608,81,2.0082438577703896,2.0082438577703896,0.4987939353409233,0.75,5.138157666935326,81,0.7993164253925964,0.7990642605031754,0.10487203939701423,0.5067266883373909,1.0,81,0.9869707952797963,0.9633611234529782,0.3056210202370006,0.5,1.8362575040963869,81,13.324116088651131,11.988728101635528,4.689811228902757,6.032185367616148,27.857797843745004,81,14.921841795777786,14.921841795777786,0.0,14.921841795777786,14.921841795777786,81,cases/scenario_10_fieldlike.yaml,scenario_10_fieldlike,fieldlike,mixed,structured,unknown,1,5
scenario_10_fieldlike,55,10,10.5,12.063597585365631,11.104437268329578,14.680510891871446,14.680510891871446,13.349454219696517,14.609252052061493,1.106589814956258,1.2858566343308855,0.043986668653616334,0.9951460245263393,-0.0712588398099534,1317,98.70940393325084,98.70940393325084,98.70940393325084,90.8507897649862,92.55917093829612,4.285714285714286,30,98.70940393325084,0.6,99.82704055993037,6,4.1,P32_derived_Jv_proxy,100.0,98.70940393325084,-7.858614168264637,-6.15023299495472,-9.149210235013797,-7.44082906170388,7.858614168264637,6.15023299495472,9.149210235013797,7.44082906170388,1317,30,0,1317,1.0,0.0,78.53981633974483,7.0,16.768564804162093,4.285714285714286,4.285714285714286,0.0,16.768564804162093,0.30861088700219685,0.30357139658771826,0.005039490414478598,1,1,1,1,1,1,98.70940393325084,98.70940393325084,0.0,98.70940393325084,98.70940393325084,81,4.0,4.0,0.0,4.0,4.0,81,1.1931647118737272,1.1931647118737272,0.2016092735682564,0.5503079409840017,1.965820069755452,81,2.0056621048600074,2.0056621048600074,0.4961608938486483,0.75,3.963018869992257,81,0.7989508974061292,0.8060861644536488,0.11470062755130633,0.5306346758404765,1.0,81,1.0488390311236087,1.0336423033437352,0.29021690568682945,0.5,1.7958886582742033,81,12.063597585365631,11.104437268329578,3.877130001549278,5.813750848775178,24.111511519642644,81,14.680510891871446,14.680510891871446,0.0,14.680510891871446,14.680510891871446,81,cases/scenario_10_fieldlike.yaml,scenario_10_fieldlike,fieldlike,mixed,structured,unknown,1,5
scenario_10_fieldlike,55,20,20.5,13.674078760107186,11.900594303971188,14.944451138366073,14.944451138366071,13.069908610109184,14.20191077884754,0.9558163909542038,-0.6041701499980014,-0.01962552619027491,0.9503133067488674,-0.742540359518534,1320,100.0,100.0,100.0,97.60440292063824,99.02148671569253,1.1428571428571428,8,100.0,0.5,99.87908957257498,5,4.1,P32_derived_Jv_proxy,100.0,100.0,-2.395597079361764,-0.9785132843074678,-2.395597079361764,-0.9785132843074678,2.395597079361764,0.9785132843074678,2.395597079361764,0.9785132843074678,1320,8,0,1320,1.0,0.0,78.53981633974483,7.0,16.806761990504146,1.1428571428571428,1.1428571428571428,0.0,16.806761990504146,0.3123424090177379,0.2943549027950685,0.017987506222669425,1,1,1,1,1,1,100.0,100.0,0.0,100.0,100.0,81,4.0,4.0,0.0,4.0,4.0,81,1.1938399710280165,1.1938399710280165,0.19984627271199656,0.5,1.8767246689504562,81,1.9971291685031118,1.9971291685031118,0.490693251521892,0.75,3.260967333481191,81,0.8010471372126292,0.7944372582919701,0.08488077615597643,0.5958170217276738,1.0,81,0.9707604475528432,0.9928709735218786,0.29156754547026437,0.5,1.7580939475872595,81,13.674078760107186,11.900594303971188,5.017910733569498,7.338570513484448,29.888902276732143,81,14.944451138366073,14.944451138366071,1.7763568394002505e-15,14.944451138366071,14.944451138366071,81,cases/scenario_10_fieldlike.yaml,scenario_10_fieldlike,fieldlike,mixed,structured,unknown,1,5
scenario_10_fieldlike,55,30,30.5,13.078400818423834,12.282928582747582,14.876353948880588,14.876353948880586,15.575540665921077,14.18053685575292,1.19093617653769,2.497139847497243,0.0758884878302113,0.9532266376883277,-0.695817093127669,1367,100.0,100.0,100.0,96.56718722752369,95.03877196701363,3.0,21,100.0,0.3,99.95588995549635,3,4.1,P32_derived_Jv_proxy,100.0,100.0,-3.4328127724763107,-4.961228032986369,-3.4328127724763107,-4.961228032986369,3.4328127724763107,4.961228032986369,3.4328127724763107,4.961228032986369,1367,21,2,1365,0.9985369422092173,0.001463057790782736,78.53981633974483,7.0,17.405184576529674,3.0,3.0,0.025464790894703253,17.379719785634972,0.3084985008108615,0.2947214573021194,0.013777043508742093,1,1,1,1,1,1,100.0,100.0,0.0,100.0,100.0,81,4.0,4.0,0.0,4.0,4.0,81,1.1954884644526096,1.1954884644526096,0.19696902733887053,0.6214318742630205,1.9149521721938016,81,2.009041443489195,2.009041443489195,0.4962957871333509,0.75,4.648269099859989,81,0.8038330925410956,0.8132630357124913,0.09222684588255507,0.5662557170820526,1.0,81,0.983951961308957,0.9627312064317265,0.25845668368527064,0.5,1.705656508152421,81,13.078400818423834,12.282928582747582,4.068655106006598,6.292452963600779,28.165431801788614,81,14.876353948880588,14.876353948880586,1.7763568394002505e-15,14.876353948880586,14.876353948880586,81,cases/scenario_10_fieldlike.yaml,scenario_10_fieldlike,fieldlike,mixed,structured,unknown,1,5
scenario_10_fieldlike,56,10,10.5,12.78174217580644,11.746328197996252,15.087700192763974,15.08770019276397,10.465015262671624,13.266528674835545,0.8187471722344731,-2.316726913134815,-0.08685018695140978,0.8792942930558855,-1.8211715179284287,1369,100.0,100.0,100.0,95.36278489672004,96.23989609945296,2.7142857142857144,19,100.0,0.3,99.95588995549635,3,4.1,P32_derived_Jv_proxy,100.0,100.0,-4.6372151032799565,-3.760103900547037,-4.6372151032799565,-3.760103900547037,4.6372151032799565,3.760103900547037,4.6372151032799565,3.760103900547037,1369,19,0,1369,1.0,0.0,78.53981633974483,7.0,17.430649367424376,2.7142857142857144,2.7142857142857144,0.0,17.430649367424376,0.3132375145426881,0.29214544547397336,0.021092069068714747,1,1,1,1,1,1,100.0,100.0,0.0,100.0,100.0,81,4.0,4.0,0.0,4.0,4.0,81,1.1966305671653237,1.1966305671653237,0.19646299348338842,0.6212548316126097,1.8706738737248323,81,1.9827915319712297,1.9827915319712297,0.4834969581031306,0.75,3.594202429810235,81,0.7823589503379773,0.790194484838452,0.09917952678137605,0.518969045191373,0.9820108223489054,81,1.0079947474217688,1.007768193717179,0.27464169171945974,0.5,1.720549897063656,81,12.78174217580644,11.746328197996252,4.56038354184518,6.430236423369254,29.25205096317593,81,15.087700192763974,15.08770019276397,3.552713678800501e-15,15.08770019276397,15.08770019276397,81,cases/scenario_10_fieldlike.yaml,scenario_10_fieldlike,fieldlike,mixed,structured,unknown,1,5
scenario_10_fieldlike,56,20,20.5,12.899576963820246,11.7521717592076,14.805248510354367,14.805248510354366,10.33706239588906,13.845403362228405,0.8013489453864779,-2.5625145679311867,-0.0961783302876904,0.9351685892030334,-0.9598451481259627,1344,100.0,100.0,100.0,91.24417494927131,94.87808909813059,3.142857142857143,22,100.0,0.5,99.87908957257498,5,4.1,P32_derived_Jv_proxy,100.0,100.0,-8.755825050728689,-5.121910901869413,-8.755825050728689,-5.121910901869413,8.755825050728689,5.121910901869413,8.755825050728689,5.121910901869413,1344,22,2,1342,0.9985119047619048,0.001488095238095238,78.53981633974483,7.0,17.112339481240586,3.142857142857143,3.142857142857143,0.025464790894703253,17.086874690345883,0.31479948834520766,0.315815308549278,-0.0010158202040703168,1,1,1,1,1,1,100.0,100.0,0.0,100.0,100.0,81,4.0,4.0,0.0,4.0,4.0,81,1.1981613475955675,1.1981613475955675,0.1962712085796167,0.6057006502361437,1.8590999221978333,81,2.0232037083970726,2.0232037083970726,0.5021822169529816,0.75,3.8535384917348017,81,0.7839745673627838,0.7772247290095319,0.10132556908802029,0.534042146369163,1.0,81,0.9845532428375287,0.9704414837310807,0.27252122245815147,0.5,1.6625981315246559,81,12.899576963820246,11.7521717592076,4.708787337440058,6.425363373733409,29.61049702070873,81,14.805248510354367,14.805248510354366,1.7763568394002505e-15,14.805248510354366,14.805248510354366,81,cases/scenario_10_fieldlike.yaml,scenario_10_fieldlike,fieldlike,mixed,structured,unknown,1,5
scenario_10_fieldlike,56,30,30.5,13.03281396064924,12.07921388735037,15.010401351884529,15.010401351884529,13.593099760017436,13.475302832013218,1.0429903934069726,0.5602857993681969,0.01828030832149219,0.8977310143889936,-1.53509851987131,1295,100.0,100.0,100.0,94.07243392902576,95.74841317235288,3.142857142857143,22,100.0,0.4,99.92210167184162,4,4.1,P32_derived_Jv_proxy,100.0,100.0,-5.927566070974237,-4.251586827647117,-5.927566070974237,-4.251586827647117,5.927566070974237,4.251586827647117,5.927566070974237,4.251586827647117,1295,22,2,1293,0.9984555984555985,0.0015444015444015444,78.53981633974483,7.0,16.488452104320356,3.142857142857143,3.142857142857143,0.025464790894703253,16.462987313425653,0.3103369748221394,0.2923625260556204,0.01797444876651899,1,1,1,1,1,1,100.0,100.0,0.0,100.0,100.0,81,4.0,4.0,0.0,4.0,4.0,81,1.2031502446051083,1.2031502446051083,0.20284468105504058,0.5711245930612419,1.9582019795530603,81,2.0038608835300313,2.0038608835300313,0.49326993899792554,0.75,3.4751552157763834,81,0.7909837137334307,0.8027262606453777,0.09965502542811723,0.5284697563760429,1.0,81,0.9851134274768893,0.9662617085633743,0.2759374895387308,0.5135505301536576,1.6210734816791847,81,13.03281396064924,12.07921388735037,4.083854741988456,6.203752767353135,24.948369442017075,81,15.010401351884529,15.010401351884529,0.0,15.010401351884529,15.010401351884529,81,cases/scenario_10_fieldlike.yaml,scenario_10_fieldlike,fieldlike,mixed,structured,unknown,1,5
scenario_10_fieldlike,57,10,10.5,12.117894208123568,11.006442886807694,15.067071557778487,15.067071557778489,9.002676983998208,12.05174313144544,0.7429242102116235,-3.1152172241253595,-0.12905548875052042,0.799872960397778,-3.0153284263330473,1274,100.0,100.0,100.0,97.67424088854231,97.78267411035668,2.142857142857143,15,100.0,0.2,99.98026467728904,2,4.1,P32_derived_Jv_proxy,100.0,100.0,-2.3257591114576854,-2.2173258896433197,-2.3257591114576854,-2.2173258896433197,2.3257591114576854,2.2173258896433197,2.3257591114576854,2.2173258896433197,1274,15,1,1273,0.9992150706436421,0.0007849293563579278,78.53981633974483,7.0,16.221071799925973,2.142857142857143,2.142857142857143,0.012732395447351627,16.20833940447862,0.30651790040184523,0.30814378227486405,-0.0016258818730188196,0,1,1,0,1,1,100.0,100.0,0.0,100.0,100.0,81,4.0,4.0,0.0,4.0,4.0,81,1.201668717434765,1.201668717434765,0.20534113217945893,0.5352638031263774,1.8531242571623319,81,1.9938657502665051,1.9938657502665051,0.49892253563921357,0.75,3.806437230463238,81,0.7675328810866332,0.7781820495681833,0.10397211786747748,0.4939238133708671,0.9771729962436889,81,1.0279861806934314,0.9710968011849007,0.2769149055711802,0.5,1.7197434001525769,81,12.117894208123568,11.006442886807694,3.844478523370302,5.410056669249536,28.507263875429846,81,15.067071557778487,15.067071557778489,1.7763568394002505e-15,15.067071557778489,15.067071557778489,81,cases/scenario_10_fieldlike.yaml,scenario_10_fieldlike,fieldlike,mixed,structured,unknown,1,5
scenario_10_fieldlike,57,20,20.5,12.244352036437068,10.891806067199548,14.944588118889927,14.944588118889932,13.8201476544518,15.385747155291407,1.12869571320111,1.5757956180147321,0.0525768755925109,1.029519651722208,0.4411590364014799,1361,100.0,100.0,100.0,95.46042930615548,97.05236889073383,2.2857142857142856,16,100.0,0.6,99.82704055993037,6,4.1,P32_derived_Jv_proxy,100.0,100.0,-4.539570693844524,-2.947631109266169,-4.539570693844524,-2.947631109266169,4.539570693844524,2.947631109266169,4.539570693844524,2.947631109266169,1361,16,1,1360,0.9992652461425422,0.0007347538574577516,78.53981633974483,7.0,17.328790203845564,2.2857142857142856,2.2857142857142856,0.012732395447351627,17.316057808398213,0.3130197791756437,0.2700941859700524,0.042925593205591306,1,1,1,1,1,1,100.0,100.0,0.0,100.0,100.0,81,4.0,4.0,0.0,4.0,4.0,81,1.2000199703660055,1.2000199703660055,0.20097996542685614,0.5481029034368345,1.8674849033910579,81,2.00744905249209,2.00744905249209,0.5129598634060936,0.75,3.4760749139803586,81,0.8056996426005038,0.8041431732607716,0.0931551154289102,0.5145380159768163,1.0,81,1.0840527989705073,1.0751959818866281,0.3102090218596026,0.5,1.8316133841926443,81,12.244352036437068,10.891806067199548,4.6841842312728375,5.158287027141215,27.9927048413784,81,14.944588118889927,14.944588118889932,5.329070518200751e-15,14.944588118889932,14.944588118889932,81,cases/scenario_10_fieldlike.yaml,scenario_10_fieldlike,fieldlike,mixed,structured,unknown,1,5
scenario_10_fieldlike,57,30,30.5,13.12089984847648,11.75278523417559,15.04101057693833,15.041010576938332,12.8899427383575,15.66020986215006,0.9823977689955619,-0.23095711011898068,-0.007712632475318948,1.0411673990949197,0.6191992852117298,1291,100.0,100.0,100.0,96.83448875027332,96.63572798213745,2.4285714285714284,17,100.0,0.3,99.95588995549635,3,4.1,P32_derived_Jv_proxy,100.0,100.0,-3.165511249726677,-3.3642720178625467,-3.165511249726677,-3.3642720178625467,3.165511249726677,3.3642720178625467,3.165511249726677,3.3642720178625467,1291,17,1,1290,0.9992254066615027,0.000774593338497289,78.53981633974483,7.0,16.43752252253095,2.4285714285714284,2.4285714285714284,0.012732395447351627,16.4247901270836,0.30920165512862896,0.29104945671430915,0.01815219841431981,1,1,1,1,1,1,100.0,100.0,0.0,100.0,100.0,81,4.0,4.0,0.0,4.0,4.0,81,1.2111283340281322,1.2111283340281322,0.2058537869991114,0.5,2.242310511977008,81,2.013043485065255,2.013043485065255,0.5008214229589555,0.75,3.4954320222304927,81,0.8133236905771883,0.8219256217903097,0.09648548043687577,0.514780940865292,1.0,81,1.0096679254734195,1.0157515080738397,0.26678014344698847,0.5,1.7454823329804523,81,13.12089984847648,11.75278523417559,4.268768883340482,6.366562801622286,24.781128855154574,81,15.04101057693833,15.041010576938332,1.7763568394002505e-15,15.041010576938332,15.041010576938332,81,cases/scenario_10_fieldlike.yaml,scenario_10_fieldlike,fieldlike,mixed,structured,unknown,1,5
scenario_10_fieldlike,58,10,10.5,13.04269585304509,12.233992601558748,14.839867950603011,14.839867950603015,14.639552829280586,16.78538758123705,1.1224330456086404,1.596856976235495,0.050160444294554685,1.1311008721310747,1.9455196306340383,1335,100.0,100.0,100.0,96.1169441027473,96.97020131907581,2.5714285714285716,18,100.0,0.4,99.92210167184162,4,4.1,P32_derived_Jv_proxy,100.0,100.0,-3.883055897252703,-3.0297986809241877,-3.883055897252703,-3.0297986809241877,3.883055897252703,3.0297986809241877,3.883055897252703,3.0297986809241877,1335,18,2,1333,0.998501872659176,0.00149812734082397,78.53981633974483,7.0,16.997747922214423,2.5714285714285716,2.5714285714285716,0.025464790894703253,16.972283131319717,0.3095445388597643,0.3098777086664062,-0.00033316980664188645,1,1,1,1,1,1,100.0,100.0,0.0,100.0,100.0,81,4.0,4.0,0.0,4.0,4.0,81,1.1953468220356018,1.1953468220356018,0.20204817844288228,0.5,1.9341929278514227,81,2.01374234934993,2.01374234934993,0.5142552921866657,0.75,3.7159701667879093,81,0.7945642768717542,0.7908608889832331,0.10042331260478594,0.565290153295367,1.0,81,0.9864336966394676,0.9952123648700024,0.2767350535634709,0.5,1.5851328271450498,81,13.04269585304509,12.233992601558748,4.424892712019063,6.32304018990753,26.804921393054354,81,14.839867950603011,14.839867950603015,3.552713678800501e-15,14.839867950603015,14.839867950603015,81,cases/scenario_10_fieldlike.yaml,scenario_10_fieldlike,fieldlike,mixed,structured,unknown,1,5
scenario_10_fieldlike,58,20,20.5,13.288845561454586,12.222396601030862,14.682160622450173,14.682160622450175,9.513240185387648,12.29192414077418,0.7158816122433992,-3.775605376066938,-0.14515879249735475,0.8372013123176753,-2.390236481675993,1372,99.48474290046387,99.48474290046387,99.48474290046387,89.84757763745245,92.73536059267141,4.285714285714286,30,99.48474290046387,1.2,99.33508891232165,12,4.1,P32_derived_Jv_proxy,100.0,99.48474290046387,-9.637165263011426,-6.749382307792459,-10.152422362547554,-7.264639407328588,9.637165263011426,6.749382307792459,10.152422362547554,7.264639407328588,1372,30,1,1371,0.999271137026239,0.0007288629737609329,78.53981633974483,7.0,17.468846553766433,4.285714285714286,4.285714285714286,0.012732395447351627,17.45611415831908,0.31164470538771494,0.2904213396061758,0.02122336578153916,0,1,1,1,1,1,99.48474290046387,99.48474290046387,0.0,99.48474290046387,99.48474290046387,81,4.0,4.0,0.0,4.0,4.0,81,1.1996675316816108,1.1996675316816108,0.19630345390643403,0.5774527198448163,1.7933976970394683,81,2.032204575069247,2.032204575069247,0.4928114695695563,0.75,3.741172684215771,81,0.8139883949857611,0.8200378291660119,0.09967076970262026,0.4418658359336589,1.0,81,0.9742854931556376,0.9741720709796667,0.2638048489653771,0.5,1.6886986498735663,81,13.288845561454586,12.222396601030862,4.271940559797813,5.886147731909254,24.50068537120767,81,14.682160622450173,14.682160622450175,1.7763568394002505e-15,14.682160622450175,14.682160622450175,81,cases/scenario_10_fieldlike.yaml,scenario_10_fieldlike,fieldlike,mixed,structured,unknown,1,5
scenario_10_fieldlike,58,30,30.5,12.821665532614464,12.090061670537743,15.083368489214111,15.083368489214113,11.90670956905174,14.73218767276793,0.9286398509432842,-0.9149559635627238,-0.03215268328732157,0.9767173482039304,-0.35118081644618115,1287,99.55810266129464,99.55810266129464,99.55810266129464,96.76217630819097,96.97020131907581,2.5714285714285716,18,99.55810266129464,0.7,99.76613872993647,7,4.1,P32_derived_Jv_proxy,100.0,99.55810266129464,-2.795926353103667,-2.587901342218828,-3.2378236918090266,-3.0297986809241877,2.795926353103667,2.587901342218828,3.2378236918090266,3.0297986809241877,1287,18,2,1285,0.9984459984459985,0.001554001554001554,78.53981633974483,7.0,16.386592940741544,2.5714285714285716,2.5714285714285716,0.025464790894703253,16.36112814984684,0.3138582031926669,0.34033234715897587,-0.026474143966308983,1,1,1,1,1,1,99.55810266129464,99.55810266129464,0.0,99.55810266129464,99.55810266129464,81,4.0,4.0,0.0,4.0,4.0,81,1.2038394332468256,1.2038394332468256,0.20116889886712616,0.5845445719056397,1.8720223229826627,81,1.9864921083212703,1.9864921083212703,0.4996511443531581,0.75,3.5380869097169327,81,0.7824229526264782,0.7733088624105505,0.0864842389868813,0.6256124130614316,0.9971396888583199,81,1.005426175052472,0.9797078229311897,0.3067216535272064,0.5,1.8057045676403,81,12.821665532614464,12.090061670537743,3.9952034734414137,6.66316305252338,24.178924949863934,81,15.083368489214111,15.083368489214113,1.7763568394002505e-15,15.083368489214113,15.083368489214113,81,cases/scenario_10_fieldlike.yaml,scenario_10_fieldlike,fieldlike,mixed,structured,unknown,1,5
scenario_10_fieldlike,59,10,10.5,13.878485008074627,12.408890724446202,14.965952700521708,14.965952700521704,11.562512870072501,13.905360435032014,0.8331250034384392,-2.3159721380021256,-0.07928983144966328,0.9291329936214002,-1.060592265489694,1314,100.0,100.0,100.0,92.41878646269785,96.10006492144342,3.0,21,100.0,0.2,99.98026467728904,2,4.1,P32_derived_Jv_proxy,100.0,100.0,-7.581213537302148,-3.899935078556581,-7.581213537302148,-3.899935078556581,7.581213537302148,3.899935078556581,7.581213537302148,3.899935078556581,1314,21,1,1313,0.9992389649923896,0.00076103500761035,78.53981633974483,7.0,16.730367617820036,3.0,3.0,0.012732395447351627,16.717635222372685,0.3128324331563992,0.30490804488527223,0.007924388271126959,1,1,1,1,1,1,100.0,100.0,0.0,100.0,100.0,81,4.0,4.0,0.0,4.0,4.0,81,1.1879863667822324,1.1879863667822324,0.19660597181261943,0.5846935395515853,1.8671359072738904,81,1.98448169414036,1.98448169414036,0.48333322978036475,0.75,3.6338362231354395,81,0.8130405187327883,0.8123228055296912,0.09551365385189381,0.6032056496829452,1.0,81,0.9821721963761928,0.9944736755353183,0.319658413380919,0.5,1.7409281234417469,81,13.878485008074627,12.408890724446202,5.138086153497043,6.339699851091755,28.193797724442195,81,14.965952700521708,14.965952700521704,3.552713678800501e-15,14.965952700521704,14.965952700521704,81,cases/scenario_10_fieldlike.yaml,scenario_10_fieldlike,fieldlike,mixed,structured,unknown,1,5
scenario_10_fieldlike,59,20,20.5,13.574528576404665,11.913771277676632,14.900533164368527,14.900533164368527,11.851628004306988,12.677104190031235,0.8730784231363707,-1.7229005720976769,-0.0589467446040608,0.8507819183508043,-2.223428974337292,1321,100.0,100.0,100.0,89.13702438134985,94.29144228877784,3.5714285714285716,25,100.0,0.7,99.76613872993647,7,4.1,P32_derived_Jv_proxy,100.0,100.0,-10.862975618650154,-5.708557711222156,-10.862975618650154,-5.708557711222156,10.862975618650154,5.708557711222156,10.862975618650154,5.708557711222156,1321,25,0,1321,1.0,0.0,78.53981633974483,7.0,16.8194943859515,3.5714285714285716,3.5714285714285716,0.0,16.8194943859515,0.30723902282373317,0.3082272622286787,-0.0009882394049455234,1,1,1,1,1,1,100.0,100.0,0.0,100.0,100.0,81,4.0,4.0,0.0,4.0,4.0,81,1.2073613762900581,1.2073613762900581,0.19547486033633843,0.5,1.8907058078914094,81,2.0257016359273767,2.0257016359273767,0.48540413858584547,0.75,3.5269479241726724,81,0.8064984090047714,0.8063037614304853,0.09371386562571783,0.550097108216108,1.0,81,0.9662480803455146,0.9807074574874064,0.2731505887278854,0.5,1.6720256894770706,81,13.574528576404665,11.913771277676632,4.574158393124334,6.9753413657372025,25.899901071480944,81,14.900533164368527,14.900533164368527,0.0,14.900533164368527,14.900533164368527,81,cases/scenario_10_fieldlike.yaml,scenario_10_fieldlike,fieldlike,mixed,structured,unknown,1,5
scenario_10_fieldlike,59,30,30.5,13.642370153940897,12.139644627796399,14.875794559714164,14.875794559714164,10.372023422505078,15.204764517862634,0.760280164331188,-3.2703467314358186,-0.11902634008523827,1.0221144461781806,0.32896995814846974,1302,100.0,100.0,100.0,92.14804542153222,94.72611728871003,3.2857142857142856,23,100.0,1.0,99.53211598395555,10,4.1,P32_derived_Jv_proxy,100.0,100.0,-7.851954578467783,-5.273882711289971,-7.851954578467783,-5.273882711289971,7.851954578467783,5.273882711289971,7.851954578467783,5.273882711289971,1302,23,1,1301,0.999231950844854,0.0007680491551459293,78.53981633974483,7.0,16.577578872451816,3.2857142857142856,3.2857142857142856,0.012732395447351627,16.564846477004465,0.3106581362019155,0.3008106627603139,0.00984747344160164,0,1,1,1,1,1,100.0,100.0,0.0,100.0,100.0,81,4.0,4.0,0.0,4.0,4.0,81,1.2028795773218013,1.2028795773218013,0.2003310719807111,0.5514536679003136,2.0278566801417037,81,2.0215383663931736,2.0215383663931736,0.4868883046248783,0.75,3.8409996272981126,81,0.7993147112641963,0.798097197100222,0.08490787298602626,0.6203742123666379,1.0,81,0.9583635068702538,0.9779088975229352,0.2744538001507033,0.5,1.5517615787428731,81,13.642370153940897,12.139644627796399,4.824898575391983,6.686486311049283,27.03745820485928,81,14.875794559714164,14.875794559714164,0.0,14.875794559714164,14.875794559714164,81,cases/scenario_10_fieldlike.yaml,scenario_10_fieldlike,fieldlike,mixed,structured,unknown,1,5
scenario_06_layered_density,40,10,10.5,5.871192409489884,5.430080334811388,6.4977638804400835,6.4977638804400835,5.098660199540033,6.678931128909154,0.868419878609127,-0.7725322099498513,-0.06127024386404545,1.0278814761204897,0.1811672484690705,587,100.0,100.0,100.0,96.75437886748546,99.23197781064826,1.1428571428571428,8,100.0,0.8,99.69656540975667,8,6.2,P32_derived_Jv_proxy,94.53999999999999,94.53999999999999,-3.245621132514543,-0.7680221893517398,2.2143788674854648,4.691977810648268,3.245621132514543,0.7680221893517398,2.2143788674854648,4.691977810648268,587,8,3,584,0.9948892674616695,0.005110732538330494,78.53981633974483,7.0,7.473916127595405,1.1428571428571428,1.1428571428571428,0.03819718634205488,7.43571894125335,0.8671326432982183,0.7905457264149093,0.07658691688330899,1,1,1,1,1,1,100.0,100.0,0.0,100.0,100.0,81,9.0,9.0,0.0,9.0,9.0,81,1.2145302451559672,1.2145302451559672,0.21239908800951424,0.6433587718364971,2.2870704670062274,81,2.076834546474623,2.076834546474623,0.5379148251247922,0.75,4.075245086367685,81,0.8035971553723992,0.8076560283621431,0.10066257195430728,0.53260119501172,1.0,81,0.9697544385533005,0.9383394783297043,0.2766163932638677,0.5,1.603020648014794,81,5.871192409489884,5.430080334811388,1.9563121619269035,2.743706904290413,10.723147118850619,81,6.4977638804400835,6.4977638804400835,0.0,6.4977638804400835,6.4977638804400835,81,cases/scenario_06_layered_density.yaml,scenario_06_layered_density,layered,varying,similar,unknown,1,5
scenario_06_layered_density,40,20,20.5,5.164345349204022,4.765785482328004,6.505070496500013,6.505070496500013,5.353598851739536,6.287479130763076,1.0366461748273057,0.18925350253551354,0.01563054950262388,0.9665504984374866,-0.21759136573693638,563,98.77768217428384,98.77768217428384,98.77768217428384,99.57768056949327,99.73263770511745,0.5714285714285714,4,98.77768217428384,1.4,99.10683883546386,14,6.2,P32_derived_Jv_proxy,94.53999999999999,94.53999999999999,0.7999983952094283,0.9549555308336153,5.037680569493276,5.192637705117463,0.7999983952094283,0.9549555308336153,5.037680569493276,5.192637705117463,563,4,0,563,1.0,0.0,78.53981633974483,7.0,7.168338636858966,0.5714285714285714,0.5714285714285714,0.0,7.168338636858966,0.8695943456984552,0.6281106289778876,0.24148371672056756,1,1,1,1,1,1,98.77768217428384,98.77768217428384,0.0,98.77768217428384,98.77768217428384,81,9.0,9.0,0.0,9.0,9.0,81,1.2475571514026433,1.2475571514026433,0.23393610297545367,0.6204215636131972,2.284690136251153,81,2.104867509153194,2.104867509153194,0.5596809353580772,0.75,4.223489829823324,81,0.799889545963395,0.7990959797484326,0.08922012665462013,0.6362147928205298,1.0,81,1.1014069007716158,1.1163084583400518,0.29939186823266106,0.5,1.831943449738366,81,5.164345349204022,4.765785482328004,1.841974072552383,2.651700229486162,11.03314776746098,81,6.505070496500013,6.505070496500013,0.0,6.505070496500013,6.505070496500013,81,cases/scenario_06_layered_density.yaml,scenario_06_layered_density,layered,varying,similar,unknown,1,5
scenario_06_layered_density,40,30,30.5,5.786643025344482,5.477317617871468,6.602783909734549,6.6027839097345495,7.588237631307064,6.394471954447653,1.3113367453412823,1.801594605962582,0.11771423086947397,0.9684508900889851,-0.20831195528689594,588,98.71174532973062,98.71174532973062,98.71174532973062,98.31282367583493,99.5491483316035,0.7142857142857143,5,98.71174532973062,1.3,99.22478369402342,13,6.2,P32_derived_Jv_proxy,94.53999999999999,94.53999999999999,-0.3989216538956839,0.837403001872886,3.7728236758349425,5.009148331603512,0.3989216538956839,0.837403001872886,3.7728236758349425,5.009148331603512,588,5,2,586,0.9965986394557823,0.003401360544217687,78.53981633974483,7.0,7.486648523042756,0.7142857142857143,0.7142857142857143,0.025464790894703253,7.461183732148053,0.8658131873637722,0.811001599069255,0.054811588294517266,0,1,1,1,1,1,98.71174532973062,98.71174532973062,0.0,98.71174532973062,98.71174532973062,81,9.0,9.0,0.0,9.0,9.0,81,1.2552575521486284,1.2552575521486284,0.24492489142992419,0.6374912432129083,2.339763896577285,81,2.0851249261733824,2.0851249261733824,0.5768922348268063,0.75,5.0261077177482765,81,0.800257429823972,0.7905785405298176,0.10106852332611733,0.5390120919419402,1.0,81,0.9987436365213074,0.9967042761718597,0.27448000500424025,0.5,1.6629978368886775,81,5.786643025344482,5.477317617871468,2.0543729309298917,2.454098069969515,12.824102419227621,81,6.602783909734549,6.6027839097345495,8.881784197001252e-16,6.6027839097345495,6.6027839097345495,81,cases/scenario_06_layered_density.yaml,scenario_06_layered_density,layered,varying,similar,unknown,1,5
scenario_06_layered_density,41,10,10.5,5.656216557332034,5.2419491616800045,6.53919114203598,6.539191142035981,6.060705926278601,6.574647845902087,1.0715123554493746,0.4044893689465665,0.029997183191704746,1.0054221849607943,0.035456703866106665,597,98.46092555371983,98.46092555371983,98.46092555371983,97.73195959778775,98.87783619445746,1.0,7,98.46092555371983,1.2,99.33508891232165,12,6.2,P32_derived_Jv_proxy,94.53999999999999,94.53999999999999,-0.7289659559320825,0.4169106407376262,3.1919595977877577,4.337836194457466,0.7289659559320825,0.4169106407376262,3.1919595977877577,4.337836194457466,597,7,2,595,0.9966499162479062,0.0033500837520938024,78.53981633974483,7.0,7.601240082068921,1.0,1.0,0.025464790894703253,7.575775291174218,0.8711990389928597,0.6173761412695259,0.2538228977233338,1,1,1,1,1,1,98.46092555371983,98.46092555371983,0.0,98.46092555371983,98.46092555371983,81,9.0,9.0,0.0,9.0,9.0,81,1.249017886951495,1.249017886951495,0.22835434008576333,0.5314609603451068,2.21937841250382,81,2.089613812255513,2.089613812255513,0.5533309435759864,0.75,5.403411603701373,81,0.7978581082223815,0.7943015153875855,0.09928950078230864,0.5852307861527136,1.0,81,1.0090870943838894,0.9795592398973204,0.30192537640846345,0.5,1.910320876119753,81,5.656216557332034,5.2419491616800045,1.9400796995714684,2.952829643647868,13.078382284071962,81,6.53919114203598,6.539191142035981,8.881784197001252e-16,6.539191142035981,6.539191142035981,81,cases/scenario_06_layered_density.yaml,scenario_06_layered_density,layered,varying,similar,unknown,1,5
scenario_06_layered_density,41,20,20.5,5.539570610848365,5.2593121612439235,6.66401751597135,6.6640175159713495,5.732799747175176,6.382661511953342,1.0348816090453659,0.19322913632681082,0.014890669136674695,0.9577798222553143,-0.28135600401800875,621,100.0,100.0,100.0,98.41852992435204,98.66983496660201,1.2857142857142858,9,100.0,0.9,99.61849919456388,9,6.2,P32_derived_Jv_proxy,94.53999999999999,94.53999999999999,-1.5814700756479567,-1.3301650333979893,3.8785299243520512,4.129834966602019,1.5814700756479567,1.3301650333979893,3.8785299243520512,4.129834966602019,621,9,2,619,0.9967793880837359,0.00322061191626409,78.53981633974483,7.0,7.90681757280536,1.2857142857142858,1.2857142857142858,0.025464790894703253,7.881352781910657,0.8686528761479804,0.8408202063859942,0.027832669761986173,1,1,1,1,1,1,100.0,100.0,0.0,100.0,100.0,81,9.0,9.0,0.0,9.0,9.0,81,1.247610719301454,1.247610719301454,0.23612775349988316,0.6177038883966803,2.157176604853135,81,2.080177804507336,2.080177804507336,0.5472238025422665,0.75,4.1378166598989825,81,0.8089172847331659,0.8130443701500136,0.09896632926536905,0.5198663106279062,1.0,81,1.0427542653117048,1.0020198540577556,0.25699482971596643,0.5,1.6146966926613922,81,5.539570610848365,5.2593121612439235,1.7402710632783651,2.7561379184328816,11.227611577071297,81,6.66401751597135,6.6640175159713495,8.881784197001252e-16,6.6640175159713495,6.6640175159713495,81,cases/scenario_06_layered_density.yaml,scenario_06_layered_density,layered,varying,similar,unknown,1,5
scenario_06_layered_density,41,30,30.5,6.135061351436629,5.495725701777798,6.663544732370617,6.663544732370617,4.37988992223411,6.520566829849419,0.7139113484510606,-1.7551714292025187,-0.14635571437072226,0.978543266645059,-0.14297790252119835,573,100.0,100.0,100.0,99.59366628616968,99.5491483316035,0.7142857142857143,5,100.0,0.9,99.61849919456388,9,6.2,P32_derived_Jv_proxy,94.53999999999999,94.53999999999999,-0.40633371383032113,-0.4508516683964956,5.053666286169687,5.009148331603512,0.40633371383032113,0.4508516683964956,5.053666286169687,5.009148331603512,573,5,0,573,1.0,0.0,78.53981633974483,7.0,7.295662591332482,0.7142857142857143,0.7142857142857143,0.0,7.295662591332482,0.8715750195598366,0.7156509256568626,0.15592409390297401,0,1,1,1,1,1,100.0,100.0,0.0,100.0,100.0,81,9.0,9.0,0.0,9.0,9.0,81,1.244533351556727,1.244533351556727,0.24899104014488882,0.6447154637062794,2.5493548565920032,81,2.075194045513792,2.075194045513792,0.5413414298039824,0.75,4.02838831734701,81,0.801436147906869,0.8010738879103414,0.09968544949654078,0.5777008709041266,1.0,81,0.9647394838910653,0.922854689662873,0.29718692631239385,0.5,1.8443491796109208,81,6.135061351436629,5.495725701777798,2.2862057010128107,2.75621717431703,13.193175260901851,81,6.663544732370617,6.663544732370617,0.0,6.663544732370617,6.663544732370617,81,cases/scenario_06_layered_density.yaml,scenario_06_layered_density,layered,varying,similar,unknown,1,5
scenario_06_layered_density,42,10,10.5,5.939485919139408,5.595076838341059,6.652934565754102,6.652934565754104,5.344711209962301,6.687030683080422,0.8998609109821266,-0.5947747091771065,-0.04582461307298413,1.0051249740981714,0.03409611732631923,589,99.29012367643499,99.29012367643499,99.29012367643499,97.87590030186773,99.36565895808954,0.8571428571428571,6,99.29012367643499,1.0,99.53211598395555,10,6.2,P32_derived_Jv_proxy,94.53999999999999,94.53999999999999,-1.414223374567257,0.07553528165455248,3.3359003018677384,4.825658958089548,1.414223374567257,0.07553528165455248,3.3359003018677384,4.825658958089548,589,6,1,588,0.99830220713073,0.001697792869269949,78.53981633974483,7.0,7.499380918490108,0.8571428571428571,0.8571428571428571,0.012732395447351627,7.486648523042756,0.8789203232443108,0.805869506191434,0.07305081705287675,1,1,1,1,1,1,99.29012367643499,99.29012367643499,0.0,99.29012367643499,99.29012367643499,81,9.0,9.0,0.0,9.0,9.0,81,1.251788921404602,1.251788921404602,0.23917313588408182,0.5,2.1314108237619225,81,2.0757803374775516,2.0757803374775516,0.5334669986063496,0.75,3.7913157380224765,81,0.8201517560809011,0.8226067003048976,0.08698822438873212,0.5751736541013271,1.0,81,0.9877160372876669,0.937196033969026,0.2563878424717291,0.5,1.5404515273190675,81,5.939485919139408,5.595076838341059,1.8198474739120267,3.3266612518366765,11.695397651139539,81,6.652934565754102,6.652934565754104,1.7763568394002505e-15,6.652934565754104,6.652934565754104,81,cases/scenario_06_layered_density.yaml,scenario_06_layered_density,layered,varying,similar,unknown,1,5
scenario_06_layered_density,42,20,20.5,6.226667377021184,5.529691030224669,6.587437511253752,6.587437511253752,6.047073590355718,7.412457061601235,0.9711573180658025,-0.17959378666546577,-0.012710412899613721,1.1252413474796608,0.8250195503474833,583,98.28730067851886,98.28730067851886,98.28730067851886,99.81355972517217,99.61598890532413,0.5714285714285714,4,98.28730067851886,0.9,99.61849919456388,9,6.2,P32_derived_Jv_proxy,94.53999999999999,94.53999999999999,1.5262590466533084,1.3286882268052693,5.273559725172177,5.075988905324138,1.5262590466533084,1.3286882268052693,5.273559725172177,5.075988905324138,583,4,0,583,1.0,0.0,78.53981633974483,7.0,7.4229865458059985,0.5714285714285714,0.5714285714285714,0.0,7.4229865458059985,0.8716861228517876,0.7574046213572002,0.11428150149458738,1,1,1,1,1,1,98.28730067851886,98.28730067851886,0.0,98.28730067851886,98.28730067851886,81,9.0,9.0,0.0,9.0,9.0,81,1.2328417920722887,1.2328417920722887,0.22808774003106108,0.5949228051827079,2.2886745162731317,81,2.043834557982453,2.043834557982453,0.5322163259182789,0.75,3.983582796180275,81,0.7988857674090312,0.8117037190935028,0.1011720173796645,0.5561134050219071,1.0,81,0.9683511330949067,0.9370708560021371,0.3338856479833927,0.5,1.7820738996420622,81,6.226667377021184,5.529691030224669,2.5082392603427435,2.055673620206303,12.429176412750806,81,6.587437511253752,6.587437511253752,0.0,6.587437511253752,6.587437511253752,81,cases/scenario_06_layered_density.yaml,scenario_06_layered_density,layered,varying,similar,unknown,1,5
scenario_06_layered_density,42,30,30.5,5.961743686687531,5.487534673405408,6.531014086771959,6.53101408677196,5.121757777671088,7.376317530873626,0.8591039881684084,-0.839985909016443,-0.06595426485981581,1.1294291258403133,0.8453034441016669,575,100.0,100.0,100.0,99.89854216302082,99.7994782788381,0.42857142857142855,3,100.0,0.8,99.69656540975667,8,6.2,P32_derived_Jv_proxy,94.53999999999999,94.53999999999999,-0.1014578369791792,-0.20052172116190548,5.358542163020829,5.2594782788381025,0.1014578369791792,0.20052172116190548,5.358542163020829,5.2594782788381025,575,3,1,574,0.9982608695652174,0.0017391304347826088,78.53981633974483,7.0,7.321127382227186,0.42857142857142855,0.42857142857142855,0.012732395447351627,7.308394986779834,0.870781005738466,0.7677736832205337,0.10300732251793221,1,1,1,1,1,1,100.0,100.0,0.0,100.0,100.0,81,9.0,9.0,0.0,9.0,9.0,81,1.2276648824636807,1.2276648824636807,0.24075677539650606,0.5025229068825451,2.1487890540076195,81,2.0886068740674273,2.0886068740674273,0.5435074043207982,0.75,3.9981718517429026,81,0.816729700761937,0.8169461992309159,0.10196021735524873,0.5895180825587304,1.0,81,0.9919010136788373,0.9891668958302567,0.2864226965439688,0.5,1.61392226941115,81,5.961743686687531,5.487534673405408,2.263756084800932,2.9452914702572617,13.06202817354392,81,6.531014086771959,6.53101408677196,8.881784197001252e-16,6.53101408677196,6.53101408677196,81,cases/scenario_06_layered_density.yaml,scenario_06_layered_density,layered,varying,similar,unknown,1,5
scenario_06_layered_density,43,10,10.5,5.7190579489309465,5.169360698294301,6.497236824947103,6.497236824947104,6.027789877055652,7.104891575268569,1.0539830039984848,0.30873192812470585,0.022833607717907767,1.0935251040855223,0.6076547503214664,617,97.58538970788635,97.58538970788635,97.58538970788635,100.0,99.73263770511745,0.5714285714285714,4,97.58538970788635,1.3,99.22478369402342,13,6.2,P32_derived_Jv_proxy,94.53999999999999,94.53999999999999,2.4146102921136503,2.147247997231105,5.460000000000008,5.192637705117463,2.4146102921136503,2.147247997231105,5.460000000000008,5.192637705117463,617,4,0,617,1.0,0.0,78.53981633974483,7.0,7.855887991015954,0.5714285714285714,0.5714285714285714,0.0,7.855887991015954,0.8635956967064307,0.8941331318448618,-0.0305374351384311,1,1,1,1,1,1,97.58538970788635,97.58538970788635,0.0,97.58538970788635,97.58538970788635,81,9.0,9.0,0.0,9.0,9.0,81,1.2364294229403066,1.2364294229403066,0.24680212275341393,0.5,2.5873919726644923,81,2.06339762125484,2.06339762125484,0.5370404830603169,0.75,4.293418739832705,81,0.8005996334473018,0.8083399756866172,0.09094354034905701,0.6028684794019811,1.0,81,1.0111272453389775,1.0189493802142906,0.3091718189269834,0.5,1.9021458853895916,81,5.7190579489309465,5.169360698294301,2.143315129592751,2.6621581436927215,11.99109674107852,81,6.497236824947103,6.497236824947104,1.7763568394002505e-15,6.497236824947104,6.497236824947104,81,cases/scenario_06_layered_density.yaml,scenario_06_layered_density,layered,varying,similar,unknown,1,5
scenario_06_layered_density,43,20,20.5,5.871444350922105,5.532182598853892,6.675624326951793,6.6756243269517945,5.994806780875055,6.843732326652116,1.0210105763726733,0.12336242995294988,0.009030240849398297,1.0251823636961734,0.16810799970032342,552,100.0,100.0,100.0,98.95641672747529,98.73667554032262,1.1428571428571428,8,100.0,1.0,99.53211598395555,10,6.2,P32_derived_Jv_proxy,94.53999999999999,94.53999999999999,-1.0435832725247138,-1.2633244596773778,4.416416727475294,4.19667554032263,1.0435832725247138,1.2633244596773778,4.416416727475294,4.19667554032263,552,8,3,549,0.9945652173913043,0.005434782608695652,78.53981633974483,7.0,7.028282286938098,1.1428571428571428,1.1428571428571428,0.03819718634205488,6.990085100596043,0.8733072267974356,0.832039184699293,0.0412680420981425,1,1,1,1,1,1,100.0,100.0,0.0,100.0,100.0,81,9.0,9.0,0.0,9.0,9.0,81,1.2403035787991994,1.2403035787991994,0.23487108101062718,0.5727862228918661,2.3710010971850974,81,2.0643988038553047,2.0643988038553047,0.5072874652124658,0.75,3.918043043465343,81,0.7905888054956041,0.7786183429896067,0.11006730644197166,0.5534061106231943,1.0,81,0.9738748458334907,1.00575159650972,0.2531224140316706,0.5,1.5940754817332985,81,5.871444350922105,5.532182598853892,2.0254351435479605,3.276310867187876,13.351248653903589,81,6.675624326951793,6.6756243269517945,1.7763568394002505e-15,6.6756243269517945,6.6756243269517945,81,cases/scenario_06_layered_density.yaml,scenario_06_layered_density,layered,varying,similar,unknown,1,5
scenario_06_layered_density,43,30,30.5,5.608940644824407,5.158309791134855,6.40887450246993,6.4088745024699305,7.561350418655563,7.57244017917525,1.3480888633814876,1.9524097738311559,0.12971852098580838,1.1815553848428286,1.1635656767053204,569,99.2190786125434,99.2190786125434,99.2190786125434,98.78483461277298,99.5491483316035,0.7142857142857143,5,99.2190786125434,1.1,99.43758901791463,11,6.2,P32_derived_Jv_proxy,94.53999999999999,94.53999999999999,-0.43424399977041617,0.3300697190601056,4.244834612772991,5.009148331603512,0.43424399977041617,0.3300697190601056,4.244834612772991,5.009148331603512,569,5,1,568,0.9982425307557118,0.0017574692442882249,78.53981633974483,7.0,7.244733009543076,0.7142857142857143,0.7142857142857143,0.012732395447351627,7.232000614095724,0.8661111436730475,0.7094704259090876,0.15664071776395994,0,1,1,1,1,1,99.2190786125434,99.2190786125434,0.0,99.2190786125434,99.2190786125434,81,9.0,9.0,0.0,9.0,9.0,81,1.224236398666963,1.224236398666963,0.23289559118479294,0.5,2.038707206796028,81,2.1058925129324235,2.1058925129324235,0.5665464602756308,0.75,5.080714697957202,81,0.7948638466131424,0.7947782314267764,0.10207510399684487,0.5566606012163399,1.0,81,1.0128008059196867,0.9776625528379457,0.3181093142679531,0.5,1.9115843994476727,81,5.608940644824407,5.158309791134855,2.1160360109426986,1.8662884749926734,12.330025890766326,81,6.40887450246993,6.4088745024699305,8.881784197001252e-16,6.4088745024699305,6.4088745024699305,81,cases/scenario_06_layered_density.yaml,scenario_06_layered_density,layered,varying,similar,unknown,1,5
scenario_06_layered_density,44,10,10.5,5.537017793395927,5.017741212949488,6.6367774082767905,6.636777408276791,4.635217992437575,5.902784532774262,0.8371325802792361,-0.9017998009583525,-0.07720575547874331,0.8894052293230207,-0.7339928755025289,581,100.0,100.0,100.0,99.03481613012809,99.68282947904477,0.42857142857142855,3,100.0,1.2,99.33508891232165,12,6.2,P32_derived_Jv_proxy,94.53999999999999,94.53999999999999,-0.9651838698719075,-0.31717052095523,4.4948161301281,5.142829479044778,0.9651838698719075,0.31717052095523,4.4948161301281,5.142829479044778,581,3,1,580,0.9982788296041308,0.0017211703958691911,78.53981633974483,7.0,7.3975217549112955,0.42857142857142855,0.42857142857142855,0.012732395447351627,7.3847893594639435,0.8669838469720973,0.6977194913404938,0.16926435563160347,1,1,1,1,1,1,100.0,100.0,0.0,100.0,100.0,81,9.0,9.0,0.0,9.0,9.0,81,1.2365674849045205,1.2365674849045205,0.2266068069465053,0.674781086070276,2.098290273889722,81,2.0702274426179335,2.0702274426179335,0.5623318655664599,0.75,5.01299209326932,81,0.8036292895023304,0.8122964039050711,0.09957689538991277,0.5512180366000373,1.0,81,1.0521454522367355,1.053047597726763,0.2997950861484031,0.5,1.9470777795643965,81,5.537017793395927,5.017741212949488,1.955656884560047,2.950022698011656,13.273554816553583,81,6.6367774082767905,6.636777408276791,8.881784197001252e-16,6.636777408276791,6.636777408276791,81,cases/scenario_06_layered_density.yaml,scenario_06_layered_density,layered,varying,similar,unknown,1,5
scenario_06_layered_density,44,20,20.5,6.069882715741436,5.536356524725461,6.5603680292099344,6.5603680292099344,4.9770169165204186,6.136876334655341,0.8199527321365181,-1.0928657992210171,-0.08621118269428885,0.9354469608002167,-0.4234916945545937,604,99.49491299631089,99.49491299631089,99.49491299631089,100.0,99.86631885255873,0.2857142857142857,2,99.49491299631089,1.1,99.43758901791463,11,6.2,P32_derived_Jv_proxy,94.53999999999999,94.53999999999999,0.5050870036891126,0.37140585624784705,5.460000000000008,5.326318852558742,0.5050870036891126,0.37140585624784705,5.460000000000008,5.326318852558742,604,2,0,604,1.0,0.0,78.53981633974483,7.0,7.690366850200383,0.2857142857142857,0.2857142857142857,0.0,7.690366850200383,0.8715950619920176,0.7548039522031798,0.11679110978883789,1,1,1,1,1,1,99.49491299631089,99.49491299631089,0.0,99.49491299631089,99.49491299631089,81,9.0,9.0,0.0,9.0,9.0,81,1.2295544453205458,1.2295544453205458,0.24157972260647165,0.6186701723285289,2.1714532185254902,81,2.071943593149093,2.071943593149093,0.5426556028860496,0.75,4.041687680253067,81,0.7963433355952534,0.792399507706913,0.09464515220703215,0.5310851053093565,0.9832069555538783,81,0.9496117296180606,0.943707473018034,0.283591865374451,0.5,1.6093918813096557,81,6.069882715741436,5.536356524725461,2.139078297935312,2.527903018242026,12.152864275554963,81,6.5603680292099344,6.5603680292099344,0.0,6.5603680292099344,6.5603680292099344,81,cases/scenario_06_layered_density.yaml,scenario_06_layered_density,layered,varying,similar,unknown,1,5
scenario_06_layered_density,44,30,30.5,5.673966368857889,4.92663591177726,6.44674339305771,6.4467433930577105,5.976089778979792,7.123346834203338,1.053247303646376,0.3021234101219026,0.022530355989724193,1.1049527489917221,0.6766034411456285,574,99.19406664797334,99.19406664797334,99.19406664797334,99.42480219539638,99.73263770511745,0.5714285714285714,4,99.19406664797334,1.5,98.98141728888164,15,6.2,P32_derived_Jv_proxy,94.53999999999999,94.53999999999999,0.2307355474230377,0.5385710571441109,4.884802195396389,5.192637705117463,0.2307355474230377,0.5385710571441109,4.884802195396389,5.192637705117463,574,4,1,573,0.9982578397212544,0.0017421602787456446,78.53981633974483,7.0,7.308394986779834,0.5714285714285714,0.5714285714285714,0.012732395447351627,7.295662591332482,0.8733037828606959,0.8844088651354955,-0.011105082274799671,1,1,1,1,1,1,99.19406664797334,99.19406664797334,0.0,99.19406664797334,99.19406664797334,81,9.0,9.0,0.0,9.0,9.0,81,1.2326437506292294,1.2326437506292294,0.24492996843895604,0.5,2.7215249101908348,81,2.107367996147106,2.107367996147106,0.5357297970467623,0.75,4.104840905404807,81,0.7812238383453431,0.7788268000785074,0.09346162346482771,0.5342370727038999,1.0,81,0.9848479673114322,0.9792017256840395,0.2960902175930554,0.5,1.714353518314174,81,5.673966368857889,4.92663591177726,2.084858566119688,2.7936006368613047,10.874151939243133,81,6.44674339305771,6.4467433930577105,8.881784197001252e-16,6.4467433930577105,6.4467433930577105,81,cases/scenario_06_layered_density.yaml,scenario_06_layered_density,layered,varying,similar,unknown,1,5
scenario_06_layered_density,45,10,10.5,5.710130414447377,4.868642826528541,6.536982683367677,6.536982683367677,5.6242186865159365,6.829262628690459,0.9849545068683417,-0.08591172793144075,-0.006583828256007451,1.0447117515037085,0.29227994532278156,582,96.9045992873739,96.9045992873739,96.9045992873739,96.74028660657902,98.41950501936742,1.5714285714285714,11,96.9045992873739,1.9,98.4081369392601,19,6.2,P32_derived_Jv_proxy,94.53999999999999,94.53999999999999,-0.16431268079487893,1.5149057319935224,2.200286606579027,3.8795050193674285,0.16431268079487893,1.5149057319935224,2.200286606579027,3.8795050193674285,582,11,2,580,0.9965635738831615,0.003436426116838488,78.53981633974483,7.0,7.4102541503586465,1.5714285714285714,1.5714285714285714,0.025464790894703253,7.3847893594639435,0.8771738349768287,0.8056736477585409,0.07150018721828777,1,1,1,1,1,1,96.9045992873739,96.9045992873739,0.0,96.9045992873739,96.9045992873739,81,9.0,9.0,0.0,9.0,9.0,81,1.2334704540108232,1.2334704540108232,0.23917525391002845,0.6758513929459719,2.208614887853836,81,2.0316706051700546,2.0316706051700546,0.5359688186773915,0.75,3.6336382231044424,81,0.7878509828911117,0.7999873356414235,0.0998739407777145,0.5590883966836794,0.9693777709148167,81,1.0088277539539994,1.0461571489595884,0.29838944737964346,0.5,1.7140001082115817,81,5.710130414447377,4.868642826528541,2.3125315172311938,2.6002644491619287,12.245276772911708,81,6.536982683367677,6.536982683367677,0.0,6.536982683367677,6.536982683367677,81,cases/scenario_06_layered_density.yaml,scenario_06_layered_density,layered,varying,similar,unknown,1,5
scenario_06_layered_density,45,20,20.5,5.849016111049949,5.25294375265355,6.581534296844994,6.581534296844995,5.572183887183487,5.880868058822559,0.952670292129394,-0.276832223866462,-0.021057377519300813,0.8935405930561943,-0.7006662380224356,558,98.03839705817543,98.03839705817543,98.03839705817543,100.0,99.61598890532413,0.5714285714285714,4,98.03839705817543,1.5,98.98141728888164,15,6.2,P32_derived_Jv_proxy,94.53999999999999,94.53999999999999,1.961602941824566,1.577591847148696,5.460000000000008,5.075988905324138,1.961602941824566,1.577591847148696,5.460000000000008,5.075988905324138,558,4,0,558,1.0,0.0,78.53981633974483,7.0,7.104676659622208,0.5714285714285714,0.5714285714285714,0.0,7.104676659622208,0.8629318502281347,0.8854244247659482,-0.022492574537813503,1,1,1,1,1,1,98.03839705817543,98.03839705817543,0.0,98.03839705817543,98.03839705817543,81,9.0,9.0,0.0,9.0,9.0,81,1.2295247397173674,1.2295247397173674,0.23455987222389207,0.5909957994461151,2.068414387111183,81,2.034997197184197,2.034997197184197,0.5525061625174214,0.75,4.36448224239098,81,0.8060333339035968,0.794065659519944,0.10791027317708209,0.5085294499498666,1.0,81,0.9988744901786574,1.0171616778561827,0.2875360634309954,0.5,1.7299572534595633,81,5.849016111049949,5.25294375265355,2.1545080905219596,2.6454373048134587,12.939544457043988,81,6.581534296844994,6.581534296844995,8.881784197001252e-16,6.581534296844995,6.581534296844995,81,cases/scenario_06_layered_density.yaml,scenario_06_layered_density,layered,varying,similar,unknown,1,5
scenario_06_layered_density,45,30,30.5,5.869805040641236,5.2757601936056675,6.623578407542295,6.623578407542293,5.7515145125582725,6.94080227342848,0.9798476223206826,-0.11829052808296314,-0.00884145688980631,1.0478931245873018,0.31722386588618523,563,98.71682404449912,98.71682404449912,98.71682404449912,99.14651782457429,99.2988183843689,1.0,7,98.71682404449912,1.5,98.98141728888164,15,6.2,P32_derived_Jv_proxy,94.53999999999999,94.53999999999999,0.42969378007516923,0.5819943398697802,4.606517824574297,4.758818384368908,0.42969378007516923,0.5819943398697802,4.606517824574297,4.758818384368908,563,7,3,560,0.9946714031971581,0.0053285968028419185,78.53981633974483,7.0,7.168338636858966,1.0,1.0,0.03819718634205488,7.130141450516911,0.8697570534990238,0.817599760478537,0.05215729302048677,1,1,1,1,1,1,98.71682404449912,98.71682404449912,0.0,98.71682404449912,98.71682404449912,81,9.0,9.0,0.0,9.0,9.0,81,1.2374710848139725,1.2374710848139725,0.23731454439709265,0.6177920110172604,2.2284786659202256,81,2.049231595628685,2.049231595628685,0.5627357613752869,0.75,4.314126607542312,81,0.8048600204661626,0.8033934027965469,0.08985548222420017,0.5124127807171411,1.0,81,0.9883837094778509,0.9962071229495126,0.2692187643307613,0.5,1.6941483218907574,81,5.869805040641236,5.2757601936056675,1.9767293335929108,2.608452131752468,11.686713069365986,81,6.623578407542295,6.623578407542293,1.7763568394002505e-15,6.623578407542293,6.623578407542293,81,cases/scenario_06_layered_density.yaml,scenario_06_layered_density,layered,varying,similar,unknown,1,5
scenario_06_layered_density,46,10,10.5,5.830571936546837,5.074671150293944,6.659331963442696,6.659331963442696,6.73155324481098,6.48213615323484,1.1545270889493133,0.9009813082641429,0.062404127329582004,0.9733913534900202,-0.17719581020785657,583,99.77206963753757,99.77206963753757,99.77206963753757,99.4070061950493,99.66579713139683,0.7142857142857143,5,99.77206963753757,0.6,99.82704055993037,6,6.2,P32_derived_Jv_proxy,94.53999999999999,94.53999999999999,-0.36506344248826395,-0.10627250614074057,4.8670061950493135,5.125797131396837,0.36506344248826395,0.10627250614074057,4.8670061950493135,5.125797131396837,583,5,1,582,0.9982847341337907,0.0017152658662092624,78.53981633974483,7.0,7.4229865458059985,0.7142857142857143,0.7142857142857143,0.012732395447351627,7.4102541503586465,0.8685082693568076,0.7147874488222972,0.15372082053451042,1,1,1,1,1,1,99.77206963753757,99.77206963753757,0.0,99.77206963753757,99.77206963753757,81,9.0,9.0,0.0,9.0,9.0,81,1.2514630324938754,1.2514630324938754,0.24458441381764257,0.7031955275591272,2.2009153024014365,81,2.0833096825164468,2.0833096825164468,0.541535381510067,0.75,3.9984564478897786,81,0.7867676957034144,0.788206767846497,0.08645378565696583,0.5845768051651647,1.0,81,0.9995526442477375,1.050942094212838,0.3042872018407805,0.5,1.6369099858959053,81,5.830571936546837,5.074671150293944,2.133189945741527,3.265795632819233,11.320144896989184,81,6.659331963442696,6.659331963442696,0.0,6.659331963442696,6.659331963442696,81,cases/scenario_06_layered_density.yaml,scenario_06_layered_density,layered,varying,similar,unknown,1,5
scenario_06_layered_density,46,20,20.5,5.470934372394084,5.094767593859182,6.522276777819203,6.522276777819203,4.3194009427443,5.309512978994164,0.7895179595901692,-1.151533429649784,-0.10263798641288202,0.8140582130845204,-1.2127637988250388,609,100.0,100.0,100.0,97.0703417238135,98.52618444536691,1.1428571428571428,8,100.0,0.7,99.76613872993647,7,6.2,P32_derived_Jv_proxy,94.53999999999999,94.53999999999999,-2.929658276186501,-1.4738155546330916,2.530341723813507,3.9861844453669164,2.929658276186501,1.4738155546330916,2.530341723813507,3.9861844453669164,609,8,3,606,0.9950738916256158,0.0049261083743842365,78.53981633974483,7.0,7.754028827437141,1.1428571428571428,1.1428571428571428,0.03819718634205488,7.715831641095086,0.8661937054616636,0.7425435092473003,0.12365019621436335,0,1,1,1,1,1,100.0,100.0,0.0,100.0,100.0,81,9.0,9.0,0.0,9.0,9.0,81,1.230653494558429,1.230653494558429,0.22295421520487524,0.6936856938467206,2.051842310757489,81,2.0964960830576578,2.0964960830576578,0.5691197104410288,0.75,5.187661467162604,81,0.7855642330645826,0.7877996558127088,0.09730138903653719,0.5609094553723607,0.9957413612135109,81,1.0082620757526024,0.9768911057570042,0.2607522873320484,0.5,1.5971452265315143,81,5.470934372394084,5.094767593859182,1.7476563776688134,2.7366676833389065,10.683819990972108,81,6.522276777819203,6.522276777819203,0.0,6.522276777819203,6.522276777819203,81,cases/scenario_06_layered_density.yaml,scenario_06_layered_density,layered,varying,similar,unknown,1,5
scenario_06_layered_density,46,30,30.5,5.73435997593363,5.293173194404382,6.658828820284958,6.658828820284957,6.255406325333013,7.74017298801216,1.090863906623607,0.5210463493993824,0.03777057250483418,1.1623925463338352,1.0813441677272024,591,99.14024380419744,99.14024380419744,99.14024380419744,100.0,99.48230775788285,0.8571428571428571,6,99.14024380419744,1.8,98.56188494653009,18,6.2,P32_derived_Jv_proxy,94.53999999999999,94.53999999999999,0.8597561958025608,0.3420639536854111,5.460000000000008,4.942307757882858,0.8597561958025608,0.3420639536854111,5.460000000000008,4.942307757882858,591,6,4,587,0.9932318104906938,0.00676818950930626,78.53981633974483,7.0,7.524845709384811,0.8571428571428571,0.8571428571428571,0.05092958178940651,7.473916127595405,0.8670037178427257,0.8029149087778674,0.06408880906485825,1,1,1,1,1,1,99.14024380419744,99.14024380419744,0.0,99.14024380419744,99.14024380419744,81,9.0,9.0,0.0,9.0,9.0,81,1.2381252872213884,1.2381252872213884,0.21799369970703955,0.6852725392895503,1.9430428739669874,81,2.0482087457472,2.0482087457472,0.5556669943654843,0.75,5.774458708176196,81,0.7871252123839014,0.7799559434371687,0.09082855542130557,0.6009053885843837,1.0,81,0.9969094746511691,1.0205001050756453,0.27717376462469245,0.5,1.7460309036122992,81,5.73435997593363,5.293173194404382,1.9365991860903011,3.1083269533610256,11.799691147052455,81,6.658828820284958,6.658828820284957,8.881784197001252e-16,6.658828820284957,6.658828820284957,81,cases/scenario_06_layered_density.yaml,scenario_06_layered_density,layered,varying,similar,unknown,1,5
scenario_06_layered_density,47,10,10.5,5.790685863716982,5.5141571116245505,6.777299394964716,6.777299394964715,5.624137366925974,6.778654533361791,0.9712385543421445,-0.16654849679100803,-0.012674086147619001,1.0001999525648935,0.0013551383970744624,551,98.65686977614294,98.65686977614294,98.65686977614294,98.02387547505501,97.22222083795096,1.8571428571428572,13,98.65686977614294,1.2,99.33508891232165,12,6.2,P32_derived_Jv_proxy,94.53999999999999,94.53999999999999,-0.6329943010879333,-1.4346489381919838,3.483875475055015,2.6822208379509647,0.6329943010879333,1.4346489381919838,3.483875475055015,2.6822208379509647,551,13,6,545,0.9891107078039928,0.010889292196007259,78.53981633974483,7.0,7.015549891490746,1.8571428571428572,1.8571428571428572,0.07639437268410976,6.939155518806636,0.8686896811603757,0.7296975166757328,0.1389921644846429,1,1,1,1,1,1,98.65686977614294,98.65686977614294,0.0,98.65686977614294,98.65686977614294,81,9.0,9.0,0.0,9.0,9.0,81,1.253793812403748,1.253793812403748,0.23938725781327896,0.6829257334446417,2.094981575911678,81,2.0279361318782567,2.0279361318782567,0.5289961245709524,0.75,4.355539445709969,81,0.7963026066472056,0.8003798368111937,0.10217619894389435,0.5284124169482818,1.0,81,1.0241773174042865,0.9903799864140268,0.30719625652588406,0.5,2.0124024961922897,81,5.790685863716982,5.5141571116245505,2.0274279158047968,2.4090389136105497,11.459711028176882,81,6.777299394964716,6.777299394964715,8.881784197001252e-16,6.777299394964715,6.777299394964715,81,cases/scenario_06_layered_density.yaml,scenario_06_layered_density,layered,varying,similar,unknown,1,5
scenario_06_layered_density,47,20,20.5,5.798633208561515,5.445839664869784,6.498352636778074,6.498352636778074,5.909148772170192,6.498671416831532,1.0190588988186913,0.11051556360867654,0.008199285765723041,1.000049055517802,0.00031878005345742366,612,97.59759823563921,97.59759823563921,97.59759823563921,99.70065168016228,98.80351611404328,1.0,7,97.59759823563921,1.2,99.33508891232165,12,6.2,P32_derived_Jv_proxy,94.53999999999999,94.53999999999999,2.10305344452307,1.2059178784040654,5.160651680162289,4.263516114043284,2.10305344452307,1.2059178784040654,5.160651680162289,4.263516114043284,612,7,5,607,0.9918300653594772,0.008169934640522876,78.53981633974483,7.0,7.792226013779196,1.0,1.0,0.06366197723675814,7.728564036542437,0.8719738010825484,0.752789321827877,0.11918447925467146,1,1,1,1,1,1,97.59759823563921,97.59759823563921,0.0,97.59759823563921,97.59759823563921,81,9.0,9.0,0.0,9.0,9.0,81,1.234113442099393,1.234113442099393,0.22375815150493103,0.6109535852973604,2.306001311650754,81,2.0594366095790586,2.0594366095790586,0.5622304694364685,0.75,4.39370331577996,81,0.7998087194984348,0.7873539374096189,0.09183498687932172,0.6233038930440037,1.0,81,0.9712798626581806,0.9460221466595674,0.26900466756878544,0.5,1.5450643424308745,81,5.798633208561515,5.445839664869784,1.832074041577864,3.3843756087784427,11.21406861848375,81,6.498352636778074,6.498352636778074,0.0,6.498352636778074,6.498352636778074,81,cases/scenario_06_layered_density.yaml,scenario_06_layered_density,layered,varying,similar,unknown,1,5
scenario_06_layered_density,47,30,30.5,5.532705164735821,5.261059250278949,6.74071091361059,6.740710913610589,5.918176424247405,6.184988304102719,1.0696713900405335,0.3854712595115837,0.029250380104739016,0.9175572700520687,-0.5557226095078711,606,99.16908582499572,99.16908582499572,99.16908582499572,99.0546443485372,99.22200843685445,0.7142857142857143,5,99.16908582499572,1.6,98.84867952008052,16,6.2,P32_derived_Jv_proxy,94.53999999999999,94.53999999999999,-0.11444147645852354,0.05292261185873315,4.514644348537203,4.68200843685446,0.11444147645852354,0.05292261185873315,4.514644348537203,4.68200843685446,606,5,3,603,0.995049504950495,0.0049504950495049506,78.53981633974483,7.0,7.715831641095086,0.7142857142857143,0.7142857142857143,0.03819718634205488,7.677634454753031,0.8684081381334,0.8017283032658551,0.06667983486754492,1,1,1,1,1,1,99.16908582499572,99.16908582499572,0.0,99.16908582499572,99.16908582499572,81,9.0,9.0,0.0,9.0,9.0,81,1.243873876801379,1.243873876801379,0.25903228556975366,0.5313818625091482,2.410885189453451,81,2.033313973768202,2.033313973768202,0.5646989887223872,0.75,4.13633125708558,81,0.8031184375808672,0.7998805389268386,0.10126150194952209,0.580690467511096,1.0,81,1.0485718077097428,1.0126227840019357,0.27534264577569273,0.5,1.9047147491509895,81,5.532705164735821,5.261059250278949,1.6211533125718804,2.3364567606731867,11.501211423968261,81,6.74071091361059,6.740710913610589,8.881784197001252e-16,6.740710913610589,6.740710913610589,81,cases/scenario_06_layered_density.yaml,scenario_06_layered_density,layered,varying,similar,unknown,1,5
scenario_06_layered_density,48,10,10.5,5.637540372493082,5.24755494812096,6.530010295275796,6.530010295275797,5.991781115916213,6.677717456494736,1.0628360455122516,0.35424074342313094,0.02646627485153541,1.022619744003436,0.14770716121894,650,98.01123015522691,98.01123015522691,98.01123015522691,99.74511673274726,98.9201649138366,1.0,7,98.01123015522691,1.3,99.22478369402342,13,6.2,P32_derived_Jv_proxy,94.53999999999999,94.53999999999999,1.7338865775203516,0.9089347586096892,5.205116732747271,4.380164913836609,1.7338865775203516,0.9089347586096892,5.205116732747271,4.380164913836609,650,7,4,646,0.9938461538461538,0.006153846153846154,78.53981633974483,7.0,8.276057040778557,1.0,1.0,0.05092958178940651,8.225127458989151,0.8592275376812615,0.7865816674852848,0.07264587019597668,1,1,1,1,1,1,98.01123015522691,98.01123015522691,0.0,98.01123015522691,98.01123015522691,81,9.0,9.0,0.0,9.0,9.0,81,1.2441675757368469,1.2441675757368469,0.2531129442754119,0.5910030429418253,2.2231924274146158,81,2.0749056042485243,2.0749056042485243,0.5625034342219871,0.75,3.8045352844307634,81,0.7941326784074938,0.7963085659560045,0.0977978283033276,0.5581680807162404,1.0,81,0.9995762199698129,0.9836454802723567,0.2817437735375838,0.5,1.8301604874627946,81,5.637540372493082,5.24755494812096,1.8612986851755764,2.375523340043608,12.012078740882053,81,6.530010295275796,6.530010295275797,8.881784197001252e-16,6.530010295275797,6.530010295275797,81,cases/scenario_06_layered_density.yaml,scenario_06_layered_density,layered,varying,similar,unknown,1,5
scenario_06_layered_density,48,20,20.5,5.488322331859167,5.069504564233298,6.442190442433857,6.442190442433857,5.2199950101645545,6.70915749196836,0.9511094091290887,-0.2683273216946125,-0.02176952191854531,1.041440415635034,0.2669670495345029,615,98.1200534191732,98.1200534191732,98.1200534191732,98.5518657395878,99.36565895808953,0.8571428571428571,6,98.1200534191732,1.5,98.98141728888164,15,6.2,P32_derived_Jv_proxy,94.53999999999999,94.53999999999999,0.4318123204145934,1.2456055389163225,4.011865739587805,4.825658958089534,0.4318123204145934,1.2456055389163225,4.011865739587805,4.825658958089534,615,6,1,614,0.9983739837398374,0.0016260162601626016,78.53981633974483,7.0,7.830423200121251,0.8571428571428571,0.8571428571428571,0.012732395447351627,7.817690804673899,0.8758824979030246,0.8004317060158512,0.07545079188717341,1,1,1,1,1,1,98.1200534191732,98.1200534191732,0.0,98.1200534191732,98.1200534191732,81,9.0,9.0,0.0,9.0,9.0,81,1.2159752526894514,1.2159752526894514,0.23655392956244992,0.5381848512008721,2.1940566354580873,81,2.0578155454081473,2.0578155454081473,0.5114637201848142,0.75,3.504757287181006,81,0.7839107927325466,0.7879261738196859,0.08118216919385843,0.5955220424578389,0.9839552226616961,81,1.001824807369888,1.0029159345282757,0.2808950461244752,0.5,1.816875972485724,81,5.488322331859167,5.069504564233298,1.8130416340739226,2.5708515908080347,10.75369225655316,81,6.442190442433857,6.442190442433857,0.0,6.442190442433857,6.442190442433857,81,cases/scenario_06_layered_density.yaml,scenario_06_layered_density,layered,varying,similar,unknown,1,5
scenario_06_layered_density,48,30,30.5,5.818373923100167,5.387923631747611,6.5623796662324185,6.56237966623242,5.2269421695911324,6.15651453474201,0.8983510236148752,-0.5914317535090348,-0.04655393300839439,0.9381527506586003,-0.40586513149040826,584,98.56912853244555,98.56912853244555,98.56912853244555,98.34512099180112,99.43249953181018,0.7142857142857143,5,98.56912853244555,1.0,99.53211598395555,10,6.2,P32_derived_Jv_proxy,94.53999999999999,94.53999999999999,-0.22400754064442197,0.8633709993646335,3.8051209918011324,4.892499531810188,0.22400754064442197,0.8633709993646335,3.8051209918011324,4.892499531810188,584,5,1,583,0.9982876712328768,0.0017123287671232876,78.53981633974483,7.0,7.43571894125335,0.7142857142857143,0.7142857142857143,0.012732395447351627,7.4229865458059985,0.8602558362732737,0.8073570125295945,0.05289882374367927,1,1,1,1,1,1,98.56912853244555,98.56912853244555,0.0,98.56912853244555,98.56912853244555,81,9.0,9.0,0.0,9.0,9.0,81,1.2215113411905958,1.2215113411905958,0.21598717070157775,0.6926964813394767,2.3189097944061423,81,2.0386119148076505,2.0386119148076505,0.51408612497274,0.75,3.6478683461458816,81,0.7958521585622667,0.7943142592727024,0.09559250837228793,0.5553196047192309,1.0,81,0.9938847066644849,0.9755349909444945,0.3044861987352099,0.5,1.9222586318853279,81,5.818373923100167,5.387923631747611,2.1255973783062694,2.8666493494639673,12.375844935209598,81,6.5623796662324185,6.56237966623242,1.7763568394002505e-15,6.56237966623242,6.56237966623242,81,cases/scenario_06_layered_density.yaml,scenario_06_layered_density,layered,varying,similar,unknown,1,5
scenario_06_layered_density,49,10,10.5,5.83726282375999,5.605595961209599,6.629243923376847,6.629243923376845,5.016499752812421,6.45824357391637,0.8593924762807089,-0.8207630709475691,-0.06580845275134117,0.9742051504761389,-0.17100034946047682,550,100.0,100.0,100.0,99.72574470571105,99.48230775788285,0.8571428571428571,6,100.0,0.7,99.76613872993647,7,6.2,P32_derived_Jv_proxy,94.53999999999999,94.53999999999999,-0.2742552942889489,-0.5176922421171497,5.185744705711059,4.942307757882858,0.2742552942889489,0.5176922421171497,5.185744705711059,4.942307757882858,550,6,1,549,0.9981818181818182,0.0018181818181818182,78.53981633974483,7.0,7.002817496043395,0.8571428571428571,0.8571428571428571,0.012732395447351627,6.990085100596043,0.874829009101916,0.8978102415027018,-0.022981232400785867,1,1,1,1,1,1,100.0,100.0,0.0,100.0,100.0,81,9.0,9.0,0.0,9.0,9.0,81,1.2441233533992524,1.2441233533992524,0.23671386585363677,0.5732971157536826,2.2683798686591645,81,2.0852442564077056,2.0852442564077056,0.5355271243471346,0.75,4.263545805256471,81,0.7871066944420383,0.7804891431614985,0.10574155176250453,0.5632639206363447,1.0,81,0.9711280524572913,0.9867848738962166,0.26748405481762655,0.5,1.6750439296218238,81,5.83726282375999,5.605595961209599,1.9981467408354663,2.6455872706714927,13.25848784675369,81,6.629243923376847,6.629243923376845,1.7763568394002505e-15,6.629243923376845,6.629243923376845,81,cases/scenario_06_layered_density.yaml,scenario_06_layered_density,layered,varying,similar,unknown,1,5
scenario_06_layered_density,49,20,20.5,5.2437799651143315,4.908079956421861,6.450801731455756,6.450801731455757,5.6167921878765315,7.118929400334544,1.0711342247851292,0.3730122227621999,0.029843896070870235,1.1035728110539853,0.668127668878788,576,97.62342454161308,97.62342454161308,97.62342454161308,98.53504306217471,98.55318616680867,1.2857142857142858,9,97.62342454161308,1.5,98.98141728888164,15,6.2,P32_derived_Jv_proxy,94.53999999999999,94.53999999999999,0.9116185205616318,0.9297616251955958,3.995043062174716,4.01318616680868,0.9116185205616318,0.9297616251955958,3.995043062174716,4.01318616680868,576,9,4,572,0.9930555555555556,0.006944444444444444,78.53981633974483,7.0,7.333859777674537,1.2857142857142858,1.2857142857142858,0.05092958178940651,7.282930195885131,0.8723681919125734,0.7624198077096715,0.10994838420290187,1,1,1,1,1,1,97.62342454161308,97.62342454161308,0.0,97.62342454161308,97.62342454161308,81,9.0,9.0,0.0,9.0,9.0,81,1.2356030724036264,1.2356030724036264,0.22701573107850345,0.6467437511193795,2.0572995942894323,81,2.0776711747314587,2.0776711747314587,0.5549604362431617,0.75,4.665335749160019,81,0.801240386671217,0.8086293975141062,0.10292465344608133,0.5652240870869816,0.9953055193204609,81,1.0550374972351741,1.0592527335998057,0.2621287633456737,0.5,1.6292694046524878,81,5.2437799651143315,4.908079956421861,1.5764327039312565,2.5283419081573424,9.494126972093635,81,6.450801731455756,6.450801731455757,8.881784197001252e-16,6.450801731455757,6.450801731455757,81,cases/scenario_06_layered_density.yaml,scenario_06_layered_density,layered,varying,similar,unknown,1,5
scenario_06_layered_density,49,30,30.5,5.782949958928724,5.3605297059346455,6.540145234955014,6.540145234955014,5.641503158657789,6.320684948553799,0.9755407186167079,-0.14144680027093504,-0.01075459864108419,0.9664441264655302,-0.2194602864012154,525,100.0,100.0,100.0,98.95756091408948,99.73263770511747,0.5714285714285714,4,100.0,0.5,99.87908957257498,5,6.2,P32_derived_Jv_proxy,94.53999999999999,94.53999999999999,-1.042439085910516,-0.26736229488253116,4.417560914089492,5.192637705117477,1.042439085910516,0.26736229488253116,4.417560914089492,5.192637705117477,525,4,1,524,0.9980952380952381,0.0019047619047619048,78.53981633974483,7.0,6.684507609859604,0.5714285714285714,0.5714285714285714,0.012732395447351627,6.671775214412253,0.8749649896231411,0.854750132839539,0.02021485678360202,1,1,1,1,1,1,100.0,100.0,0.0,100.0,100.0,81,9.0,9.0,0.0,9.0,9.0,81,1.2335581466768808,1.2335581466768808,0.22764027347918953,0.5574719374273961,2.012523205212335,81,2.0957029450183757,2.0957029450183757,0.5703162836934609,0.75,4.618725527500597,81,0.7977486196662066,0.8050997860252979,0.0924371357796984,0.5737982282643138,1.0,81,0.9932331570952084,0.9763592126091798,0.2869769722860283,0.5,1.6130131684613174,81,5.782949958928724,5.3605297059346455,2.0707432919086077,2.4796306588118058,12.202253027323364,81,6.540145234955014,6.540145234955014,0.0,6.540145234955014,6.540145234955014,81,cases/scenario_06_layered_density.yaml,scenario_06_layered_density,layered,varying,similar,unknown,1,5
scenario_06_layered_density,50,10,10.5,5.691346057774829,5.348240375996567,6.630897047652568,6.63089704765257,4.479869367572001,6.265575935031919,0.7871370537119502,-1.2114766902028276,-0.10394964313183142,0.9449062306358718,-0.3653211126206495,558,99.48772094013208,99.48772094013208,99.48772094013208,100.0,99.93315942627937,0.14285714285714285,1,99.48772094013208,0.9,99.61849919456388,9,6.2,P32_derived_Jv_proxy,94.53999999999999,94.53999999999999,0.5122790598679217,0.445438486147296,5.460000000000008,5.393159426279382,0.5122790598679217,0.445438486147296,5.460000000000008,5.393159426279382,558,1,0,558,1.0,0.0,78.53981633974483,7.0,7.104676659622208,0.14285714285714285,0.14285714285714285,0.0,7.104676659622208,0.8639369174060442,0.8386265667960673,0.025310350609976884,0,1,1,1,1,1,99.48772094013208,99.48772094013208,0.0,99.48772094013208,99.48772094013208,81,9.0,9.0,0.0,9.0,9.0,81,1.2331567529702656,1.2331567529702656,0.2275319706754192,0.5525199062911768,2.1095533067599477,81,2.0557626589800213,2.0557626589800213,0.5486751413605677,0.75,5.306796320727161,81,0.8012737427693075,0.8024635074640515,0.09078087181613989,0.6077581184293633,1.0,81,1.0182479670090923,1.0152385544736318,0.2752523232554317,0.5,1.591477833481668,81,5.691346057774829,5.348240375996567,1.960368704276939,2.6415985527700085,11.513356837845372,81,6.630897047652568,6.63089704765257,1.7763568394002505e-15,6.63089704765257,6.63089704765257,81,cases/scenario_06_layered_density.yaml,scenario_06_layered_density,layered,varying,similar,unknown,1,5
scenario_06_layered_density,50,20,20.5,5.91419746449911,5.327543540706787,6.527924205604946,6.527924205604947,6.339549974888854,6.129583607031628,1.0719205797477998,0.425352510389744,0.03016260899945189,0.9389789792241615,-0.39834059857331816,574,99.00270625069695,99.00270625069695,99.00270625069695,97.38587400891524,99.36565895808954,0.8571428571428571,6,99.00270625069695,0.9,99.61849919456388,9,6.2,P32_derived_Jv_proxy,94.53999999999999,94.53999999999999,-1.616832241781708,0.3629527073925942,2.8458740089152457,4.825658958089548,1.616832241781708,0.3629527073925942,2.8458740089152457,4.825658958089548,574,6,1,573,0.9982578397212544,0.0017421602787456446,78.53981633974483,7.0,7.308394986779834,0.8571428571428571,0.8571428571428571,0.012732395447351627,7.295662591332482,0.8615417963123033,0.8411783218592008,0.020363474453102492,1,1,1,1,1,1,99.00270625069695,99.00270625069695,0.0,99.00270625069695,99.00270625069695,81,9.0,9.0,0.0,9.0,9.0,81,1.2257402606634684,1.2257402606634684,0.2294365860002059,0.5868826629933629,2.3707226186480725,81,2.065512866877758,2.065512866877758,0.5602908971405783,0.75,3.8662082346405846,81,0.7994913444304069,0.7999326833004284,0.09544963912186753,0.5057842443200987,1.0,81,0.9555357449217797,0.9779056086506612,0.2480471593299317,0.5,1.5139782620778282,81,5.91419746449911,5.327543540706787,1.961872721222947,2.323591360063437,11.653624703035629,81,6.527924205604946,6.527924205604947,8.881784197001252e-16,6.527924205604947,6.527924205604947,81,cases/scenario_06_layered_density.yaml,scenario_06_layered_density,layered,varying,similar,unknown,1,5
scenario_06_layered_density,50,30,30.5,5.800430653160752,5.638893151151003,6.483718086873373,6.483718086873372,5.947269187469134,6.898642076968659,1.025315109013219,0.14683853430838223,0.010857357171758397,1.0639947611132756,0.4149239900952857,599,98.77140373839089,98.77140373839089,98.77140373839089,99.20222288760081,99.43249953181018,0.7142857142857143,5,98.77140373839089,1.1,99.43758901791463,11,6.2,P32_derived_Jv_proxy,94.53999999999999,94.53999999999999,0.43081914920992403,0.6610957934192925,4.662222887600819,4.892499531810188,0.43081914920992403,0.6610957934192925,4.662222887600819,4.892499531810188,599,5,2,597,0.996661101836394,0.00333889816360601,78.53981633974483,7.0,7.626704872963624,0.7142857142857143,0.7142857142857143,0.025464790894703253,7.601240082068921,0.8677688905564523,0.8185759729351791,0.0491929176212732,1,1,1,1,1,1,98.77140373839089,98.77140373839089,0.0,98.77140373839089,98.77140373839089,81,9.0,9.0,0.0,9.0,9.0,81,1.2394566146977395,1.2394566146977395,0.23184923141458294,0.6618274157932063,2.2183621037306818,81,2.0979538123414634,2.0979538123414634,0.5572838054127993,0.75,4.589066667083692,81,0.8088118795477663,0.8138605172177267,0.09584849353255269,0.5848971614287447,1.0,81,0.9675824403387312,0.9327893628628112,0.24378250646221436,0.5,1.4894734810451185,81,5.800430653160752,5.638893151151003,1.6865632082249342,2.819082917197605,10.553684311353384,81,6.483718086873373,6.483718086873372,8.881784197001252e-16,6.483718086873372,6.483718086873372,81,cases/scenario_06_layered_density.yaml,scenario_06_layered_density,layered,varying,similar,unknown,1,5
scenario_06_layered_density,51,10,10.5,5.4133757293643745,5.072236267073567,6.6256996309278104,6.62569963092781,5.278320896465401,6.892306390843016,0.9750516425145995,-0.13505483289897313,-0.010972381773080353,1.04023828044826,0.26660675991520577,580,100.0,100.0,100.0,99.58180104420958,98.90483791589921,1.1428571428571428,8,100.0,1.2,99.33508891232165,12,6.2,P32_derived_Jv_proxy,94.53999999999999,94.53999999999999,-0.418198955790416,-1.0951620841007923,5.041801044209592,4.364837915899216,0.418198955790416,1.0951620841007923,5.041801044209592,4.364837915899216,580,8,2,578,0.996551724137931,0.0034482758620689655,78.53981633974483,7.0,7.3847893594639435,1.1428571428571428,1.1428571428571428,0.025464790894703253,7.3593245685692406,0.8723777673481534,0.8010559640398391,0.07132180330831428,1,1,1,1,1,1,100.0,100.0,0.0,100.0,100.0,81,9.0,9.0,0.0,9.0,9.0,81,1.2335466540849322,1.2335466540849322,0.22998376082553224,0.5221995063561027,2.2204997180155726,81,2.0686228923356333,2.0686228923356333,0.5136963657018488,0.75,3.677916589578262,81,0.7838654286524246,0.7939540374680594,0.09992869020360821,0.4749622900598166,1.0,81,1.0485297151903896,1.002223744268108,0.3006532459470663,0.5,1.914870104549414,81,5.4133757293643745,5.072236267073567,1.8705550165924358,2.646837122778507,10.42060488384928,81,6.6256996309278104,6.62569963092781,8.881784197001252e-16,6.62569963092781,6.62569963092781,81,cases/scenario_06_layered_density.yaml,scenario_06_layered_density,layered,varying,similar,unknown,1,5
scenario_06_layered_density,51,20,20.5,5.338241190097693,4.924460869295224,6.656526306002653,6.656526306002652,6.467225205604666,6.344418250986765,1.2114898850207836,1.1289840155069726,0.08331979247435306,0.9531124732828835,-0.3121080550158881,562,99.84562474957659,99.84562474957659,99.84562474957659,97.19625836349326,98.44401687370889,1.4285714285714286,10,99.84562474957659,0.8,99.69656540975667,8,6.2,P32_derived_Jv_proxy,94.53999999999999,94.53999999999999,-2.6493663860833294,-1.4016078758676969,2.656258363493265,3.9040168737088976,2.6493663860833294,1.4016078758676969,2.656258363493265,3.9040168737088976,562,10,2,560,0.99644128113879,0.0035587188612099642,78.53981633974483,7.0,7.155606241411614,1.4285714285714286,1.4285714285714286,0.025464790894703253,7.130141450516911,0.8691005543591189,0.7823652491639997,0.08673530519511918,1,1,1,1,1,1,99.84562474957659,99.84562474957659,0.0,99.84562474957659,99.84562474957659,81,9.0,9.0,0.0,9.0,9.0,81,1.227512280230631,1.227512280230631,0.23767097051467123,0.5519982033285884,2.5998504302528214,81,2.045807292025276,2.045807292025276,0.5600909278012455,0.75,4.306082294433285,81,0.8052804417016167,0.8132156741767894,0.10295180223691232,0.56329971100237,1.0,81,1.089130975749321,1.1130928122059145,0.28622072293879447,0.5,1.7619723911493748,81,5.338241190097693,4.924460869295224,1.8492129017952665,2.703038232016859,12.693204770579785,81,6.656526306002653,6.656526306002652,8.881784197001252e-16,6.656526306002652,6.656526306002652,81,cases/scenario_06_layered_density.yaml,scenario_06_layered_density,layered,varying,similar,unknown,1,5
scenario_06_layered_density,51,30,30.5,5.868844975040081,5.536775076322119,6.514312550632708,6.514312550632706,7.544269724543123,6.163138995437791,1.2854777654936438,1.6754247495030423,0.10906456918819174,0.9460920008879818,-0.3511735551949169,619,99.3941667426054,99.3941667426054,99.3941667426054,100.0,99.66579713139684,0.7142857142857143,5,99.3941667426054,0.8,99.69656540975667,8,6.2,P32_derived_Jv_proxy,94.53999999999999,94.53999999999999,0.6058332573945933,0.2716303887914364,5.460000000000008,5.125797131396851,0.6058332573945933,0.2716303887914364,5.460000000000008,5.125797131396851,619,5,1,618,0.9983844911147012,0.0016155088852988692,78.53981633974483,7.0,7.881352781910657,0.7142857142857143,0.7142857142857143,0.012732395447351627,7.868620386463306,0.8660146190551957,0.803936060380017,0.06207855867517875,0,1,1,1,1,1,99.3941667426054,99.3941667426054,0.0,99.3941667426054,99.3941667426054,81,9.0,9.0,0.0,9.0,9.0,81,1.228719406332428,1.228719406332428,0.24063273737773244,0.6613687084577659,2.1737001987895197,81,2.083063521091105,2.083063521091105,0.5743363117215134,0.75,5.176812525078978,81,0.7987216233867049,0.7980046999951199,0.0977254949045771,0.5775189737373762,1.0,81,0.9760805416804138,0.9275340439524289,0.29537839699062507,0.5,1.732389882030218,81,5.868844975040081,5.536775076322119,2.040899201550552,2.7738702967019453,13.027535480920438,81,6.514312550632708,6.514312550632706,1.7763568394002505e-15,6.514312550632706,6.514312550632706,81,cases/scenario_06_layered_density.yaml,scenario_06_layered_density,layered,varying,similar,unknown,1,5
scenario_06_layered_density,52,10,10.5,5.602505348139418,5.227042494665592,6.6637351081394405,6.6637351081394405,6.167041528252341,6.454459171185762,1.1007649515766023,0.5645361801129232,0.041694593148701053,0.9685947995294625,-0.20927593695367808,583,99.5730787389132,99.5730787389132,99.5730787389132,98.60619767399784,99.66579713139683,0.7142857142857143,5,99.5730787389132,1.5,98.98141728888164,15,6.2,P32_derived_Jv_proxy,94.53999999999999,94.53999999999999,-0.9668810649153556,0.09271839248363278,4.0661976739978485,5.125797131396837,0.9668810649153556,0.09271839248363278,4.0661976739978485,5.125797131396837,583,5,2,581,0.9965694682675815,0.003430531732418525,78.53981633974483,7.0,7.4229865458059985,0.7142857142857143,0.7142857142857143,0.025464790894703253,7.3975217549112955,0.8684083246788705,0.8030312587253027,0.06537706595356785,1,1,1,1,1,1,99.5730787389132,99.5730787389132,0.0,99.5730787389132,99.5730787389132,81,9.0,9.0,0.0,9.0,9.0,81,1.2349909907329908,1.2349909907329908,0.25659569038512514,0.5618458308904127,2.123603069641067,81,2.0504325638284575,2.0504325638284575,0.5675950183376783,0.75,4.783340894424651,81,0.8029661202574983,0.7988655099431926,0.0999414618486419,0.5424772832518779,1.0,81,1.0316767392158908,1.034691004443133,0.2762663158812229,0.5,1.8412721425068197,81,5.602505348139418,5.227042494665592,1.7685384845947796,2.800399932447762,10.64456488761311,81,6.6637351081394405,6.6637351081394405,0.0,6.6637351081394405,6.6637351081394405,81,cases/scenario_06_layered_density.yaml,scenario_06_layered_density,layered,varying,similar,unknown,1,5
scenario_06_layered_density,52,20,20.5,5.704742229415242,5.043544543938474,6.434909260472835,6.434909260472834,4.3908845036540045,6.02777661014697,0.7696902554182693,-1.3138577257612374,-0.11368401174487719,0.936730630713517,-0.407132650325865,613,99.08053430091803,99.08053430091803,99.08053430091803,99.09404301102653,99.08832728941319,1.0,7,99.08053430091803,1.1,99.43758901791463,11,6.2,P32_derived_Jv_proxy,94.53999999999999,94.53999999999999,0.013508710108496302,0.007792988495154418,4.554043011026536,4.548327289413194,0.013508710108496302,0.007792988495154418,4.554043011026536,4.548327289413194,613,7,2,611,0.9967373572593801,0.0032626427406199023,78.53981633974483,7.0,7.804958409226547,1.0,1.0,0.025464790894703253,7.779493618331844,0.8706050641800055,0.8136454578764596,0.05695960630354591,0,1,1,1,1,1,99.08053430091803,99.08053430091803,0.0,99.08053430091803,99.08053430091803,81,9.0,9.0,0.0,9.0,9.0,81,1.2285382909049491,1.2285382909049491,0.2433101931145807,0.6105107598000847,2.6294258938455206,81,2.1018034485342154,2.1018034485342154,0.5670617412856442,0.75,4.975160782270583,81,0.7810743103232906,0.7887518242440279,0.11013369955489766,0.5091893079140576,1.0,81,0.9839018720155006,0.9925951799673405,0.29353034361696767,0.5,1.6423598413405756,81,5.704742229415242,5.043544543938474,2.318688016209242,2.7928353952520717,12.735276514688913,81,6.434909260472835,6.434909260472834,8.881784197001252e-16,6.434909260472834,6.434909260472834,81,cases/scenario_06_layered_density.yaml,scenario_06_layered_density,layered,varying,similar,unknown,1,5
scenario_06_layered_density,52,30,30.5,6.189801421997867,5.69173006361575,6.579118691009035,6.579118691009034,6.36547258799967,6.259029413623805,1.028380743423769,0.17567116600180288,0.01215393582078772,0.9513476967936966,-0.32008927738522974,615,99.39020531213507,99.39020531213507,99.39020531213507,100.0,99.86631885255873,0.2857142857142857,2,99.39020531213507,1.0,99.53211598395555,10,6.2,P32_derived_Jv_proxy,94.53999999999999,94.53999999999999,0.6097946878649338,0.47611354042366827,5.460000000000008,5.326318852558742,0.6097946878649338,0.47611354042366827,5.460000000000008,5.326318852558742,615,2,0,615,1.0,0.0,78.53981633974483,7.0,7.830423200121251,0.2857142857142857,0.2857142857142857,0.0,7.830423200121251,0.8707716579127434,0.6438899046299704,0.22688175328277294,1,1,1,1,1,1,99.39020531213507,99.39020531213507,0.0,99.39020531213507,99.39020531213507,81,9.0,9.0,0.0,9.0,9.0,81,1.2314133188865708,1.2314133188865708,0.23763874719645384,0.663360595025611,2.209944493986086,81,2.066984421746531,2.066984421746531,0.5483024816902609,0.75,4.299565710453324,81,0.7999759789944247,0.8158555489654203,0.1003283673933865,0.534267415660564,1.0,81,0.9325187714664647,0.9361089669648482,0.2643714053272736,0.5,1.4945150714961841,81,6.189801421997867,5.69173006361575,2.181101203264928,3.2805599498417313,12.532881928608365,81,6.579118691009035,6.579118691009034,8.881784197001252e-16,6.579118691009034,6.579118691009034,81,cases/scenario_06_layered_density.yaml,scenario_06_layered_density,layered,varying,similar,unknown,1,5
scenario_06_layered_density,53,10,10.5,5.298942262846481,4.640102778744577,6.556689661318258,6.5566896613182575,7.024860658950609,7.592701520240149,1.3257099833310886,1.7259183961041282,0.1224485267724722,1.1580083719737309,1.0360118589218903,623,100.0,100.0,100.0,99.65061347152839,99.48230775788286,0.8571428571428571,6,100.0,1.1,99.43758901791463,11,6.2,P32_derived_Jv_proxy,94.53999999999999,94.53999999999999,-0.3493865284716122,-0.5176922421171355,5.110613471528396,4.9423077578828725,0.3493865284716122,0.5176922421171355,5.110613471528396,4.9423077578828725,623,6,0,623,1.0,0.0,78.53981633974483,7.0,7.932282363700064,0.8571428571428571,0.8571428571428571,0.0,7.932282363700064,0.8673329681772163,0.7697403354041414,0.09759263277307484,0,1,1,1,1,1,100.0,100.0,0.0,100.0,100.0,81,9.0,9.0,0.0,9.0,9.0,81,1.2304990414667414,1.2304990414667414,0.22967119422019266,0.6124008421678022,2.131420158337772,81,2.085230852470118,2.085230852470118,0.5300565355540782,0.75,5.141136083952486,81,0.7815469191546549,0.7704193526014428,0.09602806482868793,0.577922385128754,1.0,81,1.0500208240749493,1.091025868931795,0.26337482813577845,0.5,1.6262270746414123,81,5.298942262846481,4.640102778744577,1.95792564063505,3.0423227451089723,13.113379322636515,81,6.556689661318258,6.5566896613182575,8.881784197001252e-16,6.5566896613182575,6.5566896613182575,81,cases/scenario_06_layered_density.yaml,scenario_06_layered_density,layered,varying,similar,unknown,1,5
scenario_06_layered_density,53,20,20.5,6.074780843548477,5.514348257716784,6.561963239015769,6.561963239015771,5.09947734178554,5.827378622148433,0.8394504218536992,-0.9753035017629372,-0.07600494830636984,0.8880541401848028,-0.7345846168673367,646,98.70021379649465,98.70021379649465,98.70021379649465,98.86703681736176,99.08832728941319,1.0,7,98.70021379649465,0.8,99.69656540975667,8,6.2,P32_derived_Jv_proxy,94.53999999999999,94.53999999999999,0.16682302086711331,0.38811349291853503,4.327036817361773,4.548327289413194,0.16682302086711331,0.38811349291853503,4.327036817361773,4.548327289413194,646,7,3,643,0.9953560371517027,0.0046439628482972135,78.53981633974483,7.0,8.225127458989151,1.0,1.0,0.03819718634205488,8.186930272647096,0.873572650817641,0.7357077540815249,0.13786489673611613,1,1,1,1,1,1,98.70021379649465,98.70021379649465,0.0,98.70021379649465,98.70021379649465,81,9.0,9.0,0.0,9.0,9.0,81,1.2392901538155263,1.2392901538155263,0.22066426088303823,0.6452205162934544,2.074635791136973,81,2.071165437031442,2.071165437031442,0.4868393091534923,0.7577648962243169,3.3628292251560317,81,0.7885809337883731,0.7842033611490626,0.10554323536285222,0.48466954656430067,1.0,81,0.9653463163362846,0.9575334951927542,0.3235661024319136,0.5,1.7677804597321345,81,6.074780843548477,5.514348257716784,2.408961422687653,2.381747582149924,12.04169791480908,81,6.561963239015769,6.561963239015771,1.7763568394002505e-15,6.561963239015771,6.561963239015771,81,cases/scenario_06_layered_density.yaml,scenario_06_layered_density,layered,varying,similar,unknown,1,5
scenario_06_layered_density,53,30,30.5,5.669012661376771,5.418875011431389,6.615358320452123,6.615358320452123,5.306151996594717,7.062933695596148,0.9359922641813381,-0.3628606647820538,-0.028727740617921715,1.0676570116784596,0.4475753751440248,571,99.90790806408931,99.90790806408931,99.90790806408931,98.89253978136276,99.15516786313381,0.8571428571428571,6,99.90790806408931,1.0,99.53211598395555,10,6.2,P32_derived_Jv_proxy,94.53999999999999,94.53999999999999,-1.0153682827265555,-0.7527402009555004,4.352539781362765,4.61516786313382,1.0153682827265555,0.7527402009555004,4.352539781362765,4.61516786313382,571,6,2,569,0.9964973730297724,0.0035026269702276708,78.53981633974483,7.0,7.270197800437779,0.8571428571428571,0.8571428571428571,0.025464790894703253,7.244733009543076,0.8651506184588681,0.8115923010898314,0.05355831736903671,1,1,1,1,1,1,99.90790806408931,99.90790806408931,0.0,99.90790806408931,99.90790806408931,81,9.0,9.0,0.0,9.0,9.0,81,1.2346612812141105,1.2346612812141105,0.22737254147223032,0.5452999729447828,2.2001550736042947,81,2.071819003909134,2.071819003909134,0.5190036531898062,0.75,3.907314064161971,81,0.7918693297694279,0.7969357561123706,0.10118138027772673,0.5096404005600609,0.9698551146602745,81,1.0155449253031117,0.9585013099142662,0.30263822975242777,0.5,1.6167859127721582,81,5.669012661376771,5.418875011431389,1.9524273257380724,2.819664679139281,11.704710408221073,81,6.615358320452123,6.615358320452123,0.0,6.615358320452123,6.615358320452123,81,cases/scenario_06_layered_density.yaml,scenario_06_layered_density,layered,varying,similar,unknown,1,5
scenario_06_layered_density,54,10,10.5,5.615610759241514,5.344578918972848,6.616287047371797,6.616287047371798,4.711456021309575,5.794270598197307,0.83899262668019,-0.9041547379319397,-0.07624185586519439,0.8757586478203025,-0.8220164491744901,622,98.94352272294572,98.94352272294572,98.94352272294572,99.46641525766704,99.66579713139684,0.7142857142857143,5,98.94352272294572,1.2,99.33508891232165,12,6.2,P32_derived_Jv_proxy,94.53999999999999,94.53999999999999,0.522892534721322,0.7222744084511277,4.9264152576670455,5.125797131396851,0.522892534721322,0.7222744084511277,4.9264152576670455,5.125797131396851,622,5,2,620,0.9967845659163987,0.003215434083601286,78.53981633974483,7.0,7.919549968252712,0.7142857142857143,0.7142857142857143,0.025464790894703253,7.894085177358009,0.8647139255499346,0.7024867836282012,0.1622271419217335,1,1,1,1,1,1,98.94352272294572,98.94352272294572,0.0,98.94352272294572,98.94352272294572,81,9.0,9.0,0.0,9.0,9.0,81,1.2316233635824918,1.2316233635824918,0.24069648491742923,0.6352373529031784,2.571516149629773,81,2.046484403449721,2.046484403449721,0.5269416855443143,0.75,4.583942052382806,81,0.8078119727822491,0.8089250558464265,0.09648407754777928,0.5335741910550436,1.0,81,1.0288467230446088,1.0323607100823244,0.2723958964152607,0.5,1.712812935228443,81,5.615610759241514,5.344578918972848,1.854200228358614,2.8572948034384407,12.52880912673988,81,6.616287047371797,6.616287047371798,8.881784197001252e-16,6.616287047371798,6.616287047371798,81,cases/scenario_06_layered_density.yaml,scenario_06_layered_density,layered,varying,similar,unknown,1,5
scenario_06_layered_density,54,20,20.5,5.373350704462943,4.919733912282964,6.661398566941697,6.6613985669416955,5.537564951373469,6.529227104517249,1.0305608652668314,0.16421424691052522,0.01307364644897735,0.9801586016665672,-0.13217146242444855,556,99.88397640386013,99.88397640386013,99.88397640386013,100.0,99.93315942627937,0.14285714285714285,1,99.88397640386013,1.2,99.33508891232165,12,6.2,P32_derived_Jv_proxy,94.53999999999999,94.53999999999999,0.11602359613986835,0.04918302241924266,5.460000000000008,5.393159426279382,0.11602359613986835,0.04918302241924266,5.460000000000008,5.393159426279382,556,1,0,556,1.0,0.0,78.53981633974483,7.0,7.079211868727504,0.14285714285714285,0.14285714285714285,0.0,7.079211868727504,0.8631367357147184,0.8777280492015848,-0.014591313486866375,1,1,1,1,1,1,99.88397640386013,99.88397640386013,0.0,99.88397640386013,99.88397640386013,81,9.0,9.0,0.0,9.0,9.0,81,1.250517400340571,1.250517400340571,0.2386150211244592,0.681676856293186,2.276137174378315,81,2.0834238611710734,2.0834238611710734,0.548248909758873,0.75,3.9036008000242775,81,0.7855038277716311,0.7832084502946978,0.09248378655519528,0.5734072022454373,0.9844770300577768,81,1.0479640595703046,1.0616906362666911,0.27001707968438077,0.5,1.8396691409692576,81,5.373350704462943,4.919733912282964,1.6980943105641673,2.9853945949492444,10.674407558486276,81,6.661398566941697,6.6613985669416955,1.7763568394002505e-15,6.6613985669416955,6.6613985669416955,81,cases/scenario_06_layered_density.yaml,scenario_06_layered_density,layered,varying,similar,unknown,1,5
scenario_06_layered_density,54,30,30.5,5.920507340356913,5.327134066906944,6.6304491266625245,6.630449126662523,6.539933362835792,6.223310688174746,1.1046238078714277,0.619426022478879,0.04321439930388282,0.9385956470353444,-0.4071384384877783,622,99.81503109572347,99.81503109572347,99.81503109572347,100.0,99.93315942627937,0.14285714285714285,1,99.81503109572347,1.0,99.53211598395555,10,6.2,P32_derived_Jv_proxy,94.53999999999999,94.53999999999999,0.18496890427653057,0.11812833055590488,5.460000000000008,5.393159426279382,0.18496890427653057,0.11812833055590488,5.460000000000008,5.393159426279382,622,1,0,622,1.0,0.0,78.53981633974483,7.0,7.919549968252712,0.14285714285714285,0.14285714285714285,0.0,7.919549968252712,0.8694960383252106,0.8266068045228313,0.0428892338023793,1,1,1,1,1,1,99.81503109572347,99.81503109572347,0.0,99.81503109572347,99.81503109572347,81,9.0,9.0,0.0,9.0,9.0,81,1.2404222000576708,1.2404222000576708,0.25983573359684936,0.5853136508492975,2.4201085400553213,81,2.074818062101189,2.074818062101189,0.5595980464327157,0.75,5.067083058125177,81,0.7993164253925964,0.7990642605031754,0.10487203939701423,0.5067266883373909,1.0,81,0.9869707952797963,0.9633611234529782,0.3056210202370006,0.5,1.8362575040963869,81,5.920507340356913,5.327134066906944,2.0838952183294848,2.680372754916491,12.378479407016952,81,6.6304491266625245,6.630449126662523,1.7763568394002505e-15,6.630449126662523,6.630449126662523,81,cases/scenario_06_layered_density.yaml,scenario_06_layered_density,layered,varying,similar,unknown,1,5
scenario_06_layered_density,55,10,10.5,5.469995939401596,5.035083965399163,6.65658269837288,6.65658269837288,6.050190692772441,7.151455803231179,1.1060685894100164,0.5801947533708454,0.043782059227868264,1.0743434172280717,0.49487310485829905,593,100.0,100.0,100.0,98.15904725040302,99.48230775788286,0.8571428571428571,6,100.0,0.4,99.92210167184162,4,6.2,P32_derived_Jv_proxy,94.53999999999999,94.53999999999999,-1.8409527495969797,-0.5176922421171355,3.619047250403028,4.9423077578828725,1.8409527495969797,0.5176922421171355,3.619047250403028,4.9423077578828725,593,6,1,592,0.9983136593591906,0.0016863406408094434,78.53981633974483,7.0,7.550310500279514,0.8571428571428571,0.8571428571428571,0.012732395447351627,7.537578104832163,0.8752243528014874,0.7200666942468761,0.15515765855461128,1,1,1,1,1,1,100.0,100.0,0.0,100.0,100.0,81,9.0,9.0,0.0,9.0,9.0,81,1.2334738805446144,1.2334738805446144,0.23444012518406937,0.6191810809950263,2.517352714484782,81,2.0589040894413717,2.0589040894413717,0.5370935743340612,0.75,3.9378216463636524,81,0.7989508974061292,0.8060861644536488,0.11470062755130633,0.5306346758404765,1.0,81,1.0488390311236087,1.0336423033437352,0.29021690568682945,0.5,1.7958886582742033,81,5.469995939401596,5.035083965399163,1.7580066986596081,2.636128510625295,10.93288044233802,81,6.65658269837288,6.65658269837288,0.0,6.65658269837288,6.65658269837288,81,cases/scenario_06_layered_density.yaml,scenario_06_layered_density,layered,varying,similar,unknown,1,5
scenario_06_layered_density,55,20,20.5,5.991517101341514,5.214436419394432,6.548151150548228,6.548151150548228,6.913212551710644,7.097667698863474,1.1538334005860986,0.9216954503691301,0.062143106541244,1.08391934390049,0.5495165483152462,601,99.59409966019986,99.59409966019986,99.59409966019986,99.38050454649768,99.29881838436891,1.0,7,99.59409966019986,1.4,99.10683883546386,14,6.2,P32_derived_Jv_proxy,94.53999999999999,94.53999999999999,-0.21359511370218343,-0.2952812758309449,4.840504546497684,4.758818384368922,0.21359511370218343,0.2952812758309449,4.840504546497684,4.758818384368922,601,7,2,599,0.9966722129783694,0.0033277870216306157,78.53981633974483,7.0,7.652169663858328,1.0,1.0,0.025464790894703253,7.626704872963624,0.8674333943740136,0.8177761350534481,0.04965725932056542,1,1,1,1,1,1,99.59409966019986,99.59409966019986,0.0,99.59409966019986,99.59409966019986,81,9.0,9.0,0.0,9.0,9.0,81,1.234568011583875,1.234568011583875,0.25068279532729143,0.5,2.386616497911586,81,2.0863512421905375,2.0863512421905375,0.5700563558944113,0.75,4.717486836087413,81,0.8010471372126292,0.7944372582919701,0.08488077615597643,0.5958170217276738,1.0,81,0.9707604475528432,0.9928709735218786,0.29156754547026437,0.5,1.7580939475872595,81,5.991517101341514,5.214436419394432,2.1986781340545027,3.215512467225103,13.096302301096456,81,6.548151150548228,6.548151150548228,0.0,6.548151150548228,6.548151150548228,81,cases/scenario_06_layered_density.yaml,scenario_06_layered_density,layered,varying,similar,unknown,1,5
scenario_06_layered_density,55,30,30.5,5.8611551288294725,5.504660000816014,6.666917420280762,6.666917420280761,7.529184772400208,7.971368456816353,1.284590598082985,1.6680296435707351,0.10876473908893258,1.1956602961013814,1.3044510365355908,572,100.0,100.0,100.0,97.3640357077148,99.73263770511745,0.5714285714285714,4,100.0,0.5,99.87908957257498,5,6.2,P32_derived_Jv_proxy,94.53999999999999,94.53999999999999,-2.6359642922851947,-0.26736229488254537,2.8240357077148133,5.192637705117463,2.6359642922851947,0.26736229488254537,2.8240357077148133,5.192637705117463,572,4,1,571,0.9982517482517482,0.0017482517482517483,78.53981633974483,7.0,7.282930195885131,0.5714285714285714,0.5714285714285714,0.012732395447351627,7.270197800437779,0.8707588089525924,0.7909659252558805,0.07979288369671189,0,1,1,1,1,1,100.0,100.0,0.0,100.0,100.0,81,9.0,9.0,0.0,9.0,9.0,81,1.2356659022462428,1.2356659022462428,0.22820815840669714,0.6116806048681009,2.386616497911586,81,2.059365711401173,2.059365711401173,0.5651800409615104,0.75,4.760652091679429,81,0.8038330925410956,0.8132630357124913,0.09222684588255507,0.5662557170820526,1.0,81,0.983951961308957,0.9627312064317265,0.25845668368527064,0.5,1.705656508152421,81,5.8611551288294725,5.504660000816014,1.8233895009866168,2.8199963797234116,12.622488586539985,81,6.666917420280762,6.666917420280761,8.881784197001252e-16,6.666917420280761,6.666917420280761,81,cases/scenario_06_layered_density.yaml,scenario_06_layered_density,layered,varying,similar,unknown,1,5
scenario_06_layered_density,56,10,10.5,5.543333264563673,5.094282996858107,6.543407714999959,6.543407714999962,5.610079257552341,7.157591404500721,1.0120407685778787,0.06674599298866823,0.005198007772339142,1.0938629711385432,0.614183689500762,619,98.36296772621247,98.36296772621247,98.36296772621247,100.0,99.29881838436891,1.0,7,98.36296772621247,1.6,98.84867952008052,16,6.2,P32_derived_Jv_proxy,94.53999999999999,94.53999999999999,1.6370322737875256,0.9358506581564399,5.460000000000008,4.758818384368922,1.6370322737875256,0.9358506581564399,5.460000000000008,4.758818384368922,619,7,2,617,0.9967689822294022,0.0032310177705977385,78.53981633974483,7.0,7.881352781910657,1.0,1.0,0.025464790894703253,7.855887991015954,0.8632240478119358,0.8404331506185423,0.022790897193393556,1,1,1,1,1,1,98.36296772621247,98.36296772621247,0.0,98.36296772621247,98.36296772621247,81,9.0,9.0,0.0,9.0,9.0,81,1.2366275077649664,1.2366275077649664,0.24312285312682472,0.5521634996695131,2.109969869375106,81,2.0654944629197978,2.0654944629197978,0.5629337328180548,0.75,4.458206964804485,81,0.7823589503379773,0.790194484838452,0.09917952678137605,0.518969045191373,0.9820108223489054,81,1.0079947474217688,1.007768193717179,0.27464169171945974,0.5,1.720549897063656,81,5.543333264563673,5.094282996858107,1.9777996957667558,2.7887390446774343,12.686366610321192,81,6.543407714999959,6.543407714999962,2.6645352591003757e-15,6.543407714999962,6.543407714999962,81,cases/scenario_06_layered_density.yaml,scenario_06_layered_density,layered,varying,similar,unknown,1,5
scenario_06_layered_density,56,20,20.5,5.565554702766763,5.070503861144454,6.387761451677135,6.387761451677136,4.892058898770031,6.5177010556084225,0.8789885573019485,-0.6734958039967314,-0.05601677854735243,1.020341962503495,0.12993960393128745,610,98.83760578907076,98.83760578907076,98.83760578907076,100.0,99.68282947904477,0.42857142857142855,3,98.83760578907076,0.7,99.76613872993647,7,6.2,P32_derived_Jv_proxy,94.53999999999999,94.53999999999999,1.1623942109292358,0.8452236899740058,5.460000000000008,5.142829479044778,1.1623942109292358,0.8452236899740058,5.460000000000008,5.142829479044778,610,3,0,610,1.0,0.0,78.53981633974483,7.0,7.766761222884492,0.42857142857142855,0.42857142857142855,0.0,7.766761222884492,0.8667834558498888,0.6967213529370355,0.17006210291285329,1,1,1,1,1,1,98.83760578907076,98.83760578907076,0.0,98.83760578907076,98.83760578907076,81,9.0,9.0,0.0,9.0,9.0,81,1.2161887311240074,1.2161887311240074,0.23621153403777523,0.5606622029527788,2.1855426487513263,81,2.090893887584644,2.090893887584644,0.5601421998268727,0.75,4.217711361997379,81,0.7839745673627838,0.7772247290095319,0.10132556908802029,0.534042146369163,1.0,81,0.9845532428375287,0.9704414837310807,0.27252122245815147,0.5,1.6625981315246559,81,5.565554702766763,5.070503861144454,2.0316180587721244,2.7722390774493006,12.775522903354272,81,6.387761451677135,6.387761451677136,8.881784197001252e-16,6.387761451677136,6.387761451677136,81,cases/scenario_06_layered_density.yaml,scenario_06_layered_density,layered,varying,similar,unknown,1,5
scenario_06_layered_density,56,30,30.5,5.719445881580991,5.3009588205078915,6.5873094215976185,6.587309421597618,6.700438500149874,6.968324210375444,1.17151882173203,0.9809926185688829,0.06874927040519374,1.0578407304701072,0.3810147887778257,598,99.65128360416348,99.65128360416348,99.65128360416348,100.0,99.79947827883811,0.42857142857142855,3,99.65128360416348,1.0,99.53211598395555,10,6.2,P32_derived_Jv_proxy,94.53999999999999,94.53999999999999,0.3487163958365187,0.14819467467462744,5.460000000000008,5.259478278838117,0.3487163958365187,0.14819467467462744,5.460000000000008,5.259478278838117,598,3,0,598,1.0,0.0,78.53981633974483,7.0,7.613972477516273,0.42857142857142855,0.42857142857142855,0.0,7.613972477516273,0.8662813871565667,0.7459366263424472,0.12034476081411949,1,1,1,1,1,1,99.65128360416348,99.65128360416348,0.0,99.65128360416348,99.65128360416348,81,9.0,9.0,0.0,9.0,9.0,81,1.2175592048114405,1.2175592048114405,0.2417503787450597,0.5241935972449914,2.223184892429921,81,2.0465502488385576,2.0465502488385576,0.5443141870145694,0.75,4.087832434510597,81,0.7909837137334307,0.8027262606453777,0.09965502542811723,0.5284697563760429,1.0,81,0.9851134274768893,0.9662617085633743,0.2759374895387308,0.5135505301536576,1.6210734816791847,81,5.719445881580991,5.3009588205078915,1.7921982355894308,2.7225147479828675,10.94858326744636,81,6.5873094215976185,6.587309421597618,8.881784197001252e-16,6.587309421597618,6.587309421597618,81,cases/scenario_06_layered_density.yaml,scenario_06_layered_density,layered,varying,similar,unknown,1,5
scenario_06_layered_density,57,10,10.5,5.334844500704054,4.845533415173426,6.633205609918902,6.633205609918902,4.577699440228492,6.109706858555646,0.8580755145954789,-0.7571450604755618,-0.0664744905557274,0.921079070641132,-0.5234987513632561,587,99.45735614460544,99.45735614460544,99.45735614460544,100.0,99.5491483316035,0.7142857142857143,5,99.45735614460544,0.9,99.61849919456388,9,6.2,P32_derived_Jv_proxy,94.53999999999999,94.53999999999999,0.5426438553945587,0.09179218699806313,5.460000000000008,5.009148331603512,0.5426438553945587,0.09179218699806313,5.460000000000008,5.009148331603512,587,5,0,587,1.0,0.0,78.53981633974483,7.0,7.473916127595405,0.7142857142857143,0.7142857142857143,0.0,7.473916127595405,0.8741648182091124,0.825378405174779,0.0487864130343334,1,1,1,1,1,1,99.45735614460544,99.45735614460544,0.0,99.45735614460544,99.45735614460544,81,9.0,9.0,0.0,9.0,9.0,81,1.2502638357211069,1.2502638357211069,0.2347928174861451,0.5707343037232158,2.227011153042419,81,2.0829200992133687,2.0829200992133687,0.5279907069205803,0.8545004555624356,4.401288045723713,81,0.7675328810866332,0.7781820495681833,0.10397211786747748,0.4939238133708671,0.9771729962436889,81,1.0279861806934314,0.9710968011849007,0.2769149055711802,0.5,1.7197434001525769,81,5.334844500704054,4.845533415173426,1.69251313439654,2.3817513649438244,12.550185478100968,81,6.633205609918902,6.633205609918902,0.0,6.633205609918902,6.633205609918902,81,cases/scenario_06_layered_density.yaml,scenario_06_layered_density,layered,varying,similar,unknown,1,5
scenario_06_layered_density,57,20,20.5,5.401832541082823,4.805130746802851,6.593093874911988,6.59309387491199,9.734006164597714,8.519688067255403,1.8019822144739213,4.332173623514891,0.2557505001869108,1.2922139785805997,1.9265941923434156,611,99.83682061713654,99.83682061713654,99.83682061713654,100.0,99.66579713139683,0.7142857142857143,5,99.83682061713654,1.3,99.22478369402342,13,6.2,P32_derived_Jv_proxy,94.53999999999999,94.53999999999999,0.16317938286346134,-0.1710234857397097,5.460000000000008,5.125797131396837,0.16317938286346134,0.1710234857397097,5.460000000000008,5.125797131396837,611,5,1,610,0.9983633387888707,0.0016366612111292963,78.53981633974483,7.0,7.779493618331844,0.7142857142857143,0.7142857142857143,0.012732395447351627,7.766761222884492,0.8753333688556368,0.7853695946698298,0.08996377418580703,0,0,1,0,1,1,99.83682061713654,99.83682061713654,0.0,99.83682061713654,99.83682061713654,81,9.0,9.0,0.0,9.0,9.0,81,1.2319281308031353,1.2319281308031353,0.23133394095330942,0.6655400651748156,2.215326057586793,81,2.072737694955571,2.072737694955571,0.5522782833957106,0.75,4.287874821151456,81,0.8056996426005038,0.8041431732607716,0.0931551154289102,0.5145380159768163,1.0,81,1.0840527989705073,1.0751959818866281,0.3102090218596026,0.5,1.8316133841926443,81,5.401832541082823,4.805130746802851,2.066518402412702,2.2756780135476147,12.349522741187458,81,6.593093874911988,6.59309387491199,1.7763568394002505e-15,6.59309387491199,6.59309387491199,81,cases/scenario_06_layered_density.yaml,scenario_06_layered_density,layered,varying,similar,unknown,1,5
scenario_06_layered_density,57,30,30.5,5.648173469981562,5.0592391165739645,6.474726419944402,6.4747264199444015,5.552576025252998,7.06876942812421,0.9830746266493695,-0.09559744472856391,-0.00741351297981796,1.09174797043933,0.594043008179808,601,100.0,100.0,100.0,98.32424340688674,99.5491483316035,0.7142857142857143,5,100.0,0.7,99.76613872993647,7,6.2,P32_derived_Jv_proxy,94.53999999999999,94.53999999999999,-1.6757565931132632,-0.4508516683964956,3.7842434068867448,5.009148331603512,1.6757565931132632,0.4508516683964956,3.7842434068867448,5.009148331603512,601,5,1,600,0.9983361064891847,0.0016638935108153079,78.53981633974483,7.0,7.652169663858328,0.7142857142857143,0.7142857142857143,0.012732395447351627,7.639437268410976,0.8634904113998544,0.7938262645219399,0.06966414687791445,1,1,1,1,1,1,100.0,100.0,0.0,100.0,100.0,81,9.0,9.0,0.0,9.0,9.0,81,1.2296093424314887,1.2296093424314887,0.24146151696686904,0.5,2.1479423508132647,81,2.1101008970713946,2.1101008970713946,0.5396103440511991,0.75,4.089276120776466,81,0.8133236905771883,0.8219256217903097,0.09648548043687577,0.514780940865292,1.0,81,1.0096679254734195,1.0157515080738397,0.26678014344698847,0.5,1.7454823329804523,81,5.648173469981562,5.0592391165739645,1.837583354404319,2.740623854031618,10.667569768252662,81,6.474726419944402,6.4747264199444015,8.881784197001252e-16,6.4747264199444015,6.4747264199444015,81,cases/scenario_06_layered_density.yaml,scenario_06_layered_density,layered,varying,similar,unknown,1,5
scenario_06_layered_density,58,10,10.5,5.744447485647724,5.388267029400157,6.535983288783284,6.5359832887832825,5.230650381541798,5.8627407147645725,0.9105576114344107,-0.5137971041059259,-0.04069257097118295,0.8969944468532997,-0.6732425740187118,575,97.66219174849701,97.66219174849701,97.66219174849701,96.29002676544806,99.11532901085494,1.1428571428571428,8,97.66219174849701,2.1,98.08069376239264,21,6.2,P32_derived_Jv_proxy,94.53999999999999,94.53999999999999,-1.3721649830489469,1.4531372623579273,1.7500267654480695,4.575329010854944,1.3721649830489469,1.4531372623579273,1.7500267654480695,4.575329010854944,575,8,2,573,0.9965217391304347,0.0034782608695652175,78.53981633974483,7.0,7.321127382227186,1.1428571428571428,1.1428571428571428,0.025464790894703253,7.295662591332482,0.863850981620191,0.7815550169902046,0.08229596462998645,1,1,1,1,1,1,97.66219174849701,97.66219174849701,0.0,97.66219174849701,97.66219174849701,81,9.0,9.0,0.0,9.0,9.0,81,1.2445252724133415,1.2445252724133415,0.23364966064787002,0.6786690731825405,2.53991703863761,81,2.0662208716147354,2.0662208716147354,0.5253468678885509,0.75,3.739190845083164,81,0.7945642768717542,0.7908608889832331,0.10042331260478594,0.565290153295367,1.0,81,0.9864336966394676,0.9952123648700024,0.2767350535634709,0.5,1.5851328271450498,81,5.744447485647724,5.388267029400157,1.94887346145424,2.7848822612913726,11.805800352491257,81,6.535983288783284,6.5359832887832825,1.7763568394002505e-15,6.5359832887832825,6.5359832887832825,81,cases/scenario_06_layered_density.yaml,scenario_06_layered_density,layered,varying,similar,unknown,1,5
scenario_06_layered_density,58,20,20.5,5.920802752011705,5.445649819384376,6.541589833132621,6.541589833132621,5.796901181617168,7.966298106135482,0.9790735183075574,-0.12390157039453698,-0.009184695943024401,1.217792357721181,1.424708273002861,592,99.93358931606433,99.93358931606433,99.93358931606433,99.79774831460362,99.43249953181018,0.7142857142857143,5,99.93358931606433,1.0,99.53211598395555,10,6.2,P32_derived_Jv_proxy,94.53999999999999,94.53999999999999,-0.13584100146070455,-0.5010897842541482,5.2577483146036315,4.892499531810188,0.13584100146070455,0.5010897842541482,5.2577483146036315,4.892499531810188,592,5,2,590,0.9966216216216216,0.0033783783783783786,78.53981633974483,7.0,7.537578104832163,0.7142857142857143,0.7142857142857143,0.025464790894703253,7.512113313937459,0.8637114696812518,0.8061295533971196,0.05758191628413223,1,1,1,1,1,1,99.93358931606433,99.93358931606433,0.0,99.93358931606433,99.93358931606433,81,9.0,9.0,0.0,9.0,9.0,81,1.2267714264824978,1.2267714264824978,0.22664077939822147,0.586642715752552,2.0788034172416547,81,2.0823288637444612,2.0823288637444612,0.555983784382216,0.75,4.2752076462413156,81,0.8139883949857611,0.8200378291660119,0.09967076970262026,0.4418658359336589,1.0,81,0.9742854931556376,0.9741720709796667,0.2638048489653771,0.5,1.6886986498735663,81,5.920802752011705,5.445649819384376,1.9033494900600478,2.6225543467013575,10.916202216450525,81,6.541589833132621,6.541589833132621,0.0,6.541589833132621,6.541589833132621,81,cases/scenario_06_layered_density.yaml,scenario_06_layered_density,layered,varying,similar,unknown,1,5
scenario_06_layered_density,58,30,30.5,5.563367190392483,5.245921620447709,6.544728308505695,6.544728308505694,6.148315412698502,7.742420741759255,1.1051428392711848,0.5849482223060196,0.04341841403755231,1.1830010929096948,1.1976924332535601,622,99.53250778215107,99.53250778215107,99.53250778215107,99.25485855303445,99.27181666292712,0.8571428571428571,6,99.53250778215107,0.8,99.69656540975667,8,6.2,P32_derived_Jv_proxy,94.53999999999999,94.53999999999999,-0.27764922911661927,-0.2606911192239494,4.71485855303446,4.73181666292713,0.27764922911661927,0.2606911192239494,4.71485855303446,4.73181666292713,622,6,2,620,0.9967845659163987,0.003215434083601286,78.53981633974483,7.0,7.919549968252712,0.8571428571428571,0.8571428571428571,0.025464790894703253,7.894085177358009,0.8728326539114585,0.830905553581816,0.04192710032964253,1,1,1,1,1,1,99.53250778215107,99.53250778215107,0.0,99.53250778215107,99.53250778215107,81,9.0,9.0,0.0,9.0,9.0,81,1.2220367316057077,1.2220367316057077,0.24385029865878372,0.6151139913396289,2.3462175688878344,81,2.0649763148650506,2.0649763148650506,0.5403823091598705,0.75,5.23936077991252,81,0.7824229526264782,0.7733088624105505,0.0864842389868813,0.6256124130614316,0.9971396888583199,81,1.005426175052472,0.9797078229311897,0.3067216535272064,0.5,1.8057045676403,81,5.563367190392483,5.245921620447709,1.7335332813469346,2.891170621815864,10.491323254601074,81,6.544728308505695,6.544728308505694,8.881784197001252e-16,6.544728308505694,6.544728308505694,81,cases/scenario_06_layered_density.yaml,scenario_06_layered_density,layered,varying,similar,unknown,1,5
scenario_06_layered_density,59,10,10.5,6.112378954313619,5.465138483512681,6.59132277512275,6.591322775122751,5.703012251064422,7.045815924481357,0.9330266159364515,-0.409366703249197,-0.030105967197273653,1.0689532533703212,0.4544931493586075,605,98.44780791325732,98.44780791325732,98.44780791325732,98.20689521107617,99.36565895808954,0.8571428571428571,6,98.44780791325732,1.1,99.43758901791463,11,6.2,P32_derived_Jv_proxy,94.53999999999999,94.53999999999999,-0.24091270218114857,0.9178510448322186,3.6668952110761808,4.825658958089548,0.24091270218114857,0.9178510448322186,3.6668952110761808,4.825658958089548,605,6,1,604,0.9983471074380166,0.001652892561983471,78.53981633974483,7.0,7.703099245647734,0.8571428571428571,0.8571428571428571,0.012732395447351627,7.690366850200383,0.8612748495290956,0.7453863829341782,0.11588846659491736,1,1,1,1,1,1,98.44780791325732,98.44780791325732,0.0,98.44780791325732,98.44780791325732,81,9.0,9.0,0.0,9.0,9.0,81,1.2239112932888925,1.2239112932888925,0.22638648279729356,0.5908543043577243,2.160096344862148,81,2.0311448857400305,2.0311448857400305,0.5809348972306089,0.75,5.3850551712478225,81,0.8130405187327883,0.8123228055296912,0.09551365385189381,0.6032056496829452,1.0,81,0.9821721963761928,0.9944736755353183,0.319658413380919,0.5,1.7409281234417469,81,6.112378954313619,5.465138483512681,2.2629220445757077,2.7921381853950886,12.417146089994107,81,6.59132277512275,6.591322775122751,8.881784197001252e-16,6.591322775122751,6.591322775122751,81,cases/scenario_06_layered_density.yaml,scenario_06_layered_density,layered,varying,similar,unknown,1,5
scenario_06_layered_density,59,20,20.5,6.005880390202769,5.271099094692131,6.592554535632308,6.592554535632309,5.691080767255984,5.743636403959967,0.9475847665131146,-0.31479962294678465,-0.023381929663574552,0.8712307760089057,-0.8489181316723409,580,99.751153163284,99.751153163284,99.751153163284,97.6079594443604,99.73263770511747,0.5714285714285714,4,99.751153163284,1.1,99.43758901791463,11,6.2,P32_derived_Jv_proxy,94.53999999999999,94.53999999999999,-2.143193718923598,-0.018515458166532994,3.0679594443604117,5.192637705117477,2.143193718923598,0.018515458166532994,3.0679594443604117,5.192637705117477,580,4,0,580,1.0,0.0,78.53981633974483,7.0,7.3847893594639435,0.5714285714285714,0.5714285714285714,0.0,7.3847893594639435,0.8682831620559628,0.8102593397968173,0.058023822259145486,1,1,1,1,1,1,99.751153163284,99.751153163284,0.0,99.751153163284,99.751153163284,81,9.0,9.0,0.0,9.0,9.0,81,1.2222753947414535,1.2222753947414535,0.233014130041563,0.536852377912037,2.4135047654213957,81,2.054900291088152,2.054900291088152,0.5402994450772398,0.75,4.22728874924538,81,0.8064984090047714,0.8063037614304853,0.09371386562571783,0.550097108216108,1.0,81,0.9662480803455146,0.9807074574874064,0.2731505887278854,0.5,1.6720256894770706,81,6.005880390202769,5.271099094692131,2.023779171432782,3.08615254575176,11.459087295582412,81,6.592554535632308,6.592554535632309,8.881784197001252e-16,6.592554535632309,6.592554535632309,81,cases/scenario_06_layered_density.yaml,scenario_06_layered_density,layered,varying,similar,unknown,1,5
scenario_06_layered_density,59,30,30.5,6.046230439826694,5.380229978297303,6.592877987375991,6.5928779873759895,4.628366110498532,6.979402243881995,0.7654961478165555,-1.4178643293281619,-0.11605699044739581,1.058627545852679,0.38652425650600364,602,99.15474907465317,99.15474907465317,99.15474907465317,98.42726879449255,99.02148671569255,1.1428571428571428,8,99.15474907465317,1.5,98.98141728888164,15,6.2,P32_derived_Jv_proxy,94.53999999999999,94.53999999999999,-0.7274802801606199,-0.13326235896062144,3.887268794492556,4.481486715692554,0.7274802801606199,0.13326235896062144,3.887268794492556,4.481486715692554,602,8,3,599,0.9950166112956811,0.0049833887043189366,78.53981633974483,7.0,7.664902059305679,1.1428571428571428,1.1428571428571428,0.03819718634205488,7.626704872963624,0.8626000737970193,0.8067746812161052,0.055825392580914124,0,1,1,1,1,1,99.15474907465317,99.15474907465317,0.0,99.15474907465317,99.15474907465317,81,9.0,9.0,0.0,9.0,9.0,81,1.2304150589419462,1.2304150589419462,0.22752384402154271,0.5,2.153734893848481,81,2.056115986248446,2.056115986248446,0.5859230812461775,0.75,6.422089785870456,81,0.7993147112641963,0.798097197100222,0.08490787298602626,0.6203742123666379,1.0,81,0.9583635068702538,0.9779088975229352,0.2744538001507033,0.5,1.5517615787428731,81,6.046230439826694,5.380229978297303,2.138370994660658,2.9634173983816265,11.982866684389075,81,6.592877987375991,6.5928779873759895,1.7763568394002505e-15,6.5928779873759895,6.5928779873759895,81,cases/scenario_06_layered_density.yaml,scenario_06_layered_density,layered,varying,similar,unknown,1,5
