case_name,seed,face_x_idx,face_x_coord,borehole_name,Q_face_mean,Qp_face_mean,Q_bh_mean,Q_bh_median,Qp_bh_mean,Qp_bh_median,RQD_bh_mean,Jn_bh_mean,RQD_borehole_direct_mean,RQD_borehole_direct_median,RQD_borehole_hudson_mean,RQD_borehole_hudson_median,lambda_borehole_mean,borehole_n_intersections_sum,RQD_face_scanline,RQD_face_jv,RQD_face_conservative,lambda_face_scanline,face_scanline_n_intersections,Jv_face,Jv_method,Jr_bh_mean,Ja_bh_mean,Jw_bh_mean,SRF_bh_mean,Q_ratio_bh_to_face,Qp_ratio_bh_to_face,face_fracture_count,bh_fracture_count,common_fracture_count,missed_fracture_count,miss_ratio,detection_ratio,bh_window_length,bh_fracture_frequency,face_fracture_density,bh_union_fracture_frequency,common_fracture_density,missed_fracture_density,orientation_bias_bh,face_orientation_bias,orientation_bias_gap_to_face,Q_match_strict,Q_match_normal,Q_match_loose,Qp_match_strict,Qp_match_normal,Qp_match_loose,case_path,case_name_meta,quality_regime,density_regime,orientation_regime,anisotropy_regime,cost_fp,cost_fn
scenario_03_sparse_large,40,10,10.5,Center,30.125538016090076,33.3405242320754,12.664448741131633,11.653469230373958,16.66666666666666,16.666666666666664,100.0,2.0,100.0,100.0,100.0,100.0,0.0,0,100.0,100.0,100.0,0.0,0,0.05,P32_derived_Jv_proxy,1.0,3.0,0.8190682357572294,1.1443117334358373,0.4203891307888855,0.49989215978291124,1,0,0,1,1.0,0.0,7.0,0.0,0.012732395447351627,0.0,0.0,0.012732395447351627,0.0,0.32303570434237505,0.32303570434237505,0,0,0,0,0,0,cases/scenario_03_sparse_large.yaml,scenario_03_sparse_large,sparse_large,sparse,broad,unknown,1,5
scenario_03_sparse_large,40,20,20.5,Center,13.23158950130426,16.66666666666666,13.604847972119325,12.164569840307047,16.66666666666666,16.666666666666664,100.0,2.0,100.0,100.0,100.0,100.0,0.0,0,100.0,100.0,100.0,0.0,0,0.05,P32_derived_Jv_proxy,1.0,3.0,0.7437915959255893,0.969117620128164,1.0282096471310778,1.0,0,0,0,0,0.0,0.0,7.0,0.0,0.0,0.0,0.0,0.0,0.0,0.0,0.0,1,1,1,1,1,1,cases/scenario_03_sparse_large.yaml,scenario_03_sparse_large,sparse_large,sparse,broad,unknown,1,5
scenario_03_sparse_large,40,30,30.5,Center,14.606573793853773,16.66666666666666,19.68727231704963,19.3261651829489,16.66666666666666,16.666666666666664,100.0,2.0,100.0,100.0,100.0,100.0,0.0,0,100.0,100.0,100.0,0.0,0,0.05,P32_derived_Jv_proxy,1.0,3.0,0.8622720667942148,0.8314782712972022,1.347836432752884,1.0,0,0,0,0,0.0,0.0,7.0,0.0,0.0,0.0,0.0,0.0,0.0,0.0,0.0,0,1,1,1,1,1,cases/scenario_03_sparse_large.yaml,scenario_03_sparse_large,sparse_large,sparse,broad,unknown,1,5
scenario_03_sparse_large,41,10,10.5,Center,14.416198258762442,16.66666666666666,14.698751151819101,13.307984774197529,16.66666666666666,16.666666666666664,100.0,2.0,100.0,100.0,100.0,100.0,0.0,0,100.0,100.0,100.0,0.0,0,0.05,P32_derived_Jv_proxy,1.0,3.0,0.8055916184226878,0.9860304434894659,1.01959968141288,1.0,0,0,0,0,0.0,0.0,7.0,0.0,0.0,0.0,0.0,0.0,0.0,0.0,0.0,1,1,1,1,1,1,cases/scenario_03_sparse_large.yaml,scenario_03_sparse_large,sparse_large,sparse,broad,unknown,1,5
scenario_03_sparse_large,41,20,20.5,Center,10.729481641816587,12.907399981206952,15.18220200261759,15.526026422389469,16.66666666666666,16.666666666666664,100.0,2.0,100.0,100.0,100.0,100.0,0.0,0,100.0,100.0,100.0,0.0,0,0.05,P32_derived_Jv_proxy,1.0,3.0,0.8095182796292922,0.9271311344271851,1.4149986466678106,1.291248949512153,1,0,0,1,1.0,0.0,7.0,0.0,0.012732395447351627,0.0,0.0,0.012732395447351627,0.0,0.9233089800511894,0.9233089800511894,0,1,1,0,1,1,cases/scenario_03_sparse_large.yaml,scenario_03_sparse_large,sparse_large,sparse,broad,unknown,1,5
scenario_03_sparse_large,41,30,30.5,Center,15.344839215563736,16.66666666666666,10.731236742092458,10.882579952426847,16.66666666666666,16.666666666666664,100.0,2.0,100.0,100.0,100.0,100.0,0.0,0,100.0,100.0,100.0,0.0,0,0.05,P32_derived_Jv_proxy,1.0,3.0,0.7718460786688566,1.220577777324236,0.6993384936355761,1.0,0,0,0,0,0.0,0.0,7.0,0.0,0.0,0.0,0.0,0.0,0.0,0.0,0.0,0,1,1,1,1,1,cases/scenario_03_sparse_large.yaml,scenario_03_sparse_large,sparse_large,sparse,broad,unknown,1,5
scenario_03_sparse_large,42,10,10.5,Center,14.879363536087354,16.66666666666666,13.579546174978537,14.62550941978008,16.66666666666666,16.666666666666664,100.0,2.0,100.0,100.0,100.0,100.0,0.0,0,100.0,100.0,100.0,0.0,0,0.05,P32_derived_Jv_proxy,1.0,3.0,0.8150001345730925,1.1321174642336316,0.9126429461880993,1.0,0,0,0,0,0.0,0.0,7.0,0.0,0.0,0.0,0.0,0.0,0.0,0.0,0.0,1,1,1,1,1,1,cases/scenario_03_sparse_large.yaml,scenario_03_sparse_large,sparse_large,sparse,broad,unknown,1,5
scenario_03_sparse_large,42,20,20.5,Center,15.75389359515431,16.66666666666666,13.296582955629358,13.831991141713374,16.66666666666666,16.666666666666664,100.0,2.0,100.0,100.0,100.0,100.0,0.0,0,100.0,100.0,100.0,0.0,0,0.05,P32_derived_Jv_proxy,1.0,3.0,0.7644015684490808,0.9881928594745883,0.8440188373316938,1.0,0,0,0,0,0.0,0.0,7.0,0.0,0.0,0.0,0.0,0.0,0.0,0.0,0.0,1,1,1,1,1,1,cases/scenario_03_sparse_large.yaml,scenario_03_sparse_large,sparse_large,sparse,broad,unknown,1,5
scenario_03_sparse_large,42,30,30.5,Center,15.213930556263227,16.66666666666666,11.379705359039528,10.793312323022697,16.66666666666666,16.666666666666664,100.0,2.0,100.0,100.0,100.0,100.0,0.0,0,100.0,100.0,100.0,0.0,0,0.05,P32_derived_Jv_proxy,1.0,3.0,0.7768853968134881,1.2377868911251515,0.7479793152042991,1.0,0,0,0,0,0.0,0.0,7.0,0.0,0.0,0.0,0.0,0.0,0.0,0.0,0.0,0,1,1,1,1,1,cases/scenario_03_sparse_large.yaml,scenario_03_sparse_large,sparse_large,sparse,broad,unknown,1,5
scenario_03_sparse_large,43,10,10.5,Center,14.670487631941667,16.66666666666666,14.57297438602984,13.968937809915534,16.66666666666666,16.666666666666664,100.0,2.0,100.0,100.0,100.0,100.0,0.0,0,100.0,100.0,100.0,0.0,0,0.05,P32_derived_Jv_proxy,1.0,3.0,0.7595460118482924,0.9278134162271445,0.993353101249374,1.0,0,0,0,0,0.0,0.0,7.0,0.0,0.0,0.0,0.0,0.0,0.0,0.0,0.0,1,1,1,1,1,1,cases/scenario_03_sparse_large.yaml,scenario_03_sparse_large,sparse_large,sparse,broad,unknown,1,5
scenario_03_sparse_large,43,20,20.5,Center,14.658914440948646,16.66666666666666,14.697017674935008,14.403364442947234,16.66666666666666,16.666666666666664,100.0,2.0,100.0,100.0,100.0,100.0,0.0,0,100.0,100.0,100.0,0.0,0,0.05,P32_derived_Jv_proxy,1.0,3.0,0.7675669163349912,0.8959169352762667,1.002599321671455,1.0,0,0,0,0,0.0,0.0,7.0,0.0,0.0,0.0,0.0,0.0,0.0,0.0,0.0,1,1,1,1,1,1,cases/scenario_03_sparse_large.yaml,scenario_03_sparse_large,sparse_large,sparse,broad,unknown,1,5
scenario_03_sparse_large,43,30,30.5,Center,14.586390175744496,16.66666666666666,15.376007137270411,13.082615950359115,16.66666666666666,16.666666666666664,100.0,2.0,100.0,100.0,100.0,100.0,0.0,0,100.0,100.0,100.0,0.0,0,0.05,P32_derived_Jv_proxy,1.0,3.0,0.7844426100891507,0.9205059872507112,1.0541338159758649,1.0,0,0,0,0,0.0,0.0,7.0,0.0,0.0,0.0,0.0,0.0,0.0,0.0,0.0,1,1,1,1,1,1,cases/scenario_03_sparse_large.yaml,scenario_03_sparse_large,sparse_large,sparse,broad,unknown,1,5
scenario_03_sparse_large,44,10,10.5,Center,13.904885490787182,16.66666666666666,13.14116947907252,13.15088608867619,16.66666666666666,16.666666666666664,100.0,2.0,100.0,100.0,100.0,100.0,0.0,0,100.0,100.0,100.0,0.0,0,0.05,P32_derived_Jv_proxy,1.0,3.0,0.8097820186114705,1.1524995211685758,0.9450757065046907,1.0,0,0,0,0,0.0,0.0,7.0,0.0,0.0,0.0,0.0,0.0,0.0,0.0,0.0,1,1,1,1,1,1,cases/scenario_03_sparse_large.yaml,scenario_03_sparse_large,sparse_large,sparse,broad,unknown,1,5
scenario_03_sparse_large,44,20,20.5,Center,8.511920186067197,9.199737733159953,13.485424828330153,13.766131991484174,16.66666666666666,16.666666666666664,100.0,2.0,100.0,100.0,100.0,100.0,0.0,0,100.0,100.0,100.0,0.0,0,0.05,P32_derived_Jv_proxy,1.0,3.0,0.8048331815063978,1.0172143625861205,1.5842987872940675,1.8116458479672273,1,0,0,1,1.0,0.0,7.0,0.0,0.012732395447351627,0.0,0.0,0.012732395447351627,0.0,0.9010026576308647,0.9010026576308647,0,0,1,0,0,1,cases/scenario_03_sparse_large.yaml,scenario_03_sparse_large,sparse_large,sparse,broad,unknown,1,5
scenario_03_sparse_large,44,30,30.5,Center,8.096956760598523,9.199737733159953,14.333207766789927,11.942262633954053,16.66666666666666,16.666666666666664,100.0,2.0,100.0,100.0,100.0,100.0,0.0,0,100.0,100.0,100.0,0.0,0,0.05,P32_derived_Jv_proxy,1.0,3.0,0.8373758707606299,1.0355057161517147,1.770196901203462,1.8116458479672273,1,0,0,1,1.0,0.0,7.0,0.0,0.012732395447351627,0.0,0.0,0.012732395447351627,0.0,0.9010026576308647,0.9010026576308647,0,0,1,0,0,1,cases/scenario_03_sparse_large.yaml,scenario_03_sparse_large,sparse_large,sparse,broad,unknown,1,5
scenario_03_sparse_large,45,10,10.5,Center,14.558527205974054,16.66666666666666,13.732120930458374,13.221773077127876,16.66666666666666,16.666666666666664,100.0,2.0,100.0,100.0,100.0,100.0,0.0,0,100.0,100.0,100.0,0.0,0,0.05,P32_derived_Jv_proxy,1.0,3.0,0.7406953331156718,0.9438091422844682,0.9432355853154867,1.0,0,0,0,0,0.0,0.0,7.0,0.0,0.0,0.0,0.0,0.0,0.0,0.0,0.0,1,1,1,1,1,1,cases/scenario_03_sparse_large.yaml,scenario_03_sparse_large,sparse_large,sparse,broad,unknown,1,5
scenario_03_sparse_large,45,20,20.5,Center,30.238226196202536,34.02519654717434,15.471142596477303,15.646705878862196,16.66666666666666,16.666666666666664,100.0,2.0,100.0,100.0,100.0,100.0,0.0,0,100.0,100.0,100.0,0.0,0,0.05,P32_derived_Jv_proxy,1.0,3.0,0.7680191966405924,0.9245737855503283,0.5116418699989831,0.48983307542571014,1,0,0,1,1.0,0.0,7.0,0.0,0.012732395447351627,0.0,0.0,0.012732395447351627,0.0,0.3697198996142602,0.3697198996142602,0,0,1,0,0,0,cases/scenario_03_sparse_large.yaml,scenario_03_sparse_large,sparse_large,sparse,broad,unknown,1,5
scenario_03_sparse_large,45,30,30.5,Center,30.15307706993992,34.02519654717434,13.715946892554559,12.345076367058406,16.66666666666666,16.666666666666664,100.0,2.0,100.0,100.0,100.0,100.0,0.0,0,100.0,100.0,100.0,0.0,0,0.05,P32_derived_Jv_proxy,1.0,3.0,0.8249786684996572,1.08578062856754,0.4548771875168987,0.48983307542571014,1,0,0,1,1.0,0.0,7.0,0.0,0.012732395447351627,0.0,0.0,0.012732395447351627,0.0,0.3697198996142602,0.3697198996142602,0,0,0,0,0,0,cases/scenario_03_sparse_large.yaml,scenario_03_sparse_large,sparse_large,sparse,broad,unknown,1,5
scenario_03_sparse_large,46,10,10.5,Center,14.592484572913493,16.66666666666666,17.524038282256747,17.233418116784534,16.66666666666666,16.666666666666664,100.0,2.0,100.0,100.0,100.0,100.0,0.0,0,100.0,100.0,100.0,0.0,0,0.05,P32_derived_Jv_proxy,1.0,3.0,0.8055641907029086,0.9055323831550904,1.2008947615942518,1.0,0,0,0,0,0.0,0.0,7.0,0.0,0.0,0.0,0.0,0.0,0.0,0.0,0.0,1,1,1,1,1,1,cases/scenario_03_sparse_large.yaml,scenario_03_sparse_large,sparse_large,sparse,broad,unknown,1,5
scenario_03_sparse_large,46,20,20.5,Center,13.980124218277842,16.66666666666666,14.13969673882726,13.271391890692813,16.66666666666666,16.666666666666664,100.0,2.0,100.0,100.0,100.0,100.0,0.0,0,100.0,100.0,100.0,0.0,0,0.05,P32_derived_Jv_proxy,1.0,3.0,0.7947490891692393,0.9692890113948184,1.011414241966519,1.0,0,0,0,0,0.0,0.0,7.0,0.0,0.0,0.0,0.0,0.0,0.0,0.0,0.0,1,1,1,1,1,1,cases/scenario_03_sparse_large.yaml,scenario_03_sparse_large,sparse_large,sparse,broad,unknown,1,5
scenario_03_sparse_large,46,30,30.5,Center,14.352774165693386,16.66666666666666,12.8699574705672,12.526137128804928,16.66666666666666,16.666666666666664,100.0,2.0,100.0,100.0,100.0,100.0,0.0,0,100.0,100.0,100.0,0.0,0,0.05,P32_derived_Jv_proxy,1.0,3.0,0.8400244304157535,1.1371183730815686,0.8966877986089632,1.0,0,0,0,0,0.0,0.0,7.0,0.0,0.0,0.0,0.0,0.0,0.0,0.0,0.0,1,1,1,1,1,1,cases/scenario_03_sparse_large.yaml,scenario_03_sparse_large,sparse_large,sparse,broad,unknown,1,5
scenario_03_sparse_large,47,10,10.5,Center,14.240396570594791,16.66666666666666,13.691575895005093,14.394779571092172,16.66666666666666,16.666666666666664,100.0,2.0,100.0,100.0,100.0,100.0,0.0,0,100.0,100.0,100.0,0.0,0,0.05,P32_derived_Jv_proxy,1.0,3.0,0.8228216161341467,1.0297249659082828,0.961460295514314,1.0,0,0,0,0,0.0,0.0,7.0,0.0,0.0,0.0,0.0,0.0,0.0,0.0,0.0,1,1,1,1,1,1,cases/scenario_03_sparse_large.yaml,scenario_03_sparse_large,sparse_large,sparse,broad,unknown,1,5
scenario_03_sparse_large,47,20,20.5,Center,14.87205946048432,16.66666666666666,15.174872095368466,15.430393330143755,16.66666666666666,16.666666666666664,100.0,2.0,100.0,100.0,100.0,100.0,0.0,0,100.0,100.0,100.0,0.0,0,0.05,P32_derived_Jv_proxy,1.0,3.0,0.834904369546151,0.964225465324389,1.02036117699023,1.0,0,0,0,0,0.0,0.0,7.0,0.0,0.0,0.0,0.0,0.0,0.0,0.0,0.0,1,1,1,1,1,1,cases/scenario_03_sparse_large.yaml,scenario_03_sparse_large,sparse_large,sparse,broad,unknown,1,5
scenario_03_sparse_large,47,30,30.5,Center,13.679826049119908,16.66666666666666,15.92812126162899,15.922190995159761,16.66666666666666,16.666666666666664,100.0,2.0,100.0,100.0,100.0,100.0,0.0,0,100.0,100.0,100.0,0.0,0,0.05,P32_derived_Jv_proxy,1.0,3.0,0.7689370138737678,0.8197185508762805,1.1643511550831251,1.0,0,0,0,0,0.0,0.0,7.0,0.0,0.0,0.0,0.0,0.0,0.0,0.0,0.0,1,1,1,1,1,1,cases/scenario_03_sparse_large.yaml,scenario_03_sparse_large,sparse_large,sparse,broad,unknown,1,5
scenario_03_sparse_large,48,10,10.5,Center,14.38879909212297,16.66666666666666,15.047526042920586,13.96679684276587,16.66666666666666,16.666666666666664,100.0,2.0,100.0,100.0,100.0,100.0,0.0,0,100.0,100.0,100.0,0.0,0,0.05,P32_derived_Jv_proxy,1.0,3.0,0.7586634820232117,0.9139894311214717,1.0457805371094682,1.0,0,0,0,0,0.0,0.0,7.0,0.0,0.0,0.0,0.0,0.0,0.0,0.0,0.0,1,1,1,1,1,1,cases/scenario_03_sparse_large.yaml,scenario_03_sparse_large,sparse_large,sparse,broad,unknown,1,5
scenario_03_sparse_large,48,20,20.5,Center,14.198903258401867,16.66666666666666,12.600409808149726,13.6730328091718,16.66666666666666,16.666666666666664,100.0,2.0,100.0,100.0,100.0,100.0,0.0,0,100.0,100.0,100.0,0.0,0,0.05,P32_derived_Jv_proxy,1.0,3.0,0.8349645395446341,1.1693102606091978,0.8874213436656616,1.0,0,0,0,0,0.0,0.0,7.0,0.0,0.0,0.0,0.0,0.0,0.0,0.0,0.0,1,1,1,1,1,1,cases/scenario_03_sparse_large.yaml,scenario_03_sparse_large,sparse_large,sparse,broad,unknown,1,5
scenario_03_sparse_large,48,30,30.5,Center,14.777093623114007,16.66666666666666,14.493028736810485,11.518283738170112,16.66666666666666,16.666666666666664,100.0,2.0,100.0,100.0,100.0,100.0,0.0,0,100.0,100.0,100.0,0.0,0,0.05,P32_derived_Jv_proxy,1.0,3.0,0.7749076187272406,1.0322980741234336,0.9807766741181639,1.0,0,0,0,0,0.0,0.0,7.0,0.0,0.0,0.0,0.0,0.0,0.0,0.0,0.0,1,1,1,1,1,1,cases/scenario_03_sparse_large.yaml,scenario_03_sparse_large,sparse_large,sparse,broad,unknown,1,5
scenario_03_sparse_large,49,10,10.5,Center,14.675536886833413,16.66666666666666,13.073163495995491,12.266298921693675,16.66666666666666,16.666666666666664,100.0,2.0,100.0,100.0,100.0,100.0,0.0,0,100.0,100.0,100.0,0.0,0,0.05,P32_derived_Jv_proxy,1.0,3.0,0.7604835532077904,0.9947307670322793,0.8908133035817218,1.0,0,0,0,0,0.0,0.0,7.0,0.0,0.0,0.0,0.0,0.0,0.0,0.0,0.0,1,1,1,1,1,1,cases/scenario_03_sparse_large.yaml,scenario_03_sparse_large,sparse_large,sparse,broad,unknown,1,5
scenario_03_sparse_large,49,20,20.5,Center,13.548135005566621,16.66666666666666,12.794492020862318,12.492944644271667,16.66666666666666,16.666666666666664,100.0,2.0,100.0,100.0,100.0,100.0,0.0,0,100.0,100.0,100.0,0.0,0,0.05,P32_derived_Jv_proxy,1.0,3.0,0.7779759024361802,1.0237610037355218,0.9443729351387,1.0,0,0,0,0,0.0,0.0,7.0,0.0,0.0,0.0,0.0,0.0,0.0,0.0,0.0,1,1,1,1,1,1,cases/scenario_03_sparse_large.yaml,scenario_03_sparse_large,sparse_large,sparse,broad,unknown,1,5
scenario_03_sparse_large,49,30,30.5,Center,18.285317229710355,20.67952017549266,15.316420661761395,13.19561597272297,17.239931453641805,16.666666666666664,100.0,2.0,100.0,100.0,99.93315942627937,100.0,0.14285714285714285,1,100.0,100.0,100.0,0.1,1,0.05,P32_derived_Jv_proxy,1.0412976316717728,3.0166873902167315,0.7763181570071962,0.9355439614841404,0.8376349433454161,0.8336717345150437,1,1,1,0,0.0,1.0,7.0,0.14285714285714285,0.012732395447351627,0.14285714285714285,0.012732395447351627,0.0,0.49023924982685063,0.49023924982685063,0.0,1,1,1,1,1,1,cases/scenario_03_sparse_large.yaml,scenario_03_sparse_large,sparse_large,sparse,broad,unknown,1,5
scenario_03_sparse_large,50,10,10.5,Center,13.224150775099787,15.407248380641501,11.930021174232214,11.116656363926513,16.66666666666666,16.666666666666664,100.0,2.0,100.0,100.0,100.0,100.0,0.0,0,100.0,100.0,100.0,0.0,0,0.05,P32_derived_Jv_proxy,1.0,3.0,0.7401624150277978,1.0651815368854758,0.9021389257520919,1.081741934374704,1,0,0,1,1.0,0.0,7.0,0.0,0.012732395447351627,0.0,0.0,0.012732395447351627,0.0,0.09393737417057868,0.09393737417057868,1,1,1,1,1,1,cases/scenario_03_sparse_large.yaml,scenario_03_sparse_large,sparse_large,sparse,broad,unknown,1,5
scenario_03_sparse_large,50,20,20.5,Center,13.958726608599417,15.407248380641501,16.487951225125087,13.36522703396582,16.485219629095813,16.666666666666664,99.99006870318792,2.0,99.99006870318792,100.0,99.93315942627937,100.0,0.14285714285714285,1,100.0,100.0,100.0,0.0,0,0.05,P32_derived_Jv_proxy,0.9285714285714286,2.803230414508865,0.7753567967715271,0.9379319894556258,1.181193076377577,1.0699652022101969,1,1,1,0,0.0,1.0,7.0,0.14285714285714285,0.012732395447351627,0.14285714285714285,0.012732395447351627,0.0,0.09393737417057868,0.09393737417057868,0.0,1,1,1,1,1,1,cases/scenario_03_sparse_large.yaml,scenario_03_sparse_large,sparse_large,sparse,broad,unknown,1,5
scenario_03_sparse_large,50,30,30.5,Center,13.783553601577141,15.407248380641501,14.472075466258017,14.298072042635885,16.66666666666666,16.666666666666664,100.0,2.0,100.0,100.0,100.0,100.0,0.0,0,100.0,100.0,100.0,0.0,0,0.05,P32_derived_Jv_proxy,1.0,3.0,0.7876502387671095,0.9362381211208355,1.0499524204412782,1.081741934374704,1,0,0,1,1.0,0.0,7.0,0.0,0.012732395447351627,0.0,0.0,0.012732395447351627,0.0,0.09393737417057868,0.09393737417057868,1,1,1,1,1,1,cases/scenario_03_sparse_large.yaml,scenario_03_sparse_large,sparse_large,sparse,broad,unknown,1,5
scenario_03_sparse_large,51,10,10.5,Center,13.617117262846017,16.66666666666666,12.841954674834444,10.840033610733755,16.66666666666666,16.666666666666664,100.0,2.0,100.0,100.0,100.0,100.0,0.0,0,100.0,100.0,100.0,0.0,0,0.05,P32_derived_Jv_proxy,1.0,3.0,0.8086775968531461,1.1085599577656706,0.9430743987109088,1.0,0,0,0,0,0.0,0.0,7.0,0.0,0.0,0.0,0.0,0.0,0.0,0.0,0.0,1,1,1,1,1,1,cases/scenario_03_sparse_large.yaml,scenario_03_sparse_large,sparse_large,sparse,broad,unknown,1,5
scenario_03_sparse_large,51,20,20.5,Center,13.36593328285913,16.66666666666666,16.635715905946814,17.173884526836712,16.66666666666666,16.666666666666664,100.0,2.0,100.0,100.0,100.0,100.0,0.0,0,100.0,100.0,100.0,0.0,0,0.05,P32_derived_Jv_proxy,1.0,3.0,0.814450140053415,0.9370434130271722,1.2446355637044029,1.0,0,0,0,0,0.0,0.0,7.0,0.0,0.0,0.0,0.0,0.0,0.0,0.0,0.0,1,1,1,1,1,1,cases/scenario_03_sparse_large.yaml,scenario_03_sparse_large,sparse_large,sparse,broad,unknown,1,5
scenario_03_sparse_large,51,30,30.5,Center,15.015257889005403,16.66666666666666,20.318573354438374,14.48783003857708,16.66666666666666,16.666666666666664,100.0,2.0,100.0,100.0,100.0,100.0,0.0,0,100.0,100.0,100.0,0.0,0,0.05,P32_derived_Jv_proxy,1.0,3.0,0.8710966058174459,0.8322878573272232,1.3531950969231243,1.0,0,0,0,0,0.0,0.0,7.0,0.0,0.0,0.0,0.0,0.0,0.0,0.0,0.0,0,1,1,1,1,1,cases/scenario_03_sparse_large.yaml,scenario_03_sparse_large,sparse_large,sparse,broad,unknown,1,5
scenario_03_sparse_large,52,10,10.5,Center,10.362295865714357,12.32512786163084,16.270625457128038,16.5572793090491,16.66666666666666,16.666666666666664,100.0,2.0,100.0,100.0,100.0,100.0,0.0,0,100.0,100.0,100.0,0.0,0,0.05,P32_derived_Jv_proxy,1.0,3.0,0.837628737496793,0.9076235350193812,1.5701757282343696,1.3522510154682774,1,0,0,1,1.0,0.0,7.0,0.0,0.012732395447351627,0.0,0.0,0.012732395447351627,0.0,0.18978499047972464,0.18978499047972464,0,0,1,0,1,1,cases/scenario_03_sparse_large.yaml,scenario_03_sparse_large,sparse_large,sparse,broad,unknown,1,5
scenario_03_sparse_large,52,20,20.5,Center,10.926599668947215,12.32512786163084,11.950296299011095,13.311067227618423,16.66666666666666,16.666666666666664,100.0,2.0,100.0,100.0,100.0,100.0,0.0,0,100.0,100.0,100.0,0.0,0,0.05,P32_derived_Jv_proxy,1.0,3.0,0.7873585981913774,1.136133443830355,1.0936884905716064,1.3522510154682774,1,0,0,1,1.0,0.0,7.0,0.0,0.012732395447351627,0.0,0.0,0.012732395447351627,0.0,0.18978499047972464,0.18978499047972464,1,1,1,0,1,1,cases/scenario_03_sparse_large.yaml,scenario_03_sparse_large,sparse_large,sparse,broad,unknown,1,5
scenario_03_sparse_large,52,30,30.5,Center,19.697898282732282,20.93682849096792,16.98432412057874,15.259971747603121,16.66666666666666,16.666666666666664,100.0,2.0,100.0,100.0,100.0,100.0,0.0,0,100.0,100.0,100.0,0.1,1,0.05,P32_derived_Jv_proxy,1.0,3.0,0.7868172945266265,0.8274992264154127,0.8622404216325792,0.7960454313248354,1,0,0,1,1.0,0.0,7.0,0.0,0.012732395447351627,0.0,0.0,0.012732395447351627,0.0,0.6377943404197925,0.6377943404197925,1,1,1,0,1,1,cases/scenario_03_sparse_large.yaml,scenario_03_sparse_large,sparse_large,sparse,broad,unknown,1,5
scenario_03_sparse_large,53,10,10.5,Center,13.469556886579607,16.66666666666666,15.661708346410679,14.13612197735714,16.66666666666666,16.666666666666664,100.0,2.0,100.0,100.0,100.0,100.0,0.0,0,100.0,100.0,100.0,0.0,0,0.05,P32_derived_Jv_proxy,1.0,3.0,0.7994773836537925,0.927456544026097,1.1627485950941134,1.0,0,0,0,0,0.0,0.0,7.0,0.0,0.0,0.0,0.0,0.0,0.0,0.0,0.0,1,1,1,1,1,1,cases/scenario_03_sparse_large.yaml,scenario_03_sparse_large,sparse_large,sparse,broad,unknown,1,5
scenario_03_sparse_large,53,20,20.5,Center,15.42927683448293,16.66666666666666,14.676961117276493,12.638718143423114,16.66666666666666,16.666666666666664,100.0,2.0,100.0,100.0,100.0,100.0,0.0,0,100.0,100.0,100.0,0.0,0,0.05,P32_derived_Jv_proxy,1.0,3.0,0.7825600235416886,0.9956319960608694,0.9512410254040498,1.0,0,0,0,0,0.0,0.0,7.0,0.0,0.0,0.0,0.0,0.0,0.0,0.0,0.0,1,1,1,1,1,1,cases/scenario_03_sparse_large.yaml,scenario_03_sparse_large,sparse_large,sparse,broad,unknown,1,5
scenario_03_sparse_large,53,30,30.5,Center,14.282453010016559,16.66666666666666,12.57203596977986,12.180805652441913,16.66666666666666,16.666666666666664,100.0,2.0,100.0,100.0,100.0,100.0,0.0,0,100.0,100.0,100.0,0.0,0,0.05,P32_derived_Jv_proxy,1.0,3.0,0.7674036426629307,1.0385502184145603,0.8802434680487203,1.0,0,0,0,0,0.0,0.0,7.0,0.0,0.0,0.0,0.0,0.0,0.0,0.0,0.0,1,1,1,1,1,1,cases/scenario_03_sparse_large.yaml,scenario_03_sparse_large,sparse_large,sparse,broad,unknown,1,5
scenario_03_sparse_large,54,10,10.5,Center,14.145926859567496,16.66666666666666,13.619165135217443,13.007423602644304,16.66666666666666,16.666666666666664,100.0,2.0,100.0,100.0,100.0,100.0,0.0,0,100.0,100.0,100.0,0.0,0,0.05,P32_derived_Jv_proxy,1.0,3.0,0.7974372141674478,1.0157807381350346,0.9627623039777149,1.0,0,0,0,0,0.0,0.0,7.0,0.0,0.0,0.0,0.0,0.0,0.0,0.0,0.0,1,1,1,1,1,1,cases/scenario_03_sparse_large.yaml,scenario_03_sparse_large,sparse_large,sparse,broad,unknown,1,5
scenario_03_sparse_large,54,20,20.5,Center,13.444000411387822,16.66666666666666,14.330333624807954,12.010927190443766,16.66666666666666,16.666666666666664,100.0,2.0,100.0,100.0,100.0,100.0,0.0,0,100.0,100.0,100.0,0.0,0,0.05,P32_derived_Jv_proxy,1.0,3.0,0.8140542396560414,1.0324737381093576,1.0659277883292355,1.0,0,0,0,0,0.0,0.0,7.0,0.0,0.0,0.0,0.0,0.0,0.0,0.0,0.0,1,1,1,1,1,1,cases/scenario_03_sparse_large.yaml,scenario_03_sparse_large,sparse_large,sparse,broad,unknown,1,5
scenario_03_sparse_large,54,30,30.5,Center,14.882117403252082,16.66666666666666,17.516123132312735,15.479059321074677,16.66666666666666,16.666666666666664,100.0,2.0,100.0,100.0,100.0,100.0,0.0,0,100.0,100.0,100.0,0.0,0,0.05,P32_derived_Jv_proxy,1.0,3.0,0.7768294723685445,0.829853994581361,1.1769913284305271,1.0,0,0,0,0,0.0,0.0,7.0,0.0,0.0,0.0,0.0,0.0,0.0,0.0,0.0,1,1,1,1,1,1,cases/scenario_03_sparse_large.yaml,scenario_03_sparse_large,sparse_large,sparse,broad,unknown,1,5
scenario_03_sparse_large,55,10,10.5,Center,13.695705908124772,16.66666666666666,14.838946778917077,15.81774920559966,16.66666666666666,16.666666666666664,100.0,2.0,100.0,100.0,100.0,100.0,0.0,0,100.0,100.0,100.0,0.0,0,0.05,P32_derived_Jv_proxy,1.0,3.0,0.8055259916581122,0.9594425984092777,1.0834744027406498,1.0,0,0,0,0,0.0,0.0,7.0,0.0,0.0,0.0,0.0,0.0,0.0,0.0,0.0,1,1,1,1,1,1,cases/scenario_03_sparse_large.yaml,scenario_03_sparse_large,sparse_large,sparse,broad,unknown,1,5
scenario_03_sparse_large,55,20,20.5,Center,17.390071233263857,19.005673025403865,15.100837578464352,14.102098317187561,16.66666666666666,16.666666666666664,100.0,2.0,100.0,100.0,100.0,100.0,0.0,0,100.0,100.0,100.0,0.0,0,0.05,P32_derived_Jv_proxy,1.0,3.0,0.8132034045350937,0.981526027753752,0.8683597310159005,0.8769311481045275,1,0,0,1,1.0,0.0,7.0,0.0,0.012732395447351627,0.0,0.0,0.012732395447351627,0.0,0.062093025148966086,0.062093025148966086,1,1,1,1,1,1,cases/scenario_03_sparse_large.yaml,scenario_03_sparse_large,sparse_large,sparse,broad,unknown,1,5
scenario_03_sparse_large,55,30,30.5,Center,14.652336703116193,16.66666666666666,18.10803619005661,13.398371938720706,16.66666666666666,16.666666666666664,100.0,2.0,100.0,100.0,100.0,100.0,0.0,0,100.0,100.0,100.0,0.0,0,0.05,P32_derived_Jv_proxy,1.0,3.0,0.7887193287721743,0.8086163978078067,1.2358463060847813,1.0,0,0,0,0,0.0,0.0,7.0,0.0,0.0,0.0,0.0,0.0,0.0,0.0,0.0,1,1,1,1,1,1,cases/scenario_03_sparse_large.yaml,scenario_03_sparse_large,sparse_large,sparse,broad,unknown,1,5
scenario_03_sparse_large,56,10,10.5,Center,14.119384236280682,16.66666666666666,13.024298355627716,10.541097728745218,16.66666666666666,16.666666666666664,100.0,2.0,100.0,100.0,100.0,100.0,0.0,0,100.0,100.0,100.0,0.0,0,0.05,P32_derived_Jv_proxy,1.0,3.0,0.8211789722276459,1.148708738327558,0.9224409604323203,1.0,0,0,0,0,0.0,0.0,7.0,0.0,0.0,0.0,0.0,0.0,0.0,0.0,0.0,1,1,1,1,1,1,cases/scenario_03_sparse_large.yaml,scenario_03_sparse_large,sparse_large,sparse,broad,unknown,1,5
scenario_03_sparse_large,56,20,20.5,Center,14.521400923911822,16.66666666666666,12.608954161093237,12.289919800019439,16.66666666666666,16.666666666666664,100.0,2.0,100.0,100.0,100.0,100.0,0.0,0,100.0,100.0,100.0,0.0,0,0.05,P32_derived_Jv_proxy,1.0,3.0,0.7852191434676766,1.0734433072354226,0.8683014970222719,1.0,0,0,0,0,0.0,0.0,7.0,0.0,0.0,0.0,0.0,0.0,0.0,0.0,0.0,1,1,1,1,1,1,cases/scenario_03_sparse_large.yaml,scenario_03_sparse_large,sparse_large,sparse,broad,unknown,1,5
scenario_03_sparse_large,56,30,30.5,Center,14.470869960019414,16.66666666666666,16.75380478646097,15.450408783549442,16.66666666666666,16.666666666666664,100.0,2.0,100.0,100.0,100.0,100.0,0.0,0,100.0,100.0,100.0,0.0,0,0.05,P32_derived_Jv_proxy,1.0,3.0,0.8117651410183528,0.8459489616536118,1.1577607174101436,1.0,0,0,0,0,0.0,0.0,7.0,0.0,0.0,0.0,0.0,0.0,0.0,0.0,0.0,1,1,1,1,1,1,cases/scenario_03_sparse_large.yaml,scenario_03_sparse_large,sparse_large,sparse,broad,unknown,1,5
scenario_03_sparse_large,57,10,10.5,Center,13.404390009979094,16.66666666666666,12.474905296744883,12.123097905790818,16.66666666666666,16.666666666666664,100.0,2.0,100.0,100.0,100.0,100.0,0.0,0,100.0,100.0,100.0,0.0,0,0.05,P32_derived_Jv_proxy,1.0,3.0,0.794383922768454,1.121139960952964,0.9306581864193564,1.0,0,0,0,0,0.0,0.0,7.0,0.0,0.0,0.0,0.0,0.0,0.0,0.0,0.0,1,1,1,1,1,1,cases/scenario_03_sparse_large.yaml,scenario_03_sparse_large,sparse_large,sparse,broad,unknown,1,5
scenario_03_sparse_large,57,20,20.5,Center,13.655279912510299,16.66666666666666,15.25400525123192,13.797795113526167,16.66666666666666,16.666666666666664,100.0,2.0,100.0,100.0,100.0,100.0,0.0,0,100.0,100.0,100.0,0.0,0,0.05,P32_derived_Jv_proxy,1.0,3.0,0.8474977562598436,1.0481669717449873,1.1170774490867044,1.0,0,0,0,0,0.0,0.0,7.0,0.0,0.0,0.0,0.0,0.0,0.0,0.0,0.0,1,1,1,1,1,1,cases/scenario_03_sparse_large.yaml,scenario_03_sparse_large,sparse_large,sparse,broad,unknown,1,5
scenario_03_sparse_large,57,30,30.5,Center,14.132086304250722,16.200173923370183,13.55390866277061,13.881609127250702,16.66666666666666,16.666666666666664,100.0,2.0,100.0,100.0,100.0,100.0,0.0,0,100.0,100.0,100.0,0.0,0,0.05,P32_derived_Jv_proxy,1.0,3.0,0.7755378523080092,1.0858487789027842,0.959087594780241,1.028795539202423,2,0,0,2,1.0,0.0,7.0,0.0,0.025464790894703253,0.0,0.0,0.025464790894703253,0.0,0.7380148201365071,0.7380148201365071,1,1,1,1,1,1,cases/scenario_03_sparse_large.yaml,scenario_03_sparse_large,sparse_large,sparse,broad,unknown,1,5
scenario_03_sparse_large,58,10,10.5,Center,10.10767201635627,11.500422895755294,15.057224754364182,11.863851111273801,16.66666666666666,16.666666666666664,100.0,2.0,100.0,100.0,100.0,100.0,0.0,0,100.0,100.0,100.0,0.0,0,0.05,P32_derived_Jv_proxy,1.0,3.0,0.7729490352301653,0.9544543061044193,1.4896827607780039,1.4492220692873983,1,0,0,1,1.0,0.0,7.0,0.0,0.012732395447351627,0.0,0.0,0.012732395447351627,0.0,0.8886161984252287,0.8886161984252287,0,1,1,0,1,1,cases/scenario_03_sparse_large.yaml,scenario_03_sparse_large,sparse_large,sparse,broad,unknown,1,5
scenario_03_sparse_large,58,20,20.5,Center,16.634028488042002,18.37808084460214,12.517821221223217,11.207908369675703,16.66666666666666,16.666666666666664,100.0,2.0,100.0,100.0,100.0,100.0,0.0,0,100.0,100.0,100.0,0.0,0,0.05,P32_derived_Jv_proxy,1.0,3.0,0.7489249680666565,1.095623897826122,0.752542971188376,0.9068774268430676,1,0,0,1,1.0,0.0,7.0,0.0,0.012732395447351627,0.0,0.0,0.012732395447351627,0.0,0.1875429096235256,0.1875429096235256,0,1,1,1,1,1,cases/scenario_03_sparse_large.yaml,scenario_03_sparse_large,sparse_large,sparse,broad,unknown,1,5
scenario_03_sparse_large,58,30,30.5,Center,15.622346287524447,18.37808084460214,13.963288563821026,11.989457022815534,16.911154406371733,16.666666666666664,100.0,2.0,100.0,100.0,99.93315942627937,100.0,0.14285714285714285,1,100.0,100.0,100.0,0.1,1,0.05,P32_derived_Jv_proxy,1.0239756977526562,3.0253193830439744,0.8217978743598324,1.0658195700715642,0.8938022693154423,0.9201806515797724,1,1,1,0,0.0,1.0,7.0,0.14285714285714285,0.012732395447351627,0.14285714285714285,0.012732395447351627,0.0,0.1875429096235256,0.1875429096235256,0.0,1,1,1,1,1,1,cases/scenario_03_sparse_large.yaml,scenario_03_sparse_large,sparse_large,sparse,broad,unknown,1,5
scenario_03_sparse_large,59,10,10.5,Center,15.455620373559455,16.66666666666666,13.322878714688654,13.079610391752457,16.66666666666666,16.666666666666664,100.0,2.0,100.0,100.0,100.0,100.0,0.0,0,100.0,100.0,100.0,0.0,0,0.05,P32_derived_Jv_proxy,1.0,3.0,0.764368990292794,1.059708602412422,0.8620086669235635,1.0,0,0,0,0,0.0,0.0,7.0,0.0,0.0,0.0,0.0,0.0,0.0,0.0,0.0,1,1,1,1,1,1,cases/scenario_03_sparse_large.yaml,scenario_03_sparse_large,sparse_large,sparse,broad,unknown,1,5
scenario_03_sparse_large,59,20,20.5,Center,36.48998524930785,40.0544469971302,15.755046530860964,13.775685381780926,16.66666666666666,16.666666666666664,100.0,2.0,100.0,100.0,100.0,100.0,0.0,0,100.0,100.0,100.0,0.0,0,0.05,P32_derived_Jv_proxy,1.0,3.0,0.7307704481171861,0.8286616867153699,0.43176357631330664,0.4161002813959905,1,0,0,1,1.0,0.0,7.0,0.0,0.012732395447351627,0.0,0.0,0.012732395447351627,0.0,0.9330537604506597,0.9330537604506597,0,0,0,0,0,0,cases/scenario_03_sparse_large.yaml,scenario_03_sparse_large,sparse_large,sparse,broad,unknown,1,5
scenario_03_sparse_large,59,30,30.5,Center,23.641948469322163,25.779447739100615,11.56954928767819,9.372112482501176,16.66666666666666,16.666666666666664,100.0,2.0,100.0,100.0,100.0,100.0,0.0,0,100.0,100.0,100.0,0.0,0,0.05,P32_derived_Jv_proxy,1.0,3.0,0.7570383857372643,1.1478734344242796,0.4893653034854914,0.6465098413022917,2,0,0,2,1.0,0.0,7.0,0.0,0.025464790894703253,0.0,0.0,0.025464790894703253,0.0,0.6933428317355849,0.6933428317355849,0,0,0,0,0,1,cases/scenario_03_sparse_large.yaml,scenario_03_sparse_large,sparse_large,sparse,broad,unknown,1,5
scenario_07_isotropic,40,10,10.5,Center,30.91629819073925,34.21567403854759,28.770599510648058,23.836641607583093,36.7025398512133,34.090909090909086,100.0,2.0,100.0,100.0,99.68282947904477,100.0,0.42857142857142855,3,100.0,100.0,100.0,0.7,7,2.0,P32_derived_Jv_proxy,1.490803405461072,2.076182347207234,0.8190682357572294,1.1443117334358373,0.9305965200991003,1.0726820640699346,129,3,0,129,1.0,0.0,7.0,0.42857142857142855,1.64247901270836,0.42857142857142855,0.0,1.64247901270836,0.4222598361314097,0.5279027938243266,0.10564295769291687,1,1,1,1,1,1,cases/scenario_07_isotropic.yaml,scenario_07_isotropic,isotropic,moderate,isotropic,unknown,1,5
scenario_07_isotropic,40,20,20.5,Center,26.77454425888381,33.72553269361502,27.394841264277886,30.310497956731957,32.74815992344994,34.090909090909086,98.81694774140503,2.0,98.81694774140503,100.0,99.66579713139683,99.53211598395555,0.7142857142857143,5,99.38766001440553,100.0,99.38766001440553,0.7,7,2.0,P32_derived_Jv_proxy,1.4267151545133312,2.2453541872211624,0.7437915959255893,0.969117620128164,1.0231674160126278,0.9710197974026331,108,5,3,105,0.9722222222222222,0.027777777777777776,7.0,0.7142857142857143,1.3750987083139756,0.7142857142857143,0.03819718634205488,1.336901521971921,0.17851464521989047,0.5109515988890777,0.33243695366918724,1,1,1,1,1,1,cases/scenario_07_isotropic.yaml,scenario_07_isotropic,isotropic,moderate,isotropic,unknown,1,5
scenario_07_isotropic,40,30,30.5,Center,30.288044270918004,34.55983209841077,39.86914861397315,36.51264560950755,34.13501537042071,34.090909090909086,99.95283596290389,2.0,99.95283596290389,100.0,99.48230775788286,99.53211598395555,0.8571428571428571,6,100.0,100.0,100.0,0.5,5,2.0,P32_derived_Jv_proxy,1.351360474724529,2.1099952368175927,0.8622720667942148,0.8314782712972022,1.3163328822869802,0.987707789587045,119,6,4,115,0.9663865546218487,0.03361344537815126,7.0,0.8571428571428571,1.5151550582348436,0.8571428571428571,0.05092958178940651,1.464225476445437,0.27545273907379475,0.4813276027636566,0.20587486368986185,0,1,1,1,1,1,cases/scenario_07_isotropic.yaml,scenario_07_isotropic,isotropic,moderate,isotropic,unknown,1,5
scenario_07_isotropic,41,10,10.5,Center,30.860195704238215,35.677686019475566,32.706086702881365,27.220877947222217,36.58291546393989,34.090909090909086,100.0,2.0,100.0,100.0,99.5491483316035,99.53211598395555,0.7142857142857143,5,99.22320418720079,100.0,99.22320418720079,1.1,11,2.0,P32_derived_Jv_proxy,1.475585689091508,2.1445902537263812,0.8055916184226878,0.9860304434894659,1.0598146238712816,1.0253724258902381,130,5,3,127,0.9769230769230769,0.023076923076923078,7.0,0.7142857142857143,1.6552114081557114,0.7142857142857143,0.03819718634205488,1.6170142218136565,0.3901715864039199,0.5428496691158115,0.15267808271189154,1,1,1,1,1,1,cases/scenario_07_isotropic.yaml,scenario_07_isotropic,isotropic,moderate,isotropic,unknown,1,5
scenario_07_isotropic,41,20,20.5,Center,28.465328895796866,34.24334911229244,27.451463652867734,26.063540272116587,29.57604608571637,34.090909090909086,100.0,2.0,100.0,100.0,99.79947827883811,100.0,0.42857142857142855,3,99.71434097075826,100.0,99.71434097075826,0.7,7,2.0,P32_derived_Jv_proxy,1.3871610281715598,2.3905771982047184,0.8095182796292922,0.9271311344271851,0.9643824511341291,0.8637019115370163,125,3,0,125,1.0,0.0,7.0,0.42857142857142855,1.5915494309189533,0.42857142857142855,0.0,1.5915494309189533,0.3010892337200676,0.5256320241484533,0.22454279042838576,1,1,1,1,1,1,cases/scenario_07_isotropic.yaml,scenario_07_isotropic,isotropic,moderate,isotropic,unknown,1,5
scenario_07_isotropic,41,30,30.5,Center,33.060622858464406,35.90851446755702,20.97754202931409,22.259822629964006,32.795230522612854,34.090909090909086,100.0,2.0,100.0,100.0,99.61598890532413,100.0,0.5714285714285714,4,100.0,100.0,100.0,0.6,6,2.0,P32_derived_Jv_proxy,1.4467858022917013,2.234161462294689,0.7718460786688566,1.220577777324236,0.6345174475121323,0.9132995616469463,123,4,2,121,0.983739837398374,0.016260162601626018,7.0,0.5714285714285714,1.56608464002425,0.5714285714285714,0.025464790894703253,1.5406198491295469,0.33297369166519475,0.5246456723006462,0.19167198063545143,0,0,1,1,1,1,cases/scenario_07_isotropic.yaml,scenario_07_isotropic,isotropic,moderate,isotropic,unknown,1,5
scenario_07_isotropic,42,10,10.5,Center,29.19030127847872,32.69662846317612,23.541928375604208,26.123252464555396,29.925485455827438,30.5465444691752,94.37086403199179,2.0,94.37086403199179,95.7135695975019,96.98722577768874,98.24769036935783,2.142857142857143,15,98.89792490674402,100.0,98.89792490674402,1.3,13,2.0,P32_derived_Jv_proxy,1.4047342772142457,2.2565622452509606,0.8150001345730925,1.1321174642336316,0.8064983006174411,0.9152468270399922,130,15,7,123,0.9461538461538461,0.05384615384615385,7.0,2.142857142857143,1.6552114081557114,2.142857142857143,0.08912676813146139,1.56608464002425,0.2740751581757501,0.4883805974172164,0.21430543924146628,1,1,1,1,1,1,cases/scenario_07_isotropic.yaml,scenario_07_isotropic,isotropic,moderate,isotropic,unknown,1,5
scenario_07_isotropic,42,20,20.5,Center,33.80080207136337,35.75920440154982,28.12830937854792,26.39155062305711,35.34519923746651,35.01039349746494,100.0,2.0,100.0,100.0,99.48230775788286,99.53211598395555,0.8571428571428571,6,99.62985782422976,100.0,99.62985782422976,0.9,9,2.0,P32_derived_Jv_proxy,1.4683836519100295,2.111272391595919,0.7644015684490808,0.9881928594745883,0.8321787547869675,0.9884224168011587,134,6,4,130,0.9701492537313433,0.029850746268656716,7.0,0.8571428571428571,1.706140989945118,0.8571428571428571,0.05092958178940651,1.6552114081557114,0.36105802423105426,0.475966429474013,0.11490840524295876,1,1,1,1,1,1,cases/scenario_07_isotropic.yaml,scenario_07_isotropic,isotropic,moderate,isotropic,unknown,1,5
scenario_07_isotropic,42,30,30.5,Center,31.560241400044774,34.57384147961262,23.988857251385582,23.774032684547702,35.32129653202479,34.090909090909086,99.71730088157119,2.0,99.71730088157119,100.0,99.68282947904477,100.0,0.42857142857142855,3,100.0,100.0,100.0,0.8,8,2.0,P32_derived_Jv_proxy,1.5139304801599365,2.1426437971742947,0.7768853968134881,1.2377868911251515,0.7600973942915262,1.0216190917880192,130,3,1,129,0.9923076923076923,0.007692307692307693,7.0,0.42857142857142855,1.6552114081557114,0.42857142857142855,0.012732395447351627,1.64247901270836,0.5303550693319965,0.5050681976963014,-0.025286871635695096,0,1,1,1,1,1,cases/scenario_07_isotropic.yaml,scenario_07_isotropic,isotropic,moderate,isotropic,unknown,1,5
scenario_07_isotropic,43,10,10.5,Center,30.69781985701029,34.874800605551265,31.879633887205213,25.173967219870494,35.71141430917557,34.090909090909086,98.60189542648162,2.0,98.60189542648162,100.0,99.68282947904477,100.0,0.42857142857142855,3,100.0,100.0,100.0,1.0,10,2.0,P32_derived_Jv_proxy,1.470561884182807,2.134905013710369,0.7595460118482924,0.9278134162271445,1.038498304951289,1.0239890605565536,114,3,2,112,0.9824561403508771,0.017543859649122806,7.0,0.42857142857142855,1.4514930809980855,0.42857142857142855,0.025464790894703253,1.4260282901033823,0.3038833069103458,0.5067186166593994,0.20283530974905362,1,1,1,1,1,1,cases/scenario_07_isotropic.yaml,scenario_07_isotropic,isotropic,moderate,isotropic,unknown,1,5
scenario_07_isotropic,43,20,20.5,Center,30.118603656044247,34.24378589716718,26.329998538376646,24.848097897762734,30.46454578369828,31.82549608663903,99.2074578313521,2.0,99.2074578313521,100.0,98.77115676845794,99.53211598395555,1.4285714285714286,10,100.0,100.0,100.0,0.8,8,2.0,P32_derived_Jv_proxy,1.3681296092388757,2.284073021804245,0.7675669163349912,0.8959169352762667,0.8742104660317711,0.8896371994376493,127,10,5,122,0.9606299212598425,0.03937007874015748,7.0,1.4285714285714286,1.6170142218136565,1.4285714285714286,0.06366197723675814,1.5533522445768986,0.21343668246790581,0.5147326016133007,0.3012959191453949,1,1,1,1,1,1,cases/scenario_07_isotropic.yaml,scenario_07_isotropic,isotropic,moderate,isotropic,unknown,1,5
scenario_07_isotropic,43,30,30.5,Center,28.523123756014094,32.59102424972013,32.839536988241875,26.759896262098188,34.129487229502516,34.090909090909086,96.2648673324568,2.0,96.2648673324568,100.0,98.57769013211517,100.0,1.0,7,99.60730733211804,100.0,99.60730733211804,0.8,8,2.0,P32_derived_Jv_proxy,1.4638272253662592,2.122150622913503,0.7844426100891507,0.9205059872507112,1.1513303125264345,1.0472051129168056,129,7,5,124,0.9612403100775194,0.03875968992248062,7.0,1.0,1.64247901270836,1.0,0.06366197723675814,1.5788170354716018,0.31874134483898797,0.4887463947398597,0.17000504990087173,1,1,1,1,1,1,cases/scenario_07_isotropic.yaml,scenario_07_isotropic,isotropic,moderate,isotropic,unknown,1,5
scenario_07_isotropic,44,10,10.5,Center,27.81450917378996,33.33901262284006,26.450469162372997,26.73514125268535,33.492773575602094,34.090909090909086,100.0,2.0,100.0,100.0,99.86631885255873,100.0,0.2857142857142857,2,99.76753910808551,100.0,99.76753910808551,0.8,8,2.0,P32_derived_Jv_proxy,1.4190239097527289,2.145954188693408,0.8097820186114705,1.1524995211685758,0.9509594074483141,1.0046120427890746,119,2,1,118,0.9915966386554622,0.008403361344537815,7.0,0.2857142857142857,1.5151550582348436,0.2857142857142857,0.012732395447351627,1.502422662787492,0.32594914672566855,0.5133972168375739,0.18744807011190534,1,1,1,1,1,1,cases/scenario_07_isotropic.yaml,scenario_07_isotropic,isotropic,moderate,isotropic,unknown,1,5
scenario_07_isotropic,44,20,20.5,Center,31.143950732618684,33.660580979545955,27.093499248835865,27.071910090514407,33.42521788251224,34.090909090909086,98.92706704095,2.0,98.92706704095,100.0,99.61598890532413,100.0,0.5714285714285714,4,100.0,100.0,100.0,0.6,6,2.0,P32_derived_Jv_proxy,1.5274116943601526,2.2628348333926627,0.8048331815063978,1.0172143625861205,0.8699441981989597,0.9930077529803562,127,4,1,126,0.9921259842519685,0.007874015748031496,7.0,0.5714285714285714,1.6170142218136565,0.5714285714285714,0.012732395447351627,1.604281826366305,0.22192058118438263,0.5262160132120401,0.3042954320276575,1,1,1,1,1,1,cases/scenario_07_isotropic.yaml,scenario_07_isotropic,isotropic,moderate,isotropic,unknown,1,5
scenario_07_isotropic,44,30,30.5,Center,29.47115568625816,33.48503777691647,31.353609570712024,23.76968939814677,35.94806090929234,34.090909090909086,98.40985435161711,2.0,98.40985435161711,100.0,99.61598890532413,100.0,0.5714285714285714,4,99.04853988714848,100.0,99.04853988714848,0.6,6,2.0,P32_derived_Jv_proxy,1.5133201660390667,2.1408931886079743,0.8373758707606299,1.0355057161517147,1.0638744508187583,1.0735559311231775,111,4,2,109,0.9819819819819819,0.018018018018018018,7.0,0.5714285714285714,1.4132958946560306,0.5714285714285714,0.025464790894703253,1.3878311037613273,0.3018351649675308,0.5609018289297881,0.2590666639622573,1,1,1,1,1,1,cases/scenario_07_isotropic.yaml,scenario_07_isotropic,isotropic,moderate,isotropic,unknown,1,5
scenario_07_isotropic,45,10,10.5,Center,29.378758201311463,33.63293299482468,26.193915755899493,27.044535839579748,31.61146433341158,34.090909090909086,98.79181391904164,2.0,98.79181391904164,100.0,99.73263770511747,99.53211598395555,0.5714285714285714,4,100.0,100.0,100.0,0.7,7,2.0,P32_derived_Jv_proxy,1.4237188824446811,2.249614268282401,0.7406953331156718,0.9438091422844682,0.8915937010138911,0.9398961529247493,109,4,2,107,0.981651376146789,0.01834862385321101,7.0,0.5714285714285714,1.3878311037613273,0.5714285714285714,0.025464790894703253,1.3623663128666241,0.3715457689671957,0.4892250711990245,0.11767930223182876,1,1,1,1,1,1,cases/scenario_07_isotropic.yaml,scenario_07_isotropic,isotropic,moderate,isotropic,unknown,1,5
scenario_07_isotropic,45,20,20.5,Center,30.392572887882558,34.19887328623776,32.93600171658902,32.79084062845373,35.106983928101265,34.928375001446014,99.01823083269967,2.0,99.01823083269967,100.0,99.41546718416224,99.53211598395555,1.0,7,97.99944813651287,100.0,97.99944813651287,0.9,9,2.0,P32_derived_Jv_proxy,1.5140701484695511,2.2106665534309724,0.7680191966405924,0.9245737855503283,1.0836858675337921,1.0265538175559994,128,7,4,124,0.96875,0.03125,7.0,1.0,1.6297466172610082,1.0,0.05092958178940651,1.5788170354716018,0.5137860916473448,0.5096311661690996,-0.004154925478245142,1,1,1,1,1,1,cases/scenario_07_isotropic.yaml,scenario_07_isotropic,isotropic,moderate,isotropic,unknown,1,5
scenario_07_isotropic,45,30,30.5,Center,30.202127218141044,34.08054548981591,26.458010350508555,25.251292568983104,34.061358841953854,34.090909090909086,97.84135806459247,2.0,97.84135806459247,100.0,99.2988183843689,99.53211598395555,1.0,7,99.57421292607678,100.0,99.57421292607678,0.6,6,2.0,P32_derived_Jv_proxy,1.5338327721271685,2.29276098498296,0.8249786684996572,1.08578062856754,0.8760313523418454,0.9994370205175328,127,7,3,124,0.9763779527559056,0.023622047244094488,7.0,1.0,1.6170142218136565,1.0,0.03819718634205488,1.5788170354716018,0.5725264510537083,0.4793778299813152,-0.09314862107239308,1,1,1,1,1,1,cases/scenario_07_isotropic.yaml,scenario_07_isotropic,isotropic,moderate,isotropic,unknown,1,5
scenario_07_isotropic,46,10,10.5,Center,27.873003803005652,31.834884666982838,35.44970365511052,35.25017342069564,32.75576681079779,34.090909090909086,99.77709308495237,2.0,99.77709308495237,100.0,99.79947827883811,100.0,0.42857142857142855,3,99.74814103463139,100.0,99.74814103463139,0.5,5,2.0,P32_derived_Jv_proxy,1.3832158900369311,2.1064083022983806,0.8055641907029086,0.9055323831550904,1.27182932652877,1.0289268251934343,125,3,0,125,1.0,0.0,7.0,0.42857142857142855,1.5915494309189533,0.42857142857142855,0.0,1.5915494309189533,0.33592117111115904,0.4857497812751512,0.14982861016399218,0,1,1,1,1,1,cases/scenario_07_isotropic.yaml,scenario_07_isotropic,isotropic,moderate,isotropic,unknown,1,5
scenario_07_isotropic,46,20,20.5,Center,29.181048688698112,34.78873319612131,24.887572459280165,26.093382331554213,29.151515717815126,32.66108098427312,100.0,2.0,100.0,100.0,99.5491483316035,99.53211598395555,0.7142857142857143,5,99.2000238655067,100.0,99.2000238655067,0.7,7,2.0,P32_derived_Jv_proxy,1.4328023743761573,2.4981912259942693,0.7947490891692393,0.9692890113948184,0.8528676513575463,0.8379585296617039,129,5,3,126,0.9767441860465116,0.023255813953488372,7.0,0.7142857142857143,1.64247901270836,0.7142857142857143,0.03819718634205488,1.604281826366305,0.22672796507542592,0.5025421600193144,0.2758141949438885,1,1,1,1,1,1,cases/scenario_07_isotropic.yaml,scenario_07_isotropic,isotropic,moderate,isotropic,unknown,1,5
scenario_07_isotropic,46,30,30.5,Center,29.49242409978332,34.247065827730786,24.642893473284314,22.08839216451186,32.3835062602854,34.090909090909086,99.71436991641833,2.0,99.71436991641833,100.0,99.11532901085495,99.53211598395555,1.1428571428571428,8,99.885154932678,100.0,99.885154932678,0.8,8,2.0,P32_derived_Jv_proxy,1.3737217261385606,2.1145273059821323,0.8400244304157535,1.1371183730815686,0.8355669032124546,0.945584839973753,130,8,3,127,0.9769230769230769,0.023076923076923078,7.0,1.1428571428571428,1.6552114081557114,1.1428571428571428,0.03819718634205488,1.6170142218136565,0.37254375548530905,0.5260208719270032,0.15347711644169415,1,1,1,1,1,1,cases/scenario_07_isotropic.yaml,scenario_07_isotropic,isotropic,moderate,isotropic,unknown,1,5
scenario_07_isotropic,47,10,10.5,Center,30.130198438896514,35.263763301265556,31.11387036118675,26.722069008463002,36.831855738573985,35.515237670894386,96.94717705501839,2.0,96.94717705501839,100.0,98.60299439288137,99.53211598395555,1.4285714285714286,10,100.0,100.0,100.0,0.4,4,2.0,P32_derived_Jv_proxy,1.4197840733275002,2.0123369082114757,0.8228216161341467,1.0297249659082828,1.0326473761626596,1.0444675295688635,127,10,3,124,0.9763779527559056,0.023622047244094488,7.0,1.4285714285714286,1.6170142218136565,1.4285714285714286,0.03819718634205488,1.5788170354716018,0.47982394385735194,0.46078328069765984,-0.019040663159692106,1,1,1,1,1,1,cases/scenario_07_isotropic.yaml,scenario_07_isotropic,isotropic,moderate,isotropic,unknown,1,5
scenario_07_isotropic,47,20,20.5,Center,29.61216989723204,33.185462058245086,28.873776259854562,27.866250896424102,31.69403340345742,34.090909090909086,100.0,2.0,100.0,100.0,99.5491483316035,99.53211598395555,0.7142857142857143,5,100.0,100.0,100.0,1.1,11,2.0,P32_derived_Jv_proxy,1.547507385598767,2.479064001997706,0.834904369546151,0.964225465324389,0.9750645211093937,0.9550577704125378,141,5,1,140,0.9929078014184397,0.0070921985815602835,7.0,0.7142857142857143,1.7952677580765795,0.7142857142857143,0.012732395447351627,1.7825353626292277,0.48701422440940745,0.5191525554895481,0.032138331080140636,1,1,1,1,1,1,cases/scenario_07_isotropic.yaml,scenario_07_isotropic,isotropic,moderate,isotropic,unknown,1,5
scenario_07_isotropic,47,30,30.5,Center,28.514925905988473,34.74084856001389,29.50709940773994,29.561809141908046,31.16994319177417,34.090909090909086,96.79358947406773,2.0,96.79358947406773,100.0,98.669834966602,99.53211598395555,1.2857142857142858,9,100.0,100.0,100.0,0.5,5,2.0,P32_derived_Jv_proxy,1.3755109950960893,2.1969580224606338,0.7689370138737678,0.8197185508762805,1.0347948826878453,0.8972130642672393,133,9,2,131,0.9849624060150376,0.015037593984962405,7.0,1.2857142857142858,1.6934085944977664,1.2857142857142858,0.025464790894703253,1.6679438036030632,0.4215907892704831,0.5374204589822933,0.11582966971181019,1,1,1,1,1,1,cases/scenario_07_isotropic.yaml,scenario_07_isotropic,isotropic,moderate,isotropic,unknown,1,5
scenario_07_isotropic,48,10,10.5,Center,28.279095857056028,32.755913906830926,28.395041507124514,27.062588850961102,31.336788404867352,34.090909090909086,98.97298766160831,2.0,98.97298766160831,100.0,99.68282947904477,100.0,0.42857142857142855,3,99.37435328078308,100.0,99.37435328078308,0.4,4,2.0,P32_derived_Jv_proxy,1.4389288691127164,2.3143048364130463,0.7586634820232117,0.9139894311214717,1.0041000479879048,0.9566757469811389,126,3,0,126,1.0,0.0,7.0,0.42857142857142855,1.604281826366305,0.42857142857142855,0.0,1.604281826366305,0.48672528217113553,0.5041157147160712,0.017390432544935663,1,1,1,1,1,1,cases/scenario_07_isotropic.yaml,scenario_07_isotropic,isotropic,moderate,isotropic,unknown,1,5
scenario_07_isotropic,48,20,20.5,Center,31.765953286197117,37.286862593184644,27.75832374546605,28.401513564446972,39.20756730628407,34.090909090909086,99.1674007186493,2.0,99.1674007186493,100.0,99.73263770511745,99.53211598395555,0.5714285714285714,4,98.81973409753557,100.0,98.81973409753557,0.9,9,2.0,P32_derived_Jv_proxy,1.3390950541229885,1.8627823214058807,0.8349645395446341,1.1693102606091978,0.8738388391928897,1.0515115667964645,118,4,1,117,0.9915254237288136,0.00847457627118644,7.0,0.5714285714285714,1.502422662787492,0.5714285714285714,0.012732395447351627,1.4896902673401404,0.31191117801516266,0.49172716704609254,0.17981598903092988,1,1,1,1,1,1,cases/scenario_07_isotropic.yaml,scenario_07_isotropic,isotropic,moderate,isotropic,unknown,1,5
scenario_07_isotropic,48,30,30.5,Center,30.148185369038867,34.003287044530566,26.34611567823679,21.03112853826813,31.113512626120894,34.090909090909086,96.16464196555694,2.0,96.16464196555694,100.0,99.33865723664778,100.0,0.7142857142857143,5,98.5677689183835,100.0,98.5677689183835,0.7,7,2.0,P32_derived_Jv_proxy,1.4592535598784544,2.2696196747887094,0.7749076187272406,1.0322980741234336,0.8738872789767748,0.9150148509282283,139,5,3,136,0.9784172661870504,0.02158273381294964,7.0,0.7142857142857143,1.769802967181876,0.7142857142857143,0.03819718634205488,1.7316057808398213,0.5492095430180943,0.5124059126013497,-0.036803630416744615,1,1,1,1,1,1,cases/scenario_07_isotropic.yaml,scenario_07_isotropic,isotropic,moderate,isotropic,unknown,1,5
scenario_07_isotropic,49,10,10.5,Center,32.22652117179524,36.59891221277703,31.635867367198678,25.090156885282518,39.03368107236175,34.090909090909086,99.33816471322959,2.0,99.33816471322959,100.0,99.61598890532413,100.0,0.5714285714285714,4,100.0,100.0,100.0,0.9,9,2.0,P32_derived_Jv_proxy,1.5532326887138033,2.1311007047375576,0.7604835532077904,0.9947307670322793,0.9816718099528067,1.0665257165412343,119,4,1,118,0.9915966386554622,0.008403361344537815,7.0,0.5714285714285714,1.5151550582348436,0.5714285714285714,0.012732395447351627,1.502422662787492,0.2870070894334882,0.4613431575984869,0.1743360681649987,1,1,1,1,1,1,cases/scenario_07_isotropic.yaml,scenario_07_isotropic,isotropic,moderate,isotropic,unknown,1,5
scenario_07_isotropic,49,20,20.5,Center,27.768070833576946,34.159770357282476,27.71465889898565,26.439427228126267,36.40685910889685,34.090909090909086,98.38845038636848,2.0,98.38845038636848,100.0,98.32736018488058,99.53211598395555,1.2857142857142858,9,99.31413029942584,100.0,99.31413029942584,1.5,15,2.0,P32_derived_Jv_proxy,1.5058193660189707,2.066362608453589,0.7779759024361802,1.0237610037355218,0.9980764981870217,1.0657817288615152,119,9,5,114,0.957983193277311,0.04201680672268908,7.0,1.2857142857142858,1.5151550582348436,1.2857142857142858,0.06366197723675814,1.4514930809980855,0.34944855720273515,0.5182078748567973,0.16875931765406216,1,1,1,1,1,1,cases/scenario_07_isotropic.yaml,scenario_07_isotropic,isotropic,moderate,isotropic,unknown,1,5
scenario_07_isotropic,49,30,30.5,Center,31.671143789285672,35.81803086835681,33.320838752164654,35.37560275130391,39.07038878620152,34.090909090909086,100.0,2.0,100.0,100.0,99.68282947904478,100.0,0.42857142857142855,3,100.0,100.0,100.0,0.7,7,2.0,P32_derived_Jv_proxy,1.5602564656284843,2.0971964904181597,0.7763181570071962,0.9355439614841404,1.0520882660207893,1.0908022534739057,106,3,1,105,0.9905660377358491,0.009433962264150943,7.0,0.42857142857142855,1.3496339174192724,0.42857142857142855,0.012732395447351627,1.336901521971921,0.26665365411736097,0.5225608560218057,0.2559072019044447,1,1,1,1,1,1,cases/scenario_07_isotropic.yaml,scenario_07_isotropic,isotropic,moderate,isotropic,unknown,1,5
scenario_07_isotropic,50,10,10.5,Center,29.674255059346358,34.57300404277999,24.229758788211036,22.738615289849683,33.97058308067614,34.090909090909086,99.63439625631291,2.0,99.63439625631291,100.0,99.36565895808953,99.53211598395555,0.8571428571428571,6,99.76094145456833,100.0,99.76094145456833,0.7,7,2.0,P32_derived_Jv_proxy,1.5200600117473362,2.2963510266767364,0.7401624150277978,1.0651815368854758,0.8165245846863982,0.9825753943348855,137,6,2,135,0.9854014598540146,0.014598540145985401,7.0,0.8571428571428571,1.7443381762871728,0.8571428571428571,0.025464790894703253,1.7188733853924696,0.30908832797841246,0.5007346209317663,0.1916462929533539,1,1,1,1,1,1,cases/scenario_07_isotropic.yaml,scenario_07_isotropic,isotropic,moderate,isotropic,unknown,1,5
scenario_07_isotropic,50,20,20.5,Center,29.980015074380503,33.091094313846135,34.908521740917074,28.038185749620226,34.88195365139309,34.090909090909086,100.0,2.0,100.0,100.0,99.93315942627937,100.0,0.14285714285714285,1,98.48849145692154,100.0,98.48849145692154,0.9,9,2.0,P32_derived_Jv_proxy,1.5023364571071676,2.159032347752358,0.7753567967715271,0.9379319894556258,1.1643930683259809,1.054119072659305,119,1,1,118,0.9915966386554622,0.008403361344537815,7.0,0.14285714285714285,1.5151550582348436,0.14285714285714285,0.012732395447351627,1.502422662787492,0.3049513777435481,0.47596813235581525,0.17101675461226717,1,1,1,1,1,1,cases/scenario_07_isotropic.yaml,scenario_07_isotropic,isotropic,moderate,isotropic,unknown,1,5
scenario_07_isotropic,50,30,30.5,Center,28.91285110611985,32.31876853103562,27.968995253208075,29.138700671915593,31.691054052913636,34.090909090909086,98.77707501580359,2.0,98.77707501580359,100.0,99.5491483316035,99.53211598395555,0.7142857142857143,5,99.01081601279087,100.0,99.01081601279087,1.3,13,2.0,P32_derived_Jv_proxy,1.3840083855282088,2.1804289229106524,0.7876502387671095,0.9362381211208355,0.9673551442765881,0.9805774010999462,134,5,2,132,0.9850746268656716,0.014925373134328358,7.0,0.7142857142857143,1.706140989945118,0.7142857142857143,0.025464790894703253,1.6806761990504147,0.33118524004645145,0.49032097270096264,0.1591357326545112,1,1,1,1,1,1,cases/scenario_07_isotropic.yaml,scenario_07_isotropic,isotropic,moderate,isotropic,unknown,1,5
scenario_07_isotropic,51,10,10.5,Center,27.857253321658785,34.09587700531722,25.931829912981634,22.51828080242987,33.45233642663546,34.090909090909086,99.09755394800892,2.0,99.09755394800892,100.0,99.73263770511745,99.53211598395555,0.5714285714285714,4,100.0,100.0,100.0,0.6,6,2.0,P32_derived_Jv_proxy,1.5833060423175305,2.3652443629996296,0.8086775968531461,1.1085599577656706,0.9308825106895894,0.98112556017898,130,4,1,129,0.9923076923076923,0.007692307692307693,7.0,0.5714285714285714,1.6552114081557114,0.5714285714285714,0.012732395447351627,1.64247901270836,0.4621527324432255,0.5447481451450528,0.08259541270182724,1,1,1,1,1,1,cases/scenario_07_isotropic.yaml,scenario_07_isotropic,isotropic,moderate,isotropic,unknown,1,5
scenario_07_isotropic,51,20,20.5,Center,27.51351812298911,34.30801468770017,34.887532499293776,35.12840016852964,35.41733949434785,34.090909090909086,99.80993758644233,2.0,99.80993758644233,100.0,99.68282947904477,100.0,0.42857142857142855,3,99.77570279154261,100.0,99.77570279154261,0.6,6,2.0,P32_derived_Jv_proxy,1.573864041222898,2.217832333524782,0.814450140053415,0.9370434130271722,1.2680142300719899,1.0323342757296121,134,3,1,133,0.9925373134328358,0.007462686567164179,7.0,0.42857142857142855,1.706140989945118,0.42857142857142855,0.012732395447351627,1.6934085944977664,0.2657281226636051,0.5127756476671923,0.24704752500358718,0,1,1,1,1,1,cases/scenario_07_isotropic.yaml,scenario_07_isotropic,isotropic,moderate,isotropic,unknown,1,5
scenario_07_isotropic,51,30,30.5,Center,30.531481034469785,33.88939577346608,41.58708768980546,44.73696704571576,34.786421718430454,34.090909090909086,99.46715888804556,2.0,99.46715888804556,100.0,99.61598890532413,100.0,0.5714285714285714,4,99.51545485954283,100.0,99.51545485954283,0.8,8,2.0,P32_derived_Jv_proxy,1.4932854959808917,2.1683270744641776,0.8710966058174459,0.8322878573272232,1.3621051544421965,1.0264692221413612,144,4,2,142,0.9861111111111112,0.013888888888888888,7.0,0.5714285714285714,1.8334649444186342,0.5714285714285714,0.025464790894703253,1.808000153523931,0.3466995993687805,0.5314299947519457,0.18473039538316527,0,1,1,1,1,1,cases/scenario_07_isotropic.yaml,scenario_07_isotropic,isotropic,moderate,isotropic,unknown,1,5
scenario_07_isotropic,52,10,10.5,Center,29.573991765761257,35.17591416182721,35.64841028659944,33.06978297985813,36.461418590683806,34.090909090909086,98.68452045432697,2.0,98.68452045432697,100.0,99.61598890532413,100.0,0.5714285714285714,4,100.0,100.0,100.0,0.9,9,2.0,P32_derived_Jv_proxy,1.687298820661001,2.279549876623044,0.837628737496793,0.9076235350193812,1.2053973156194198,1.0365450183595122,119,4,3,116,0.9747899159663865,0.025210084033613446,7.0,0.5714285714285714,1.5151550582348436,0.5714285714285714,0.03819718634205488,1.4769578718927887,0.3186937350301797,0.5001140716452863,0.1814203366151066,1,1,1,1,1,1,cases/scenario_07_isotropic.yaml,scenario_07_isotropic,isotropic,moderate,isotropic,unknown,1,5
scenario_07_isotropic,52,20,20.5,Center,31.87949797724441,35.95985033210218,21.85443772056433,19.772462906414443,30.820946574368925,32.84531148030341,99.80063022580319,2.0,99.80063022580319,100.0,99.36565895808954,99.53211598395555,0.8571428571428571,6,99.21165763194914,100.0,99.21165763194914,0.9,9,2.0,P32_derived_Jv_proxy,1.423331234347948,2.326297640911938,0.7873585981913774,1.136133443830355,0.6855326811031978,0.8570932940411702,110,6,3,107,0.9727272727272728,0.02727272727272727,7.0,0.8571428571428571,1.4005634992086788,0.8571428571428571,0.03819718634205488,1.3623663128666241,0.2877020330350267,0.5705070938672403,0.2828050608322136,0,1,1,1,1,1,cases/scenario_07_isotropic.yaml,scenario_07_isotropic,isotropic,moderate,isotropic,unknown,1,5
scenario_07_isotropic,52,30,30.5,Center,31.87871014268577,33.88377161820289,38.841521850819085,33.6075015206706,39.60112010516641,34.090909090909086,99.16833110230864,2.0,99.16833110230864,100.0,99.68282947904478,100.0,0.42857142857142855,3,100.0,100.0,100.0,1.0,10,2.0,P32_derived_Jv_proxy,1.5246347719800057,2.0408686001706333,0.7868172945266265,0.8274992264154127,1.2184157287722277,1.1687341229714836,110,3,0,110,1.0,0.0,7.0,0.42857142857142855,1.4005634992086788,0.42857142857142855,0.0,1.4005634992086788,0.5513718501879665,0.4895491411496685,-0.06182270903829801,1,1,1,1,1,1,cases/scenario_07_isotropic.yaml,scenario_07_isotropic,isotropic,moderate,isotropic,unknown,1,5
scenario_07_isotropic,53,10,10.5,Center,28.763196251108532,35.59037674526463,39.20222298415484,32.35750647629619,43.7169630386765,36.1799100760966,100.0,2.0,100.0,100.0,99.66579713139683,99.53211598395555,0.7142857142857143,5,100.0,100.0,100.0,0.5,5,2.0,P32_derived_Jv_proxy,1.5997000551026677,2.0801732198757112,0.7994773836537925,0.927456544026097,1.3629299971363227,1.2283366189567837,130,5,2,128,0.9846153846153847,0.015384615384615385,7.0,0.7142857142857143,1.6552114081557114,0.7142857142857143,0.025464790894703253,1.6297466172610082,0.4481644624367149,0.49880918998831314,0.05064472755159821,0,1,1,1,1,1,cases/scenario_07_isotropic.yaml,scenario_07_isotropic,isotropic,moderate,isotropic,unknown,1,5
scenario_07_isotropic,53,20,20.5,Center,29.77883819378547,32.16702734811337,30.021056830792823,25.851923475183643,34.090909090909086,34.090909090909086,100.0,2.0,100.0,100.0,100.0,100.0,0.0,0,99.09163824028198,100.0,99.09163824028198,1.0,10,2.0,P32_derived_Jv_proxy,1.5,2.1999999999999997,0.7825600235416886,0.9956319960608694,1.0081339183023568,1.0598091244794043,125,0,0,125,1.0,0.0,7.0,0.0,1.5915494309189533,0.0,0.0,1.5915494309189533,0.0,0.5192357726120501,0.5192357726120501,1,1,1,1,1,1,cases/scenario_07_isotropic.yaml,scenario_07_isotropic,isotropic,moderate,isotropic,unknown,1,5
scenario_07_isotropic,53,30,30.5,Center,29.159696026086372,34.027413458127164,26.227433964951626,24.915284289085733,34.15261261227243,34.090909090909086,100.0,2.0,100.0,100.0,99.79947827883811,100.0,0.42857142857142855,3,99.12001270761384,100.0,99.12001270761384,0.8,8,2.0,P32_derived_Jv_proxy,1.5306385036280812,2.303524240051765,0.7674036426629307,1.0385502184145603,0.8994412678886798,1.0036793614742223,129,3,0,129,1.0,0.0,7.0,0.42857142857142855,1.64247901270836,0.42857142857142855,0.0,1.64247901270836,0.44015258500117094,0.5057297044502072,0.06557711944903621,1,1,1,1,1,1,cases/scenario_07_isotropic.yaml,scenario_07_isotropic,isotropic,moderate,isotropic,unknown,1,5
scenario_07_isotropic,54,10,10.5,Center,27.85130676290897,32.81428291385038,35.30183554714221,27.838099920669684,43.55689707727489,34.090909090909086,99.67636406691902,2.0,99.67636406691902,100.0,99.43249953181018,100.0,0.7142857142857143,5,98.73059152397946,100.0,98.73059152397946,1.0,10,2.0,P32_derived_Jv_proxy,1.6165589172297632,2.112639450802763,0.7974372141674478,1.0157807381350346,1.2675109231914208,1.3273761670071489,133,5,3,130,0.9774436090225563,0.022556390977443608,7.0,0.7142857142857143,1.6934085944977664,0.7142857142857143,0.03819718634205488,1.6552114081557114,0.3314973133478585,0.5340735498157705,0.202576236467912,0,1,1,0,1,1,cases/scenario_07_isotropic.yaml,scenario_07_isotropic,isotropic,moderate,isotropic,unknown,1,5
scenario_07_isotropic,54,20,20.5,Center,26.910093254946002,33.360721550498766,29.97320424230625,25.064061706563507,34.69533475329103,34.090909090909086,99.31897938507362,2.0,99.31897938507362,100.0,99.08832728941319,99.53211598395555,1.0,7,99.10267530956067,100.0,99.10267530956067,0.9,9,2.0,P32_derived_Jv_proxy,1.4516986673346755,2.107692291758195,0.8140542396560414,1.0324737381093576,1.113827587230574,1.0400055256830112,121,7,3,118,0.9752066115702479,0.024793388429752067,7.0,1.0,1.5406198491295469,1.0,0.03819718634205488,1.502422662787492,0.4966073744342152,0.5085322907531411,0.011924916318925893,1,1,1,1,1,1,cases/scenario_07_isotropic.yaml,scenario_07_isotropic,isotropic,moderate,isotropic,unknown,1,5
scenario_07_isotropic,54,30,30.5,Center,30.11438916705663,33.72547551653722,35.01122021164336,29.230747143764045,33.008719440682555,33.438584058868784,97.96128090685347,2.0,97.96128090685347,100.0,99.11532901085492,99.53211598395555,1.1428571428571428,8,99.89903122300753,100.0,99.89903122300753,0.8,8,2.0,P32_derived_Jv_proxy,1.504688847912916,2.22810051592259,0.7768294723685445,0.829853994581361,1.16260768290607,0.9787473396630625,130,8,3,127,0.9769230769230769,0.023076923076923078,7.0,1.1428571428571428,1.6552114081557114,1.1428571428571428,0.03819718634205488,1.6170142218136565,0.5117652205108769,0.4853721112117134,-0.026393109299163497,1,1,1,1,1,1,cases/scenario_07_isotropic.yaml,scenario_07_isotropic,isotropic,moderate,isotropic,unknown,1,5
scenario_07_isotropic,55,10,10.5,Center,27.426563006695474,33.37610974646814,29.79668158387509,32.35448701145385,34.703942056719924,34.090909090909086,98.73341688802358,2.0,98.73341688802358,100.0,99.54914833160349,99.53211598395555,0.7142857142857143,5,100.0,100.0,100.0,0.9,9,2.0,P32_derived_Jv_proxy,1.4210588123932897,2.164233785034073,0.8055259916581122,0.9594425984092777,1.0864169008927955,1.0397839149121415,139,5,3,136,0.9784172661870504,0.02158273381294964,7.0,0.7142857142857143,1.769802967181876,0.7142857142857143,0.03819718634205488,1.7316057808398213,0.2748199519635708,0.5016886924549697,0.22686874049139893,1,1,1,1,1,1,cases/scenario_07_isotropic.yaml,scenario_07_isotropic,isotropic,moderate,isotropic,unknown,1,5
scenario_07_isotropic,55,20,20.5,Center,31.068614999104437,33.95500398501317,30.684612332647447,28.845201103338194,33.870753571902874,34.090909090909086,100.0,2.0,100.0,100.0,99.79947827883811,100.0,0.42857142857142855,3,100.0,100.0,100.0,0.8,8,2.0,P32_derived_Jv_proxy,1.4630948281547236,2.1742834002510896,0.8132034045350937,0.981526027753752,0.9876401742894538,0.9975187629738614,141,3,1,140,0.9929078014184397,0.0070921985815602835,7.0,0.42857142857142855,1.7952677580765795,0.42857142857142855,0.012732395447351627,1.7825353626292277,0.28149003154965213,0.5164624649976679,0.23497243344801577,1,1,1,1,1,1,cases/scenario_07_isotropic.yaml,scenario_07_isotropic,isotropic,moderate,isotropic,unknown,1,5
scenario_07_isotropic,55,30,30.5,Center,30.322368713427263,34.490936301168524,36.553053746650384,27.12580390836123,33.46074439443695,34.090909090909086,99.7036839510163,2.0,99.7036839510163,100.0,99.68282947904478,100.0,0.42857142857142855,3,99.74747092114598,100.0,99.74747092114598,0.8,8,2.0,P32_derived_Jv_proxy,1.4605624774780512,2.1732029372143846,0.7887193287721743,0.8086163978078067,1.2054814744886362,0.9701315180969248,106,3,1,105,0.9905660377358491,0.009433962264150943,7.0,0.42857142857142855,1.3496339174192724,0.42857142857142855,0.012732395447351627,1.336901521971921,0.23941732938247162,0.4872343922159812,0.24781706283350957,1,1,1,1,1,1,cases/scenario_07_isotropic.yaml,scenario_07_isotropic,isotropic,moderate,isotropic,unknown,1,5
scenario_07_isotropic,56,10,10.5,Center,26.537295452235053,31.324897044784855,25.54975877286183,21.56133626334249,33.20801200403984,34.090909090909086,99.26999209424528,2.0,99.26999209424528,100.0,99.7994782788381,100.0,0.42857142857142855,3,99.31620473125541,100.0,99.31620473125541,0.7,7,2.0,P32_derived_Jv_proxy,1.630095668970272,2.506560657242409,0.8211789722276459,1.148708738327558,0.9627868378241216,1.0601155993126719,132,3,1,131,0.9924242424242424,0.007575757575757576,7.0,0.42857142857142855,1.6806761990504147,0.42857142857142855,0.012732395447351627,1.6679438036030632,0.20142275041859625,0.43112732568973977,0.22970457527114352,1,1,1,1,1,1,cases/scenario_07_isotropic.yaml,scenario_07_isotropic,isotropic,moderate,isotropic,unknown,1,5
scenario_07_isotropic,56,20,20.5,Center,29.5498338013203,33.91526978716144,26.65248867210044,26.076889212736752,35.78440400837558,34.090909090909086,99.08465254433455,2.0,99.08465254433455,100.0,99.5491483316035,99.53211598395555,0.7142857142857143,5,100.0,100.0,100.0,0.8,8,2.0,P32_derived_Jv_proxy,1.4563630865584274,2.1594885421120504,0.7852191434676766,1.0734433072354226,0.9019505439962777,1.0551118783056739,124,5,1,123,0.9919354838709677,0.008064516129032258,7.0,0.7142857142857143,1.5788170354716018,0.7142857142857143,0.012732395447351627,1.56608464002425,0.3241707768600385,0.506328922188523,0.1821581453284845,1,1,1,1,1,1,cases/scenario_07_isotropic.yaml,scenario_07_isotropic,isotropic,moderate,isotropic,unknown,1,5
scenario_07_isotropic,56,30,30.5,Center,29.46634093008285,33.93753682569811,30.5394561935683,31.603108875442043,30.944985956464745,34.090909090909086,98.5094859016126,2.0,98.5094859016126,100.0,99.61598890532413,100.0,0.5714285714285714,4,99.86323407656495,100.0,99.86323407656495,0.7,7,2.0,P32_derived_Jv_proxy,1.4515885572419003,2.358602946609684,0.8117651410183528,0.8459489616536118,1.0364183413893064,0.9118218011930862,121,4,1,120,0.9917355371900827,0.008264462809917356,7.0,0.5714285714285714,1.5406198491295469,0.5714285714285714,0.012732395447351627,1.5278874536821951,0.255710189499898,0.550334139282365,0.294623949782467,1,1,1,1,1,1,cases/scenario_07_isotropic.yaml,scenario_07_isotropic,isotropic,moderate,isotropic,unknown,1,5
scenario_07_isotropic,57,10,10.5,Center,26.976890212855054,33.542357134207165,25.421934681990898,23.664712281286356,34.23214018058614,34.090909090909086,100.0,2.0,100.0,100.0,99.61598890532413,100.0,0.5714285714285714,4,100.0,100.0,100.0,0.4,4,2.0,P32_derived_Jv_proxy,1.4446379657336705,2.1358411861929314,0.794383922768454,1.121139960952964,0.9423597190560093,1.0205645370603822,126,4,1,125,0.9920634920634921,0.007936507936507936,7.0,0.5714285714285714,1.604281826366305,0.5714285714285714,0.012732395447351627,1.5915494309189533,0.13567991116210587,0.5031369687064136,0.3674570575443077,1,1,1,1,1,1,cases/scenario_07_isotropic.yaml,scenario_07_isotropic,isotropic,moderate,isotropic,unknown,1,5
scenario_07_isotropic,57,20,20.5,Center,27.601864057063064,33.68887862901,29.97402865719138,28.30938961995087,33.87861254927194,34.090909090909086,98.75917848422958,2.0,98.75917848422958,100.0,98.99868021106161,98.24769036935783,1.1428571428571428,8,100.0,100.0,100.0,0.7,7,2.0,P32_derived_Jv_proxy,1.455742344717058,2.2234518152978464,0.8474977562598436,1.0481669717449873,1.0859421883690243,1.0056319452585922,127,8,5,122,0.9606299212598425,0.03937007874015748,7.0,1.1428571428571428,1.6170142218136565,1.1428571428571428,0.06366197723675814,1.5533522445768986,0.2251486428826841,0.4867699569411349,0.2616213140584508,1,1,1,1,1,1,cases/scenario_07_isotropic.yaml,scenario_07_isotropic,isotropic,moderate,isotropic,unknown,1,5
scenario_07_isotropic,57,30,30.5,Center,29.96519408791108,34.350296581877636,26.531759725129227,24.66704967813992,32.44502611127491,34.090909090909086,98.65141261072297,2.0,98.65141261072297,100.0,98.93183963734097,98.24769036935783,1.2857142857142858,9,100.0,100.0,100.0,0.7,7,2.0,P32_derived_Jv_proxy,1.4797024901238731,2.2526391714766687,0.7755378523080092,1.0858487789027842,0.8854192516588101,0.9445340896530163,127,9,2,125,0.984251968503937,0.015748031496062992,7.0,1.2857142857142858,1.6170142218136565,1.2857142857142858,0.025464790894703253,1.5915494309189533,0.3304880374468472,0.5167485326229728,0.18626049517612564,1,1,1,1,1,1,cases/scenario_07_isotropic.yaml,scenario_07_isotropic,isotropic,moderate,isotropic,unknown,1,5
scenario_07_isotropic,58,10,10.5,Center,31.519404356865497,35.862509086136576,38.03584143577405,23.2222170878928,38.971817051919984,34.090909090909086,99.0906704384249,2.0,99.0906704384249,100.0,99.5491483316035,99.53211598395555,0.7142857142857143,5,100.0,100.0,100.0,0.8,8,2.0,P32_derived_Jv_proxy,1.611165142677044,2.152002680420945,0.7729490352301653,0.9544543061044193,1.2067436619400822,1.0867007926945462,119,5,2,117,0.9831932773109243,0.01680672268907563,7.0,0.7142857142857143,1.5151550582348436,0.7142857142857143,0.025464790894703253,1.4896902673401404,0.31366594781913526,0.4972759691239259,0.18361002130479065,1,1,1,1,1,1,cases/scenario_07_isotropic.yaml,scenario_07_isotropic,isotropic,moderate,isotropic,unknown,1,5
scenario_07_isotropic,58,20,20.5,Center,29.978466928379483,33.121663173960435,26.917541745661804,22.92526711979121,36.49375063657342,34.090909090909086,98.95844482446871,2.0,98.95844482446871,100.0,99.5491483316035,99.53211598395555,0.7142857142857143,5,100.0,100.0,100.0,0.3,3,2.0,P32_derived_Jv_proxy,1.57488474855374,2.1846735186957194,0.7489249680666565,1.095623897826122,0.8978958733937119,1.1018091224737787,131,5,2,129,0.9847328244274809,0.015267175572519083,7.0,0.7142857142857143,1.6679438036030632,0.7142857142857143,0.025464790894703253,1.64247901270836,0.4245359300795126,0.499401494086098,0.0748655640065854,1,1,1,1,1,1,cases/scenario_07_isotropic.yaml,scenario_07_isotropic,isotropic,moderate,isotropic,unknown,1,5
scenario_07_isotropic,58,30,30.5,Center,27.704025785418796,32.590932004366,31.825187555711462,25.350153517864502,38.792234750554904,34.090909090909086,100.0,2.0,100.0,100.0,99.79947827883811,100.0,0.42857142857142855,3,100.0,100.0,100.0,0.8,8,2.0,P32_derived_Jv_proxy,1.5960254798739455,2.1225273162000344,0.8217978743598324,1.0658195700715642,1.1487567836607242,1.1902769379334766,115,3,1,114,0.991304347826087,0.008695652173913044,7.0,0.42857142857142855,1.464225476445437,0.42857142857142855,0.012732395447351627,1.4514930809980855,0.4365781288975751,0.4677681849122015,0.031190056014626433,1,1,1,1,1,1,cases/scenario_07_isotropic.yaml,scenario_07_isotropic,isotropic,moderate,isotropic,unknown,1,5
scenario_07_isotropic,59,10,10.5,Center,34.1659537820145,36.84307386377877,28.42618896556824,26.753748528584573,36.69786544166657,34.090909090909086,100.0,2.0,100.0,100.0,99.73263770511745,99.53211598395555,0.5714285714285714,4,99.08213800757451,100.0,99.08213800757451,1.2,12,2.0,P32_derived_Jv_proxy,1.5232183822075267,2.1156573612709875,0.764368990292794,1.059708602412422,0.8320033781855737,0.996058732160919,99,4,2,97,0.9797979797979798,0.020202020202020204,7.0,0.5714285714285714,1.260507149287811,0.5714285714285714,0.025464790894703253,1.2350423583931078,0.23396008578178296,0.5265411144134537,0.2925810286316708,1,1,1,1,1,1,cases/scenario_07_isotropic.yaml,scenario_07_isotropic,isotropic,moderate,isotropic,unknown,1,5
scenario_07_isotropic,59,20,20.5,Center,31.36058341059924,34.423988319994045,26.587602101687544,21.765357417136457,27.87329819397412,29.080551203108737,99.20762441634267,2.0,99.20762441634267,100.0,99.02148671569255,99.53211598395555,1.1428571428571428,8,100.0,100.0,100.0,0.5,5,2.0,P32_derived_Jv_proxy,1.3271618272999055,2.4556222268049424,0.7307704481171861,0.8286616867153699,0.847803172331975,0.8097056603340999,129,8,3,126,0.9767441860465116,0.023255813953488372,7.0,1.1428571428571428,1.64247901270836,1.1428571428571428,0.03819718634205488,1.604281826366305,0.29854041580338586,0.4770272837641001,0.17848686796071422,1,1,1,1,1,1,cases/scenario_07_isotropic.yaml,scenario_07_isotropic,isotropic,moderate,isotropic,unknown,1,5
scenario_07_isotropic,59,30,30.5,Center,30.376346307654618,33.122711233345974,25.88853832325802,24.023034339526927,37.84843806028549,34.090909090909086,98.02209176102949,2.0,98.02209176102949,100.0,99.29881838436889,99.53211598395555,1.0,7,99.98212159083941,100.0,99.98212159083941,0.8,8,2.0,P32_derived_Jv_proxy,1.6303107404955541,2.17694156714088,0.7570383857372643,1.1478734344242796,0.8522597833543364,1.1426733093691297,136,7,4,132,0.9705882352941176,0.029411764705882353,7.0,1.0,1.7316057808398213,1.0,0.05092958178940651,1.6806761990504147,0.29841360345319556,0.49702506422434667,0.1986114607711511,1,1,1,1,1,1,cases/scenario_07_isotropic.yaml,scenario_07_isotropic,isotropic,moderate,isotropic,unknown,1,5
scenario_05_orthogonal_two_sets,40,10,10.5,Center,23.708220648194978,26.238353140725927,19.159697127085167,15.356920692708435,24.73662150248568,26.666666666666668,94.55491428945932,4.0,94.55491428945932,99.48014385490573,97.67387280180716,98.24769036935783,1.8571428571428572,13,100.0,100.0,100.0,0.7,7,3.0,P32_derived_Jv_proxy,1.6207978634627427,1.5677865790081924,0.8190682357572294,1.1443117334358373,0.8081457234347061,0.9427657814426877,196,13,6,190,0.9693877551020408,0.030612244897959183,7.0,1.8571428571428572,2.4955495076809187,1.8571428571428572,0.07639437268410976,2.4191551349968092,0.32426951451825736,0.3567437494719148,0.03247423495365742,1,1,1,1,1,1,cases/scenario_05_orthogonal_two_sets.yaml,scenario_05_orthogonal_two_sets,orthogonal,moderate,anisotropic,unknown,1,5
scenario_05_orthogonal_two_sets,40,20,20.5,Center,21.423012306439034,26.984679737239585,21.906422358607735,22.79614981454935,28.04138997950982,30.615975904408867,98.1382869133488,4.0,98.1382869133488,100.0,97.52486465642853,98.24769036935783,2.2857142857142856,16,100.0,100.0,100.0,0.3,3,3.0,P32_derived_Jv_proxy,1.6361908136525203,1.466569536460353,0.7437915959255893,0.969117620128164,1.0225649897061118,1.0391596362291433,183,16,7,176,0.9617486338797814,0.03825136612021858,7.0,2.2857142857142856,2.330028366865348,2.2857142857142856,0.08912676813146139,2.2409015987338865,0.1845187467106959,0.3691812583826033,0.1846625116719074,1,1,1,1,1,1,cases/scenario_05_orthogonal_two_sets.yaml,scenario_05_orthogonal_two_sets,orthogonal,moderate,anisotropic,unknown,1,5
scenario_05_orthogonal_two_sets,40,30,30.5,Center,23.25536816191666,26.535276159585727,27.090994504007877,30.096988111974067,23.877018731221398,24.107023473182785,97.24895034666058,4.0,97.24895034666058,100.0,98.88780556825125,99.53211598395555,1.4285714285714286,10,99.77515229556128,100.0,99.77515229556128,0.2,2,3.0,P32_derived_Jv_proxy,1.3658409137924525,1.4502774312285867,0.8622720667942148,0.8314782712972022,1.164935094356945,0.8998217537900374,176,10,4,172,0.9772727272727273,0.022727272727272728,7.0,1.4285714285714286,2.2409015987338865,1.4285714285714286,0.05092958178940651,2.1899720169444796,0.24663829438165286,0.3728180643063399,0.12617976992468705,1,1,1,1,1,1,cases/scenario_05_orthogonal_two_sets.yaml,scenario_05_orthogonal_two_sets,orthogonal,moderate,anisotropic,unknown,1,5
scenario_05_orthogonal_two_sets,41,10,10.5,Center,23.213270171894557,26.837022441966266,24.02629909899526,25.947906031918702,27.549503625941362,27.296967316393424,96.77728703700619,4.0,96.77728703700619,100.0,96.81121591086834,96.30636868862332,2.4285714285714284,17,100.0,100.0,100.0,0.1,1,3.0,P32_derived_Jv_proxy,1.6312252135715863,1.4534472993925007,0.8055916184226878,0.9860304434894659,1.0350243167412525,1.0265484438713648,187,17,4,183,0.9786096256684492,0.0213903743315508,7.0,2.4285714285714284,2.3809579486547543,2.4285714285714284,0.05092958178940651,2.330028366865348,0.08944142788347254,0.3849498515552918,0.2955084236718193,1,1,1,1,1,1,cases/scenario_05_orthogonal_two_sets.yaml,scenario_05_orthogonal_two_sets,orthogonal,moderate,anisotropic,unknown,1,5
scenario_05_orthogonal_two_sets,41,20,20.5,Center,21.280656891384265,25.600300138396967,25.132592611796778,22.634655595555337,26.996449933965483,26.666666666666668,97.3102640836375,4.0,97.3102640836375,100.0,99.02148671569255,99.53211598395555,1.1428571428571428,8,100.0,100.0,100.0,0.1,1,3.0,P32_derived_Jv_proxy,1.6072093647080603,1.5466729687826395,0.8095182796292922,0.9271311344271851,1.1810064294571667,1.0545364619953999,180,8,4,176,0.9777777777777777,0.022222222222222223,7.0,1.1428571428571428,2.291831180523293,1.1428571428571428,0.05092958178940651,2.2409015987338865,0.13975759631155482,0.3606571255779788,0.22089952926642398,1,1,1,1,1,1,cases/scenario_05_orthogonal_two_sets.yaml,scenario_05_orthogonal_two_sets,orthogonal,moderate,anisotropic,unknown,1,5
scenario_05_orthogonal_two_sets,41,30,30.5,Center,24.122830028821863,26.200806766306723,17.21004636481069,14.526996312345895,26.95777028076052,22.248461098818524,98.87690645416413,4.0,98.87690645416413,100.0,99.41546718416224,99.53211598395555,1.0,7,100.0,100.0,100.0,0.1,1,3.0,P32_derived_Jv_proxy,1.503246550423277,1.5507758630726054,0.7718460786688566,1.220577777324236,0.7134339687444713,1.0288908475683742,171,7,3,168,0.9824561403508771,0.017543859649122806,7.0,1.0,2.177239621497128,1.0,0.03819718634205488,2.139042435155073,0.15221579779687644,0.35134150165606426,0.19912570385918782,0,1,1,1,1,1,cases/scenario_05_orthogonal_two_sets.yaml,scenario_05_orthogonal_two_sets,orthogonal,moderate,anisotropic,unknown,1,5
scenario_05_orthogonal_two_sets,42,10,10.5,Center,24.74182443485333,27.713802380106582,19.884721847937936,21.981311555994736,24.625956768082965,23.760364177130942,91.21084227595513,4.0,91.21084227595513,100.0,97.3965411331308,98.24769036935783,2.0,14,100.0,100.0,100.0,0.4,4,3.0,P32_derived_Jv_proxy,1.627732907124081,1.5031535716621554,0.8150001345730925,1.1321174642336316,0.8036885840935283,0.888580947151441,217,14,3,214,0.9861751152073732,0.013824884792626729,7.0,2.0,2.762929812075303,2.0,0.03819718634205488,2.7247326257332483,0.17995717142241485,0.40360348120795053,0.22364630978553568,1,1,1,1,1,1,cases/scenario_05_orthogonal_two_sets.yaml,scenario_05_orthogonal_two_sets,orthogonal,moderate,anisotropic,unknown,1,5
scenario_05_orthogonal_two_sets,42,20,20.5,Center,24.374437627905206,25.786680903869232,25.479969655310327,23.194402301179352,31.526694428592016,28.80374134893657,97.79480001142913,4.0,97.79480001142913,100.0,97.89184340345646,98.24769036935783,2.0,14,100.0,100.0,100.0,0.1,1,3.0,P32_derived_Jv_proxy,1.658386560473341,1.3846604217975922,0.7644015684490808,0.9881928594745883,1.0453562065423592,1.2225960582566293,194,14,7,187,0.9639175257731959,0.03608247422680412,7.0,2.0,2.4700847167862157,2.0,0.08912676813146139,2.3809579486547543,0.16455403714225725,0.3401359764446046,0.17558193930234733,1,1,1,1,1,1,cases/scenario_05_orthogonal_two_sets.yaml,scenario_05_orthogonal_two_sets,orthogonal,moderate,anisotropic,unknown,1,5
scenario_05_orthogonal_two_sets,42,30,30.5,Center,24.61129931717764,26.961364154780856,17.106589429049468,15.088217635472272,25.154765356311827,25.913790214151835,97.22790805719983,4.0,97.22790805719983,96.30109925564527,98.19368692647429,98.24769036935783,1.7142857142857142,12,100.0,100.0,100.0,0.3,3,3.0,P32_derived_Jv_proxy,1.4946665463725008,1.4591114944993424,0.7768853968134881,1.2377868911251515,0.6950705531060604,0.9329930493094624,190,12,1,189,0.9947368421052631,0.005263157894736842,7.0,1.7142857142857142,2.4191551349968092,1.7142857142857142,0.012732395447351627,2.4064227395494573,0.13320378023469714,0.39639469342988454,0.2631909131951874,0,1,1,1,1,1,cases/scenario_05_orthogonal_two_sets.yaml,scenario_05_orthogonal_two_sets,orthogonal,moderate,anisotropic,unknown,1,5
scenario_05_orthogonal_two_sets,43,10,10.5,Center,23.089695217573116,26.23145619156805,22.54215868476307,20.95807309730889,26.43826004980671,27.86466190442487,97.72316776430262,4.0,97.72316776430262,98.99961431424202,97.02970845060713,98.24769036935783,2.2857142857142856,16,100.0,100.0,100.0,0.3,3,3.0,P32_derived_Jv_proxy,1.5959240560052577,1.4979931871816703,0.7595460118482924,0.9278134162271445,0.9762865413488296,1.007883811585921,176,16,10,166,0.9431818181818182,0.056818181818181816,7.0,2.2857142857142856,2.2409015987338865,2.2857142857142856,0.12732395447351627,2.11357764426037,0.20504972183378878,0.3466535150217843,0.14160379318799554,1,1,1,1,1,1,cases/scenario_05_orthogonal_two_sets.yaml,scenario_05_orthogonal_two_sets,orthogonal,moderate,anisotropic,unknown,1,5
scenario_05_orthogonal_two_sets,43,20,20.5,Center,23.21112299105805,26.390224965794438,19.48055696829467,19.30756621899937,21.825515133982694,22.5354947468361,94.84285112108775,4.0,94.84285112108775,95.7486771062881,97.32185306816636,96.30636868862332,2.4285714285714284,17,100.0,100.0,100.0,0.4,4,3.0,P32_derived_Jv_proxy,1.5438512719970672,1.6948345408422407,0.7675669163349912,0.8959169352762667,0.8392767974130093,0.8270302796687686,208,17,7,201,0.9663461538461539,0.03365384615384615,7.0,2.4285714285714284,2.6483382530491384,2.4285714285714284,0.08912676813146139,2.559211484917677,0.1829563499042668,0.388366449536083,0.20541009963181622,1,1,1,1,1,1,cases/scenario_05_orthogonal_two_sets.yaml,scenario_05_orthogonal_two_sets,orthogonal,moderate,anisotropic,unknown,1,5
scenario_05_orthogonal_two_sets,43,30,30.5,Center,22.708993017204715,25.94769592704207,22.243747613203116,20.93218552057459,23.88811306876617,22.478241042931746,100.0,4.0,100.0,100.0,99.66579713139683,99.53211598395555,0.7142857142857143,5,99.77976356859716,100.0,99.77976356859716,0.5,5,3.0,P32_derived_Jv_proxy,1.6712526212154375,1.783828160182732,0.7844426100891507,0.9205059872507112,0.979512724159582,0.9206255975841982,182,5,4,178,0.978021978021978,0.02197802197802198,7.0,0.7142857142857143,2.317295971417996,0.7142857142857143,0.05092958178940651,2.2663663896285895,0.2015819035005032,0.3726929559255131,0.1711110524250099,1,1,1,1,1,1,cases/scenario_05_orthogonal_two_sets.yaml,scenario_05_orthogonal_two_sets,orthogonal,moderate,anisotropic,unknown,1,5
scenario_05_orthogonal_two_sets,44,10,10.5,Center,22.657241062266653,27.157410582151662,23.210691631135656,24.199451061598463,29.706949284405674,26.666666666666668,97.02387056142345,4.0,97.02387056142345,100.0,98.77115676845794,99.53211598395555,1.4285714285714286,10,100.0,100.0,100.0,0.2,2,3.0,P32_derived_Jv_proxy,1.7318601805644067,1.4438753114291576,0.8097820186114705,1.1524995211685758,1.0244270945146414,1.0938800367045898,168,10,6,162,0.9642857142857143,0.03571428571428571,7.0,1.4285714285714286,2.139042435155073,1.4285714285714286,0.07639437268410976,2.0626480624709633,0.21122003141813972,0.33300760889907977,0.12178757748094005,1,1,1,1,1,1,cases/scenario_05_orthogonal_two_sets.yaml,scenario_05_orthogonal_two_sets,orthogonal,moderate,anisotropic,unknown,1,5
scenario_05_orthogonal_two_sets,44,20,20.5,Center,25.361464896558044,27.41083333452614,23.657823765050182,21.02538151701583,29.220842623500424,26.666666666666668,98.65345546264332,4.0,98.65345546264332,100.0,99.73263770511747,99.53211598395555,0.5714285714285714,4,100.0,100.0,100.0,0.2,2,3.0,P32_derived_Jv_proxy,1.629034976452735,1.5374110549744209,0.8048331815063978,1.0172143625861205,0.9328256022096313,1.0660326253815287,174,4,1,173,0.9942528735632183,0.005747126436781609,7.0,0.5714285714285714,2.215436807839183,0.5714285714285714,0.012732395447351627,2.2027044123918316,0.3705459545528268,0.38898600455062715,0.018440049997800356,1,1,1,1,1,1,cases/scenario_05_orthogonal_two_sets.yaml,scenario_05_orthogonal_two_sets,orthogonal,moderate,anisotropic,unknown,1,5
scenario_05_orthogonal_two_sets,44,30,30.5,Center,23.4877192455239,26.68667542605734,21.259812018956683,18.616529860416172,25.647864448986148,22.081889479298713,99.00049671131288,4.0,99.00049671131288,100.0,99.59895655767619,99.53211598395555,0.8571428571428571,6,100.0,100.0,100.0,0.3,3,3.0,P32_derived_Jv_proxy,1.589211587757516,1.5705292726965965,0.8373758707606299,1.0355057161517147,0.9051458677925149,0.9610737957993494,175,6,4,171,0.9771428571428571,0.022857142857142857,7.0,0.8571428571428571,2.2281692032865346,0.8571428571428571,0.05092958178940651,2.177239621497128,0.07247513300961239,0.36787847096469706,0.29540333795508467,1,1,1,1,1,1,cases/scenario_05_orthogonal_two_sets.yaml,scenario_05_orthogonal_two_sets,orthogonal,moderate,anisotropic,unknown,1,5
scenario_05_orthogonal_two_sets,45,10,10.5,Center,23.072865578847054,26.4139190872036,23.3192231935947,19.34471089136641,28.060962032189536,29.461667866672258,99.53329603782686,4.0,99.53329603782686,100.0,98.58766739494399,98.24769036935783,1.5714285714285714,11,100.0,100.0,100.0,0.1,1,3.0,P32_derived_Jv_proxy,1.6351895800610465,1.5306391462608995,0.7406953331156718,0.9438091422844682,1.0106773739874557,1.062355114345143,170,11,4,166,0.9764705882352941,0.023529411764705882,7.0,1.5714285714285714,2.1645072260497766,1.5714285714285714,0.05092958178940651,2.11357764426037,0.23328046849930284,0.3457710265257008,0.11249055802639796,1,1,1,1,1,1,cases/scenario_05_orthogonal_two_sets.yaml,scenario_05_orthogonal_two_sets,orthogonal,moderate,anisotropic,unknown,1,5
scenario_05_orthogonal_two_sets,45,20,20.5,Center,23.717737482015878,26.68809586394394,24.431248431401837,21.792217175730045,27.225027444966393,26.666666666666668,99.64294887089531,4.0,99.64294887089531,100.0,99.18216958457558,99.53211598395555,1.0,7,100.0,100.0,100.0,0.4,4,3.0,P32_derived_Jv_proxy,1.6385463766491,1.5812015895107103,0.7680191966405924,0.9245737855503283,1.0300834322804604,1.020118766949869,199,7,6,193,0.9698492462311558,0.03015075376884422,7.0,1.0,2.5337466940229736,1.0,0.07639437268410976,2.457352321338864,0.15526829638401607,0.36376539600048097,0.2084970996164649,1,1,1,1,1,1,cases/scenario_05_orthogonal_two_sets.yaml,scenario_05_orthogonal_two_sets,orthogonal,moderate,anisotropic,unknown,1,5
scenario_05_orthogonal_two_sets,45,30,30.5,Center,24.542391420492784,27.694012451300914,21.47639973069966,21.919781748536128,26.662686219067343,23.3186379862304,95.0323942418362,4.0,95.0323942418362,96.95792468627289,97.6145117347801,98.24769036935783,2.142857142857143,15,100.0,100.0,100.0,0.2,2,3.0,P32_derived_Jv_proxy,1.4225150115571357,1.3358260804934854,0.8249786684996572,1.08578062856754,0.8750736373948859,0.962759956360707,184,15,4,180,0.9782608695652174,0.021739130434782608,7.0,2.142857142857143,2.3427607623126994,2.142857142857143,0.05092958178940651,2.291831180523293,0.21673005068178897,0.3631375220694014,0.14640747138761245,1,1,1,1,1,1,cases/scenario_05_orthogonal_two_sets.yaml,scenario_05_orthogonal_two_sets,orthogonal,moderate,anisotropic,unknown,1,5
scenario_05_orthogonal_two_sets,46,10,10.5,Center,23.723701528164582,27.095798765025954,23.42105520875222,23.952886227819523,22.848897363409666,23.98822301127746,94.28765049980959,4.0,94.28765049980959,93.69293745272564,96.40805847502953,96.30636868862332,2.7142857142857144,19,100.0,100.0,100.0,0.0,0,3.0,P32_derived_Jv_proxy,1.5436678783267297,1.5994738621249545,0.8055641907029086,0.9055323831550904,0.9872428710564807,0.8432634727455239,204,19,11,193,0.946078431372549,0.05392156862745098,7.0,2.7142857142857144,2.597408671259732,2.7142857142857144,0.1400563499208679,2.457352321338864,0.16463345032560006,0.3672819297482143,0.2026484794226142,1,1,1,1,1,1,cases/scenario_05_orthogonal_two_sets.yaml,scenario_05_orthogonal_two_sets,orthogonal,moderate,anisotropic,unknown,1,5
scenario_05_orthogonal_two_sets,46,20,20.5,Center,22.764379301831642,27.138980725303718,22.384564782258085,23.08754482155141,27.19756551799701,26.666666666666668,98.72961118088132,4.0,98.72961118088132,100.0,98.95464614197192,99.53211598395555,1.2857142857142858,9,100.0,100.0,100.0,0.0,0,3.0,P32_derived_Jv_proxy,1.6256100243753795,1.54009115519959,0.7947490891692393,0.9692890113948184,0.9833154019032271,1.0021586953941373,171,9,3,168,0.9824561403508771,0.017543859649122806,7.0,1.2857142857142858,2.177239621497128,1.2857142857142858,0.03819718634205488,2.139042435155073,0.26380252776808677,0.3845540309007863,0.12075150313269956,1,1,1,1,1,1,cases/scenario_05_orthogonal_two_sets.yaml,scenario_05_orthogonal_two_sets,orthogonal,moderate,anisotropic,unknown,1,5
scenario_05_orthogonal_two_sets,46,30,30.5,Center,22.973882404351322,26.677632884919294,18.285312434188018,14.876788838588995,23.262488728594644,22.302954826020333,96.91813776106666,4.0,96.91813776106666,98.86919881828562,97.07937061217558,98.24769036935783,2.4285714285714284,17,100.0,100.0,100.0,0.2,2,3.0,P32_derived_Jv_proxy,1.5536222383708966,1.6185757709297544,0.8400244304157535,1.1371183730815686,0.7959173862022,0.8719847382615715,208,17,4,204,0.9807692307692307,0.019230769230769232,7.0,2.4285714285714284,2.6483382530491384,2.4285714285714284,0.05092958178940651,2.597408671259732,0.19342195847986332,0.40067463000547776,0.20725267152561444,0,1,1,1,1,1,cases/scenario_05_orthogonal_two_sets.yaml,scenario_05_orthogonal_two_sets,orthogonal,moderate,anisotropic,unknown,1,5
scenario_05_orthogonal_two_sets,47,10,10.5,Center,22.441175820211267,26.26468969100478,22.7256366414224,23.041026106139235,27.834535104122374,26.666666666666668,95.74142701170717,4.0,95.74142701170717,98.36101838106347,97.03704189279642,96.30636868862332,2.4285714285714284,17,100.0,100.0,100.0,0.3,3,3.0,P32_derived_Jv_proxy,1.576859658914397,1.399155847087311,0.8228216161341467,1.0297249659082828,1.0126758429901404,1.0597701869539027,174,17,6,168,0.9655172413793104,0.034482758620689655,7.0,2.4285714285714284,2.215436807839183,2.4285714285714284,0.07639437268410976,2.139042435155073,0.22954292939181065,0.41841329327890997,0.18887036388709932,1,1,1,1,1,1,cases/scenario_05_orthogonal_two_sets.yaml,scenario_05_orthogonal_two_sets,orthogonal,moderate,anisotropic,unknown,1,5
scenario_05_orthogonal_two_sets,47,20,20.5,Center,23.92230779657312,26.809005908177106,21.787672163973532,23.07891793172482,24.01261059854016,22.770383064174595,91.98914145358648,4.0,91.98914145358648,91.40968063778683,96.6700552567335,98.24769036935783,2.5714285714285716,18,100.0,100.0,100.0,0.2,2,3.0,P32_derived_Jv_proxy,1.6333422139719773,1.554733395850546,0.834904369546151,0.964225465324389,0.9107679889937135,0.8956919432516516,188,18,8,180,0.9574468085106383,0.0425531914893617,7.0,2.5714285714285716,2.393690344102106,2.5714285714285716,0.10185916357881301,2.291831180523293,0.1888840854127114,0.4047880992997036,0.2159040138869922,1,1,1,1,1,1,cases/scenario_05_orthogonal_two_sets.yaml,scenario_05_orthogonal_two_sets,orthogonal,moderate,anisotropic,unknown,1,5
scenario_05_orthogonal_two_sets,47,30,30.5,Center,20.987513672736593,25.569908074095256,31.546530995503115,22.434792169089988,31.95477724486664,30.104475136742217,94.08365837257296,4.0,94.08365837257296,97.28258491274443,97.43102236126613,98.24769036935783,2.2857142857142856,16,100.0,100.0,100.0,0.1,1,3.0,P32_derived_Jv_proxy,1.677776544512518,1.328546824553111,0.7689370138737678,0.8197185508762805,1.5031094910724465,1.2497024687092975,193,16,4,189,0.9792746113989638,0.02072538860103627,7.0,2.2857142857142856,2.457352321338864,2.2857142857142856,0.05092958178940651,2.4064227395494573,0.20582673457998324,0.34711829183283727,0.14129155725285403,0,0,1,1,1,1,cases/scenario_05_orthogonal_two_sets.yaml,scenario_05_orthogonal_two_sets,orthogonal,moderate,anisotropic,unknown,1,5
scenario_05_orthogonal_two_sets,48,10,10.5,Center,22.506098195083638,26.069002297076594,27.909591634093317,24.315695300861428,31.011296004486493,27.812884496993057,98.10940522507461,4.0,98.10940522507461,100.0,98.49382509978159,99.53211598395555,1.5714285714285714,11,100.0,100.0,100.0,0.3,3,3.0,P32_derived_Jv_proxy,1.6497496726012042,1.3579998563554498,0.7586634820232117,0.9139894311214717,1.2400901920969158,1.189585073148892,176,11,5,171,0.9715909090909091,0.028409090909090908,7.0,1.5714285714285714,2.2409015987338865,1.5714285714285714,0.06366197723675814,2.177239621497128,0.12667155855205658,0.367145583418388,0.2404740248663314,1,1,1,1,1,1,cases/scenario_05_orthogonal_two_sets.yaml,scenario_05_orthogonal_two_sets,orthogonal,moderate,anisotropic,unknown,1,5
scenario_05_orthogonal_two_sets,48,20,20.5,Center,23.260879934988377,27.303611074355693,23.8459154358625,22.861286043618314,30.55975961319214,26.666666666666668,98.89011191255551,4.0,98.89011191255551,100.0,98.90483791589921,99.53211598395555,1.1428571428571428,8,100.0,100.0,100.0,0.3,3,3.0,P32_derived_Jv_proxy,1.579715815598718,1.3397868318140171,0.8349645395446341,1.1693102606091978,1.0251510477036654,1.1192570656668455,213,8,3,210,0.9859154929577465,0.014084507042253521,7.0,1.1428571428571428,2.7120002302858963,1.1428571428571428,0.03819718634205488,2.673803043943842,0.24406837972887185,0.3852697178091694,0.14120133808029756,1,1,1,1,1,1,cases/scenario_05_orthogonal_two_sets.yaml,scenario_05_orthogonal_two_sets,orthogonal,moderate,anisotropic,unknown,1,5
scenario_05_orthogonal_two_sets,48,30,30.5,Center,23.717139931030147,26.749892475396646,23.418895941454974,18.552658838718948,26.780596148648453,26.666666666666668,95.83223469807146,4.0,95.83223469807146,100.0,97.1615381838336,99.53211598395555,2.142857142857143,15,99.61889716473695,100.0,99.61889716473695,0.5,5,3.0,P32_derived_Jv_proxy,1.720090126398658,1.5490433066381164,0.7749076187272406,1.0322980741234336,0.9874249597361877,1.0011478054829583,193,15,6,187,0.9689119170984456,0.031088082901554404,7.0,2.142857142857143,2.457352321338864,2.142857142857143,0.07639437268410976,2.3809579486547543,0.14685879959116843,0.3145382828188701,0.16767948322770165,1,1,1,1,1,1,cases/scenario_05_orthogonal_two_sets.yaml,scenario_05_orthogonal_two_sets,orthogonal,moderate,anisotropic,unknown,1,5
scenario_05_orthogonal_two_sets,49,10,10.5,Center,24.16338226884968,27.441792482255007,18.66653316616422,17.129532225950722,23.911912763761627,25.295441417350393,95.96147309410925,4.0,95.96147309410925,97.85675538586551,98.2758544981323,99.53211598395555,1.4285714285714286,10,100.0,100.0,100.0,0.2,2,3.0,P32_derived_Jv_proxy,1.5793207631675628,1.6078665490180737,0.7604835532077904,0.9947307670322793,0.7725132582216462,0.8713684712550777,185,10,8,177,0.9567567567567568,0.043243243243243246,7.0,1.4285714285714286,2.355493157760051,1.4285714285714286,0.10185916357881301,2.253633994181238,0.2742613019429305,0.34050409277150573,0.0662427908285752,0,1,1,1,1,1,cases/scenario_05_orthogonal_two_sets.yaml,scenario_05_orthogonal_two_sets,orthogonal,moderate,anisotropic,unknown,1,5
scenario_05_orthogonal_two_sets,49,20,20.5,Center,21.2920921779838,26.193140444835343,15.950927379143375,16.721535588184473,20.587589944444144,18.920997352703793,98.0781409423624,4.0,98.0781409423624,100.0,98.49382509978159,99.53211598395555,1.5714285714285714,11,100.0,100.0,100.0,0.2,2,3.0,P32_derived_Jv_proxy,1.4267717083377016,1.7523737288531887,0.7779759024361802,1.0237610037355218,0.7491479581154906,0.7859916602136007,194,11,2,192,0.9896907216494846,0.010309278350515464,7.0,1.5714285714285714,2.4700847167862157,1.5714285714285714,0.025464790894703253,2.4446199258915122,0.30617821376714605,0.368093288913951,0.06191507514680494,0,1,1,0,1,1,cases/scenario_05_orthogonal_two_sets.yaml,scenario_05_orthogonal_two_sets,orthogonal,moderate,anisotropic,unknown,1,5
scenario_05_orthogonal_two_sets,49,30,30.5,Center,23.18971380227132,26.226077918888077,21.102689188337333,18.02755733824391,23.3777108753539,26.666666666666668,97.4524844122685,4.0,97.4524844122685,100.0,98.68150969010637,98.24769036935783,1.5714285714285714,11,100.0,100.0,100.0,0.3,3,3.0,P32_derived_Jv_proxy,1.4755818835449646,1.6372349034015101,0.7763181570071962,0.9355439614841404,0.9100021400984443,0.8913918027566455,176,11,3,173,0.9829545454545454,0.017045454545454544,7.0,1.5714285714285714,2.2409015987338865,1.5714285714285714,0.03819718634205488,2.2027044123918316,0.22661700142437946,0.3906487580584518,0.16403175663407232,1,1,1,1,1,1,cases/scenario_05_orthogonal_two_sets.yaml,scenario_05_orthogonal_two_sets,orthogonal,moderate,anisotropic,unknown,1,5
scenario_05_orthogonal_two_sets,50,10,10.5,Center,22.267364706938793,25.943353539807756,23.50604264543345,17.327316485725483,31.239123883878413,26.666666666666668,94.99079910077651,4.0,94.99079910077651,95.65587340099046,98.4938250997816,99.53211598395555,1.5714285714285714,11,100.0,100.0,100.0,0.4,4,3.0,P32_derived_Jv_proxy,1.6827872043466439,1.4011984009138376,0.7401624150277978,1.0651815368854758,1.0556275048617976,1.204128210947932,203,11,3,200,0.9852216748768473,0.014778325123152709,7.0,1.5714285714285714,2.58467627581238,1.5714285714285714,0.03819718634205488,2.5464790894703255,0.18373948527751238,0.34202237105161815,0.15828288577410576,1,1,1,1,1,1,cases/scenario_05_orthogonal_two_sets.yaml,scenario_05_orthogonal_two_sets,orthogonal,moderate,anisotropic,unknown,1,5
scenario_05_orthogonal_two_sets,50,20,20.5,Center,23.695339411306332,26.154246731122946,26.385878552249256,21.436647113043524,26.997042931125424,26.666666666666668,99.15704173230816,4.0,99.15704173230816,100.0,98.67731447329557,99.53211598395555,1.4285714285714286,10,100.0,100.0,100.0,0.1,1,3.0,P32_derived_Jv_proxy,1.5843304864753058,1.4875727344909766,0.7753567967715271,0.9379319894556258,1.1135471872438816,1.0322240670383969,191,10,3,188,0.9842931937172775,0.015706806282722512,7.0,1.4285714285714286,2.4318875304441607,1.4285714285714286,0.03819718634205488,2.393690344102106,0.10667270533396367,0.301754101800764,0.19508139646680034,1,1,1,1,1,1,cases/scenario_05_orthogonal_two_sets.yaml,scenario_05_orthogonal_two_sets,orthogonal,moderate,anisotropic,unknown,1,5
scenario_05_orthogonal_two_sets,50,30,30.5,Center,23.854527176903606,26.66457691834006,23.769035310809645,22.987045414176883,27.599881048024066,26.666666666666668,95.60340774576267,4.0,95.60340774576267,100.0,96.19193139856006,98.24769036935783,2.2857142857142856,16,100.0,100.0,100.0,0.2,2,3.0,P32_derived_Jv_proxy,1.6444144798470757,1.4407194782543116,0.7876502387671095,0.9362381211208355,0.9964161156723016,1.0350766536648364,183,16,8,175,0.9562841530054644,0.04371584699453552,7.0,2.2857142857142856,2.330028366865348,2.2857142857142856,0.10185916357881301,2.2281692032865346,0.2723640040511397,0.3496986030215806,0.07733459897044093,1,1,1,1,1,1,cases/scenario_05_orthogonal_two_sets.yaml,scenario_05_orthogonal_two_sets,orthogonal,moderate,anisotropic,unknown,1,5
scenario_05_orthogonal_two_sets,51,10,10.5,Center,21.18989408856048,25.935364634011787,21.637372542768983,17.548771886145463,27.53657549937737,26.666666666666668,99.01985461078787,4.0,99.01985461078787,100.0,99.02148671569253,99.53211598395555,1.1428571428571428,8,100.0,100.0,100.0,0.0,0,3.0,P32_derived_Jv_proxy,1.7004517566136599,1.5292952579067467,0.8086775968531461,1.1085599577656706,1.0211175408587851,1.061738513722909,194,8,4,190,0.979381443298969,0.020618556701030927,7.0,1.1428571428571428,2.4700847167862157,1.1428571428571428,0.05092958178940651,2.4191551349968092,0.23370062463358177,0.3649743413390134,0.13127371670543164,1,1,1,1,1,1,cases/scenario_05_orthogonal_two_sets.yaml,scenario_05_orthogonal_two_sets,orthogonal,moderate,anisotropic,unknown,1,5
scenario_05_orthogonal_two_sets,51,20,20.5,Center,20.768155385335582,25.896876466742604,28.880739797227644,27.47821524293874,28.393274983614397,26.666666666666668,98.41612116203352,4.0,98.41612116203352,100.0,98.3942007586012,100.0,1.1428571428571428,8,100.0,100.0,100.0,0.2,2,3.0,P32_derived_Jv_proxy,1.56862020397575,1.3909454726013206,0.814450140053415,0.9370434130271722,1.3906261418681587,1.0963976686562076,174,8,6,168,0.9655172413793104,0.034482758620689655,7.0,1.1428571428571428,2.215436807839183,1.1428571428571428,0.07639437268410976,2.139042435155073,0.3070056116043194,0.37378680261229336,0.06678119100797397,0,1,1,1,1,1,cases/scenario_05_orthogonal_two_sets.yaml,scenario_05_orthogonal_two_sets,orthogonal,moderate,anisotropic,unknown,1,5
scenario_05_orthogonal_two_sets,51,30,30.5,Center,23.848045481960018,26.470902307337017,29.4562645173364,30.629064454308402,24.878236138123786,23.907867957178382,96.0403623998768,4.0,96.0403623998768,98.34434382612021,97.43102236126613,98.24769036935783,2.2857142857142856,16,100.0,100.0,100.0,0.0,0,3.0,P32_derived_Jv_proxy,1.5718103246735466,1.5933600441757139,0.8710966058174459,0.8322878573272232,1.2351647240701025,0.9398333252594949,199,16,10,189,0.949748743718593,0.05025125628140704,7.0,2.2857142857142856,2.5337466940229736,2.2857142857142856,0.12732395447351627,2.4064227395494573,0.24831307782273193,0.3631909509786182,0.11487787315588627,1,1,1,1,1,1,cases/scenario_05_orthogonal_two_sets.yaml,scenario_05_orthogonal_two_sets,orthogonal,moderate,anisotropic,unknown,1,5
scenario_05_orthogonal_two_sets,52,10,10.5,Center,22.273282363747786,26.49230021888337,23.047140192673233,24.85633627291646,23.731374192709215,22.580555649945207,95.51867564862174,4.0,95.51867564862174,100.0,98.77115676845794,99.53211598395555,1.4285714285714286,10,100.0,100.0,100.0,0.3,3,3.0,P32_derived_Jv_proxy,1.5441731069946325,1.566718327457629,0.837628737496793,0.9076235350193812,1.0347437713170191,0.895783831401465,186,10,7,179,0.9623655913978495,0.03763440860215054,7.0,1.4285714285714286,2.368225553207403,1.4285714285714286,0.08912676813146139,2.279098785075941,0.12049453616810446,0.34679464405254,0.22630010788443555,1,1,1,1,1,1,cases/scenario_05_orthogonal_two_sets.yaml,scenario_05_orthogonal_two_sets,orthogonal,moderate,anisotropic,unknown,1,5
scenario_05_orthogonal_two_sets,52,20,20.5,Center,23.467363271842792,26.47102132997521,20.229883091819573,17.310183387589184,27.855844101722507,27.35523939396915,92.26064416962323,4.0,92.26064416962323,92.53470345311361,96.26689782089473,96.30636868862332,2.857142857142857,20,100.0,100.0,100.0,0.5,5,3.0,P32_derived_Jv_proxy,1.5936706581971978,1.3438790295276724,0.7873585981913774,1.136133443830355,0.8620432921022834,1.0523146709937918,212,20,7,205,0.9669811320754716,0.0330188679245283,7.0,2.857142857142857,2.699267834838545,2.857142857142857,0.08912676813146139,2.6101410667070835,0.15031417895829424,0.34700069106716136,0.19668651210886712,1,1,1,1,1,1,cases/scenario_05_orthogonal_two_sets.yaml,scenario_05_orthogonal_two_sets,orthogonal,moderate,anisotropic,unknown,1,5
scenario_05_orthogonal_two_sets,52,30,30.5,Center,24.34415751505721,25.87532148527077,31.95023295059769,21.88297256401688,31.794558175200148,25.038936839767537,95.85140864802202,4.0,95.85140864802202,98.80984316127295,96.38539803490286,98.24769036935783,2.7142857142857144,19,100.0,100.0,100.0,0.3,3,3.0,P32_derived_Jv_proxy,1.6685744301560699,1.4568620522503652,0.7868172945266265,0.8274992264154127,1.3124394603031966,1.2287599283857724,189,19,9,180,0.9523809523809523,0.047619047619047616,7.0,2.7142857142857144,2.4064227395494573,2.7142857142857144,0.11459155902616464,2.291831180523293,0.30368214820337003,0.3360393835633251,0.03235723535995505,0,1,1,1,1,1,cases/scenario_05_orthogonal_two_sets.yaml,scenario_05_orthogonal_two_sets,orthogonal,moderate,anisotropic,unknown,1,5
scenario_05_orthogonal_two_sets,53,10,10.5,Center,20.941862980299266,25.91258588613345,23.123656087624397,17.850217913077664,23.80013368048477,22.32586727177196,99.44866490353425,4.0,99.44866490353425,100.0,98.49382509978159,99.53211598395555,1.5714285714285714,11,100.0,100.0,100.0,0.3,3,3.0,P32_derived_Jv_proxy,1.4064148235395373,1.548273349195704,0.7994773836537925,0.927456544026097,1.1041833340891218,0.9184777538246728,211,11,5,206,0.976303317535545,0.023696682464454975,7.0,1.5714285714285714,2.6865354393911933,1.5714285714285714,0.06366197723675814,2.622873462154435,0.15420661611318953,0.37987557815703143,0.2256689620438419,1,1,1,1,1,1,cases/scenario_05_orthogonal_two_sets.yaml,scenario_05_orthogonal_two_sets,orthogonal,moderate,anisotropic,unknown,1,5
scenario_05_orthogonal_two_sets,53,20,20.5,Center,24.10917573795766,26.042671989305425,23.196482956768897,23.14190366540378,26.23215718789916,27.238109550894475,95.3780668375904,4.0,95.3780668375904,99.47865324628975,96.85354463024748,98.24769036935783,2.4285714285714284,17,100.0,100.0,100.0,0.0,0,3.0,P32_derived_Jv_proxy,1.727874125742747,1.6597351164032887,0.7825600235416886,0.9956319960608694,0.9621433436336103,1.007275950742364,196,17,7,189,0.9642857142857143,0.03571428571428571,7.0,2.4285714285714284,2.4955495076809187,2.4285714285714284,0.08912676813146139,2.4064227395494573,0.3832928446081738,0.4080681751155113,0.02477533050733749,1,1,1,1,1,1,cases/scenario_05_orthogonal_two_sets.yaml,scenario_05_orthogonal_two_sets,orthogonal,moderate,anisotropic,unknown,1,5
scenario_05_orthogonal_two_sets,53,30,30.5,Center,21.635985227324486,25.247746555570384,17.532110079788122,18.41635512209378,23.280816914394144,24.637027746878726,97.17191600936079,4.0,97.17191600936079,100.0,98.83799734217858,99.53211598395555,1.2857142857142858,9,100.0,100.0,100.0,0.4,4,3.0,P32_derived_Jv_proxy,1.554019297631655,1.6466592777428333,0.7674036426629307,1.0385502184145603,0.8103217808471461,0.9220948437181504,176,9,2,174,0.9886363636363636,0.011363636363636364,7.0,1.2857142857142858,2.2409015987338865,1.2857142857142858,0.025464790894703253,2.215436807839183,0.21338930632680464,0.39698740985889513,0.1835981035320905,1,1,1,1,1,1,cases/scenario_05_orthogonal_two_sets.yaml,scenario_05_orthogonal_two_sets,orthogonal,moderate,anisotropic,unknown,1,5
scenario_05_orthogonal_two_sets,54,10,10.5,Center,23.516201483290637,27.706681596695354,23.19030186568663,22.198884463098587,28.230263389578855,26.666666666666668,98.22210399437434,4.0,98.22210399437434,100.0,98.83799734217858,99.53211598395555,1.2857142857142858,9,100.0,100.0,100.0,0.2,2,3.0,P32_derived_Jv_proxy,1.5676476090740963,1.3792034357622147,0.7974372141674478,1.0157807381350346,0.9861414855696158,1.0188973115043105,197,9,3,194,0.9847715736040609,0.015228426395939087,7.0,1.2857142857142858,2.5082819031282706,1.2857142857142858,0.03819718634205488,2.4700847167862157,0.2672183416739661,0.3683116575879326,0.10109331591396653,1,1,1,1,1,1,cases/scenario_05_orthogonal_two_sets.yaml,scenario_05_orthogonal_two_sets,orthogonal,moderate,anisotropic,unknown,1,5
scenario_05_orthogonal_two_sets,54,20,20.5,Center,22.002203580741973,27.27635984760517,26.062678643882816,22.23256393617499,30.53032056919818,26.87938392500775,96.82284198146644,4.0,96.82284198146644,100.0,98.23601564585344,98.24769036935783,1.7142857142857142,12,100.0,100.0,100.0,0.4,4,3.0,P32_derived_Jv_proxy,1.7282134012633446,1.3989240980882691,0.8140542396560414,1.0324737381093576,1.184548563430932,1.1192960035640058,228,12,5,223,0.9780701754385965,0.021929824561403508,7.0,1.7142857142857142,2.902986161996171,1.7142857142857142,0.06366197723675814,2.8393241847594126,0.06364528309732831,0.38519333981501735,0.32154805671768905,1,1,1,1,1,1,cases/scenario_05_orthogonal_two_sets.yaml,scenario_05_orthogonal_two_sets,orthogonal,moderate,anisotropic,unknown,1,5
scenario_05_orthogonal_two_sets,54,30,30.5,Center,23.968110155423847,26.84218191311302,30.722095602490946,30.80832227811722,29.46090485281804,28.81925110057867,99.39853439039759,4.0,99.39853439039759,100.0,98.77115676845794,99.53211598395555,1.4285714285714286,10,100.0,100.0,100.0,0.1,1,3.0,P32_derived_Jv_proxy,1.5581937795481309,1.3250025259800924,0.7768294723685445,0.829853994581361,1.2817904875799608,1.0975599877901772,196,10,3,193,0.9846938775510204,0.015306122448979591,7.0,1.4285714285714286,2.4955495076809187,1.4285714285714286,0.03819718634205488,2.457352321338864,0.2656090380202396,0.37420697922438284,0.10859794120414323,0,1,1,1,1,1,cases/scenario_05_orthogonal_two_sets.yaml,scenario_05_orthogonal_two_sets,orthogonal,moderate,anisotropic,unknown,1,5
scenario_05_orthogonal_two_sets,55,10,10.5,Center,22.307681190935526,27.146807109448112,23.26075491813886,20.575793693786245,26.09146619680096,26.666666666666668,99.60935323074038,4.0,99.60935323074038,100.0,98.72134854238526,98.24769036935783,1.2857142857142858,9,100.0,100.0,100.0,0.1,1,3.0,P32_derived_Jv_proxy,1.5346393909501035,1.4740180484932017,0.8055259916581122,0.9594425984092777,1.0427240159587097,0.9611246763425134,193,9,3,190,0.9844559585492227,0.015544041450777202,7.0,1.2857142857142858,2.457352321338864,1.2857142857142858,0.03819718634205488,2.4191551349968092,0.08371353353131972,0.353567182435254,0.26985364890393426,1,1,1,1,1,1,cases/scenario_05_orthogonal_two_sets.yaml,scenario_05_orthogonal_two_sets,orthogonal,moderate,anisotropic,unknown,1,5
scenario_05_orthogonal_two_sets,55,20,20.5,Center,23.87644222478226,26.094651818685442,24.35581244015924,25.256468122655427,27.378498377401826,25.123676658140297,96.93877446725322,4.0,96.93877446725322,100.0,97.59918473684273,98.24769036935783,2.2857142857142856,16,100.0,100.0,100.0,0.1,1,3.0,P32_derived_Jv_proxy,1.6975217021560807,1.547018980210338,0.8132034045350937,0.981526027753752,1.0200771208232784,1.0491996048706451,181,16,6,175,0.9668508287292817,0.03314917127071823,7.0,2.2857142857142856,2.3045635759706444,2.2857142857142856,0.07639437268410976,2.2281692032865346,0.16172294252156105,0.3414133177891846,0.17969037526762355,1,1,1,1,1,1,cases/scenario_05_orthogonal_two_sets.yaml,scenario_05_orthogonal_two_sets,orthogonal,moderate,anisotropic,unknown,1,5
scenario_05_orthogonal_two_sets,55,30,30.5,Center,22.69760510279167,25.817958326019582,28.7871191925349,25.180561891340975,27.588975812692688,26.666666666666668,98.21446538672022,4.0,98.21446538672022,100.0,98.4938250997816,99.53211598395555,1.5714285714285714,11,100.0,100.0,100.0,0.2,2,3.0,P32_derived_Jv_proxy,1.5809011934444517,1.43686531295279,0.7887193287721743,0.8086163978078067,1.2682888376181263,1.0685963415197033,177,11,1,176,0.9943502824858758,0.005649717514124294,7.0,1.5714285714285714,2.253633994181238,1.5714285714285714,0.012732395447351627,2.2409015987338865,0.14156114799468145,0.37616238728611506,0.23460123929143362,0,1,1,1,1,1,cases/scenario_05_orthogonal_two_sets.yaml,scenario_05_orthogonal_two_sets,orthogonal,moderate,anisotropic,unknown,1,5
scenario_05_orthogonal_two_sets,56,10,10.5,Center,22.803322463909893,26.91727684709656,23.42840406987932,22.6829971499372,30.41696675527862,30.049950895243054,97.30500396179137,4.0,97.30500396179137,100.0,98.9201649138366,99.53211598395555,1.0,7,99.76702277960591,100.0,99.76702277960591,0.6,6,3.0,P32_derived_Jv_proxy,1.6609542783969808,1.344319862636135,0.8211789722276459,1.148708738327558,1.0274118653963134,1.1300164919379485,190,7,4,186,0.9789473684210527,0.021052631578947368,7.0,1.0,2.4191551349968092,1.0,0.05092958178940651,2.368225553207403,0.1122780584104559,0.41552504531214374,0.30324698690168783,1,1,1,1,1,1,cases/scenario_05_orthogonal_two_sets.yaml,scenario_05_orthogonal_two_sets,orthogonal,moderate,anisotropic,unknown,1,5
scenario_05_orthogonal_two_sets,56,20,20.5,Center,23.72362882437906,27.22835185196019,18.006941593987484,18.618391758444663,23.77068718284412,24.340246095997227,99.27695545036002,4.0,99.27695545036002,100.0,98.93183963734097,98.24769036935783,1.2857142857142858,9,100.0,100.0,100.0,0.2,2,3.0,P32_derived_Jv_proxy,1.512329883893431,1.6228195924307303,0.7852191434676766,1.0734433072354226,0.7590298148436319,0.873012340669193,177,9,4,173,0.9774011299435028,0.022598870056497175,7.0,1.2857142857142858,2.253633994181238,1.2857142857142858,0.05092958178940651,2.2027044123918316,0.3018883050139505,0.37691736089265304,0.07502905587870257,0,1,1,1,1,1,cases/scenario_05_orthogonal_two_sets.yaml,scenario_05_orthogonal_two_sets,orthogonal,moderate,anisotropic,unknown,1,5
scenario_05_orthogonal_two_sets,56,30,30.5,Center,22.909554577242755,26.38582964781201,24.28682043051247,20.67901326031134,23.86174916717897,25.562252098007427,94.11965727097507,4.0,94.11965727097507,94.02433382204806,98.40417802143001,98.24769036935783,1.7142857142857142,12,100.0,100.0,100.0,0.6,6,3.0,P32_derived_Jv_proxy,1.597805103940464,1.5926024041821234,0.8117651410183528,0.8459489616536118,1.0601175308156285,0.9043395445842143,224,12,7,217,0.96875,0.03125,7.0,1.7142857142857142,2.8520565802067646,1.7142857142857142,0.08912676813146139,2.762929812075303,0.20133668515983416,0.4069754095809729,0.20563872442113873,1,1,1,1,1,1,cases/scenario_05_orthogonal_two_sets.yaml,scenario_05_orthogonal_two_sets,orthogonal,moderate,anisotropic,unknown,1,5
scenario_05_orthogonal_two_sets,57,10,10.5,Center,21.291916709561615,26.47381031352481,20.862329703075208,19.48431784971106,28.0354529367853,26.666666666666668,99.0406055053974,4.0,99.0406055053974,100.0,99.02148671569255,99.53211598395555,1.1428571428571428,8,99.87831494926432,100.0,99.87831494926432,0.5,5,3.0,P32_derived_Jv_proxy,1.7070947047698974,1.5367255787966587,0.794383922768454,1.121139960952964,0.9798239391809431,1.0589882077708581,199,8,3,196,0.9849246231155779,0.01507537688442211,7.0,1.1428571428571428,2.5337466940229736,1.1428571428571428,0.03819718634205488,2.4955495076809187,0.1633715357861496,0.35410400058379765,0.19073246479764805,1,1,1,1,1,1,cases/scenario_05_orthogonal_two_sets.yaml,scenario_05_orthogonal_two_sets,orthogonal,moderate,anisotropic,unknown,1,5
scenario_05_orthogonal_two_sets,57,20,20.5,Center,22.0446004377097,26.906076598148562,22.79401857081322,21.747058571943313,25.376908160427526,26.666666666666668,99.19649400126639,4.0,99.19649400126639,100.0,98.44401687370892,98.24769036935783,1.4285714285714286,10,99.99999999999997,100.0,99.99999999999997,0.3,3,3.0,P32_derived_Jv_proxy,1.5555748800822993,1.5522275910564214,0.8474977562598436,1.0481669717449873,1.0339955416847364,0.9431664281433637,194,10,2,192,0.9896907216494846,0.010309278350515464,7.0,1.4285714285714286,2.4700847167862157,1.4285714285714286,0.025464790894703253,2.4446199258915122,0.1952490087809704,0.38562046262017424,0.19037145383920384,1,1,1,1,1,1,cases/scenario_05_orthogonal_two_sets.yaml,scenario_05_orthogonal_two_sets,orthogonal,moderate,anisotropic,unknown,1,5
scenario_05_orthogonal_two_sets,57,30,30.5,Center,22.71226087117794,26.035970088532935,21.893301619110446,19.597493194229408,26.098592705149404,26.666666666666668,98.77546704907013,4.0,98.77546704907013,100.0,98.58766739494399,98.24769036935783,1.5714285714285714,11,100.0,100.0,100.0,0.0,0,3.0,P32_derived_Jv_proxy,1.6073750500270185,1.556119131208122,0.7755378523080092,1.0858487789027842,0.9639419758027366,1.002405234619779,189,11,4,185,0.9788359788359788,0.021164021164021163,7.0,1.5714285714285714,2.4064227395494573,1.5714285714285714,0.05092958178940651,2.355493157760051,0.2796133000599188,0.3666844284357669,0.08707112837584807,1,1,1,1,1,1,cases/scenario_05_orthogonal_two_sets.yaml,scenario_05_orthogonal_two_sets,orthogonal,moderate,anisotropic,unknown,1,5
scenario_05_orthogonal_two_sets,58,10,10.5,Center,23.680464178743925,26.94342989984693,28.28156099877284,18.982161778038083,28.62307597028532,26.666666666666668,96.33340522999404,4.0,96.33340522999404,100.0,97.84951468407732,98.24769036935783,2.0,14,100.0,100.0,100.0,0.5,5,3.0,P32_derived_Jv_proxy,1.719054044359938,1.52352539292577,0.7729490352301653,0.9544543061044193,1.1942992664881524,1.0623397272241102,194,14,8,186,0.9587628865979382,0.041237113402061855,7.0,2.0,2.4700847167862157,2.0,0.10185916357881301,2.368225553207403,0.16648794961536884,0.3618319825471116,0.19534403293174274,1,1,1,1,1,1,cases/scenario_05_orthogonal_two_sets.yaml,scenario_05_orthogonal_two_sets,orthogonal,moderate,anisotropic,unknown,1,5
scenario_05_orthogonal_two_sets,58,20,20.5,Center,23.524386311631325,25.990882110464778,18.517910501586012,15.830787135540016,25.120081998841236,24.9361829751875,99.64933120776219,4.0,99.64933120776219,100.0,99.23197781064826,99.53211598395555,1.1428571428571428,8,100.0,100.0,100.0,0.0,0,3.0,P32_derived_Jv_proxy,1.4220132000390222,1.478116287931058,0.7489249680666565,1.095623897826122,0.7871793234593361,0.9664959385401957,198,8,3,195,0.9848484848484849,0.015151515151515152,7.0,1.1428571428571428,2.521014298575622,1.1428571428571428,0.03819718634205488,2.482817112233567,0.17991927027319643,0.32790222032945526,0.14798295005625883,0,1,1,1,1,1,cases/scenario_05_orthogonal_two_sets.yaml,scenario_05_orthogonal_two_sets,orthogonal,moderate,anisotropic,unknown,1,5
scenario_05_orthogonal_two_sets,58,30,30.5,Center,23.513775594847996,27.66153437457996,22.434118807727323,21.316942940055696,27.988980432885977,26.666666666666668,95.20733619200776,4.0,95.20733619200776,96.9519493491803,98.05252627233946,98.24769036935783,1.8571428571428572,13,100.0,100.0,100.0,0.1,1,3.0,P32_derived_Jv_proxy,1.6985872504330533,1.498315010236734,0.8217978743598324,1.0658195700715642,0.9540840737054056,1.0118375956254593,168,13,6,162,0.9642857142857143,0.03571428571428571,7.0,1.8571428571428572,2.139042435155073,1.8571428571428572,0.07639437268410976,2.0626480624709633,0.2360027221692902,0.37199983489291,0.1359971127236198,1,1,1,1,1,1,cases/scenario_05_orthogonal_two_sets.yaml,scenario_05_orthogonal_two_sets,orthogonal,moderate,anisotropic,unknown,1,5
scenario_05_orthogonal_two_sets,59,10,10.5,Center,24.96122365592672,26.917094507390196,24.816511023199666,23.126342330503565,32.48286741801934,26.666666666666668,98.10015293873107,4.0,98.10015293873107,100.0,99.66579713139683,99.53211598395555,0.7142857142857143,5,99.52331992457107,100.0,99.52331992457107,0.5,5,3.0,P32_derived_Jv_proxy,1.5182829678109526,1.3065036277422608,0.764368990292794,1.059708602412422,0.9942025024605438,1.2067746542666793,205,5,1,204,0.9951219512195122,0.004878048780487805,7.0,0.7142857142857143,2.6101410667070835,0.7142857142857143,0.012732395447351627,2.597408671259732,0.3283992605435063,0.3527600258538418,0.024360765310335486,1,1,1,1,1,1,cases/scenario_05_orthogonal_two_sets.yaml,scenario_05_orthogonal_two_sets,orthogonal,moderate,anisotropic,unknown,1,5
scenario_05_orthogonal_two_sets,59,20,20.5,Center,24.063553710293096,26.414160764008894,24.202625688781207,22.041096610849486,25.284424040195002,25.69697931561725,95.78818739477808,4.0,95.78818739477808,100.0,97.5148873935997,99.53211598395555,1.7142857142857142,12,100.0,100.0,100.0,0.2,2,3.0,P32_derived_Jv_proxy,1.550484195316899,1.4705612303203968,0.7307704481171861,0.8286616867153699,1.0057793616089474,0.957229883852557,171,12,2,169,0.9883040935672515,0.011695906432748537,7.0,1.7142857142857142,2.177239621497128,1.7142857142857142,0.025464790894703253,2.151774830602425,0.2737811669254341,0.34763772008166216,0.07385655315622808,1,1,1,1,1,1,cases/scenario_05_orthogonal_two_sets.yaml,scenario_05_orthogonal_two_sets,orthogonal,moderate,anisotropic,unknown,1,5
scenario_05_orthogonal_two_sets,59,30,30.5,Center,23.60376921886538,25.737816653018776,16.47858811501683,14.244754770815582,23.555665061172338,24.039576637358568,96.18651740813644,4.0,96.18651740813644,100.0,98.73667554032262,99.53211598395555,1.1428571428571428,8,100.0,100.0,100.0,0.2,2,3.0,P32_derived_Jv_proxy,1.5456698940837725,1.5960794379532202,0.7570383857372643,1.1478734344242796,0.6981337583086633,0.9152161342484932,196,8,2,194,0.9897959183673469,0.01020408163265306,7.0,1.1428571428571428,2.4955495076809187,1.1428571428571428,0.025464790894703253,2.4700847167862157,0.19305488911312063,0.32752558723862235,0.13447069812550172,0,1,1,1,1,1,cases/scenario_05_orthogonal_two_sets.yaml,scenario_05_orthogonal_two_sets,orthogonal,moderate,anisotropic,unknown,1,5
scenario_10_fieldlike,40,10,10.5,Center,13.420617076959978,14.852860341442055,11.021201681524431,10.112828105993753,14.24952834674032,13.529998047377134,92.7425725224421,4.0,92.7425725224421,92.73732531361065,96.27607478826381,96.30636868862332,2.7142857142857144,19,99.69882538541326,100.0,99.69882538541326,0.4,4,4.1,P32_derived_Jv_proxy,1.218964230818766,2.0587030194189313,0.8190682357572294,1.1443117334358373,0.8212142272090621,0.9593794070076634,1346,19,0,1346,1.0,0.0,7.0,2.7142857142857144,17.13780427213529,2.7142857142857144,0.0,17.13780427213529,0.34980521663128317,0.30485421299177073,-0.04495100363951243,1,1,1,1,1,1,cases/scenario_10_fieldlike.yaml,scenario_10_fieldlike,fieldlike,mixed,structured,unknown,1,5
scenario_10_fieldlike,40,20,20.5,Center,11.88067871227856,14.9650434554209,12.88790698276682,9.866783847356437,15.273280829097233,15.617855591547372,95.55597827684832,4.0,95.55597827684832,96.36854209035417,97.96616348387064,98.24769036935783,2.0,14,100.0,100.0,100.0,0.2,2,4.1,P32_derived_Jv_proxy,1.2291543723719198,1.981087613989436,0.7437915959255893,0.969117620128164,1.0847786809896054,1.020597158611302,1292,14,1,1291,0.9992260061919505,0.0007739938080495357,7.0,2.0,16.450254917978302,2.0,0.012732395447351627,16.43752252253095,0.29838408771935365,0.3138380097644228,0.015453922045069124,1,1,1,1,1,1,cases/scenario_10_fieldlike.yaml,scenario_10_fieldlike,fieldlike,mixed,structured,unknown,1,5
scenario_10_fieldlike,40,30,30.5,Center,13.084351484147584,14.929752029018244,17.822713267164715,16.049546869154955,14.967989963384905,13.840948024973557,93.762690342846,4.0,93.762690342846,100.0,95.69127150409088,98.24769036935783,2.857142857142857,20,100.0,100.0,100.0,0.8,8,4.1,P32_derived_Jv_proxy,1.2047957309719117,1.9181032100153683,0.8622720667942148,0.8314782712972022,1.3621395977292354,1.0025611901853655,1322,20,1,1321,0.9992435703479576,0.0007564296520423601,7.0,2.857142857142857,16.83222678139885,2.857142857142857,0.012732395447351627,16.8194943859515,0.25268378570998107,0.3129865713868154,0.060302785676834336,0,1,1,1,1,1,cases/scenario_10_fieldlike.yaml,scenario_10_fieldlike,fieldlike,mixed,structured,unknown,1,5
scenario_10_fieldlike,41,10,10.5,Center,12.745286614980188,14.734914141035016,13.511326661770639,13.775907974420814,15.583334882423388,13.99277201561925,90.36694319395068,4.0,90.36694319395068,95.11029771377366,92.20608903001254,90.97959895689502,4.285714285714286,30,100.0,100.0,100.0,0.2,2,4.1,P32_derived_Jv_proxy,1.2239145449758084,1.8378130603660137,0.8055916184226878,0.9860304434894659,1.0601037913019613,1.0575789402820897,1356,30,1,1355,0.9992625368731564,0.0007374631268436578,7.0,4.285714285714286,17.265128226608805,4.285714285714286,0.012732395447351627,17.252395831161454,0.2933248610194069,0.3090356397153443,0.0157107786959374,1,1,1,1,1,1,cases/scenario_10_fieldlike.yaml,scenario_10_fieldlike,fieldlike,mixed,structured,unknown,1,5
scenario_10_fieldlike,41,20,20.5,Center,12.33909890875768,14.843744585227196,13.080954337494408,12.879451773901613,14.564635453961728,16.846223305839914,97.5758131294866,4.0,97.5758131294866,100.0,97.7083540299425,98.24769036935783,2.142857142857143,15,100.0,100.0,100.0,0.6,6,4.1,P32_derived_Jv_proxy,1.121591357411095,1.9173836382786447,0.8095182796292922,0.9271311344271851,1.060122334233839,0.981196851666173,1351,15,2,1349,0.9985196150999259,0.0014803849000740192,7.0,2.142857142857143,17.201466249372046,2.142857142857143,0.025464790894703253,17.176001458477344,0.3163347289460041,0.30872741392071257,-0.00760731502529155,1,1,1,1,1,1,cases/scenario_10_fieldlike.yaml,scenario_10_fieldlike,fieldlike,mixed,structured,unknown,1,5
scenario_10_fieldlike,41,30,30.5,Center,13.797885805801402,14.986456371388899,8.39570642062586,8.48841236289294,13.47439581113064,12.999999999999998,96.98106946416935,4.0,96.98106946416935,100.0,98.05252627233949,98.24769036935783,1.8571428571428572,13,99.06493914465851,100.0,99.06493914465851,0.6,6,4.1,P32_derived_Jv_proxy,1.2040965812167532,2.2923677286075304,0.7718460786688566,1.220577777324236,0.6084777435319718,0.8991048635656805,1354,13,1,1353,0.9992614475627769,0.0007385524372230429,7.0,1.8571428571428572,17.239663435714103,1.8571428571428572,0.012732395447351627,17.226931040266752,0.333124968633446,0.30818706184266975,-0.024937906790776232,0,0,1,1,1,1,cases/scenario_10_fieldlike.yaml,scenario_10_fieldlike,fieldlike,mixed,structured,unknown,1,5
scenario_10_fieldlike,42,10,10.5,Center,13.56143900647839,15.190433575544002,12.056636449218804,8.929531320860763,13.780062396037493,13.560741408315934,91.33203828447071,4.0,91.33203828447071,95.89144631004882,93.15054550805914,93.8448064449895,3.857142857142857,27,100.0,100.0,100.0,0.1,1,4.1,P32_derived_Jv_proxy,1.1599381449891037,2.0038193498927894,0.8150001345730925,1.1321174642336316,0.8890381355149161,0.907153987903469,1297,27,4,1293,0.9969159599074788,0.0030840400925212026,7.0,3.857142857142857,16.51391689521506,3.857142857142857,0.05092958178940651,16.462987313425653,0.28558414032760593,0.3115793482152571,0.025995207887651195,1,1,1,1,1,1,cases/scenario_10_fieldlike.yaml,scenario_10_fieldlike,fieldlike,mixed,structured,unknown,1,5
scenario_10_fieldlike,42,20,20.5,Center,14.159704510737578,14.980111028015868,12.50306806962783,10.135285516348686,15.503932921877938,15.36087157457333,98.87787183454338,4.0,98.87787183454338,99.84079104222072,97.87651640551907,98.24769036935783,2.142857142857143,15,99.4022165057463,100.0,99.4022165057463,0.6,6,4.1,P32_derived_Jv_proxy,1.2675776719513523,2.0972065611260073,0.7644015684490808,0.9881928594745883,0.8830034595811311,1.0349678245296323,1272,15,1,1271,0.9992138364779874,0.0007861635220125787,7.0,2.142857142857143,16.19560700903127,2.142857142857143,0.012732395447351627,16.182874613583916,0.3004776882460938,0.31000936035919213,0.009531672113098355,1,1,1,1,1,1,cases/scenario_10_fieldlike.yaml,scenario_10_fieldlike,fieldlike,mixed,structured,unknown,1,5
scenario_10_fieldlike,42,30,30.5,Center,13.627820632982417,14.929103497816076,10.670442625396756,10.79913730195568,15.755691769816156,16.358683375073962,97.50958978572721,4.0,97.50958978572721,99.3591474126366,97.64321091689739,98.24769036935783,2.0,14,100.0,100.0,100.0,0.7,7,4.1,P32_derived_Jv_proxy,1.303475228474397,2.073689966384308,0.7768853968134881,1.2377868911251515,0.7829896586378503,1.0553675759646919,1308,14,1,1307,0.9992354740061162,0.0007645259938837921,7.0,2.0,16.653973245135926,2.0,0.012732395447351627,16.641240849688575,0.2792692927319076,0.31254627877868524,0.033276986046777646,0,1,1,1,1,1,cases/scenario_10_fieldlike.yaml,scenario_10_fieldlike,fieldlike,mixed,structured,unknown,1,5
scenario_10_fieldlike,43,10,10.5,Center,13.353921181324258,15.170958089865078,12.516939892267791,11.484268068786992,14.596442148863716,14.326340156864044,92.83366152889144,4.0,92.83366152889144,95.2640603940539,95.75641461713595,96.30636868862332,3.0,21,100.0,100.0,100.0,0.2,2,4.1,P32_derived_Jv_proxy,1.2833269763582889,2.129131970635943,0.7595460118482924,0.9278134162271445,0.937323181881064,0.9621305432657437,1373,21,2,1371,0.9985433357611071,0.0014566642388929353,7.0,3.0,17.481578949213784,3.0,0.025464790894703253,17.45611415831908,0.31207144968694267,0.31221058594415363,0.0001391362572109589,1,1,1,1,1,1,cases/scenario_10_fieldlike.yaml,scenario_10_fieldlike,fieldlike,mixed,structured,unknown,1,5
scenario_10_fieldlike,43,20,20.5,Center,13.046375130633674,14.833266568713922,14.141608523502901,12.694958458687042,16.020321917780098,16.390081647716936,93.07834491661676,4.0,93.07834491661676,92.36650054954221,96.12758858097469,98.24769036935783,2.857142857142857,20,100.0,100.0,100.0,0.4,4,4.1,P32_derived_Jv_proxy,1.1484400665743941,1.7224676630140079,0.7675669163349912,0.8959169352762667,1.083949248883512,1.0800265635062403,1310,20,0,1310,1.0,0.0,7.0,2.857142857142857,16.679438036030632,2.857142857142857,0.0,16.679438036030632,0.2909205094997558,0.314131205066401,0.023210695566645234,1,1,1,1,1,1,cases/scenario_10_fieldlike.yaml,scenario_10_fieldlike,fieldlike,mixed,structured,unknown,1,5
scenario_10_fieldlike,43,30,30.5,Center,13.148733973356732,15.023975334694278,11.574893197513163,10.368878575879457,12.670869765575315,12.680263339436001,89.33855373860784,4.0,89.33855373860784,91.31042000591148,94.65297273088188,96.30636868862332,3.2857142857142856,23,100.0,100.0,100.0,0.4,4,4.1,P32_derived_Jv_proxy,1.2048286841433895,2.1339457931659913,0.7844426100891507,0.9205059872507112,0.8803047670572207,0.8433766352314871,1357,23,2,1355,0.9985261606484893,0.0014738393515106854,7.0,3.2857142857142856,17.277860622056156,3.2857142857142856,0.025464790894703253,17.252395831161454,0.29786278446337344,0.3134229715173996,0.015560187054026176,1,1,1,1,1,1,cases/scenario_10_fieldlike.yaml,scenario_10_fieldlike,fieldlike,mixed,structured,unknown,1,5
scenario_10_fieldlike,44,10,10.5,Center,12.432273170885988,14.901564848224398,11.802662362824929,11.046689736798319,14.928265120955027,13.999930831416588,94.90248926465593,4.0,94.90248926465593,96.58096250756189,95.93190254586683,96.30636868862332,3.0,21,100.0,100.0,100.0,0.6,6,4.1,P32_derived_Jv_proxy,1.2838824098480368,2.0743127145193854,0.8097820186114705,1.1524995211685758,0.9493567427768972,1.001791776434393,1303,21,1,1302,0.9992325402916347,0.0007674597083653108,7.0,3.0,16.59031126789917,3.0,0.012732395447351627,16.577578872451816,0.2613102233343174,0.3112915219840663,0.04998129864974887,1,1,1,1,1,1,cases/scenario_10_fieldlike.yaml,scenario_10_fieldlike,fieldlike,mixed,structured,unknown,1,5
scenario_10_fieldlike,44,20,20.5,Center,13.659888844418306,14.76369515758213,12.09977916910457,12.348566392349527,15.10508156161598,14.950418897610982,93.88318055579525,4.0,93.88318055579525,95.75228622895241,96.39272358805715,96.30636868862332,2.7142857142857144,19,100.0,100.0,100.0,0.3,3,4.1,P32_derived_Jv_proxy,1.1975845073355342,1.9465589222991306,0.8048331815063978,1.0172143625861205,0.8857889919103384,1.0231233712420922,1322,19,2,1320,0.9984871406959153,0.0015128593040847202,7.0,2.7142857142857144,16.83222678139885,2.7142857142857144,0.025464790894703253,16.806761990504146,0.3009238127484386,0.30790068641693347,0.006976873668494865,1,1,1,1,1,1,cases/scenario_10_fieldlike.yaml,scenario_10_fieldlike,fieldlike,mixed,structured,unknown,1,5
scenario_10_fieldlike,44,30,30.5,Center,13.204369454138071,15.00276455729019,12.84619850833343,10.626643059716498,14.612212111100044,14.830583038626466,94.1760613539155,4.0,94.1760613539155,94.85081473077103,95.41063242799103,98.24769036935783,2.857142857142857,20,100.0,100.0,100.0,0.8,8,4.1,P32_derived_Jv_proxy,1.191267563995836,1.9393261264607968,0.8373758707606299,1.0355057161517147,0.972874816397053,0.9739679680569028,1362,20,1,1361,0.9992657856093979,0.0007342143906020558,7.0,2.857142857142857,17.341522599292915,2.857142857142857,0.012732395447351627,17.328790203845564,0.26340934841843167,0.311917440880463,0.04850809246203136,1,1,1,1,1,1,cases/scenario_10_fieldlike.yaml,scenario_10_fieldlike,fieldlike,mixed,structured,unknown,1,5
scenario_10_fieldlike,45,10,10.5,Center,13.187783617145742,15.097433312409704,13.231919240443817,10.53245945027746,15.981602337005967,14.722501372212715,96.63131738100266,4.0,96.63131738100266,97.66631053016361,96.81121591086834,96.30636868862332,2.4285714285714284,17,100.0,100.0,100.0,0.3,3,4.1,P32_derived_Jv_proxy,1.2870444088880366,2.0555717811650926,0.7406953331156718,0.9438091422844682,1.0033467051461697,1.0585641947409363,1315,17,0,1315,1.0,0.0,7.0,2.4285714285714284,16.74310001326739,2.4285714285714284,0.0,16.74310001326739,0.2836481869982853,0.3115769459638368,0.02792875896555147,1,1,1,1,1,1,cases/scenario_10_fieldlike.yaml,scenario_10_fieldlike,fieldlike,mixed,structured,unknown,1,5
scenario_10_fieldlike,45,20,20.5,Center,13.142725977476646,14.788692684806241,14.015878173376604,12.1073507076453,14.910645894382165,14.415291765027016,94.40779452761001,4.0,94.40779452761001,95.7209971342241,95.5802507967763,96.30636868862332,3.142857142857143,22,99.04833425359809,100.0,99.04833425359809,0.7,7,4.1,P32_derived_Jv_proxy,1.2694722594890213,2.0243888631456453,0.7680191966405924,0.9245737855503283,1.0664361561974527,1.008246382028157,1309,22,1,1308,0.9992360580595875,0.0007639419404125286,7.0,3.142857142857143,16.66670564058328,3.142857142857143,0.012732395447351627,16.653973245135926,0.3089742875488348,0.3100050469245307,0.0010307593756958555,1,1,1,1,1,1,cases/scenario_10_fieldlike.yaml,scenario_10_fieldlike,fieldlike,mixed,structured,unknown,1,5
scenario_10_fieldlike,45,30,30.5,Center,13.253286409185732,14.955212495314246,10.49499480488475,8.84107136408107,12.595777244235196,11.809417231594638,94.9438432071506,4.0,94.9438432071506,96.35156982421131,97.95868397717709,98.24769036935783,1.8571428571428572,13,99.41301395551307,100.0,99.41301395551307,0.8,8,4.1,P32_derived_Jv_proxy,1.0930612639855066,2.1326237439163385,0.8249786684996572,1.08578062856754,0.7918786692492183,0.8422332513283709,1342,13,1,1341,0.9992548435171386,0.0007451564828614009,7.0,1.8571428571428572,17.086874690345883,1.8571428571428572,0.012732395447351627,17.074142294898532,0.2414325435139737,0.30616304032353525,0.06473049680956156,0,1,1,1,1,1,cases/scenario_10_fieldlike.yaml,scenario_10_fieldlike,fieldlike,mixed,structured,unknown,1,5
scenario_10_fieldlike,46,10,10.5,Center,13.12501081609045,14.990605552821156,16.014093774623838,10.454458277018967,14.226600128350059,13.733590815033475,92.98781759829244,4.0,92.98781759829244,93.33690047097333,96.56088596363375,96.30636868862332,2.7142857142857144,19,100.0,100.0,100.0,0.5,5,4.1,P32_derived_Jv_proxy,1.1482837330041797,1.9219475444164043,0.8055641907029086,0.9055323831550904,1.2201204249669304,0.9490343854503386,1308,19,2,1306,0.9984709480122325,0.0015290519877675841,7.0,2.7142857142857144,16.653973245135926,2.7142857142857144,0.025464790894703253,16.628508454241224,0.25299200016153633,0.3108452217941752,0.05785322163263884,1,1,1,1,1,1,cases/scenario_10_fieldlike.yaml,scenario_10_fieldlike,fieldlike,mixed,structured,unknown,1,5
scenario_10_fieldlike,46,20,20.5,Center,12.657689459534604,15.090101325167693,11.69136604888601,10.782712864610202,13.923436387581676,13.081951198688696,94.16084285974372,4.0,94.16084285974372,93.03196501331561,96.80373640417477,98.24769036935783,2.2857142857142856,16,100.0,100.0,100.0,0.2,2,4.1,P32_derived_Jv_proxy,1.1898081714269373,2.0389912121938414,0.7947490891692393,0.9692890113948184,0.923657203493747,0.9226867393103437,1257,16,0,1257,1.0,0.0,7.0,2.2857142857142856,16.004621077320994,2.2857142857142856,0.0,16.004621077320994,0.30722071975323817,0.3097683440577167,0.002547624304478524,1,1,1,1,1,1,cases/scenario_10_fieldlike.yaml,scenario_10_fieldlike,fieldlike,mixed,structured,unknown,1,5
scenario_10_fieldlike,46,30,30.5,Center,12.893148791113884,14.971726768951786,10.677550715223479,8.527681320608712,13.544738897581894,12.578486203161697,97.28043699021873,4.0,97.28043699021873,100.0,97.02970845060713,98.24769036935783,2.2857142857142856,16,100.0,100.0,100.0,0.4,4,4.1,P32_derived_Jv_proxy,1.1414769558092783,2.117198649287107,0.8400244304157535,1.1371183730815686,0.8281569450732297,0.9046878230285924,1331,16,0,1331,1.0,0.0,7.0,2.2857142857142856,16.946818340425015,2.2857142857142856,0.0,16.946818340425015,0.25411182861985127,0.3122261036870071,0.05811427506715583,1,1,1,1,1,1,cases/scenario_10_fieldlike.yaml,scenario_10_fieldlike,fieldlike,mixed,structured,unknown,1,5
scenario_10_fieldlike,47,10,10.5,Center,12.70618298354718,14.871054702910413,11.402998731238734,11.84176970166724,13.974434691064738,13.7107225148114,95.62865018963997,4.0,95.62865018963997,98.36640346070178,97.08854757954471,98.24769036935783,2.2857142857142856,16,99.85873648153196,100.0,99.85873648153196,0.6,6,4.1,P32_derived_Jv_proxy,1.183553073978566,2.044256966882753,0.8228216161341467,1.0297249659082828,0.8974369994516924,0.9397070329066709,1361,16,0,1361,1.0,0.0,7.0,2.2857142857142856,17.328790203845564,2.2857142857142856,0.0,17.328790203845564,0.3032769118704822,0.30879791785260524,0.005521005982123017,1,1,1,1,1,1,cases/scenario_10_fieldlike.yaml,scenario_10_fieldlike,fieldlike,mixed,structured,unknown,1,5
scenario_10_fieldlike,47,20,20.5,Center,13.19213123815191,14.784021981178816,13.978208418553361,14.435164149835812,15.493687870729008,12.999999999999998,98.12624129549488,4.0,98.12624129549488,100.0,98.0255245508977,98.24769036935783,1.7142857142857142,12,100.0,100.0,100.0,0.5,5,4.1,P32_derived_Jv_proxy,1.2937039879981087,2.1533373695331073,0.834904369546151,0.964225465324389,1.0595868223421019,1.0480022209418824,1274,12,1,1273,0.9992150706436421,0.0007849293563579278,7.0,1.7142857142857142,16.221071799925973,1.7142857142857142,0.012732395447351627,16.20833940447862,0.3063451536908427,0.3097282251582497,0.0033830714674070173,1,1,1,1,1,1,cases/scenario_10_fieldlike.yaml,scenario_10_fieldlike,fieldlike,mixed,structured,unknown,1,5
scenario_10_fieldlike,47,30,30.5,Center,12.228249558336765,14.89815430209541,13.541065337007806,12.873176617335245,14.113349999916759,13.160358834577835,94.26184169830624,4.0,94.26184169830624,100.0,95.11944470053956,98.24769036935783,2.7142857142857144,19,98.73946940725394,100.0,98.73946940725394,0.4,4,4.1,P32_derived_Jv_proxy,1.242546866309757,2.090880378037433,0.7689370138737678,0.8197185508762805,1.107359256319398,0.9473220449818895,1299,19,2,1297,0.9984603541185527,0.001539645881447267,7.0,2.7142857142857144,16.539381686109763,2.7142857142857144,0.025464790894703253,16.51391689521506,0.29557074988147136,0.31700028910442346,0.0214295392229521,1,1,1,1,1,1,cases/scenario_10_fieldlike.yaml,scenario_10_fieldlike,fieldlike,mixed,structured,unknown,1,5
scenario_10_fieldlike,48,10,10.5,Center,12.802778486416075,14.82956569718739,14.082503189390735,12.577825634266727,15.676065524892364,14.405888287261345,97.61267642743731,4.0,97.61267642743731,100.0,96.20923421454322,96.30636868862332,2.857142857142857,20,100.0,100.0,100.0,0.5,5,4.1,P32_derived_Jv_proxy,1.2660386723398567,1.9811328990612955,0.7586634820232117,0.9139894311214717,1.0999567948732742,1.0570819028008032,1350,20,1,1349,0.9992592592592593,0.0007407407407407407,7.0,2.857142857142857,17.188733853924695,2.857142857142857,0.012732395447351627,17.176001458477344,0.3121327555156388,0.312901783023392,0.000769027507753206,1,1,1,1,1,1,cases/scenario_10_fieldlike.yaml,scenario_10_fieldlike,fieldlike,mixed,structured,unknown,1,5
scenario_10_fieldlike,48,20,20.5,Center,12.749425141588556,14.965269863412846,11.542632865749498,11.137477819232329,14.787620244278004,12.073884072023864,96.22414667163561,4.0,96.22414667163561,98.95827366366791,96.72771886308503,98.24769036935783,2.5714285714285716,18,100.0,100.0,100.0,0.5,5,4.1,P32_derived_Jv_proxy,1.1949578232294253,2.0465132196066866,0.8349645395446341,1.1693102606091978,0.9053453577367572,0.9881292071071061,1337,18,1,1336,0.9992520568436799,0.0007479431563201197,7.0,2.5714285714285716,17.023212713109125,2.5714285714285716,0.012732395447351627,17.010480317661774,0.2920047474972455,0.31290220210483466,0.020897454607589183,1,1,1,1,1,1,cases/scenario_10_fieldlike.yaml,scenario_10_fieldlike,fieldlike,mixed,structured,unknown,1,5
scenario_10_fieldlike,48,30,30.5,Center,13.291344165015904,14.990931802974071,13.441347567306526,9.775049386550302,14.580548945758474,14.843269824603988,94.67201371706325,4.0,94.67201371706325,96.65013995920644,95.03877196701362,98.24769036935783,3.0,21,100.0,100.0,100.0,0.4,4,4.1,P32_derived_Jv_proxy,1.1934313487675208,1.9579457778192995,0.7749076187272406,1.0322980741234336,1.0112857962617088,0.9726245931467595,1376,21,4,1372,0.997093023255814,0.0029069767441860465,7.0,3.0,17.519776135555837,3.0,0.05092958178940651,17.468846553766433,0.2944682217814454,0.31105728416773737,0.016589062386291986,1,1,1,1,1,1,cases/scenario_10_fieldlike.yaml,scenario_10_fieldlike,fieldlike,mixed,structured,unknown,1,5
scenario_10_fieldlike,49,10,10.5,Center,13.349874187339038,15.16114230355264,11.42641310249613,9.858967915674546,14.002246160287802,13.556181311058237,89.9639520514061,4.0,89.9639520514061,94.06874558661933,93.5231496310909,93.8448064449895,3.857142857142857,27,100.0,100.0,100.0,0.2,2,4.1,P32_derived_Jv_proxy,1.1138829117218996,1.83370393659922,0.7604835532077904,0.9947307670322793,0.8559191601470589,0.9235614230074682,1265,27,0,1265,1.0,0.0,7.0,3.857142857142857,16.106480240899806,3.857142857142857,0.0,16.106480240899806,0.31756897213713575,0.313026663029623,-0.004542309107512743,1,1,1,1,1,1,cases/scenario_10_fieldlike.yaml,scenario_10_fieldlike,fieldlike,mixed,structured,unknown,1,5
scenario_10_fieldlike,49,20,20.5,Center,12.273693075188397,15.098871628389457,12.527591677441123,10.780928381538796,16.24868917838605,14.565657665742899,94.27852406405802,4.0,94.27852406405802,95.12344280365363,95.90106087340219,98.24769036935783,2.857142857142857,20,99.49513366551989,100.0,99.49513366551989,0.9,9,4.1,P32_derived_Jv_proxy,1.2540210681573178,1.8983211263393522,0.7779759024361802,1.0237610037355218,1.020686406340565,1.07615254823643,1352,20,1,1351,0.9992603550295858,0.0007396449704142012,7.0,2.857142857142857,17.2141986448194,2.857142857142857,0.012732395447351627,17.201466249372046,0.2693910652903446,0.30978142661393715,0.04039036132359253,1,1,1,1,1,1,cases/scenario_10_fieldlike.yaml,scenario_10_fieldlike,fieldlike,mixed,structured,unknown,1,5
scenario_10_fieldlike,49,30,30.5,Center,13.29849232840381,15.039741282805036,12.844984971469886,11.230918463248102,14.72199815232094,14.185163828228822,96.21887474676886,4.0,96.21887474676886,99.63753705397913,97.95868397717709,98.24769036935783,1.8571428571428572,13,100.0,100.0,100.0,0.1,1,4.1,P32_derived_Jv_proxy,1.195721031034004,2.0174222505823285,0.7763181570071962,0.9355439614841404,0.9658978367070008,0.9788730986451627,1400,13,2,1398,0.9985714285714286,0.0014285714285714286,7.0,1.8571428571428572,17.825353626292276,1.8571428571428572,0.025464790894703253,17.799888835397574,0.2765681422209074,0.30956550113942494,0.032997358918517516,1,1,1,1,1,1,cases/scenario_10_fieldlike.yaml,scenario_10_fieldlike,fieldlike,mixed,structured,unknown,1,5
scenario_10_fieldlike,50,10,10.5,Center,12.7646973924883,14.871946529837574,11.749975123357856,10.694557448447311,16.96950866090371,16.0338341229279,96.79568551456957,4.0,96.79568551456957,98.81117133685525,96.2092342145432,96.30636868862332,2.857142857142857,20,100.0,100.0,100.0,0.1,1,4.1,P32_derived_Jv_proxy,1.2754214117970335,1.8747060746466586,0.7401624150277978,1.0651815368854758,0.920505575813526,1.141041532583364,1288,20,1,1287,0.9992236024844721,0.0007763975155279503,7.0,2.857142857142857,16.399325336188895,2.857142857142857,0.012732395447351627,16.386592940741544,0.2673411097655094,0.31418983511907816,0.046848725353568765,1,1,1,1,1,1,cases/scenario_10_fieldlike.yaml,scenario_10_fieldlike,fieldlike,mixed,structured,unknown,1,5
scenario_10_fieldlike,50,20,20.5,Center,13.578767067148416,14.987859764911772,16.164759984544318,11.33340010466401,15.821127220980971,16.01824341281305,95.51745426937869,4.0,95.51745426937869,95.16170393874282,95.20175127978324,96.30636868862332,3.2857142857142856,23,100.0,100.0,100.0,0.2,2,4.1,P32_derived_Jv_proxy,1.1649890260620381,1.7866428650930832,0.7753567967715271,0.9379319894556258,1.1904438675917997,1.0555961604351256,1290,23,1,1289,0.9992248062015504,0.0007751937984496124,7.0,3.2857142857142856,16.4247901270836,3.2857142857142856,0.012732395447351627,16.412057731636246,0.2916684629381945,0.31279219996511143,0.021123737026916944,1,1,1,1,1,1,cases/scenario_10_fieldlike.yaml,scenario_10_fieldlike,fieldlike,mixed,structured,unknown,1,5
scenario_10_fieldlike,50,30,30.5,Center,13.583445894944825,15.183568099918258,13.366585602317542,13.877097471513624,15.240245165155699,15.970764421860578,97.35875701201313,4.0,97.35875701201313,100.0,96.48656588321955,98.24769036935783,2.7142857142857144,19,100.0,100.0,100.0,0.3,3,4.1,P32_derived_Jv_proxy,1.2397161508184513,1.9879674925214739,0.7876502387671095,0.9362381211208355,0.9840349573808816,1.0037327896094295,1292,19,2,1290,0.9984520123839009,0.0015479876160990713,7.0,2.7142857142857144,16.450254917978302,2.7142857142857144,0.025464790894703253,16.4247901270836,0.27399280730551046,0.3070796093710637,0.033086802065553256,1,1,1,1,1,1,cases/scenario_10_fieldlike.yaml,scenario_10_fieldlike,fieldlike,mixed,structured,unknown,1,5
scenario_10_fieldlike,51,10,10.5,Center,12.37620401537581,15.147851262596756,11.683211145727777,9.839816606965927,15.15020153015711,14.815774861099896,96.91555845441313,4.0,96.91555845441313,96.38876823652805,98.23601564585344,98.24769036935783,1.7142857142857142,12,99.39072935680242,100.0,99.39072935680242,0.5,5,4.1,P32_derived_Jv_proxy,1.2044478499970481,1.980527371596098,0.8086775968531461,1.1085599577656706,0.9440060240775701,1.0001551551780916,1342,12,1,1341,0.9992548435171386,0.0007451564828614009,7.0,1.7142857142857142,17.086874690345883,1.7142857142857142,0.012732395447351627,17.074142294898532,0.26031177294869534,0.3044305833043819,0.044118810355686544,1,1,1,1,1,1,cases/scenario_10_fieldlike.yaml,scenario_10_fieldlike,fieldlike,mixed,structured,unknown,1,5
scenario_10_fieldlike,51,20,20.5,Center,12.053062020714272,15.029580259054907,15.23137468820631,15.469431309329684,16.725201991625198,15.158327662620492,94.22167470103838,4.0,94.22167470103838,100.0,96.47504511325441,96.30636868862332,2.5714285714285716,18,100.0,100.0,100.0,0.4,4,4.1,P32_derived_Jv_proxy,1.2779145223406903,1.9289754483407433,0.814450140053415,0.9370434130271722,1.263693380323591,1.1128189678849298,1380,18,4,1376,0.9971014492753624,0.002898550724637681,7.0,2.5714285714285716,17.570705717345245,2.5714285714285716,0.05092958178940651,17.519776135555837,0.26311972404931305,0.313871155606381,0.05075143155706796,0,1,1,1,1,1,cases/scenario_10_fieldlike.yaml,scenario_10_fieldlike,fieldlike,mixed,structured,unknown,1,5
scenario_10_fieldlike,51,30,30.5,Center,13.292933448545185,14.754917461078751,17.356618846490584,16.431235717600067,14.563542632620038,14.052887799225012,93.16432621596785,4.0,93.16432621596785,91.73364716448165,96.45956416177778,96.30636868862332,2.5714285714285716,18,99.27249112611076,100.0,99.27249112611076,0.6,6,4.1,P32_derived_Jv_proxy,1.2780817474216515,2.1022224378157697,0.8710966058174459,0.8322878573272232,1.3057026813287882,0.9870297594707981,1418,18,1,1417,0.9992947813822285,0.0007052186177715092,7.0,2.5714285714285716,18.054536744344606,2.5714285714285716,0.012732395447351627,18.041804348897255,0.2997655561558292,0.31407310507995057,0.014307548924121338,0,1,1,1,1,1,cases/scenario_10_fieldlike.yaml,scenario_10_fieldlike,fieldlike,mixed,structured,unknown,1,5
scenario_10_fieldlike,52,10,10.5,Center,12.586301594304095,14.970406024413574,14.859980445696639,12.16085269180001,14.56088911949357,12.681051302016506,91.80324539174025,4.0,91.80324539174025,91.68304778223151,96.54422948957108,98.24769036935783,2.7142857142857144,19,100.0,100.0,100.0,0.9,9,4.1,P32_derived_Jv_proxy,1.219966714609386,2.001536837222547,0.837628737496793,0.9076235350193812,1.180647097509684,0.9726449032676757,1243,19,2,1241,0.998390989541432,0.0016090104585679806,7.0,2.7142857142857144,15.826367541058072,2.7142857142857144,0.025464790894703253,15.800902750163369,0.2628105440419426,0.30846710069680383,0.045656556654861236,1,1,1,1,1,1,cases/scenario_10_fieldlike.yaml,scenario_10_fieldlike,fieldlike,mixed,structured,unknown,1,5
scenario_10_fieldlike,52,20,20.5,Center,13.264226810879302,14.961954897493827,11.232150887504059,9.938715602758013,15.553154249569385,16.245128430290418,95.02803651562944,4.0,95.02803651562944,97.46172244786084,94.94394182585508,96.30636868862332,3.4285714285714284,24,100.0,100.0,100.0,0.7,7,4.1,P32_derived_Jv_proxy,1.3316633437837804,2.0563682630522213,0.7873585981913774,1.136133443830355,0.846800273219956,1.0395135098405213,1321,24,3,1318,0.9977289931869796,0.002271006813020439,7.0,3.4285714285714284,16.8194943859515,3.4285714285714284,0.03819718634205488,16.781297199609444,0.32082540930567605,0.3097773843731436,-0.01104802493253243,1,1,1,1,1,1,cases/scenario_10_fieldlike.yaml,scenario_10_fieldlike,fieldlike,mixed,structured,unknown,1,5
scenario_10_fieldlike,52,30,30.5,Center,14.099400596851106,14.986204512006235,17.522457252958638,13.805090791941797,16.759319956167214,15.119424226089329,92.5504705556967,4.0,92.5504705556967,91.12988915449142,95.93190254586683,96.30636868862332,3.0,21,100.0,100.0,100.0,0.6,6,4.1,P32_derived_Jv_proxy,1.2240094107592678,1.9014815932306568,0.7868172945266265,0.8274992264154127,1.242780296410049,1.118316511878671,1347,21,2,1345,0.9985152190051967,0.0014847809948032665,7.0,3.0,17.150536667582642,3.0,0.025464790894703253,17.125071876687937,0.3170579002851285,0.3121001162937216,-0.004957783991406894,1,1,1,1,1,1,cases/scenario_10_fieldlike.yaml,scenario_10_fieldlike,fieldlike,mixed,structured,unknown,1,5
scenario_10_fieldlike,53,10,10.5,Center,11.902112167696206,14.727176090396451,13.323137229444141,11.414074977744173,14.291974159138686,14.038138097918766,91.29787366120782,4.0,91.29787366120782,91.39635009669789,93.84797944629459,96.30636868862332,3.857142857142857,27,99.40806585469481,100.0,99.40806585469481,0.4,4,4.1,P32_derived_Jv_proxy,1.2690972588099714,2.0375713471157275,0.7994773836537925,0.927456544026097,1.119392679360288,0.9704490576749769,1422,27,2,1420,0.9985935302390999,0.0014064697609001407,7.0,3.857142857142857,18.105466326134014,3.857142857142857,0.025464790894703253,18.08000153523931,0.277455273726545,0.3055200108101104,0.028064737083565383,1,1,1,1,1,1,cases/scenario_10_fieldlike.yaml,scenario_10_fieldlike,fieldlike,mixed,structured,unknown,1,5
scenario_10_fieldlike,53,20,20.5,Center,13.94146873062063,15.059540033510412,13.389285915337425,10.690319449264633,15.11884544905448,14.700472173876724,98.59307814753447,4.0,98.59307814753447,100.0,97.08854757954468,98.24769036935783,2.2857142857142856,16,100.0,100.0,100.0,0.7,7,4.1,P32_derived_Jv_proxy,1.2248070075881754,2.025377333130727,0.7825600235416886,0.9956319960608694,0.9603927802764133,1.003938062876562,1346,16,1,1345,0.9992570579494799,0.0007429420505200594,7.0,2.2857142857142856,17.13780427213529,2.2857142857142856,0.012732395447351627,17.125071876687937,0.31610397050839356,0.3108402649524964,-0.005263705555897169,1,1,1,1,1,1,cases/scenario_10_fieldlike.yaml,scenario_10_fieldlike,fieldlike,mixed,structured,unknown,1,5
scenario_10_fieldlike,53,30,30.5,Center,12.816976780653007,14.956553998653934,9.824883780489609,10.39806118990895,12.891016905343823,13.064031838637435,90.38554542033334,4.0,90.38554542033334,87.36093706155698,93.84797944629456,96.30636868862332,3.857142857142857,27,100.0,100.0,100.0,0.5,5,4.1,P32_derived_Jv_proxy,1.1524460301774653,2.0511264934902282,0.7674036426629307,1.0385502184145603,0.7665523585343536,0.8618975270977522,1306,27,1,1305,0.9992343032159265,0.0007656967840735069,7.0,3.857142857142857,16.628508454241224,3.857142857142857,0.012732395447351627,16.615776058793873,0.24631064114740786,0.3119244559339619,0.06561381478655404,0,1,1,1,1,1,cases/scenario_10_fieldlike.yaml,scenario_10_fieldlike,fieldlike,mixed,structured,unknown,1,5
scenario_10_fieldlike,54,10,10.5,Center,12.713106910031925,14.978524720979438,10.55341575777636,9.65491134057138,12.973068504547197,12.999999999999998,96.40770008845503,4.0,96.40770008845503,98.08170241517801,97.49786293498677,98.24769036935783,2.142857142857143,15,100.0,100.0,100.0,0.3,3,4.1,P32_derived_Jv_proxy,1.1366128418108064,2.114440828207262,0.7974372141674478,1.0157807381350346,0.8301209006154624,0.8661112323282859,1302,15,2,1300,0.9984639016897081,0.0015360983102918587,7.0,2.142857142857143,16.577578872451816,2.142857142857143,0.025464790894703253,16.552114081557114,0.2697098639800838,0.3129122292177797,0.04320236523769594,1,1,1,1,1,1,cases/scenario_10_fieldlike.yaml,scenario_10_fieldlike,fieldlike,mixed,structured,unknown,1,5
scenario_10_fieldlike,54,20,20.5,Center,11.964215734315513,14.83216226347473,12.423131578133004,11.10460462879293,14.230224546500597,14.876177495151358,94.73152666955714,4.0,94.73152666955714,98.89495013678733,94.76891980503082,96.30636868862332,3.2857142857142856,23,100.0,100.0,100.0,0.3,3,4.1,P32_derived_Jv_proxy,1.1797427907560163,1.982590504115233,0.8140542396560414,1.0324737381093576,1.038357369509916,0.9594167252028757,1341,23,1,1340,0.9992542878448919,0.0007457121551081282,7.0,3.2857142857142856,17.074142294898532,3.2857142857142856,0.012732395447351627,17.06140989945118,0.281454760063509,0.3126985712304736,0.03124381116696462,1,1,1,1,1,1,cases/scenario_10_fieldlike.yaml,scenario_10_fieldlike,fieldlike,mixed,structured,unknown,1,5
scenario_10_fieldlike,54,30,30.5,Center,13.324116088651131,14.921841795777786,16.11908874646337,15.555288755972358,15.622974705418361,14.550995946922809,96.10750043194484,4.0,96.10750043194484,99.18883011059292,94.08913242616006,93.8448064449895,3.7142857142857144,26,100.0,100.0,100.0,0.2,2,4.1,P32_derived_Jv_proxy,1.2323070038554758,1.9470617558155112,0.7768294723685445,0.829853994581361,1.2097679605323213,1.046987022060438,1309,26,0,1309,1.0,0.0,7.0,3.7142857142857144,16.66670564058328,3.7142857142857144,0.0,16.66670564058328,0.2981939449888922,0.3089976031251135,0.010803658136221306,1,1,1,1,1,1,cases/scenario_10_fieldlike.yaml,scenario_10_fieldlike,fieldlike,mixed,structured,unknown,1,5
scenario_10_fieldlike,55,10,10.5,Center,12.063597585365631,14.680510891871446,13.349454219696517,12.300559123582119,14.609252052061493,14.47136208151482,90.8507897649862,4.0,90.8507897649862,91.65125999601096,92.55917093829612,93.8448064449895,4.285714285714286,30,98.70940393325084,100.0,98.70940393325084,0.6,6,4.1,P32_derived_Jv_proxy,1.18008725024902,1.8737740707909496,0.8055259916581122,0.9594425984092777,1.106589814956258,0.9951460245263393,1317,30,0,1317,1.0,0.0,7.0,4.285714285714286,16.768564804162093,4.285714285714286,0.0,16.768564804162093,0.30357139658771826,0.30861088700219685,0.005039490414478598,1,1,1,1,1,1,cases/scenario_10_fieldlike.yaml,scenario_10_fieldlike,fieldlike,mixed,structured,unknown,1,5
scenario_10_fieldlike,55,20,20.5,Center,13.674078760107186,14.944451138366073,13.069908610109184,11.575368567620071,14.20191077884754,13.193971791915658,97.60440292063824,4.0,97.60440292063824,100.0,99.02148671569253,99.53211598395555,1.1428571428571428,8,100.0,100.0,100.0,0.5,5,4.1,P32_derived_Jv_proxy,1.2268851856684573,2.1626185231028114,0.8132034045350937,0.981526027753752,0.9558163909542038,0.9503133067488674,1320,8,0,1320,1.0,0.0,7.0,1.1428571428571428,16.806761990504146,1.1428571428571428,0.0,16.806761990504146,0.2943549027950685,0.3123424090177379,0.017987506222669425,1,1,1,1,1,1,cases/scenario_10_fieldlike.yaml,scenario_10_fieldlike,fieldlike,mixed,structured,unknown,1,5
scenario_10_fieldlike,55,30,30.5,Center,13.078400818423834,14.876353948880588,15.575540665921077,11.923657367738212,14.18053685575292,12.999999999999998,96.56718722752369,4.0,96.56718722752369,98.2060453376135,95.03877196701363,98.24769036935783,3.0,21,100.0,100.0,100.0,0.3,3,4.1,P32_derived_Jv_proxy,1.2315044477504375,2.128030175582528,0.7887193287721743,0.8086163978078067,1.19093617653769,0.9532266376883277,1367,21,2,1365,0.9985369422092173,0.001463057790782736,7.0,3.0,17.405184576529674,3.0,0.025464790894703253,17.379719785634972,0.2947214573021194,0.3084985008108615,0.013777043508742093,1,1,1,1,1,1,cases/scenario_10_fieldlike.yaml,scenario_10_fieldlike,fieldlike,mixed,structured,unknown,1,5
scenario_10_fieldlike,56,10,10.5,Center,12.78174217580644,15.087700192763974,10.465015262671624,8.191045388181783,13.266528674835545,13.67753420301797,95.36278489672004,4.0,95.36278489672004,95.26033270594701,96.23989609945296,96.30636868862332,2.7142857142857144,19,100.0,100.0,100.0,0.3,3,4.1,P32_derived_Jv_proxy,1.1784897930576883,2.129790803512488,0.8211789722276459,1.148708738327558,0.8187471722344731,0.8792942930558855,1369,19,0,1369,1.0,0.0,7.0,2.7142857142857144,17.430649367424376,2.7142857142857144,0.0,17.430649367424376,0.29214544547397336,0.3132375145426881,0.021092069068714747,1,1,1,1,1,1,cases/scenario_10_fieldlike.yaml,scenario_10_fieldlike,fieldlike,mixed,structured,unknown,1,5
scenario_10_fieldlike,56,20,20.5,Center,12.899576963820246,14.805248510354367,10.33706239588906,11.293030517222958,13.845403362228405,13.111225396967098,91.24417494927131,4.0,91.24417494927131,91.5663261838782,94.87808909813059,96.30636868862332,3.142857142857143,22,100.0,100.0,100.0,0.5,5,4.1,P32_derived_Jv_proxy,1.1652398576547895,1.9788120977223609,0.7852191434676766,1.0734433072354226,0.8013489453864779,0.9351685892030334,1344,22,2,1342,0.9985119047619048,0.001488095238095238,7.0,3.142857142857143,17.112339481240586,3.142857142857143,0.025464790894703253,17.086874690345883,0.315815308549278,0.31479948834520766,-0.0010158202040703168,1,1,1,1,1,1,cases/scenario_10_fieldlike.yaml,scenario_10_fieldlike,fieldlike,mixed,structured,unknown,1,5
scenario_10_fieldlike,56,30,30.5,Center,13.03281396064924,15.010401351884529,13.593099760017436,12.384653391759963,13.475302832013218,12.69307221670936,94.07243392902576,4.0,94.07243392902576,95.3748265231595,95.74841317235288,96.30636868862332,3.142857142857143,22,100.0,100.0,100.0,0.4,4,4.1,P32_derived_Jv_proxy,1.2257346463373813,2.152923446694586,0.8117651410183528,0.8459489616536118,1.0429903934069726,0.8977310143889936,1295,22,2,1293,0.9984555984555985,0.0015444015444015444,7.0,3.142857142857143,16.488452104320356,3.142857142857143,0.025464790894703253,16.462987313425653,0.2923625260556204,0.3103369748221394,0.01797444876651899,1,1,1,1,1,1,cases/scenario_10_fieldlike.yaml,scenario_10_fieldlike,fieldlike,mixed,structured,unknown,1,5
scenario_10_fieldlike,57,10,10.5,Center,12.117894208123568,15.067071557778487,9.002676983998208,8.959141535238224,12.05174313144544,11.948117601505254,97.67424088854231,4.0,97.67424088854231,97.89655339682832,97.78267411035668,98.24769036935783,2.142857142857143,15,100.0,100.0,100.0,0.2,2,4.1,P32_derived_Jv_proxy,1.0951726989834663,2.2381329343655203,0.794383922768454,1.121139960952964,0.7429242102116235,0.799872960397778,1274,15,1,1273,0.9992150706436421,0.0007849293563579278,7.0,2.142857142857143,16.221071799925973,2.142857142857143,0.012732395447351627,16.20833940447862,0.30814378227486405,0.30651790040184523,-0.0016258818730188196,0,1,1,0,1,1,cases/scenario_10_fieldlike.yaml,scenario_10_fieldlike,fieldlike,mixed,structured,unknown,1,5
scenario_10_fieldlike,57,20,20.5,Center,12.244352036437068,14.944588118889927,13.8201476544518,12.999322127038711,15.385747155291407,14.962442342200369,95.46042930615548,4.0,95.46042930615548,94.77108443323688,97.05236889073383,96.30636868862332,2.2857142857142856,16,100.0,100.0,100.0,0.6,6,4.1,P32_derived_Jv_proxy,1.1636480235964652,1.8594063138290529,0.8474977562598436,1.0481669717449873,1.12869571320111,1.029519651722208,1361,16,1,1360,0.9992652461425422,0.0007347538574577516,7.0,2.2857142857142856,17.328790203845564,2.2857142857142856,0.012732395447351627,17.316057808398213,0.2700941859700524,0.3130197791756437,0.042925593205591306,1,1,1,1,1,1,cases/scenario_10_fieldlike.yaml,scenario_10_fieldlike,fieldlike,mixed,structured,unknown,1,5
scenario_10_fieldlike,57,30,30.5,Center,13.12089984847648,15.04101057693833,12.8899427383575,12.259406190409525,15.66020986215006,15.50473893118655,96.83448875027332,4.0,96.83448875027332,97.20320028704776,96.63572798213745,98.24769036935783,2.4285714285714284,17,100.0,100.0,100.0,0.3,3,4.1,P32_derived_Jv_proxy,1.1945637567945544,1.8703660642124709,0.7755378523080092,1.0858487789027842,0.9823977689955619,1.0411673990949197,1291,17,1,1290,0.9992254066615027,0.000774593338497289,7.0,2.4285714285714284,16.43752252253095,2.4285714285714284,0.012732395447351627,16.4247901270836,0.29104945671430915,0.30920165512862896,0.01815219841431981,1,1,1,1,1,1,cases/scenario_10_fieldlike.yaml,scenario_10_fieldlike,fieldlike,mixed,structured,unknown,1,5
scenario_10_fieldlike,58,10,10.5,Center,13.04269585304509,14.839867950603011,14.639552829280586,14.171953135154887,16.78538758123705,15.626782523802099,96.1169441027473,4.0,96.1169441027473,95.37718999229226,96.97020131907581,96.30636868862332,2.5714285714285716,18,100.0,100.0,100.0,0.4,4,4.1,P32_derived_Jv_proxy,1.214459609334007,1.7709058808070437,0.7729490352301653,0.9544543061044193,1.1224330456086404,1.1311008721310747,1335,18,2,1333,0.998501872659176,0.00149812734082397,7.0,2.5714285714285716,16.997747922214423,2.5714285714285716,0.025464790894703253,16.972283131319717,0.3098777086664062,0.3095445388597643,-0.00033316980664188645,1,1,1,1,1,1,cases/scenario_10_fieldlike.yaml,scenario_10_fieldlike,fieldlike,mixed,structured,unknown,1,5
scenario_10_fieldlike,58,20,20.5,Center,13.288845561454586,14.682160622450173,9.513240185387648,8.003329919098599,12.29192414077418,12.916981480340585,89.84757763745245,4.0,89.84757763745245,91.27476835043664,92.73536059267141,90.97959895689502,4.285714285714286,30,99.48474290046387,100.0,99.48474290046387,1.2,12,4.1,P32_derived_Jv_proxy,1.1489534367071073,2.1117262876350056,0.7489249680666565,1.095623897826122,0.7158816122433992,0.8372013123176753,1372,30,1,1371,0.999271137026239,0.0007288629737609329,7.0,4.285714285714286,17.468846553766433,4.285714285714286,0.012732395447351627,17.45611415831908,0.2904213396061758,0.31164470538771494,0.02122336578153916,0,1,1,1,1,1,cases/scenario_10_fieldlike.yaml,scenario_10_fieldlike,fieldlike,mixed,structured,unknown,1,5
scenario_10_fieldlike,58,30,30.5,Center,12.821665532614464,15.083368489214111,11.90670956905174,12.018555643211492,14.73218767276793,13.464025796341042,96.76217630819097,4.0,96.76217630819097,100.0,96.97020131907581,96.30636868862332,2.5714285714285716,18,99.55810266129464,100.0,99.55810266129464,0.7,7,4.1,P32_derived_Jv_proxy,1.2196725675811595,2.0891589364580674,0.8217978743598324,1.0658195700715642,0.9286398509432842,0.9767173482039304,1287,18,2,1285,0.9984459984459985,0.001554001554001554,7.0,2.5714285714285716,16.386592940741544,2.5714285714285716,0.025464790894703253,16.36112814984684,0.34033234715897587,0.3138582031926669,-0.026474143966308983,1,1,1,1,1,1,cases/scenario_10_fieldlike.yaml,scenario_10_fieldlike,fieldlike,mixed,structured,unknown,1,5
scenario_10_fieldlike,59,10,10.5,Center,13.878485008074627,14.965952700521708,11.562512870072501,9.545553917710178,13.905360435032014,13.835672134220605,92.41878646269785,4.0,92.41878646269785,91.79203311694452,96.10006492144342,96.30636868862332,3.0,21,100.0,100.0,100.0,0.2,2,4.1,P32_derived_Jv_proxy,1.216088486481474,2.0912404339368833,0.764368990292794,1.059708602412422,0.8331250034384392,0.9291329936214002,1314,21,1,1313,0.9992389649923896,0.00076103500761035,7.0,3.0,16.730367617820036,3.0,0.012732395447351627,16.717635222372685,0.30490804488527223,0.3128324331563992,0.007924388271126959,1,1,1,1,1,1,cases/scenario_10_fieldlike.yaml,scenario_10_fieldlike,fieldlike,mixed,structured,unknown,1,5
scenario_10_fieldlike,59,20,20.5,Center,13.574528576404665,14.900533164368527,11.851628004306988,10.035348812134673,12.677104190031235,13.008865590521852,89.13702438134985,4.0,89.13702438134985,88.90245381529938,94.29144228877784,93.8448064449895,3.5714285714285716,25,100.0,100.0,100.0,0.7,7,4.1,P32_derived_Jv_proxy,1.1670916562618954,2.0830467445056744,0.7307704481171861,0.8286616867153699,0.8730784231363707,0.8507819183508043,1321,25,0,1321,1.0,0.0,7.0,3.5714285714285716,16.8194943859515,3.5714285714285716,0.0,16.8194943859515,0.3082272622286787,0.30723902282373317,-0.0009882394049455234,1,1,1,1,1,1,cases/scenario_10_fieldlike.yaml,scenario_10_fieldlike,fieldlike,mixed,structured,unknown,1,5
scenario_10_fieldlike,59,30,30.5,Center,13.642370153940897,14.875794559714164,10.372023422505078,10.525949414206407,15.204764517862634,14.93729640908821,92.14804542153222,4.0,92.14804542153222,96.99011926180079,94.72611728871003,96.30636868862332,3.2857142857142856,23,100.0,100.0,100.0,1.0,10,4.1,P32_derived_Jv_proxy,1.2408484634484374,1.8837986564157008,0.7570383857372643,1.1478734344242796,0.760280164331188,1.0221144461781806,1302,23,1,1301,0.999231950844854,0.0007680491551459293,7.0,3.2857142857142856,16.577578872451816,3.2857142857142856,0.012732395447351627,16.564846477004465,0.3008106627603139,0.3106581362019155,0.00984747344160164,0,1,1,1,1,1,cases/scenario_10_fieldlike.yaml,scenario_10_fieldlike,fieldlike,mixed,structured,unknown,1,5
scenario_06_layered_density,40,10,10.5,Center,5.871192409489884,6.4977638804400835,5.098660199540033,4.4684770254809685,6.678931128909154,6.43372952197034,96.75437886748546,9.0,96.75437886748546,100.0,99.23197781064826,99.53211598395555,1.1428571428571428,8,100.0,94.53999999999999,94.53999999999999,0.8,8,6.2,P32_derived_Jv_proxy,1.388963539105251,2.3102250460527394,0.8190682357572294,1.1443117334358373,0.868419878609127,1.0278814761204897,587,8,3,584,0.9948892674616695,0.005110732538330494,7.0,1.1428571428571428,7.473916127595405,1.1428571428571428,0.03819718634205488,7.43571894125335,0.7905457264149093,0.8671326432982183,0.07658691688330899,1,1,1,1,1,1,cases/scenario_06_layered_density.yaml,scenario_06_layered_density,layered,varying,similar,unknown,1,5
scenario_06_layered_density,40,20,20.5,Center,5.164345349204022,6.505070496500013,5.353598851739536,4.541439407047965,6.287479130763076,6.222222222222222,99.57768056949327,9.0,99.57768056949327,100.0,99.73263770511745,99.53211598395555,0.5714285714285714,4,98.77768217428384,94.53999999999999,94.53999999999999,1.4,14,6.2,P32_derived_Jv_proxy,1.3106153637967561,2.362810817410671,0.7437915959255893,0.969117620128164,1.0366461748273057,0.9665504984374866,563,4,0,563,1.0,0.0,7.0,0.5714285714285714,7.168338636858966,0.5714285714285714,0.0,7.168338636858966,0.6281106289778876,0.8695943456984552,0.24148371672056756,1,1,1,1,1,1,cases/scenario_06_layered_density.yaml,scenario_06_layered_density,layered,varying,similar,unknown,1,5
scenario_06_layered_density,40,30,30.5,Center,5.786643025344482,6.602783909734549,7.588237631307064,7.786426771147062,6.394471954447653,6.222222222222222,98.31282367583493,9.0,98.31282367583493,100.0,99.5491483316035,99.53211598395555,0.7142857142857143,5,98.71174532973062,94.53999999999999,94.53999999999999,1.3,13,6.2,P32_derived_Jv_proxy,1.2351453672716055,2.150810076933484,0.8622720667942148,0.8314782712972022,1.3113367453412823,0.9684508900889851,588,5,2,586,0.9965986394557823,0.003401360544217687,7.0,0.7142857142857143,7.486648523042756,0.7142857142857143,0.025464790894703253,7.461183732148053,0.811001599069255,0.8658131873637722,0.054811588294517266,0,1,1,1,1,1,cases/scenario_06_layered_density.yaml,scenario_06_layered_density,layered,varying,similar,unknown,1,5
scenario_06_layered_density,41,10,10.5,Center,5.656216557332034,6.53919114203598,6.060705926278601,4.968314315700412,6.574647845902087,6.222222222222222,97.73195959778775,9.0,97.73195959778775,100.0,98.87783619445746,100.0,1.0,7,98.46092555371983,94.53999999999999,94.53999999999999,1.2,12,6.2,P32_derived_Jv_proxy,1.380494380209957,2.3199294101552463,0.8055916184226878,0.9860304434894659,1.0715123554493746,1.0054221849607943,597,7,2,595,0.9966499162479062,0.0033500837520938024,7.0,1.0,7.601240082068921,1.0,0.025464790894703253,7.575775291174218,0.6173761412695259,0.8711990389928597,0.2538228977233338,1,1,1,1,1,1,cases/scenario_06_layered_density.yaml,scenario_06_layered_density,layered,varying,similar,unknown,1,5
scenario_06_layered_density,41,20,20.5,Center,5.539570610848365,6.66401751597135,5.732799747175176,5.975583971739683,6.382661511953342,6.458702575240799,98.41852992435204,9.0,98.41852992435204,100.0,98.66983496660201,99.53211598395555,1.2857142857142858,9,100.0,94.53999999999999,94.53999999999999,0.9,9,6.2,P32_derived_Jv_proxy,1.2445548556729586,2.153522828596272,0.8095182796292922,0.9271311344271851,1.0348816090453659,0.9577798222553143,621,9,2,619,0.9967793880837359,0.00322061191626409,7.0,1.2857142857142858,7.90681757280536,1.2857142857142858,0.025464790894703253,7.881352781910657,0.8408202063859942,0.8686528761479804,0.027832669761986173,1,1,1,1,1,1,cases/scenario_06_layered_density.yaml,scenario_06_layered_density,layered,varying,similar,unknown,1,5
scenario_06_layered_density,41,30,30.5,Center,6.135061351436629,6.663544732370617,4.37988992223411,4.028763026539231,6.520566829849419,6.222222222222222,99.59366628616968,9.0,99.59366628616968,100.0,99.5491483316035,99.53211598395555,0.7142857142857143,5,100.0,94.53999999999999,94.53999999999999,0.9,9,6.2,P32_derived_Jv_proxy,1.18368888557963,2.102479672539405,0.7718460786688566,1.220577777324236,0.7139113484510606,0.978543266645059,573,5,0,573,1.0,0.0,7.0,0.7142857142857143,7.295662591332482,0.7142857142857143,0.0,7.295662591332482,0.7156509256568626,0.8715750195598366,0.15592409390297401,0,1,1,1,1,1,cases/scenario_06_layered_density.yaml,scenario_06_layered_density,layered,varying,similar,unknown,1,5
scenario_06_layered_density,42,10,10.5,Center,5.939485919139408,6.652934565754102,5.344711209962301,5.672224771662443,6.687030683080422,6.222222222222222,97.87590030186773,9.0,97.87590030186773,100.0,99.36565895808954,99.53211598395555,0.8571428571428571,6,99.29012367643499,94.53999999999999,94.53999999999999,1.0,10,6.2,P32_derived_Jv_proxy,1.2924775699118558,2.152916685234703,0.8150001345730925,1.1321174642336316,0.8998609109821266,1.0051249740981714,589,6,1,588,0.99830220713073,0.001697792869269949,7.0,0.8571428571428571,7.499380918490108,0.8571428571428571,0.012732395447351627,7.486648523042756,0.805869506191434,0.8789203232443108,0.07305081705287675,1,1,1,1,1,1,cases/scenario_06_layered_density.yaml,scenario_06_layered_density,layered,varying,similar,unknown,1,5
scenario_06_layered_density,42,20,20.5,Center,6.226667377021184,6.587437511253752,6.047073590355718,4.690438363041514,7.412457061601235,6.222222222222222,99.81355972517217,9.0,99.81355972517217,100.0,99.61598890532413,100.0,0.5714285714285714,4,98.28730067851886,94.53999999999999,94.53999999999999,0.9,9,6.2,P32_derived_Jv_proxy,1.3089934397762857,2.1612277773374884,0.7644015684490808,0.9881928594745883,0.9711573180658025,1.1252413474796608,583,4,0,583,1.0,0.0,7.0,0.5714285714285714,7.4229865458059985,0.5714285714285714,0.0,7.4229865458059985,0.7574046213572002,0.8716861228517876,0.11428150149458738,1,1,1,1,1,1,cases/scenario_06_layered_density.yaml,scenario_06_layered_density,layered,varying,similar,unknown,1,5
scenario_06_layered_density,42,30,30.5,Center,5.961743686687531,6.531014086771959,5.121757777671088,4.538291178948459,7.376317530873626,6.222222222222222,99.89854216302082,9.0,99.89854216302082,100.0,99.7994782788381,100.0,0.42857142857142855,3,100.0,94.53999999999999,94.53999999999999,0.8,8,6.2,P32_derived_Jv_proxy,1.3506815145627973,2.1447435016203147,0.7768853968134881,1.2377868911251515,0.8591039881684084,1.1294291258403133,575,3,1,574,0.9982608695652174,0.0017391304347826088,7.0,0.42857142857142855,7.321127382227186,0.42857142857142855,0.012732395447351627,7.308394986779834,0.7677736832205337,0.870781005738466,0.10300732251793221,1,1,1,1,1,1,cases/scenario_06_layered_density.yaml,scenario_06_layered_density,layered,varying,similar,unknown,1,5
scenario_06_layered_density,43,10,10.5,Center,5.7190579489309465,6.497236824947103,6.027789877055652,5.937601980260559,7.104891575268569,6.433614175766669,100.0,9.0,100.0,100.0,99.73263770511745,99.53211598395555,0.5714285714285714,4,97.58538970788635,94.53999999999999,94.53999999999999,1.3,13,6.2,P32_derived_Jv_proxy,1.3267326205823675,2.12319571895467,0.7595460118482924,0.9278134162271445,1.0539830039984848,1.0935251040855223,617,4,0,617,1.0,0.0,7.0,0.5714285714285714,7.855887991015954,0.5714285714285714,0.0,7.855887991015954,0.8941331318448618,0.8635956967064307,-0.0305374351384311,1,1,1,1,1,1,cases/scenario_06_layered_density.yaml,scenario_06_layered_density,layered,varying,similar,unknown,1,5
scenario_06_layered_density,43,20,20.5,Center,5.871444350922105,6.675624326951793,5.994806780875055,5.466713293885409,6.843732326652116,6.222222222222222,98.95641672747529,9.0,98.95641672747529,100.0,98.73667554032262,99.53211598395555,1.1428571428571428,8,100.0,94.53999999999999,94.53999999999999,1.0,10,6.2,P32_derived_Jv_proxy,1.3947660062195923,2.3247592028178974,0.7675669163349912,0.8959169352762667,1.0210105763726733,1.0251823636961734,552,8,3,549,0.9945652173913043,0.005434782608695652,7.0,1.1428571428571428,7.028282286938098,1.1428571428571428,0.03819718634205488,6.990085100596043,0.832039184699293,0.8733072267974356,0.0412680420981425,1,1,1,1,1,1,cases/scenario_06_layered_density.yaml,scenario_06_layered_density,layered,varying,similar,unknown,1,5
scenario_06_layered_density,43,30,30.5,Center,5.608940644824407,6.40887450246993,7.561350418655563,4.719350512890558,7.57244017917525,6.222222222222222,98.78483461277298,9.0,98.78483461277298,100.0,99.5491483316035,99.53211598395555,0.7142857142857143,5,99.2190786125434,94.53999999999999,94.53999999999999,1.1,11,6.2,P32_derived_Jv_proxy,1.4851000597798174,2.197607896605845,0.7844426100891507,0.9205059872507112,1.3480888633814876,1.1815553848428286,569,5,1,568,0.9982425307557118,0.0017574692442882249,7.0,0.7142857142857143,7.244733009543076,0.7142857142857143,0.012732395447351627,7.232000614095724,0.7094704259090876,0.8661111436730475,0.15664071776395994,0,1,1,1,1,1,cases/scenario_06_layered_density.yaml,scenario_06_layered_density,layered,varying,similar,unknown,1,5
scenario_06_layered_density,44,10,10.5,Center,5.537017793395927,6.6367774082767905,4.635217992437575,4.639972714690933,5.902784532774262,6.222222222222222,99.03481613012809,9.0,99.03481613012809,100.0,99.68282947904477,100.0,0.42857142857142855,3,100.0,94.53999999999999,94.53999999999999,1.2,12,6.2,P32_derived_Jv_proxy,1.3340311051274367,2.4865733439222057,0.8097820186114705,1.1524995211685758,0.8371325802792361,0.8894052293230207,581,3,1,580,0.9982788296041308,0.0017211703958691911,7.0,0.42857142857142855,7.3975217549112955,0.42857142857142855,0.012732395447351627,7.3847893594639435,0.6977194913404938,0.8669838469720973,0.16926435563160347,1,1,1,1,1,1,cases/scenario_06_layered_density.yaml,scenario_06_layered_density,layered,varying,similar,unknown,1,5
scenario_06_layered_density,44,20,20.5,Center,6.069882715741436,6.5603680292099344,4.9770169165204186,4.90592235397036,6.136876334655341,6.222222222222222,100.0,9.0,100.0,100.0,99.86631885255873,100.0,0.2857142857142857,2,99.49491299631089,94.53999999999999,94.53999999999999,1.1,11,6.2,P32_derived_Jv_proxy,1.362524872451139,2.5285569700594044,0.8048331815063978,1.0172143625861205,0.8199527321365181,0.9354469608002167,604,2,0,604,1.0,0.0,7.0,0.2857142857142857,7.690366850200383,0.2857142857142857,0.0,7.690366850200383,0.7548039522031798,0.8715950619920176,0.11679110978883789,1,1,1,1,1,1,cases/scenario_06_layered_density.yaml,scenario_06_layered_density,layered,varying,similar,unknown,1,5
scenario_06_layered_density,44,30,30.5,Center,5.673966368857889,6.44674339305771,5.976089778979792,5.521432569238357,7.123346834203338,6.309295278055229,99.42480219539638,9.0,99.42480219539638,100.0,99.73263770511745,99.53211598395555,0.5714285714285714,4,99.19406664797334,94.53999999999999,94.53999999999999,1.5,15,6.2,P32_derived_Jv_proxy,1.3631680974795461,2.1588447077382282,0.8373758707606299,1.0355057161517147,1.053247303646376,1.1049527489917221,574,4,1,573,0.9982578397212544,0.0017421602787456446,7.0,0.5714285714285714,7.308394986779834,0.5714285714285714,0.012732395447351627,7.295662591332482,0.8844088651354955,0.8733037828606959,-0.011105082274799671,1,1,1,1,1,1,cases/scenario_06_layered_density.yaml,scenario_06_layered_density,layered,varying,similar,unknown,1,5
scenario_06_layered_density,45,10,10.5,Center,5.710130414447377,6.536982683367677,5.6242186865159365,5.581120646008205,6.829262628690459,6.222222222222222,96.74028660657902,9.0,96.74028660657902,100.0,98.41950501936742,99.53211598395555,1.5714285714285714,11,96.9045992873739,94.53999999999999,94.53999999999999,1.9,19,6.2,P32_derived_Jv_proxy,1.4387225249610174,2.3041860470719877,0.7406953331156718,0.9438091422844682,0.9849545068683417,1.0447117515037085,582,11,2,580,0.9965635738831615,0.003436426116838488,7.0,1.5714285714285714,7.4102541503586465,1.5714285714285714,0.025464790894703253,7.3847893594639435,0.8056736477585409,0.8771738349768287,0.07150018721828777,1,1,1,1,1,1,cases/scenario_06_layered_density.yaml,scenario_06_layered_density,layered,varying,similar,unknown,1,5
scenario_06_layered_density,45,20,20.5,Center,5.849016111049949,6.581534296844994,5.572183887183487,5.770379742708287,5.880868058822559,6.222222222222222,100.0,9.0,100.0,100.0,99.61598890532413,100.0,0.5714285714285714,4,98.03839705817543,94.53999999999999,94.53999999999999,1.5,15,6.2,P32_derived_Jv_proxy,1.2177251290500872,2.3265787873400776,0.7680191966405924,0.9245737855503283,0.952670292129394,0.8935405930561943,558,4,0,558,1.0,0.0,7.0,0.5714285714285714,7.104676659622208,0.5714285714285714,0.0,7.104676659622208,0.8854244247659482,0.8629318502281347,-0.022492574537813503,1,1,1,1,1,1,cases/scenario_06_layered_density.yaml,scenario_06_layered_density,layered,varying,similar,unknown,1,5
scenario_06_layered_density,45,30,30.5,Center,5.869805040641236,6.623578407542295,5.7515145125582725,5.558972933372953,6.94080227342848,6.309923314793621,99.14651782457429,9.0,99.14651782457429,100.0,99.2988183843689,99.53211598395555,1.0,7,98.71682404449912,94.53999999999999,94.53999999999999,1.5,15,6.2,P32_derived_Jv_proxy,1.3132077556585595,2.1523295427449165,0.8249786684996572,1.08578062856754,0.9798476223206826,1.0478931245873018,563,7,3,560,0.9946714031971581,0.0053285968028419185,7.0,1.0,7.168338636858966,1.0,0.03819718634205488,7.130141450516911,0.817599760478537,0.8697570534990238,0.05215729302048677,1,1,1,1,1,1,cases/scenario_06_layered_density.yaml,scenario_06_layered_density,layered,varying,similar,unknown,1,5
scenario_06_layered_density,46,10,10.5,Center,5.830571936546837,6.659331963442696,6.73155324481098,6.21305633614594,6.48213615323484,6.222222222222222,99.4070061950493,9.0,99.4070061950493,100.0,99.66579713139683,99.53211598395555,0.7142857142857143,5,99.77206963753757,94.53999999999999,94.53999999999999,0.6,6,6.2,P32_derived_Jv_proxy,1.1874651497268993,2.0962778289936557,0.8055641907029086,0.9055323831550904,1.1545270889493133,0.9733913534900202,583,5,1,582,0.9982847341337907,0.0017152658662092624,7.0,0.7142857142857143,7.4229865458059985,0.7142857142857143,0.012732395447351627,7.4102541503586465,0.7147874488222972,0.8685082693568076,0.15372082053451042,1,1,1,1,1,1,cases/scenario_06_layered_density.yaml,scenario_06_layered_density,layered,varying,similar,unknown,1,5
scenario_06_layered_density,46,20,20.5,Center,5.470934372394084,6.522276777819203,4.3194009427443,4.410612036663788,5.309512978994164,6.222222222222222,97.0703417238135,9.0,97.0703417238135,100.0,98.52618444536691,100.0,1.1428571428571428,8,100.0,94.53999999999999,94.53999999999999,0.7,7,6.2,P32_derived_Jv_proxy,1.2125647660924563,2.4596679512934894,0.7947490891692393,0.9692890113948184,0.7895179595901692,0.8140582130845204,609,8,3,606,0.9950738916256158,0.0049261083743842365,7.0,1.1428571428571428,7.754028827437141,1.1428571428571428,0.03819718634205488,7.715831641095086,0.7425435092473003,0.8661937054616636,0.12365019621436335,0,1,1,1,1,1,cases/scenario_06_layered_density.yaml,scenario_06_layered_density,layered,varying,similar,unknown,1,5
scenario_06_layered_density,46,30,30.5,Center,5.73435997593363,6.658828820284958,6.255406325333013,4.3212100030850324,7.74017298801216,7.6435613641091,100.0,9.0,100.0,100.0,99.48230775788285,99.53211598395555,0.8571428571428571,6,99.14024380419744,94.53999999999999,94.53999999999999,1.8,18,6.2,P32_derived_Jv_proxy,1.3816937435209906,2.0962331073418623,0.8400244304157535,1.1371183730815686,1.090863906623607,1.1623925463338352,591,6,4,587,0.9932318104906938,0.00676818950930626,7.0,0.8571428571428571,7.524845709384811,0.8571428571428571,0.05092958178940651,7.473916127595405,0.8029149087778674,0.8670037178427257,0.06408880906485825,1,1,1,1,1,1,cases/scenario_06_layered_density.yaml,scenario_06_layered_density,layered,varying,similar,unknown,1,5
scenario_06_layered_density,47,10,10.5,Center,5.790685863716982,6.777299394964716,5.624137366925974,5.939926530862659,6.778654533361791,6.44555166349061,98.02387547505501,9.0,98.02387547505501,100.0,97.22222083795096,99.53211598395555,1.8571428571428572,13,98.65686977614294,94.53999999999999,94.53999999999999,1.2,12,6.2,P32_derived_Jv_proxy,1.2639579235746614,2.05451989527971,0.8228216161341467,1.0297249659082828,0.9712385543421445,1.0001999525648935,551,13,6,545,0.9891107078039928,0.010889292196007259,7.0,1.8571428571428572,7.015549891490746,1.8571428571428572,0.07639437268410976,6.939155518806636,0.7296975166757328,0.8686896811603757,0.1389921644846429,1,1,1,1,1,1,cases/scenario_06_layered_density.yaml,scenario_06_layered_density,layered,varying,similar,unknown,1,5
scenario_06_layered_density,47,20,20.5,Center,5.798633208561515,6.498352636778074,5.909148772170192,5.760680176587003,6.498671416831532,6.222222222222222,99.70065168016228,9.0,99.70065168016228,100.0,98.80351611404328,100.0,1.0,7,97.59759823563921,94.53999999999999,94.53999999999999,1.2,12,6.2,P32_derived_Jv_proxy,1.4003060457429402,2.3900454041317554,0.834904369546151,0.964225465324389,1.0190588988186913,1.000049055517802,612,7,5,607,0.9918300653594772,0.008169934640522876,7.0,1.0,7.792226013779196,1.0,0.06366197723675814,7.728564036542437,0.752789321827877,0.8719738010825484,0.11918447925467146,1,1,1,1,1,1,cases/scenario_06_layered_density.yaml,scenario_06_layered_density,layered,varying,similar,unknown,1,5
scenario_06_layered_density,47,30,30.5,Center,5.532705164735821,6.74071091361059,5.918176424247405,5.531075960848763,6.184988304102719,6.222222222222222,99.0546443485372,9.0,99.0546443485372,100.0,99.22200843685445,100.0,0.7142857142857143,5,99.16908582499572,94.53999999999999,94.53999999999999,1.6,16,6.2,P32_derived_Jv_proxy,1.3429364650573645,2.390213169109216,0.7689370138737678,0.8197185508762805,1.0696713900405335,0.9175572700520687,606,5,3,603,0.995049504950495,0.0049504950495049506,7.0,0.7142857142857143,7.715831641095086,0.7142857142857143,0.03819718634205488,7.677634454753031,0.8017283032658551,0.8684081381334,0.06667983486754492,1,1,1,1,1,1,cases/scenario_06_layered_density.yaml,scenario_06_layered_density,layered,varying,similar,unknown,1,5
scenario_06_layered_density,48,10,10.5,Center,5.637540372493082,6.530010295275796,5.991781115916213,5.573118884728171,6.677717456494736,6.222222222222222,99.74511673274726,9.0,99.74511673274726,100.0,98.9201649138366,99.53211598395555,1.0,7,98.01123015522691,94.53999999999999,94.53999999999999,1.3,13,6.2,P32_derived_Jv_proxy,1.3099440816987504,2.198569187071219,0.7586634820232117,0.9139894311214717,1.0628360455122516,1.022619744003436,650,7,4,646,0.9938461538461538,0.006153846153846154,7.0,1.0,8.276057040778557,1.0,0.05092958178940651,8.225127458989151,0.7865816674852848,0.8592275376812615,0.07264587019597668,1,1,1,1,1,1,cases/scenario_06_layered_density.yaml,scenario_06_layered_density,layered,varying,similar,unknown,1,5
scenario_06_layered_density,48,20,20.5,Center,5.488322331859167,6.442190442433857,5.2199950101645545,5.10459891542414,6.70915749196836,6.222222222222222,98.5518657395878,9.0,98.5518657395878,100.0,99.36565895808953,99.53211598395555,0.8571428571428571,6,98.1200534191732,94.53999999999999,94.53999999999999,1.5,15,6.2,P32_derived_Jv_proxy,1.350553330743247,2.3677453387271465,0.8349645395446341,1.1693102606091978,0.9511094091290887,1.041440415635034,615,6,1,614,0.9983739837398374,0.0016260162601626016,7.0,0.8571428571428571,7.830423200121251,0.8571428571428571,0.012732395447351627,7.817690804673899,0.8004317060158512,0.8758824979030246,0.07545079188717341,1,1,1,1,1,1,cases/scenario_06_layered_density.yaml,scenario_06_layered_density,layered,varying,similar,unknown,1,5
scenario_06_layered_density,48,30,30.5,Center,5.818373923100167,6.5623796662324185,5.2269421695911324,4.678656116639462,6.15651453474201,6.222222222222222,98.34512099180112,9.0,98.34512099180112,100.0,99.43249953181018,100.0,0.7142857142857143,5,98.56912853244555,94.53999999999999,94.53999999999999,1.0,10,6.2,P32_derived_Jv_proxy,1.3723152483644412,2.474063790351575,0.7749076187272406,1.0322980741234336,0.8983510236148752,0.9381527506586003,584,5,1,583,0.9982876712328768,0.0017123287671232876,7.0,0.7142857142857143,7.43571894125335,0.7142857142857143,0.012732395447351627,7.4229865458059985,0.8073570125295945,0.8602558362732737,0.05289882374367927,1,1,1,1,1,1,cases/scenario_06_layered_density.yaml,scenario_06_layered_density,layered,varying,similar,unknown,1,5
scenario_06_layered_density,49,10,10.5,Center,5.83726282375999,6.629243923376847,5.016499752812421,4.704140577889349,6.45824357391637,6.39168696811744,99.72574470571105,9.0,99.72574470571105,100.0,99.48230775788285,99.53211598395555,0.8571428571428571,6,100.0,94.53999999999999,94.53999999999999,0.7,7,6.2,P32_derived_Jv_proxy,1.2445071705607484,2.162025201633432,0.7604835532077904,0.9947307670322793,0.8593924762807089,0.9742051504761389,550,6,1,549,0.9981818181818182,0.0018181818181818182,7.0,0.8571428571428571,7.002817496043395,0.8571428571428571,0.012732395447351627,6.990085100596043,0.8978102415027018,0.874829009101916,-0.022981232400785867,1,1,1,1,1,1,cases/scenario_06_layered_density.yaml,scenario_06_layered_density,layered,varying,similar,unknown,1,5
scenario_06_layered_density,49,20,20.5,Center,5.2437799651143315,6.450801731455756,5.6167921878765315,4.668597442266848,7.118929400334544,6.222222222222222,98.53504306217471,9.0,98.53504306217471,100.0,98.55318616680867,99.53211598395555,1.2857142857142858,9,97.62342454161308,94.53999999999999,94.53999999999999,1.5,15,6.2,P32_derived_Jv_proxy,1.3439570576802091,2.3000711310478867,0.7779759024361802,1.0237610037355218,1.0711342247851292,1.1035728110539853,576,9,4,572,0.9930555555555556,0.006944444444444444,7.0,1.2857142857142858,7.333859777674537,1.2857142857142858,0.05092958178940651,7.282930195885131,0.7624198077096715,0.8723681919125734,0.10994838420290187,1,1,1,1,1,1,cases/scenario_06_layered_density.yaml,scenario_06_layered_density,layered,varying,similar,unknown,1,5
scenario_06_layered_density,49,30,30.5,Center,5.782949958928724,6.540145234955014,5.641503158657789,4.926363296483243,6.320684948553799,6.222222222222222,98.95756091408948,9.0,98.95756091408948,100.0,99.73263770511747,99.53211598395555,0.5714285714285714,4,100.0,94.53999999999999,94.53999999999999,0.5,5,6.2,P32_derived_Jv_proxy,1.3625315557363022,2.3943303257946527,0.7763181570071962,0.9355439614841404,0.9755407186167079,0.9664441264655302,525,4,1,524,0.9980952380952381,0.0019047619047619048,7.0,0.5714285714285714,6.684507609859604,0.5714285714285714,0.012732395447351627,6.671775214412253,0.854750132839539,0.8749649896231411,0.02021485678360202,1,1,1,1,1,1,cases/scenario_06_layered_density.yaml,scenario_06_layered_density,layered,varying,similar,unknown,1,5
scenario_06_layered_density,50,10,10.5,Center,5.691346057774829,6.630897047652568,4.479869367572001,4.150218375865898,6.265575935031919,6.222222222222222,100.0,9.0,100.0,100.0,99.93315942627937,100.0,0.14285714285714285,1,99.48772094013208,94.53999999999999,94.53999999999999,0.9,9,6.2,P32_derived_Jv_proxy,1.381835649785789,2.452463263632042,0.7401624150277978,1.0651815368854758,0.7871370537119502,0.9449062306358718,558,1,0,558,1.0,0.0,7.0,0.14285714285714285,7.104676659622208,0.14285714285714285,0.0,7.104676659622208,0.8386265667960673,0.8639369174060442,0.025310350609976884,0,1,1,1,1,1,cases/scenario_06_layered_density.yaml,scenario_06_layered_density,layered,varying,similar,unknown,1,5
scenario_06_layered_density,50,20,20.5,Center,5.91419746449911,6.527924205604946,6.339549974888854,4.277798700981695,6.129583607031628,6.222222222222222,97.38587400891524,9.0,97.38587400891524,100.0,99.36565895808954,99.53211598395555,0.8571428571428571,6,99.00270625069695,94.53999999999999,94.53999999999999,0.9,9,6.2,P32_derived_Jv_proxy,1.1906118595458242,2.09187886710809,0.7753567967715271,0.9379319894556258,1.0719205797477998,0.9389789792241615,574,6,1,573,0.9982578397212544,0.0017421602787456446,7.0,0.8571428571428571,7.308394986779834,0.8571428571428571,0.012732395447351627,7.295662591332482,0.8411783218592008,0.8615417963123033,0.020363474453102492,1,1,1,1,1,1,cases/scenario_06_layered_density.yaml,scenario_06_layered_density,layered,varying,similar,unknown,1,5
scenario_06_layered_density,50,30,30.5,Center,5.800430653160752,6.483718086873373,5.947269187469134,5.531551122873221,6.898642076968659,6.222222222222222,99.20222288760081,9.0,99.20222288760081,100.0,99.43249953181018,100.0,0.7142857142857143,5,98.77140373839089,94.53999999999999,94.53999999999999,1.1,11,6.2,P32_derived_Jv_proxy,1.386302076248878,2.2743180523463318,0.7876502387671095,0.9362381211208355,1.025315109013219,1.0639947611132756,599,5,2,597,0.996661101836394,0.00333889816360601,7.0,0.7142857142857143,7.626704872963624,0.7142857142857143,0.025464790894703253,7.601240082068921,0.8185759729351791,0.8677688905564523,0.0491929176212732,1,1,1,1,1,1,cases/scenario_06_layered_density.yaml,scenario_06_layered_density,layered,varying,similar,unknown,1,5
scenario_06_layered_density,51,10,10.5,Center,5.4133757293643745,6.6256996309278104,5.278320896465401,4.637434330504004,6.892306390843016,6.222222222222222,99.58180104420958,9.0,99.58180104420958,100.0,98.90483791589921,99.53211598395555,1.1428571428571428,8,100.0,94.53999999999999,94.53999999999999,1.2,12,6.2,P32_derived_Jv_proxy,1.3732662816962864,2.27541169881327,0.8086775968531461,1.1085599577656706,0.9750516425145995,1.04023828044826,580,8,2,578,0.996551724137931,0.0034482758620689655,7.0,1.1428571428571428,7.3847893594639435,1.1428571428571428,0.025464790894703253,7.3593245685692406,0.8010559640398391,0.8723777673481534,0.07132180330831428,1,1,1,1,1,1,cases/scenario_06_layered_density.yaml,scenario_06_layered_density,layered,varying,similar,unknown,1,5
scenario_06_layered_density,51,20,20.5,Center,5.338241190097693,6.656526306002653,6.467225205604666,6.560564510846749,6.344418250986765,6.222222222222222,97.19625836349326,9.0,97.19625836349326,100.0,98.44401687370889,98.24769036935783,1.4285714285714286,10,99.84562474957659,94.53999999999999,94.53999999999999,0.8,8,6.2,P32_derived_Jv_proxy,1.285528989725792,2.2249567327371413,0.814450140053415,0.9370434130271722,1.2114898850207836,0.9531124732828835,562,10,2,560,0.99644128113879,0.0035587188612099642,7.0,1.4285714285714286,7.155606241411614,1.4285714285714286,0.025464790894703253,7.130141450516911,0.7823652491639997,0.8691005543591189,0.08673530519511918,1,1,1,1,1,1,cases/scenario_06_layered_density.yaml,scenario_06_layered_density,layered,varying,similar,unknown,1,5
scenario_06_layered_density,51,30,30.5,Center,5.868844975040081,6.514312550632708,7.544269724543123,6.673578508451727,6.163138995437791,6.222222222222222,100.0,9.0,100.0,100.0,99.66579713139684,99.53211598395555,0.7142857142857143,5,99.3941667426054,94.53999999999999,94.53999999999999,0.8,8,6.2,P32_derived_Jv_proxy,1.216502731454447,2.2658849959395155,0.8710966058174459,0.8322878573272232,1.2854777654936438,0.9460920008879818,619,5,1,618,0.9983844911147012,0.0016155088852988692,7.0,0.7142857142857143,7.881352781910657,0.7142857142857143,0.012732395447351627,7.868620386463306,0.803936060380017,0.8660146190551957,0.06207855867517875,0,1,1,1,1,1,cases/scenario_06_layered_density.yaml,scenario_06_layered_density,layered,varying,similar,unknown,1,5
scenario_06_layered_density,52,10,10.5,Center,5.602505348139418,6.6637351081394405,6.167041528252341,6.079335463467133,6.454459171185762,6.222222222222222,98.60619767399784,9.0,98.60619767399784,100.0,99.66579713139683,99.53211598395555,0.7142857142857143,5,99.5730787389132,94.53999999999999,94.53999999999999,1.5,15,6.2,P32_derived_Jv_proxy,1.2245161664271538,2.208592792974645,0.837628737496793,0.9076235350193812,1.1007649515766023,0.9685947995294625,583,5,2,581,0.9965694682675815,0.003430531732418525,7.0,0.7142857142857143,7.4229865458059985,0.7142857142857143,0.025464790894703253,7.3975217549112955,0.8030312587253027,0.8684083246788705,0.06537706595356785,1,1,1,1,1,1,cases/scenario_06_layered_density.yaml,scenario_06_layered_density,layered,varying,similar,unknown,1,5
scenario_06_layered_density,52,20,20.5,Center,5.704742229415242,6.434909260472835,4.3908845036540045,3.8931268920061095,6.02777661014697,6.222222222222222,99.09404301102653,9.0,99.09404301102653,100.0,99.08832728941319,99.53211598395555,1.0,7,99.08053430091803,94.53999999999999,94.53999999999999,1.1,11,6.2,P32_derived_Jv_proxy,1.2648233538715774,2.406587036308571,0.7873585981913774,1.136133443830355,0.7696902554182693,0.936730630713517,613,7,2,611,0.9967373572593801,0.0032626427406199023,7.0,1.0,7.804958409226547,1.0,0.025464790894703253,7.779493618331844,0.8136454578764596,0.8706050641800055,0.05695960630354591,0,1,1,1,1,1,cases/scenario_06_layered_density.yaml,scenario_06_layered_density,layered,varying,similar,unknown,1,5
scenario_06_layered_density,52,30,30.5,Center,6.189801421997867,6.579118691009035,6.36547258799967,5.6970561191051665,6.259029413623805,6.222222222222222,100.0,9.0,100.0,100.0,99.86631885255873,100.0,0.2857142857142857,2,99.39020531213507,94.53999999999999,94.53999999999999,1.0,10,6.2,P32_derived_Jv_proxy,1.372206724470392,2.4367445390092923,0.7868172945266265,0.8274992264154127,1.028380743423769,0.9513476967936966,615,2,0,615,1.0,0.0,7.0,0.2857142857142857,7.830423200121251,0.2857142857142857,0.0,7.830423200121251,0.6438899046299704,0.8707716579127434,0.22688175328277294,1,1,1,1,1,1,cases/scenario_06_layered_density.yaml,scenario_06_layered_density,layered,varying,similar,unknown,1,5
scenario_06_layered_density,53,10,10.5,Center,5.298942262846481,6.556689661318258,7.024860658950609,8.365202485978482,7.592701520240149,6.222222222222222,99.65061347152839,9.0,99.65061347152839,100.0,99.48230775788286,99.53211598395555,0.8571428571428571,6,100.0,94.53999999999999,94.53999999999999,1.1,11,6.2,P32_derived_Jv_proxy,1.3743430344564274,2.1171655291414213,0.7994773836537925,0.927456544026097,1.3257099833310886,1.1580083719737309,623,6,0,623,1.0,0.0,7.0,0.8571428571428571,7.932282363700064,0.8571428571428571,0.0,7.932282363700064,0.7697403354041414,0.8673329681772163,0.09759263277307484,0,1,1,1,1,1,cases/scenario_06_layered_density.yaml,scenario_06_layered_density,layered,varying,similar,unknown,1,5
scenario_06_layered_density,53,20,20.5,Center,6.074780843548477,6.561963239015769,5.09947734178554,4.353524669803491,5.827378622148433,6.222222222222222,98.86703681736176,9.0,98.86703681736176,100.0,99.08832728941319,99.53211598395555,1.0,7,98.70021379649465,94.53999999999999,94.53999999999999,0.8,8,6.2,P32_derived_Jv_proxy,1.2372083691841467,2.3382059099293686,0.7825600235416886,0.9956319960608694,0.8394504218536992,0.8880541401848028,646,7,3,643,0.9953560371517027,0.0046439628482972135,7.0,1.0,8.225127458989151,1.0,0.03819718634205488,8.186930272647096,0.7357077540815249,0.873572650817641,0.13786489673611613,1,1,1,1,1,1,cases/scenario_06_layered_density.yaml,scenario_06_layered_density,layered,varying,similar,unknown,1,5
scenario_06_layered_density,53,30,30.5,Center,5.669012661376771,6.615358320452123,5.306151996594717,4.670611290341238,7.062933695596148,6.222222222222222,98.89253978136276,9.0,98.89253978136276,100.0,99.15516786313381,100.0,0.8571428571428571,6,99.90790806408931,94.53999999999999,94.53999999999999,1.0,10,6.2,P32_derived_Jv_proxy,1.4201077706916299,2.317273178651082,0.7674036426629307,1.0385502184145603,0.9359922641813381,1.0676570116784596,571,6,2,569,0.9964973730297724,0.0035026269702276708,7.0,0.8571428571428571,7.270197800437779,0.8571428571428571,0.025464790894703253,7.244733009543076,0.8115923010898314,0.8651506184588681,0.05355831736903671,1,1,1,1,1,1,cases/scenario_06_layered_density.yaml,scenario_06_layered_density,layered,varying,similar,unknown,1,5
scenario_06_layered_density,54,10,10.5,Center,5.615610759241514,6.616287047371797,4.711456021309575,4.314022557703313,5.794270598197307,5.332351768017099,99.46641525766704,9.0,99.46641525766704,100.0,99.66579713139684,99.53211598395555,0.7142857142857143,5,98.94352272294572,94.53999999999999,94.53999999999999,1.2,12,6.2,P32_derived_Jv_proxy,1.2675945909573172,2.463626872579552,0.7974372141674478,1.0157807381350346,0.83899262668019,0.8757586478203025,622,5,2,620,0.9967845659163987,0.003215434083601286,7.0,0.7142857142857143,7.919549968252712,0.7142857142857143,0.025464790894703253,7.894085177358009,0.7024867836282012,0.8647139255499346,0.1622271419217335,1,1,1,1,1,1,cases/scenario_06_layered_density.yaml,scenario_06_layered_density,layered,varying,similar,unknown,1,5
scenario_06_layered_density,54,20,20.5,Center,5.373350704462943,6.661398566941697,5.537564951373469,4.886755954111905,6.529227104517249,6.222222222222222,100.0,9.0,100.0,100.0,99.93315942627937,100.0,0.14285714285714285,1,99.88397640386013,94.53999999999999,94.53999999999999,1.2,12,6.2,P32_derived_Jv_proxy,1.383710592482334,2.3866949502592507,0.8140542396560414,1.0324737381093576,1.0305608652668314,0.9801586016665672,556,1,0,556,1.0,0.0,7.0,0.14285714285714285,7.079211868727504,0.14285714285714285,0.0,7.079211868727504,0.8777280492015848,0.8631367357147184,-0.014591313486866375,1,1,1,1,1,1,cases/scenario_06_layered_density.yaml,scenario_06_layered_density,layered,varying,similar,unknown,1,5
scenario_06_layered_density,54,30,30.5,Center,5.920507340356913,6.6304491266625245,6.539933362835792,5.778848813201214,6.223310688174746,6.222222222222222,100.0,9.0,100.0,100.0,99.93315942627937,100.0,0.14285714285714285,1,99.81503109572347,94.53999999999999,94.53999999999999,1.0,10,6.2,P32_derived_Jv_proxy,1.3734327411313385,2.452179693358322,0.7768294723685445,0.829853994581361,1.1046238078714277,0.9385956470353444,622,1,0,622,1.0,0.0,7.0,0.14285714285714285,7.919549968252712,0.14285714285714285,0.0,7.919549968252712,0.8266068045228313,0.8694960383252106,0.0428892338023793,1,1,1,1,1,1,cases/scenario_06_layered_density.yaml,scenario_06_layered_density,layered,varying,similar,unknown,1,5
scenario_06_layered_density,55,10,10.5,Center,5.469995939401596,6.65658269837288,6.050190692772441,6.252050952247359,7.151455803231179,6.635110684304676,98.15904725040302,9.0,98.15904725040302,100.0,99.48230775788286,99.53211598395555,0.8571428571428571,6,100.0,94.53999999999999,94.53999999999999,0.4,4,6.2,P32_derived_Jv_proxy,1.3771936598481713,2.277839784023113,0.8055259916581122,0.9594425984092777,1.1060685894100164,1.0743434172280717,593,6,1,592,0.9983136593591906,0.0016863406408094434,7.0,0.8571428571428571,7.550310500279514,0.8571428571428571,0.012732395447351627,7.537578104832163,0.7200666942468761,0.8752243528014874,0.15515765855461128,1,1,1,1,1,1,cases/scenario_06_layered_density.yaml,scenario_06_layered_density,layered,varying,similar,unknown,1,5
scenario_06_layered_density,55,20,20.5,Center,5.991517101341514,6.548151150548228,6.913212551710644,5.540347348604479,7.097667698863474,6.222222222222222,99.38050454649768,9.0,99.38050454649768,100.0,99.29881838436891,99.53211598395555,1.0,7,99.59409966019986,94.53999999999999,94.53999999999999,1.4,14,6.2,P32_derived_Jv_proxy,1.2706957856543937,2.126931280038256,0.8132034045350937,0.981526027753752,1.1538334005860986,1.08391934390049,601,7,2,599,0.9966722129783694,0.0033277870216306157,7.0,1.0,7.652169663858328,1.0,0.025464790894703253,7.626704872963624,0.8177761350534481,0.8674333943740136,0.04965725932056542,1,1,1,1,1,1,cases/scenario_06_layered_density.yaml,scenario_06_layered_density,layered,varying,similar,unknown,1,5
scenario_06_layered_density,55,30,30.5,Center,5.8611551288294725,6.666917420280762,7.529184772400208,7.2075989737239015,7.971368456816353,6.222222222222222,97.3640357077148,9.0,97.3640357077148,100.0,99.73263770511745,99.53211598395555,0.5714285714285714,4,100.0,94.53999999999999,94.53999999999999,0.5,5,6.2,P32_derived_Jv_proxy,1.2693384440273003,2.0699327729295125,0.7887193287721743,0.8086163978078067,1.284590598082985,1.1956602961013814,572,4,1,571,0.9982517482517482,0.0017482517482517483,7.0,0.5714285714285714,7.282930195885131,0.5714285714285714,0.012732395447351627,7.270197800437779,0.7909659252558805,0.8707588089525924,0.07979288369671189,0,1,1,1,1,1,cases/scenario_06_layered_density.yaml,scenario_06_layered_density,layered,varying,similar,unknown,1,5
scenario_06_layered_density,56,10,10.5,Center,5.543333264563673,6.543407714999959,5.610079257552341,5.237428109517975,7.157591404500721,6.903508838797944,100.0,9.0,100.0,100.0,99.29881838436891,99.53211598395555,1.0,7,98.36296772621247,94.53999999999999,94.53999999999999,1.6,16,6.2,P32_derived_Jv_proxy,1.2866830403830212,2.0389823270650065,0.8211789722276459,1.148708738327558,1.0120407685778787,1.0938629711385432,619,7,2,617,0.9967689822294022,0.0032310177705977385,7.0,1.0,7.881352781910657,1.0,0.025464790894703253,7.855887991015954,0.8404331506185423,0.8632240478119358,0.022790897193393556,1,1,1,1,1,1,cases/scenario_06_layered_density.yaml,scenario_06_layered_density,layered,varying,similar,unknown,1,5
scenario_06_layered_density,56,20,20.5,Center,5.565554702766763,6.387761451677135,4.892058898770031,4.639571401367896,6.5177010556084225,6.222222222222222,100.0,9.0,100.0,100.0,99.68282947904477,100.0,0.42857142857142855,3,98.83760578907076,94.53999999999999,94.53999999999999,0.7,7,6.2,P32_derived_Jv_proxy,1.2910647368830583,2.250564929359741,0.7852191434676766,1.0734433072354226,0.8789885573019485,1.020341962503495,610,3,0,610,1.0,0.0,7.0,0.42857142857142855,7.766761222884492,0.42857142857142855,0.0,7.766761222884492,0.6967213529370355,0.8667834558498888,0.17006210291285329,1,1,1,1,1,1,cases/scenario_06_layered_density.yaml,scenario_06_layered_density,layered,varying,similar,unknown,1,5
scenario_06_layered_density,56,30,30.5,Center,5.719445881580991,6.5873094215976185,6.700438500149874,6.07103341358805,6.968324210375444,6.222222222222222,100.0,9.0,100.0,100.0,99.79947827883811,100.0,0.42857142857142855,3,99.65128360416348,94.53999999999999,94.53999999999999,1.0,10,6.2,P32_derived_Jv_proxy,1.2666153770621655,2.250107449502529,0.8117651410183528,0.8459489616536118,1.17151882173203,1.0578407304701072,598,3,0,598,1.0,0.0,7.0,0.42857142857142855,7.613972477516273,0.42857142857142855,0.0,7.613972477516273,0.7459366263424472,0.8662813871565667,0.12034476081411949,1,1,1,1,1,1,cases/scenario_06_layered_density.yaml,scenario_06_layered_density,layered,varying,similar,unknown,1,5
scenario_06_layered_density,57,10,10.5,Center,5.334844500704054,6.633205609918902,4.577699440228492,3.907051650790103,6.109706858555646,6.222222222222222,100.0,9.0,100.0,100.0,99.5491483316035,99.53211598395555,0.7142857142857143,5,99.45735614460544,94.53999999999999,94.53999999999999,0.9,9,6.2,P32_derived_Jv_proxy,1.2562910928579039,2.3524877247635123,0.794383922768454,1.121139960952964,0.8580755145954789,0.921079070641132,587,5,0,587,1.0,0.0,7.0,0.7142857142857143,7.473916127595405,0.7142857142857143,0.0,7.473916127595405,0.825378405174779,0.8741648182091124,0.0487864130343334,1,1,1,1,1,1,cases/scenario_06_layered_density.yaml,scenario_06_layered_density,layered,varying,similar,unknown,1,5
scenario_06_layered_density,57,20,20.5,Center,5.401832541082823,6.593093874911988,9.734006164597714,4.433874097681073,8.519688067255403,6.222222222222222,100.0,9.0,100.0,100.0,99.66579713139683,99.53211598395555,0.7142857142857143,5,99.83682061713654,94.53999999999999,94.53999999999999,1.3,13,6.2,P32_derived_Jv_proxy,1.4351107595654489,2.2375313267993238,0.8474977562598436,1.0481669717449873,1.8019822144739213,1.2922139785805997,611,5,1,610,0.9983633387888707,0.0016366612111292963,7.0,0.7142857142857143,7.779493618331844,0.7142857142857143,0.012732395447351627,7.766761222884492,0.7853695946698298,0.8753333688556368,0.08996377418580703,0,0,1,0,1,1,cases/scenario_06_layered_density.yaml,scenario_06_layered_density,layered,varying,similar,unknown,1,5
scenario_06_layered_density,57,30,30.5,Center,5.648173469981562,6.474726419944402,5.552576025252998,5.106107132842842,7.06876942812421,6.222222222222222,98.32424340688674,9.0,98.32424340688674,100.0,99.5491483316035,99.53211598395555,0.7142857142857143,5,100.0,94.53999999999999,94.53999999999999,0.7,7,6.2,P32_derived_Jv_proxy,1.3763546172291203,2.1993161179501275,0.7755378523080092,1.0858487789027842,0.9830746266493695,1.09174797043933,601,5,1,600,0.9983361064891847,0.0016638935108153079,7.0,0.7142857142857143,7.652169663858328,0.7142857142857143,0.012732395447351627,7.639437268410976,0.7938262645219399,0.8634904113998544,0.06966414687791445,1,1,1,1,1,1,cases/scenario_06_layered_density.yaml,scenario_06_layered_density,layered,varying,similar,unknown,1,5
scenario_06_layered_density,58,10,10.5,Center,5.744447485647724,6.535983288783284,5.230650381541798,5.031148791978369,5.8627407147645725,6.222222222222222,96.29002676544806,9.0,96.29002676544806,100.0,99.11532901085494,99.53211598395555,1.1428571428571428,8,97.66219174849701,94.53999999999999,94.53999999999999,2.1,21,6.2,P32_derived_Jv_proxy,1.234256457146466,2.27981340734703,0.7729490352301653,0.9544543061044193,0.9105576114344107,0.8969944468532997,575,8,2,573,0.9965217391304347,0.0034782608695652175,7.0,1.1428571428571428,7.321127382227186,1.1428571428571428,0.025464790894703253,7.295662591332482,0.7815550169902046,0.863850981620191,0.08229596462998645,1,1,1,1,1,1,cases/scenario_06_layered_density.yaml,scenario_06_layered_density,layered,varying,similar,unknown,1,5
scenario_06_layered_density,58,20,20.5,Center,5.920802752011705,6.541589833132621,5.796901181617168,4.30790046658422,7.966298106135482,6.222222222222222,99.79774831460362,9.0,99.79774831460362,100.0,99.43249953181018,100.0,0.7142857142857143,5,99.93358931606433,94.53999999999999,94.53999999999999,1.0,10,6.2,P32_derived_Jv_proxy,1.3262412789943863,2.240500664443362,0.7489249680666565,1.095623897826122,0.9790735183075574,1.217792357721181,592,5,2,590,0.9966216216216216,0.0033783783783783786,7.0,0.7142857142857143,7.537578104832163,0.7142857142857143,0.025464790894703253,7.512113313937459,0.8061295533971196,0.8637114696812518,0.05758191628413223,1,1,1,1,1,1,cases/scenario_06_layered_density.yaml,scenario_06_layered_density,layered,varying,similar,unknown,1,5
scenario_06_layered_density,58,30,30.5,Center,5.563367190392483,6.544728308505695,6.148315412698502,6.0932375315076115,7.742420741759255,7.510589005089871,99.25485855303445,9.0,99.25485855303445,100.0,99.27181666292712,99.53211598395555,0.8571428571428571,6,99.53250778215107,94.53999999999999,94.53999999999999,0.8,8,6.2,P32_derived_Jv_proxy,1.4056365462066978,2.081612197793015,0.8217978743598324,1.0658195700715642,1.1051428392711848,1.1830010929096948,622,6,2,620,0.9967845659163987,0.003215434083601286,7.0,0.8571428571428571,7.919549968252712,0.8571428571428571,0.025464790894703253,7.894085177358009,0.830905553581816,0.8728326539114585,0.04192710032964253,1,1,1,1,1,1,cases/scenario_06_layered_density.yaml,scenario_06_layered_density,layered,varying,similar,unknown,1,5
scenario_06_layered_density,59,10,10.5,Center,6.112378954313619,6.59132277512275,5.703012251064422,6.021187670618875,7.045815924481357,6.222222222222222,98.20689521107617,9.0,98.20689521107617,100.0,99.36565895808954,99.53211598395555,0.8571428571428571,6,98.44780791325732,94.53999999999999,94.53999999999999,1.1,11,6.2,P32_derived_Jv_proxy,1.3556159253084348,2.1783561836124883,0.764368990292794,1.059708602412422,0.9330266159364515,1.0689532533703212,605,6,1,604,0.9983471074380166,0.001652892561983471,7.0,0.8571428571428571,7.703099245647734,0.8571428571428571,0.012732395447351627,7.690366850200383,0.7453863829341782,0.8612748495290956,0.11588846659491736,1,1,1,1,1,1,cases/scenario_06_layered_density.yaml,scenario_06_layered_density,layered,varying,similar,unknown,1,5
scenario_06_layered_density,59,20,20.5,Center,6.005880390202769,6.592554535632308,5.691080767255984,4.657026259565474,5.743636403959967,6.222222222222222,97.6079594443604,9.0,97.6079594443604,100.0,99.73263770511747,99.53211598395555,0.5714285714285714,4,99.751153163284,94.53999999999999,94.53999999999999,1.1,11,6.2,P32_derived_Jv_proxy,1.2295464748034213,2.4001267288551915,0.7307704481171861,0.8286616867153699,0.9475847665131146,0.8712307760089057,580,4,0,580,1.0,0.0,7.0,0.5714285714285714,7.3847893594639435,0.5714285714285714,0.0,7.3847893594639435,0.8102593397968173,0.8682831620559628,0.058023822259145486,1,1,1,1,1,1,cases/scenario_06_layered_density.yaml,scenario_06_layered_density,layered,varying,similar,unknown,1,5
scenario_06_layered_density,59,30,30.5,Center,6.046230439826694,6.592877987375991,4.628366110498532,4.252119449263926,6.979402243881995,6.222222222222222,98.42726879449255,9.0,98.42726879449255,100.0,99.02148671569255,99.53211598395555,1.1428571428571428,8,99.15474907465317,94.53999999999999,94.53999999999999,1.5,15,6.2,P32_derived_Jv_proxy,1.2265621020695252,2.066185014331474,0.7570383857372643,1.1478734344242796,0.7654961478165555,1.058627545852679,602,8,3,599,0.9950166112956811,0.0049833887043189366,7.0,1.1428571428571428,7.664902059305679,1.1428571428571428,0.03819718634205488,7.626704872963624,0.8067746812161052,0.8626000737970193,0.055825392580914124,0,1,1,1,1,1,cases/scenario_06_layered_density.yaml,scenario_06_layered_density,layered,varying,similar,unknown,1,5
