case_name,seed,face_x_idx,face_x_coord,Q_face_mean,Q_face_median,Qp_face_mean,Qp_face_median,Q_borehole_mean,Qp_borehole_mean,Q_ratio,Q_difference,Q_log_ratio,Qp_ratio,Qp_difference,face_joints_count,face_rqd_practical,face_rqd_mean,face_rqd_min_dir,RQD_borehole_direct,RQD_borehole_hudson,lambda_borehole,borehole_n_intersections_total,RQD_face_scanline,lambda_face_scanline,RQD_face_scanline_hudson,face_scanline_n_intersections,Jv_face,Jv_method,RQD_face_jv,RQD_face_conservative,RQD_diff_bh_direct_minus_face_scanline,RQD_diff_bh_hudson_minus_face_scanline,RQD_diff_bh_direct_minus_face_jv,RQD_diff_bh_hudson_minus_face_jv,RQD_absdiff_bh_direct_face_scanline,RQD_absdiff_bh_hudson_face_scanline,RQD_absdiff_bh_direct_face_jv,RQD_absdiff_bh_hudson_face_jv,face_joint_count,bh_union_fracture_count,common_union_fracture_count,missed_union_fracture_count,miss_ratio_union,detection_ratio_union,face_area,window_length,face_fracture_density,bh_fracture_frequency_mean,bh_union_fracture_frequency,common_fracture_density,missed_fracture_density,face_orientation_bias,bh_union_orientation_bias,orientation_bias_gap,Q_match_strict,Q_match_normal,Q_match_loose,Qp_match_strict,Qp_match_normal,Qp_match_loose,face_RQD_mean,face_RQD_median,face_RQD_std,face_RQD_min,face_RQD_max,face_RQD_n_points,face_Jn_mean,face_Jn_median,face_Jn_std,face_Jn_min,face_Jn_max,face_Jn_n_points,face_Jr_mean,face_Jr_median,face_Jr_std,face_Jr_min,face_Jr_max,face_Jr_n_points,face_Ja_mean,face_Ja_median,face_Ja_std,face_Ja_min,face_Ja_max,face_Ja_n_points,face_Jw_mean,face_Jw_median,face_Jw_std,face_Jw_min,face_Jw_max,face_Jw_n_points,face_SRF_mean,face_SRF_median,face_SRF_std,face_SRF_min,face_SRF_max,face_SRF_n_points,face_Q_mean,face_Q_median,face_Q_std,face_Q_min,face_Q_max,face_Q_n_points,face_Qprime_mean,face_Qprime_median,face_Qprime_std,face_Qprime_min,face_Qprime_max,face_Qprime_n_points
granite_sparse_favorable,42,10,10.5,11.192707461309006,10.39372045162861,12.93642503523138,12.93642503523138,11.116478126476888,12.175037059690139,0.9931893748589761,-0.07622933483211725,-0.0029679351754663408,0.9411438652125561,-0.7613879755412416,17,100.0,100.0,100.0,100.0,99.79947827883811,0.42857142857142855,3,100.0,0.0,100.0,0,0.3,P32_derived_Jv_proxy,100.0,100.0,0.0,-0.20052172116189126,0.0,-0.20052172116189126,0.0,0.20052172116189126,0.0,0.20052172116189126,17,3,1,16,0.9411764705882353,0.058823529411764705,78.53981633974483,7.0,0.21645072260497766,0.42857142857142855,0.42857142857142855,0.012732395447351627,0.20371832715762603,0.03941918004918632,0.010749440712775171,0.02866973933641115,1,1,1,1,1,1,100.0,100.0,0.0,100.0,100.0,81,4.0,4.0,0.0,4.0,4.0,81,1.2163338996041175,1.2163338996041175,0.40688916881244924,0.5,2.1431680824760613,81,2.3505989798022324,2.3505989798022324,0.44482615092881006,1.6067067558819117,3.1571351743245835,81,0.8058327165278021,0.8181410398520713,0.09698859505082212,0.5852422834053733,1.0,81,1.0105751285485172,1.0472893591873296,0.2692197399597699,0.5,1.590837079968735,81,11.192707461309006,10.39372045162861,3.7501883777449265,5.719261230706771,25.6902756052886,81,12.93642503523138,12.93642503523138,0.0,12.93642503523138,12.93642503523138,81
granite_sparse_favorable,42,20,20.5,11.99457793322653,10.559627194505753,13.774124573000622,13.774124573000627,13.271646072005899,13.0,1.1064704523901359,1.2770681387793683,0.043939820852290534,0.9437986371549141,-0.7741245730006217,22,100.0,100.0,100.0,100.0,100.0,0.0,0,100.0,0.0,100.0,0,0.3,P32_derived_Jv_proxy,100.0,100.0,0.0,0.0,0.0,0.0,0.0,0.0,0.0,0.0,22,0,0,22,1.0,0.0,78.53981633974483,7.0,0.2801126998417358,0.0,0.0,0.0,0.2801126998417358,0.03473293418214396,0.0,0.03473293418214396,1,1,1,1,1,1,100.0,100.0,0.0,100.0,100.0,81,4.0,4.0,0.0,4.0,4.0,81,1.3297286031620212,1.3297286031620212,0.21724900912424036,0.9423555307138837,1.9061063645042224,81,2.413453929711967,2.413453929711967,0.3599973105660291,1.822341718301296,3.2627344290113918,81,0.798630632879434,0.8018718996317244,0.08741301252741472,0.5433440278598597,1.0,81,1.0092073471858596,0.9800795884711129,0.29175180259474975,0.5,1.818773120744136,81,11.99457793322653,10.559627194505753,4.380114612614839,6.049621373934079,26.328401656385306,81,13.774124573000622,13.774124573000627,5.329070518200751e-15,13.774124573000627,13.774124573000627,81
granite_sparse_favorable,42,30,30.5,11.52940432198589,10.435949041219155,13.6012266780474,13.601226678047398,10.847175240118313,13.317962573887042,0.940827031231214,-0.6822290818675771,-0.02649021322169154,0.9791736355208644,-0.28326410416035763,26,100.0,100.0,100.0,99.61743926337165,99.79947827883811,0.42857142857142855,3,100.0,0.1,99.99503320866597,1,0.3,P32_derived_Jv_proxy,100.0,100.0,-0.3825607366283492,-0.20052172116189126,-0.3825607366283492,-0.20052172116189126,0.3825607366283492,0.20052172116189126,0.3825607366283492,0.20052172116189126,26,3,1,25,0.9615384615384616,0.038461538461538464,78.53981633974483,7.0,0.3310422816311423,0.42857142857142855,0.42857142857142855,0.012732395447351627,0.3183098861837907,0.028233317515427903,0.020941675159258488,0.007291642356169414,1,1,1,1,1,1,100.0,100.0,0.0,100.0,100.0,81,4.0,4.0,0.0,4.0,4.0,81,1.3368719574943513,1.3368719574943513,0.3337594509061242,0.6044587480061416,1.9086912216267131,81,2.457263578387537,2.457263578387537,0.37271863475174405,1.6882317879565356,3.1757915699393022,81,0.7859828510482846,0.7902061459452242,0.09814277936060319,0.41211259942630074,1.0,81,0.9982078557519091,1.0207631939712856,0.25956750463695677,0.5,1.4964035952855428,81,11.52940432198589,10.435949041219155,3.518159113837772,6.1495620432738765,20.621783776833613,81,13.6012266780474,13.601226678047398,1.7763568394002505e-15,13.601226678047398,13.601226678047398,81
granite_sparse_favorable,42,40,40.5,12.237410867997225,11.32445260332335,14.101624298945847,14.101624298945847,11.072237933752238,13.636339590472515,0.9047859921666845,-1.1651729342449872,-0.04345413174728341,0.9670048854933603,-0.46528470847333203,14,100.0,100.0,100.0,100.0,99.93315942627937,0.14285714285714285,1,100.0,0.0,100.0,0,0.3,P32_derived_Jv_proxy,100.0,100.0,0.0,-0.06684057372062568,0.0,-0.06684057372062568,0.0,0.06684057372062568,0.0,0.06684057372062568,14,1,0,14,1.0,0.0,78.53981633974483,7.0,0.17825353626292278,0.14285714285714285,0.14285714285714285,0.0,0.17825353626292278,0.052856396288441077,0.016648074948395597,0.03620832134004548,1,1,1,1,1,1,100.0,100.0,0.0,100.0,100.0,81,4.0,4.0,0.0,4.0,4.0,81,1.3253964700533258,1.3253964700533258,0.2860775287862972,0.6150010412932576,1.7880668119889898,81,2.3497230566417877,2.3497230566417877,0.4690159256569744,1.6882317879565356,3.1078434464385043,81,0.80108886078776,0.7830120710909552,0.10261550287205679,0.5791784315829681,1.0,81,0.9914101247756762,0.9808340827685149,0.2531766761769635,0.5,1.7645533590169384,81,12.237410867997225,11.32445260332335,3.960569886342257,6.460291881549991,26.042189301651657,81,14.101624298945847,14.101624298945847,0.0,14.101624298945847,14.101624298945847,81
granite_sparse_favorable,42,50,50.5,11.234507322403516,9.984200733584508,12.536453468205307,12.536453468205305,11.865814354110865,11.965896553281151,1.0561935662677806,0.6313070317073493,0.02374351768484595,0.9544881719242854,-0.5705569149241558,18,100.0,100.0,100.0,99.18553203909458,99.86631885255873,0.2857142857142857,2,100.0,0.0,100.0,0,0.3,P32_derived_Jv_proxy,100.0,100.0,-0.814467960905418,-0.13368114744126558,-0.814467960905418,-0.13368114744126558,0.814467960905418,0.13368114744126558,0.814467960905418,0.13368114744126558,18,2,1,17,0.9444444444444444,0.05555555555555555,78.53981633974483,7.0,0.22918311805232927,0.2857142857142857,0.2857142857142857,0.012732395447351627,0.21645072260497766,0.0295350187160478,0.014481384259219743,0.015053634456828058,1,1,1,1,1,1,100.0,100.0,0.0,100.0,100.0,81,4.0,4.0,0.0,4.0,4.0,81,1.2908191884866067,1.2908191884866067,0.21740660528732714,0.864917855877928,1.6423681879582475,81,2.5741314953235293,2.5741314953235293,0.3148463446033023,2.132367126554334,3.2840528323536633,81,0.801977084343542,0.8126918194318841,0.09422359011018473,0.575396349393484,1.0,81,1.0039593712621988,1.0038870558080872,0.3151960495864051,0.5,1.850565605707763,81,11.234507322403516,9.984200733584508,4.468177709093691,5.6671201757061205,24.17045159765303,81,12.536453468205307,12.536453468205305,1.7763568394002505e-15,12.536453468205305,12.536453468205305,81
granite_sparse_favorable,42,60,60.5,10.905306932352271,10.07457252325193,12.083042684768289,12.08304268476829,10.540677719120627,12.233567266866785,0.9665640577112126,-0.36462921323164466,-0.01476935840871385,1.0124575064431616,0.1505245820984964,21,100.0,100.0,100.0,100.0,99.93315942627937,0.14285714285714285,1,100.0,0.0,100.0,0,0.3,P32_derived_Jv_proxy,100.0,100.0,0.0,-0.06684057372062568,0.0,-0.06684057372062568,0.0,0.06684057372062568,0.0,0.06684057372062568,21,1,0,21,1.0,0.0,78.53981633974483,7.0,0.26738030439438415,0.14285714285714285,0.14285714285714285,0.0,0.26738030439438415,0.025419954205943562,0.058962000528897884,-0.03354204632295432,1,1,1,1,1,1,100.0,100.0,0.0,100.0,100.0,81,4.0,4.0,0.0,4.0,4.0,81,1.222088587479926,1.222088587479926,0.30476614101450117,0.6079743325605422,1.820818490028673,81,2.5285199667060545,2.5285199667060545,0.46061315999060093,1.7637881756119866,3.444666637170678,81,0.796531347629674,0.8009249700722829,0.08300327805529423,0.5657463866024023,1.0,81,0.9485468535984315,0.9675484791222612,0.23298584419055413,0.5,1.5727726683934522,81,10.905306932352271,10.07457252325193,3.453206881662523,5.239742048191042,23.265208070701853,81,12.083042684768289,12.08304268476829,1.7763568394002505e-15,12.08304268476829,12.08304268476829,81
granite_sparse_favorable,42,70,70.5,11.788771315831143,10.832309327660846,13.463893003400287,13.463893003400287,10.441787280374744,12.815287363018156,0.8857400827134941,-1.3469840354563996,-0.05269370159361886,0.9518262927209592,-0.6486056403821312,19,100.0,100.0,100.0,100.0,99.93315942627937,0.14285714285714285,1,100.0,0.0,100.0,0,0.3,P32_derived_Jv_proxy,100.0,100.0,0.0,-0.06684057372062568,0.0,-0.06684057372062568,0.0,0.06684057372062568,0.0,0.06684057372062568,19,1,1,18,0.9473684210526315,0.05263157894736842,78.53981633974483,7.0,0.2419155134996809,0.14285714285714285,0.14285714285714285,0.012732395447351627,0.22918311805232927,0.029113711966515687,0.0001599519801394056,0.028953759986376282,1,1,1,1,1,1,100.0,100.0,0.0,100.0,100.0,81,4.0,4.0,0.0,4.0,4.0,81,1.3042517211058844,1.3042517211058844,0.20919958026581428,0.7732281024224735,1.6808019994861643,81,2.421758180892587,2.421758180892587,0.4313851904465449,1.4600826196961956,3.2946564404346796,81,0.8058055492208281,0.8141794615669642,0.0996122281003249,0.5807036689543598,1.0,81,0.9987298165939238,1.0016184826170826,0.27952843148427436,0.5,1.7536793343175698,81,11.788771315831143,10.832309327660846,3.760502324821834,6.0269650039395435,22.877642728323153,81,13.463893003400287,13.463893003400287,0.0,13.463893003400287,13.463893003400287,81
granite_sparse_favorable,42,80,80.5,11.092322549424523,9.469209935369603,12.458807007915127,12.45880700791513,10.78296188255143,12.07545472345342,0.9721103794543783,-0.3093606668730935,-0.012284419779172051,0.9692304179510798,-0.3833522844617061,16,100.0,100.0,100.0,98.65685541438748,99.79947827883811,0.42857142857142855,3,100.0,0.0,100.0,0,0.3,P32_derived_Jv_proxy,100.0,100.0,-1.3431445856125208,-0.20052172116189126,-1.3431445856125208,-0.20052172116189126,1.3431445856125208,0.20052172116189126,1.3431445856125208,0.20052172116189126,16,3,1,15,0.9375,0.0625,78.53981633974483,7.0,0.20371832715762603,0.42857142857142855,0.42857142857142855,0.012732395447351627,0.1909859317102744,0.0405293219860452,0.019736853320319603,0.020792468665725594,1,1,1,1,1,1,100.0,100.0,0.0,100.0,100.0,81,4.0,4.0,0.0,4.0,4.0,81,1.2703602159406273,1.2703602159406273,0.26147637498616133,0.8098090983681254,1.8747644584054868,81,2.549120905263165,2.549120905263165,0.4462555713030328,1.7739116176013647,3.2330669110483994,81,0.8352915629243561,0.840021308278835,0.10435776269106348,0.6032036668355003,1.0,81,1.0498513137319603,1.058428281550172,0.3124754782145494,0.5,1.715070482424471,81,11.092322549424523,9.469209935369603,4.441613240372534,4.936851414885242,24.539641761239384,81,12.458807007915127,12.45880700791513,3.552713678800501e-15,12.45880700791513,12.45880700791513,81
granite_sparse_favorable,43,10,10.5,10.099654786145809,9.133996035485996,11.815614121838951,11.815614121838953,13.452213890458882,13.741573686421145,1.331947890824144,3.352559104313073,0.1244872344662562,1.163001224034764,1.9259595645821932,18,100.0,100.0,100.0,99.90603983736601,99.4054978103684,0.5714285714285714,4,100.0,0.1,99.99503320866597,1,0.3,P32_derived_Jv_proxy,100.0,100.0,-0.09396016263399076,-0.5945021896315978,-0.09396016263399076,-0.5945021896315978,0.09396016263399076,0.5945021896315978,0.09396016263399076,0.5945021896315978,18,4,1,17,0.9444444444444444,0.05555555555555555,78.53981633974483,7.0,0.22918311805232927,0.5714285714285714,0.5714285714285714,0.012732395447351627,0.21645072260497766,0.04001385834015858,0.04518812420260154,-0.005174265862442962,0,1,1,1,1,1,100.0,100.0,0.0,100.0,100.0,81,4.0,4.0,0.0,4.0,4.0,81,1.0950028808675196,1.0950028808675196,0.32033618630813926,0.5,1.714242002051003,81,2.316855623364535,2.316855623364535,0.3645636788019244,1.7518131690630974,3.207658354921809,81,0.8014014062393723,0.8140371538245594,0.10213771782066143,0.5231364227270517,1.0,81,1.0438481419175636,1.0508647323810545,0.3231129883238189,0.5,1.7828850917918175,81,10.099654786145809,9.133996035485996,3.793288386860941,4.72447823656942,20.53402865021055,81,11.815614121838951,11.815614121838953,1.7763568394002505e-15,11.815614121838953,11.815614121838953,81
granite_sparse_favorable,43,20,20.5,9.854476175210618,9.34382041447062,12.093909975676537,12.093909975676537,10.661370835915534,13.087208710212135,1.0818810301388415,0.8068946607049163,0.0341795058768698,1.0821321422545178,0.9932987345355979,13,100.0,100.0,100.0,99.71045875510822,99.93315942627937,0.14285714285714285,1,100.0,0.0,100.0,0,0.3,P32_derived_Jv_proxy,100.0,100.0,-0.28954124489177957,-0.06684057372062568,-0.28954124489177957,-0.06684057372062568,0.28954124489177957,0.06684057372062568,0.28954124489177957,0.06684057372062568,13,1,0,13,1.0,0.0,78.53981633974483,7.0,0.16552114081557115,0.14285714285714285,0.14285714285714285,0.0,0.16552114081557115,0.047240730794379404,0.055354723822438,-0.008113993028058597,1,1,1,1,1,1,100.0,100.0,0.0,100.0,100.0,81,4.0,4.0,0.0,4.0,4.0,81,1.2884737967233202,1.2884737967233202,0.34704434664281614,0.7944494218754994,1.914742922615933,81,2.6634764921243814,2.6634764921243814,0.4343386410050941,1.9020807694901967,3.2789651152777974,81,0.7779195492674149,0.7792094108697226,0.10401566941795344,0.5525150982087609,1.0,81,1.0283543124605499,1.0457797336449728,0.25305032988175064,0.5,1.525670655885865,81,9.854476175210618,9.34382041447062,3.327345072009074,4.9444681791531,20.91334498963971,81,12.093909975676537,12.093909975676537,0.0,12.093909975676537,12.093909975676537,81
granite_sparse_favorable,43,30,30.5,11.757494938656908,11.474146817708256,12.94384677911864,12.943846779118637,11.108868620598845,13.0,0.9448329494129335,-0.6486263180580636,-0.02464496986246889,1.0043382173661037,0.056153220881359545,25,100.0,100.0,100.0,100.0,100.0,0.0,0,100.0,0.1,99.99503320866597,1,0.3,P32_derived_Jv_proxy,100.0,100.0,0.0,0.0,0.0,0.0,0.0,0.0,0.0,0.0,25,0,0,25,1.0,0.0,78.53981633974483,7.0,0.3183098861837907,0.0,0.0,0.0,0.3183098861837907,0.032729568989144586,0.0,0.032729568989144586,1,1,1,1,1,1,100.0,100.0,0.0,100.0,100.0,81,4.0,4.0,0.0,4.0,4.0,81,1.2814221570416,1.2814221570416,0.30526890303508447,0.696268110356645,1.760704588903888,81,2.4749639324934396,2.4749639324934396,0.38490701248480874,1.9129099032603796,3.2587391157294543,81,0.8041682561944393,0.8144260509696161,0.09695893638668682,0.5622243506084872,1.0,81,0.9413077924833457,0.9200045478104086,0.24226814047056236,0.5,1.542426758971279,81,11.757494938656908,11.474146817708256,3.1467445276068404,6.871618186301018,19.44219984913705,81,12.94384677911864,12.943846779118637,3.552713678800501e-15,12.943846779118637,12.943846779118637,81
granite_sparse_favorable,43,40,40.5,11.59484655094279,10.708432452942587,13.218588297482667,13.218588297482667,14.042016086685615,15.14684346473508,1.2110566556436093,2.447169535742825,0.0831644607795825,1.1458745157846868,1.9282551672524129,17,100.0,100.0,100.0,100.0,99.93315942627937,0.14285714285714285,1,100.0,0.2,99.98026467728904,2,0.3,P32_derived_Jv_proxy,100.0,100.0,0.0,-0.06684057372062568,0.0,-0.06684057372062568,0.0,0.06684057372062568,0.0,0.06684057372062568,17,1,0,17,1.0,0.0,78.53981633974483,7.0,0.21645072260497766,0.14285714285714285,0.14285714285714285,0.0,0.21645072260497766,0.03787916889653553,0.01432886531596822,0.02355030358056731,1,1,1,1,1,1,100.0,100.0,0.0,100.0,100.0,81,4.0,4.0,0.0,4.0,4.0,81,1.3865597189456433,1.3865597189456433,0.21171804284262655,1.0320154491580862,1.7215453536434182,81,2.6223672447868323,2.6223672447868323,0.333980894315939,2.1469567997015053,3.2306762421652264,81,0.8212137045184241,0.8103209676572208,0.09453284979587645,0.5624051435040069,1.0,81,1.039693594951147,1.0296064113542802,0.3119081093139165,0.5,1.6864390077401887,81,11.59484655094279,10.708432452942587,4.202440859911492,4.584381460240103,25.411744786777394,81,13.218588297482667,13.218588297482667,0.0,13.218588297482667,13.218588297482667,81
granite_sparse_favorable,43,50,50.5,12.623344142505022,11.578966810536478,13.907603580292957,13.907603580292957,8.260531755839112,12.61636405459819,0.6543853722584055,-4.36281238666591,-0.18416641718890236,0.9071558577119317,-1.2912395256947669,20,100.0,100.0,100.0,100.0,99.86631885255873,0.2857142857142857,2,100.0,0.1,99.99503320866597,1,0.3,P32_derived_Jv_proxy,100.0,100.0,0.0,-0.13368114744126558,0.0,-0.13368114744126558,0.0,0.13368114744126558,0.0,0.13368114744126558,20,2,0,20,1.0,0.0,78.53981633974483,7.0,0.25464790894703254,0.2857142857142857,0.2857142857142857,0.0,0.25464790894703254,0.03655788148254957,0.08924831969042557,-0.052690438207876,0,0,1,1,1,1,100.0,100.0,0.0,100.0,100.0,81,4.0,4.0,0.0,4.0,4.0,81,1.4300946294625736,1.4300946294625736,0.33208937004855593,0.5152033043813191,2.118532191985855,81,2.570706414671278,2.570706414671278,0.44472023887053774,1.8810593821900934,3.7221432278134388,81,0.8051613844720689,0.7960782226200256,0.1060132896310704,0.5904212735944454,1.0,81,0.9806098738886923,0.9504404521207237,0.2829555166867192,0.5,1.6995552875297946,81,12.623344142505022,11.578966810536478,4.821727567109867,6.627970187416045,27.712407764008873,81,13.907603580292957,13.907603580292957,0.0,13.907603580292957,13.907603580292957,81
granite_sparse_favorable,43,60,60.5,11.624264114572352,10.719840405923499,13.012665175620537,13.012665175620535,13.370032459673903,13.464850764479126,1.1501831279722068,1.7457683451015509,0.06076699264589003,1.0347496521854544,0.4521855888585886,17,100.0,100.0,100.0,99.86320448196318,99.68282947904478,0.42857142857142855,3,100.0,0.0,100.0,0,0.3,P32_derived_Jv_proxy,100.0,100.0,-0.13679551803681989,-0.3171705209552158,-0.13679551803681989,-0.3171705209552158,0.13679551803681989,0.3171705209552158,0.13679551803681989,0.3171705209552158,17,3,1,16,0.9411764705882353,0.058823529411764705,78.53981633974483,7.0,0.21645072260497766,0.42857142857142855,0.42857142857142855,0.012732395447351627,0.20371832715762603,0.03522719846126232,0.07532280297288929,-0.04009560451162697,1,1,1,1,1,1,100.0,100.0,0.0,100.0,100.0,81,4.0,4.0,0.0,4.0,4.0,81,1.2437368341615074,1.2437368341615074,0.30300606508951045,0.6027566643552204,1.8026819874554718,81,2.3894736731020925,2.3894736731020925,0.4745094198952336,1.3376425933733027,3.1347566131573195,81,0.7921876350666046,0.788707062658949,0.0841171521556752,0.5897703572237968,1.0,81,0.9686067130123986,0.9176043750931344,0.2849335024448595,0.5,1.7716145996211208,81,11.624264114572352,10.719840405923499,3.7830184454090836,5.442695452482584,22.662925059365204,81,13.012665175620537,13.012665175620535,1.7763568394002505e-15,13.012665175620535,13.012665175620535,81
granite_sparse_favorable,43,70,70.5,10.891458524951952,9.954035418087553,11.787336536503883,11.787336536503881,10.343291925988696,13.0,0.9496700466969208,-0.548166598963256,-0.022427259752692885,1.1028784967444216,1.212663463496117,22,100.0,100.0,100.0,100.0,100.0,0.0,0,100.0,0.1,99.99503320866597,1,0.3,P32_derived_Jv_proxy,100.0,100.0,0.0,0.0,0.0,0.0,0.0,0.0,0.0,0.0,22,0,0,22,1.0,0.0,78.53981633974483,7.0,0.2801126998417358,0.0,0.0,0.0,0.2801126998417358,0.04501863654437688,0.0,0.04501863654437688,1,1,1,1,1,1,100.0,100.0,0.0,100.0,100.0,81,4.0,4.0,0.0,4.0,4.0,81,1.213959932999847,1.213959932999847,0.32599026023239674,0.5917092570787614,1.8414824796242717,81,2.5747121269515967,2.5747121269515967,0.5313697734498554,1.9394539534364164,3.853867465974494,81,0.821639142022217,0.8203952367382287,0.08161854996409543,0.6409272034825164,1.0,81,0.9715214717592067,0.9598117094899175,0.2713572503655,0.5,1.5982698200873018,81,10.891458524951952,9.954035418087553,3.793065942871993,5.450265701268202,23.333621442260814,81,11.787336536503883,11.787336536503881,1.7763568394002505e-15,11.787336536503881,11.787336536503881,81
granite_sparse_favorable,43,80,80.5,10.28839316097254,9.734948391326839,12.30062458904669,12.30062458904669,9.626012824096051,12.733595517779621,0.935618679563187,-0.6623803368764882,-0.028901116116589298,1.0351991011186927,0.4329709287329315,22,100.0,100.0,100.0,100.0,99.61598890532414,0.5714285714285714,4,100.0,0.1,99.99503320866597,1,0.3,P32_derived_Jv_proxy,100.0,100.0,0.0,-0.3840110946758557,0.0,-0.3840110946758557,0.0,0.3840110946758557,0.0,0.3840110946758557,22,4,2,20,0.9090909090909091,0.09090909090909091,78.53981633974483,7.0,0.2801126998417358,0.5714285714285714,0.5714285714285714,0.025464790894703253,0.25464790894703254,0.03460006052028208,0.03728445870117536,-0.002684398180893277,1,1,1,1,1,1,100.0,100.0,0.0,100.0,100.0,81,4.0,4.0,0.0,4.0,4.0,81,1.2731500839203231,1.2731500839203231,0.2971085316764484,0.6667976868446776,1.815353160354547,81,2.5875720267368014,2.5875720267368014,0.5630192450247253,1.4343414352978938,3.4978285873258494,81,0.7882217612787384,0.7989123157448944,0.10410397492152428,0.5743403119666013,0.9804388142901096,81,1.0303202142754548,1.0055237973194058,0.29940702515844464,0.5,1.9305360718577538,81,10.28839316097254,9.734948391326839,3.602716231006953,5.117314714857833,23.51198399378609,81,12.30062458904669,12.30062458904669,0.0,12.30062458904669,12.30062458904669,81
granite_sparse_favorable,44,10,10.5,11.456465104977934,10.795618684440937,13.547858980458686,13.547858980458688,10.801314279706661,13.429814958656452,0.9428138767701912,-0.6551508252712726,-0.025574033953855935,0.9912868873249641,-0.11804402180223406,17,100.0,100.0,100.0,99.62076112501178,99.86631885255873,0.2857142857142857,2,100.0,0.0,100.0,0,0.3,P32_derived_Jv_proxy,100.0,100.0,-0.37923887498821784,-0.13368114744126558,-0.37923887498821784,-0.13368114744126558,0.37923887498821784,0.13368114744126558,0.37923887498821784,0.13368114744126558,17,2,1,16,0.9411764705882353,0.058823529411764705,78.53981633974483,7.0,0.21645072260497766,0.2857142857142857,0.2857142857142857,0.012732395447351627,0.20371832715762603,0.02236394476749104,0.03465619837549416,-0.012292253608003123,1,1,1,1,1,1,100.0,100.0,0.0,100.0,100.0,81,4.0,4.0,0.0,4.0,4.0,81,1.310159790589898,1.310159790589898,0.28132452964919613,0.9085764507767322,1.7681399274648206,81,2.4176509965147646,2.4176509965147646,0.5124744912464015,1.3868301327953356,3.3012497929151117,81,0.8019218153839792,0.8138158416446175,0.09484961835015239,0.6027499718408068,1.0,81,1.0268927339001495,1.020030751678388,0.26052141440214915,0.5,1.623845060872137,81,11.456465104977934,10.795618684440937,3.8814177779808974,5.295203018694276,23.163697498375235,81,13.547858980458686,13.547858980458688,1.7763568394002505e-15,13.547858980458688,13.547858980458688,81
granite_sparse_favorable,44,20,20.5,11.195276406907825,10.521896343140753,12.891415156947115,12.891415156947117,11.888501143529183,13.0,1.0619211809896554,0.6932247366213584,0.026092283288216667,1.0084230351540862,0.10858484305288485,21,100.0,100.0,100.0,100.0,100.0,0.0,0,100.0,0.1,99.99503320866597,1,0.3,P32_derived_Jv_proxy,100.0,100.0,0.0,0.0,0.0,0.0,0.0,0.0,0.0,0.0,21,0,0,21,1.0,0.0,78.53981633974483,7.0,0.26738030439438415,0.0,0.0,0.0,0.26738030439438415,0.028747228083735754,0.0,0.028747228083735754,1,1,1,1,1,1,100.0,100.0,0.0,100.0,100.0,81,4.0,4.0,0.0,4.0,4.0,81,1.3286729813189424,1.3286729813189424,0.28062465059552166,0.7371940969134593,1.885135600120438,81,2.5766623856709154,2.5766623856709154,0.3648394438767055,1.7767680391379215,3.2447684587268406,81,0.7926042906262378,0.7976252274649569,0.10425846163476121,0.5764582731527997,1.0,81,1.0009358353484568,0.9539375018243822,0.30665608675251504,0.5,1.9169707032654026,81,11.195276406907825,10.521896343140753,3.7092827950298486,4.211946081308735,23.538796777387002,81,12.891415156947115,12.891415156947117,1.7763568394002505e-15,12.891415156947117,12.891415156947117,81
granite_sparse_favorable,44,30,30.5,11.423055665825279,10.286039956974603,12.331583535851918,12.331583535851918,13.03656524234825,13.196303221068261,1.1412502594511693,1.6135095765229703,0.05738088927462104,1.0701223555516874,0.8647196852163432,27,100.0,100.0,100.0,100.0,99.93315942627937,0.14285714285714285,1,100.0,0.0,100.0,0,0.3,P32_derived_Jv_proxy,100.0,100.0,0.0,-0.06684057372062568,0.0,-0.06684057372062568,0.0,0.06684057372062568,0.0,0.06684057372062568,27,1,0,27,1.0,0.0,78.53981633974483,7.0,0.3437746770784939,0.14285714285714285,0.14285714285714285,0.0,0.3437746770784939,0.04553860873928739,0.045227503772523714,0.0003111049667636756,1,1,1,1,1,1,100.0,100.0,0.0,100.0,100.0,81,4.0,4.0,0.0,4.0,4.0,81,1.200940402954339,1.200940402954339,0.33452304045719533,0.5,1.8275733471576154,81,2.4346840765884106,2.4346840765884106,0.40084410772027584,1.6263978442146412,3.0600696663145186,81,0.7956167862063868,0.8009992977554642,0.09185406114537087,0.5710365993698773,1.0,81,0.9480729027409732,0.96018036513672,0.28992481050192753,0.5,1.6458730853860284,81,11.423055665825279,10.286039956974603,3.897042064419411,5.883980815987458,20.64670128063071,81,12.331583535851918,12.331583535851918,0.0,12.331583535851918,12.331583535851918,81
granite_sparse_favorable,44,40,40.5,9.052080738607765,8.323218027572327,11.238987498381405,11.238987498381405,16.559698473839912,14.14611501106233,1.8293803327683131,7.507617735232147,0.2623040057777175,1.2586645383402728,2.9071275126809244,17,100.0,100.0,100.0,100.0,99.86631885255873,0.2857142857142857,2,100.0,0.0,100.0,0,0.3,P32_derived_Jv_proxy,100.0,100.0,0.0,-0.13368114744126558,0.0,-0.13368114744126558,0.0,0.13368114744126558,0.0,0.13368114744126558,17,2,0,17,1.0,0.0,78.53981633974483,7.0,0.21645072260497766,0.2857142857142857,0.2857142857142857,0.0,0.21645072260497766,0.040214021409528344,0.030422726823803092,0.009791294585725252,0,0,1,0,1,1,100.0,100.0,0.0,100.0,100.0,81,4.0,4.0,0.0,4.0,4.0,81,1.2692783435638737,1.2692783435638737,0.32958759599097026,0.5693998878815089,1.995461607805676,81,2.823382319240657,2.823382319240657,0.4593245685242924,2.3587344395164656,3.795793733412796,81,0.7819141109825277,0.7872261924736107,0.11007218480666231,0.5459817076251031,1.0,81,1.0683914209201355,1.0688220218304751,0.308429715746079,0.5,1.8192772382454212,81,9.052080738607765,8.323218027572327,3.4232823357661264,4.281649249739951,21.620484086823932,81,11.238987498381405,11.238987498381405,0.0,11.238987498381405,11.238987498381405,81
granite_sparse_favorable,44,50,50.5,12.421837803211274,12.278388072331289,13.85143189377949,13.85143189377949,12.184414825924721,12.578887439639345,0.9808866464811532,-0.2374229772865526,-0.008381177790415473,0.9081290321535906,-1.272544454140144,24,100.0,100.0,100.0,100.0,99.61598890532413,0.5714285714285714,4,100.0,0.0,100.0,0,0.3,P32_derived_Jv_proxy,100.0,100.0,0.0,-0.3840110946758699,0.0,-0.3840110946758699,0.0,0.3840110946758699,0.0,0.3840110946758699,24,4,1,23,0.9583333333333334,0.041666666666666664,78.53981633974483,7.0,0.30557749073643903,0.5714285714285714,0.5714285714285714,0.012732395447351627,0.2928450952890874,0.03713818880678266,0.04222932958609249,-0.005091140779309833,1,1,1,1,1,1,100.0,100.0,0.0,100.0,100.0,81,4.0,4.0,0.0,4.0,4.0,81,1.3008170983400247,1.3008170983400247,0.26943722851536356,0.8045074375402339,1.9723480656420136,81,2.3478025743392745,2.3478025743392745,0.4247693238897044,1.5895416851370754,3.35829810184811,81,0.796950083535922,0.8000829031191969,0.10243365635177933,0.5689731793404341,0.9948789404152094,81,0.9811189233089843,0.9780559887053968,0.28227813051316036,0.5,1.5754214518439624,81,12.421837803211274,12.278388072331289,4.508963780208418,5.002530106338674,25.676797623367793,81,13.85143189377949,13.85143189377949,0.0,13.85143189377949,13.85143189377949,81
granite_sparse_favorable,44,60,60.5,12.441672202256417,11.416772519403981,13.79152061152692,13.79152061152692,12.571002219774035,12.926324687252597,1.0103949063610729,0.12933001751761886,0.004491148171923198,0.9372660964193321,-0.8651959242743228,18,100.0,100.0,100.0,100.0,99.86631885255873,0.2857142857142857,2,100.0,0.0,100.0,0,0.3,P32_derived_Jv_proxy,100.0,100.0,0.0,-0.13368114744126558,0.0,-0.13368114744126558,0.0,0.13368114744126558,0.0,0.13368114744126558,18,2,0,18,1.0,0.0,78.53981633974483,7.0,0.22918311805232927,0.2857142857142857,0.2857142857142857,0.0,0.22918311805232927,0.036143149585228906,0.04041847028051082,-0.0042753206952819145,1,1,1,1,1,1,100.0,100.0,0.0,100.0,100.0,81,4.0,4.0,0.0,4.0,4.0,81,1.353470739805231,1.353470739805231,0.1767279001265174,1.0114162221205898,1.6819093403029461,81,2.4534472628674524,2.4534472628674524,0.5002880392524169,1.2194388909555873,3.3208038741695605,81,0.8082960877965973,0.791513377950939,0.09470225914104023,0.5894084851840085,1.0,81,0.9744390879034227,0.9637395905353442,0.2592359924869427,0.5,1.550239651642467,81,12.441672202256417,11.416772519403981,4.3342366512970285,6.171770894102138,27.58304122305384,81,13.79152061152692,13.79152061152692,0.0,13.79152061152692,13.79152061152692,81
granite_sparse_favorable,44,70,70.5,10.452710471331025,9.615428225384788,12.283096796464477,12.283096796464473,12.332248260883619,13.0,1.1798134364007937,1.879537789552593,0.07181333785914434,1.0583650210866915,0.716903203535523,21,100.0,100.0,100.0,100.0,100.0,0.0,0,100.0,0.1,99.99503320866597,1,0.3,P32_derived_Jv_proxy,100.0,100.0,0.0,0.0,0.0,0.0,0.0,0.0,0.0,0.0,21,0,0,21,1.0,0.0,78.53981633974483,7.0,0.26738030439438415,0.0,0.0,0.0,0.26738030439438415,0.043602320045546095,0.0,0.043602320045546095,1,1,1,1,1,1,100.0,100.0,0.0,100.0,100.0,81,4.0,4.0,0.0,4.0,4.0,81,1.3012118433763558,1.3012118433763558,0.26894102021749655,0.8871485711125009,1.7628668951205162,81,2.6483790385639807,2.6483790385639807,0.3866939459383867,2.1245607450783366,3.517166502031178,81,0.806467414278489,0.8119519209104149,0.10023291980877076,0.48292539730768297,1.0,81,1.0315315158795177,1.0160469517703485,0.27705113913975227,0.5,1.6485630276569154,81,10.452710471331025,9.615428225384788,3.611073038124518,4.731085665200662,21.178736964393064,81,12.283096796464477,12.283096796464473,3.552713678800501e-15,12.283096796464473,12.283096796464473,81
granite_sparse_favorable,44,80,80.5,10.471508458397905,8.901531745175463,11.778273545859149,11.778273545859147,12.769092089958278,12.739381206549663,1.2194128611640251,2.2975836315603733,0.0861507712198617,1.0816000457918051,0.961107660690514,23,100.0,100.0,100.0,100.0,99.93315942627937,0.14285714285714285,1,100.0,0.0,100.0,0,0.3,P32_derived_Jv_proxy,100.0,100.0,0.0,-0.06684057372062568,0.0,-0.06684057372062568,0.0,0.06684057372062568,0.0,0.06684057372062568,23,1,1,22,0.9565217391304348,0.043478260869565216,78.53981633974483,7.0,0.2928450952890874,0.14285714285714285,0.14285714285714285,0.012732395447351627,0.2801126998417358,0.035891638688457905,0.02929412258858355,0.0065975160998743565,1,1,1,1,1,1,100.0,100.0,0.0,100.0,100.0,81,4.0,4.0,0.0,4.0,4.0,81,1.2998201565828555,1.2998201565828555,0.31338098418869387,0.7568807228824017,1.9522351029879268,81,2.758936085840504,2.758936085840504,0.5378396770429553,1.894866764148179,3.6896037906952937,81,0.7925276088811809,0.7846327871923381,0.10392435573907845,0.4298937420596059,1.0,81,0.9978866316750348,0.9864483128072908,0.3025527133525175,0.5,1.9854061122953384,81,10.471508458397905,8.901531745175463,4.187246713749841,3.6948573235254636,21.464633381288472,81,11.778273545859149,11.778273545859147,1.7763568394002505e-15,11.778273545859147,11.778273545859147,81
granite_sparse_favorable,45,10,10.5,12.388512727457595,11.39201952563217,13.787618909743916,13.787618909743918,13.306242030009644,13.988332782371875,1.0740790539382516,0.9177293025520488,0.03103624730921095,1.014557544267931,0.2007138726279596,16,100.0,100.0,100.0,98.76417443911,99.86631885255873,0.2857142857142857,2,100.0,0.0,100.0,0,0.3,P32_derived_Jv_proxy,100.0,100.0,-1.2358255608900066,-0.13368114744126558,-1.2358255608900066,-0.13368114744126558,1.2358255608900066,0.13368114744126558,1.2358255608900066,0.13368114744126558,16,2,1,15,0.9375,0.0625,78.53981633974483,7.0,0.20371832715762603,0.2857142857142857,0.2857142857142857,0.012732395447351627,0.1909859317102744,0.04573856754071892,0.0675097404014604,-0.021771172860741483,1,1,1,1,1,1,100.0,100.0,0.0,100.0,100.0,81,4.0,4.0,0.0,4.0,4.0,81,1.3729757503275013,1.3729757503275013,0.34932140783664656,0.6431832242962169,2.1191539611585064,81,2.489508448331856,2.489508448331856,0.3900233248572136,1.7839812566943845,3.124538817783383,81,0.8060270265934809,0.8060997719780476,0.0981289942653053,0.6094251075947832,1.0,81,0.9690743200934044,0.9860881172679428,0.23514955213022293,0.5,1.4521896965602994,81,12.388512727457595,11.39201952563217,4.291265036868551,7.089723808718588,27.575237819487835,81,13.787618909743916,13.787618909743918,1.7763568394002505e-15,13.787618909743918,13.787618909743918,81
granite_sparse_favorable,45,20,20.5,11.180108243878612,10.180292535263705,12.939284310783691,12.939284310783691,10.193780606835135,13.120484807646983,0.9117783463694534,-0.9863276370434768,-0.04011072597911669,1.01400390411951,0.18120049686329232,13,100.0,100.0,100.0,100.0,99.86631885255873,0.2857142857142857,2,100.0,0.1,99.99503320866597,1,0.3,P32_derived_Jv_proxy,100.0,100.0,0.0,-0.13368114744126558,0.0,-0.13368114744126558,0.0,0.13368114744126558,0.0,0.13368114744126558,13,2,1,12,0.9230769230769231,0.07692307692307693,78.53981633974483,7.0,0.16552114081557115,0.2857142857142857,0.2857142857142857,0.012732395447351627,0.15278874536821951,0.037155259154067255,0.04588152360025388,-0.008726264446186627,1,1,1,1,1,1,100.0,100.0,0.0,100.0,100.0,81,4.0,4.0,0.0,4.0,4.0,81,1.3896405844284143,1.3896405844284143,0.3024026943920859,0.8451949490631608,1.893484906137424,81,2.684925516456652,2.684925516456652,0.6003593009270438,1.5972355063482793,3.7934293702868813,81,0.8059195876569065,0.8137254506699874,0.09750199308083524,0.5453001289969084,1.0,81,1.0263776499748374,1.01128190463088,0.2983743671138117,0.5,1.7066015557977483,81,11.180108243878612,10.180292535263705,4.019290714617426,4.865520493276206,22.66887352825398,81,12.939284310783691,12.939284310783691,0.0,12.939284310783691,12.939284310783691,81
granite_sparse_favorable,45,30,30.5,11.350097018122993,10.592619706887792,13.134358219194478,13.13435821919448,11.416214391468726,13.15642183747128,1.005825269443967,0.0661173733457332,0.002522542243567294,1.001679839845129,0.022063618276801478,16,100.0,100.0,100.0,100.0,99.93315942627937,0.14285714285714285,1,100.0,0.0,100.0,0,0.3,P32_derived_Jv_proxy,100.0,100.0,0.0,-0.06684057372062568,0.0,-0.06684057372062568,0.0,0.06684057372062568,0.0,0.06684057372062568,16,1,0,16,1.0,0.0,78.53981633974483,7.0,0.20371832715762603,0.14285714285714285,0.14285714285714285,0.0,0.20371832715762603,0.03436200275328516,0.07891710886065706,-0.0445551061073719,1,1,1,1,1,1,100.0,100.0,0.0,100.0,100.0,81,4.0,4.0,0.0,4.0,4.0,81,1.2244720792134842,1.2244720792134842,0.27391165775057214,0.5946388615185784,1.6086702103318165,81,2.330665988354207,2.330665988354207,0.44969223769011823,1.3197284819671073,3.052254835509437,81,0.7908354427875979,0.792088044165405,0.1050643729298537,0.49350796437265254,1.0,81,0.9944747912067878,0.9589063323497966,0.29134249139654106,0.5,1.87351623010259,81,11.350097018122993,10.592619706887792,3.6762063905437494,4.383895305692347,23.349268916425597,81,13.134358219194478,13.13435821919448,1.7763568394002505e-15,13.13435821919448,13.13435821919448,81
granite_sparse_favorable,45,40,40.5,12.444029157405998,12.138442149918362,14.828439104530075,14.82843910453007,11.329096615364715,13.0,0.910404216517145,-1.1149325420412826,-0.04076573951898599,0.8766937577420749,-1.8284391045300747,20,100.0,100.0,100.0,100.0,100.0,0.0,0,100.0,0.1,99.99503320866597,1,0.3,P32_derived_Jv_proxy,100.0,100.0,0.0,0.0,0.0,0.0,0.0,0.0,0.0,0.0,20,0,0,20,1.0,0.0,78.53981633974483,7.0,0.25464790894703254,0.0,0.0,0.0,0.25464790894703254,0.05131678125997963,0.0,0.05131678125997963,1,1,1,1,1,1,100.0,100.0,0.0,100.0,100.0,81,4.0,4.0,0.0,4.0,4.0,81,1.3752710973966222,1.3752710973966222,0.3542942984135915,0.8013101030780957,2.285223352618202,81,2.3186376659436774,2.3186376659436774,0.6039729971972815,1.217770389220857,3.7384941373455054,81,0.7980556662498804,0.8048286824789156,0.08837937275988537,0.5793810201562046,1.0,81,1.02545014036247,0.9982230999857405,0.27418813598053193,0.5,1.7355619195179905,81,12.444029157405998,12.138442149918362,3.989998666057212,5.9957408039165285,27.27248602792103,81,14.828439104530075,14.82843910453007,5.329070518200751e-15,14.82843910453007,14.82843910453007,81
granite_sparse_favorable,45,50,50.5,9.905569022161991,9.275113508361805,11.549133974190287,11.549133974190289,9.191966181285526,13.0,0.9279594297632067,-0.7136028408764652,-0.03247101065088209,1.125625525606688,1.450866025809713,13,100.0,100.0,100.0,100.0,100.0,0.0,0,100.0,0.0,100.0,0,0.3,P32_derived_Jv_proxy,100.0,100.0,0.0,0.0,0.0,0.0,0.0,0.0,0.0,0.0,13,0,0,13,1.0,0.0,78.53981633974483,7.0,0.16552114081557115,0.0,0.0,0.0,0.16552114081557115,0.03472168004681897,0.0,0.03472168004681897,1,1,1,1,1,1,100.0,100.0,0.0,100.0,100.0,81,4.0,4.0,0.0,4.0,4.0,81,1.2474174091317136,1.2474174091317136,0.29905824029937383,0.5297281931616123,1.5942558977317678,81,2.700240147701573,2.700240147701573,0.611535411373853,1.4359550004901938,3.6264182139547785,81,0.8012127382367588,0.8098271675870993,0.09117407903712385,0.5847014180299401,1.0,81,1.019414050630217,1.012616248173167,0.2886762777256382,0.5,1.8167993444256842,81,9.905569022161991,9.275113508361805,3.3394986005005043,4.907101151568868,20.59788116172864,81,11.549133974190287,11.549133974190289,1.7763568394002505e-15,11.549133974190289,11.549133974190289,81
granite_sparse_favorable,45,60,60.5,12.722707216733548,11.514218721162676,14.615406695287229,14.615406695287229,14.309453881812017,13.0,1.124717690822241,1.5867466650784685,0.051043526266006944,0.8894723404578184,-1.6154066952872288,19,100.0,100.0,100.0,100.0,100.0,0.0,0,100.0,0.0,100.0,0,0.3,P32_derived_Jv_proxy,100.0,100.0,0.0,0.0,0.0,0.0,0.0,0.0,0.0,0.0,19,0,0,19,1.0,0.0,78.53981633974483,7.0,0.2419155134996809,0.0,0.0,0.0,0.2419155134996809,0.029932947342436234,0.0,0.029932947342436234,1,1,1,1,1,1,100.0,100.0,0.0,100.0,100.0,81,4.0,4.0,0.0,4.0,4.0,81,1.4010483699845362,1.4010483699845362,0.27746960361451595,0.8456290775218148,2.1439910410503935,81,2.3965264860476094,2.3965264860476094,0.4326264427520046,1.4630630319414668,3.094644306869898,81,0.8029253311314399,0.8042359229241599,0.10626158553941549,0.4225862346985866,1.0,81,1.0107282763038845,1.034360213404987,0.29056271041244996,0.5,1.6279070758444838,81,12.722707216733548,11.514218721162676,4.358729929868628,6.315914764302904,25.827021966861885,81,14.615406695287229,14.615406695287229,0.0,14.615406695287229,14.615406695287229,81
granite_sparse_favorable,45,70,70.5,11.245581917559042,10.29927099315502,12.739657462972822,12.739657462972822,13.477064725268109,13.0,1.1984319552396654,2.2314828077090674,0.07861338062844725,1.0204355994487175,0.2603425370271779,21,100.0,100.0,100.0,100.0,100.0,0.0,0,100.0,0.0,100.0,0,0.3,P32_derived_Jv_proxy,100.0,100.0,0.0,0.0,0.0,0.0,0.0,0.0,0.0,0.0,21,0,0,21,1.0,0.0,78.53981633974483,7.0,0.26738030439438415,0.0,0.0,0.0,0.26738030439438415,0.03013988672750534,0.0,0.03013988672750534,1,1,1,1,1,1,100.0,100.0,0.0,100.0,100.0,81,4.0,4.0,0.0,4.0,4.0,81,1.1951755670562059,1.1951755670562059,0.3042903388243289,0.6495647505814056,1.6589465687793055,81,2.3453840311835776,2.3453840311835776,0.5200739507516497,1.3237260758178435,3.4848050805188446,81,0.7887138922376852,0.7892155986468893,0.08964824332112947,0.5842022247712462,0.9729645670902034,81,0.9861262284072244,1.0064117337161205,0.28744346021374323,0.5,1.8309649498877223,81,11.245581917559042,10.29927099315502,4.159307525466596,4.949038991730346,23.014189322409166,81,12.739657462972822,12.739657462972822,0.0,12.739657462972822,12.739657462972822,81
granite_sparse_favorable,45,80,80.5,11.551571762015843,11.183087474961955,13.374326707537547,13.374326707537545,12.47984349368116,13.0,1.0803589113922734,0.9282717316653173,0.03356805858192957,0.9720115475176345,-0.3743267075375467,18,100.0,100.0,100.0,100.0,100.0,0.0,0,100.0,0.0,100.0,0,0.3,P32_derived_Jv_proxy,100.0,100.0,0.0,0.0,0.0,0.0,0.0,0.0,0.0,0.0,18,0,0,18,1.0,0.0,78.53981633974483,7.0,0.22918311805232927,0.0,0.0,0.0,0.22918311805232927,0.04028602432415951,0.0,0.04028602432415951,1,1,1,1,1,1,100.0,100.0,0.0,100.0,100.0,81,4.0,4.0,0.0,4.0,4.0,81,1.3410113956158682,1.3410113956158682,0.21706862367111232,1.034196325231072,1.9300938180639233,81,2.506689542098775,2.506689542098775,0.5402287389286907,1.2582416270014793,3.4712084013400273,81,0.7991908657177667,0.8017910978610264,0.09011572875482018,0.5553439965846448,0.9724056862387129,81,0.9902659152233316,0.9531798228796081,0.264592291677036,0.5,1.8746699564544593,81,11.551571762015843,11.183087474961955,3.335917498433993,5.824421863600341,22.132828410721707,81,13.374326707537547,13.374326707537545,1.7763568394002505e-15,13.374326707537545,13.374326707537545,81
granite_sparse_favorable,46,10,10.5,12.220289871909612,11.231568094618565,13.77862782515086,13.778627825150858,12.013568893579633,13.82721954548703,0.9830837909332116,-0.2067209783299795,-0.007409464478061789,1.0035266008308514,0.04859172033616943,24,100.0,100.0,100.0,99.33332009965842,99.61598890532413,0.5714285714285714,4,100.0,0.0,100.0,0,0.3,P32_derived_Jv_proxy,100.0,100.0,-0.6666799003415775,-0.3840110946758699,-0.6666799003415775,-0.3840110946758699,0.6666799003415775,0.3840110946758699,0.6666799003415775,0.3840110946758699,24,4,1,23,0.9583333333333334,0.041666666666666664,78.53981633974483,7.0,0.30557749073643903,0.5714285714285714,0.5714285714285714,0.012732395447351627,0.2928450952890874,0.03644668442009724,0.058604403050307896,-0.022157718630210654,1,1,1,1,1,1,100.0,100.0,0.0,100.0,100.0,81,4.0,4.0,0.0,4.0,4.0,81,1.2915829249565987,1.2915829249565987,0.3502412544773702,0.5362460822759493,1.9324399969898345,81,2.3434534652989973,2.3434534652989973,0.5405985363524937,1.2062901522732945,3.5254955857051433,81,0.8038887247741698,0.8052836183359674,0.09326406989458003,0.5526421459574864,0.9868796435660293,81,0.9904978810249957,0.9888418379729597,0.2726169822972747,0.5,1.6033001160395262,81,12.220289871909612,11.231568094618565,4.186357033368086,6.296995367198238,22.28144672102821,81,13.77862782515086,13.778627825150858,1.7763568394002505e-15,13.778627825150858,13.778627825150858,81
granite_sparse_favorable,46,20,20.5,11.176696494519703,10.170086361545083,12.792590732174842,12.79259073217484,13.348184744698754,13.356349617887414,1.194287126902283,2.171488250179051,0.0771087511135784,1.0440691723447897,0.5637588857125717,20,100.0,100.0,100.0,100.0,99.93315942627937,0.14285714285714285,1,100.0,0.1,99.99503320866597,1,0.3,P32_derived_Jv_proxy,100.0,100.0,0.0,-0.06684057372062568,0.0,-0.06684057372062568,0.0,0.06684057372062568,0.0,0.06684057372062568,20,1,0,20,1.0,0.0,78.53981633974483,7.0,0.25464790894703254,0.14285714285714285,0.14285714285714285,0.0,0.25464790894703254,0.04377373183647515,0.0016308829638861377,0.04214284887258901,1,1,1,1,1,1,100.0,100.0,0.0,100.0,100.0,81,4.0,4.0,0.0,4.0,4.0,81,1.2648168699214402,1.2648168699214402,0.33291262730681,0.7078329424486439,1.9608872648189293,81,2.471776234387535,2.471776234387535,0.5163476705648531,1.468104113763483,3.5540142987365564,81,0.8087695502334036,0.8029047295225257,0.08617360811198777,0.5981627773466084,1.0,81,1.011191035743194,1.0183557388348117,0.2691877677920203,0.5,1.5640752255381538,81,11.176696494519703,10.170086361545083,3.916465390906934,5.503154388825303,22.99785500422237,81,12.792590732174842,12.79259073217484,1.7763568394002505e-15,12.79259073217484,12.79259073217484,81
granite_sparse_favorable,46,30,30.5,12.723590738454476,11.640078439894669,15.120462976228307,15.120462976228307,11.726283910574875,13.224384583195478,0.9216175018216011,-0.9973068278796013,-0.03544928644650125,0.8746018295859224,-1.8960783930328287,25,100.0,100.0,100.0,99.2882801121538,99.7496700527654,0.2857142857142857,2,100.0,0.1,99.99503320866597,1,0.3,P32_derived_Jv_proxy,100.0,100.0,-0.7117198878462005,-0.25032994723460433,-0.7117198878462005,-0.25032994723460433,0.7117198878462005,0.25032994723460433,0.7117198878462005,0.25032994723460433,25,2,2,23,0.92,0.08,78.53981633974483,7.0,0.3183098861837907,0.2857142857142857,0.2857142857142857,0.025464790894703253,0.2928450952890874,0.026366490764092587,0.027153965758470067,-0.0007874749943774795,1,1,1,1,1,1,100.0,100.0,0.0,100.0,100.0,81,4.0,4.0,0.0,4.0,4.0,81,1.3612256049763274,1.3612256049763274,0.31692345942416394,0.7348506806936086,2.081575569006376,81,2.250634797222121,2.250634797222121,0.3585179008609936,1.5536538778309517,2.950310748435467,81,0.7800158918433447,0.791890722205356,0.08803516757297734,0.5717943937834866,1.0,81,1.0219497284457337,0.9774296978570125,0.30847397153423206,0.5,1.914428715240052,81,12.723590738454476,11.640078439894669,4.526935507840356,5.7539492736511395,29.53817956583905,81,15.120462976228307,15.120462976228307,0.0,15.120462976228307,15.120462976228307,81
granite_sparse_favorable,46,40,40.5,11.679198426928679,10.991530662984635,13.04219595851563,13.042195958515629,10.786179244999817,12.956869599046087,0.9235376308129305,-0.893019181928862,-0.03454540393630645,0.9934576692651338,-0.08532635946954414,16,100.0,100.0,100.0,100.0,99.86631885255873,0.2857142857142857,2,100.0,0.0,100.0,0,0.3,P32_derived_Jv_proxy,100.0,100.0,0.0,-0.13368114744126558,0.0,-0.13368114744126558,0.0,0.13368114744126558,0.0,0.13368114744126558,16,2,1,15,0.9375,0.0625,78.53981633974483,7.0,0.20371832715762603,0.2857142857142857,0.2857142857142857,0.012732395447351627,0.1909859317102744,0.03185999645702653,0.0960765199778506,-0.06421652352082408,1,1,1,1,1,1,100.0,100.0,0.0,100.0,100.0,81,4.0,4.0,0.0,4.0,4.0,81,1.2503531073115381,1.2503531073115381,0.33861460161570855,0.6674922890428856,1.9324399969898345,81,2.396745746055031,2.396745746055031,0.486442735007119,1.2794364252712116,3.4372281588865,81,0.7918976228246617,0.7849144313646687,0.09819728648385748,0.5745079920732349,1.0,81,0.9630660207461456,0.9697475098775562,0.2607866047277147,0.5,1.6192382087571746,81,11.679198426928679,10.991530662984635,3.9771710438701158,6.020868616912305,22.674862273649875,81,13.04219595851563,13.042195958515629,1.7763568394002505e-15,13.042195958515629,13.042195958515629,81
granite_sparse_favorable,46,50,50.5,10.440709646133994,9.967969559196492,12.46068529097077,12.46068529097077,11.569996027682638,13.0,1.10816184146705,1.1292863815486438,0.04460319155063486,1.0432813040724194,0.5393147090292292,17,100.0,100.0,100.0,100.0,100.0,0.0,0,100.0,0.0,100.0,0,0.3,P32_derived_Jv_proxy,100.0,100.0,0.0,0.0,0.0,0.0,0.0,0.0,0.0,0.0,17,0,0,17,1.0,0.0,78.53981633974483,7.0,0.21645072260497766,0.0,0.0,0.0,0.21645072260497766,0.02553811782466442,0.0,0.02553811782466442,1,1,1,1,1,1,100.0,100.0,0.0,100.0,100.0,81,4.0,4.0,0.0,4.0,4.0,81,1.2198312871908075,1.2198312871908075,0.38720941312783136,0.5218902151242147,1.9458570569297264,81,2.4473599539399298,2.4473599539399298,0.6191917494577126,1.2194658382715802,3.6110429930667127,81,0.7951165162978675,0.7862781796205821,0.10408543729640782,0.5175855933623318,1.0,81,1.0215992832998593,1.0142125739765817,0.26320936718732524,0.5,1.5722320277783246,81,10.440709646133994,9.967969559196492,3.24399814376864,5.327357049767501,19.46299251670433,81,12.46068529097077,12.46068529097077,0.0,12.46068529097077,12.46068529097077,81
granite_sparse_favorable,46,60,60.5,10.191114076025777,9.108893292275697,12.100880678576745,12.100880678576745,10.650892403353494,12.9495741476049,1.0451156099223076,0.45977832732771695,0.019164334441504893,1.0701348514683457,0.8486934690281558,13,100.0,100.0,100.0,100.0,99.93315942627937,0.14285714285714285,1,100.0,0.0,100.0,0,0.3,P32_derived_Jv_proxy,100.0,100.0,0.0,-0.06684057372062568,0.0,-0.06684057372062568,0.0,0.06684057372062568,0.0,0.06684057372062568,13,1,0,13,1.0,0.0,78.53981633974483,7.0,0.16552114081557115,0.14285714285714285,0.14285714285714285,0.0,0.16552114081557115,0.030221303633357843,0.03710758314344509,-0.006886279510087245,1,1,1,1,1,1,100.0,100.0,0.0,100.0,100.0,81,4.0,4.0,0.0,4.0,4.0,81,1.275328003251808,1.275328003251808,0.23411001935044423,0.8063357947146127,1.76237410954887,81,2.6347834449554433,2.6347834449554433,0.3356245312781429,2.013128144200451,3.21703843540807,81,0.7957570376926351,0.802935152889684,0.1033861917044928,0.5654754441669947,1.0,81,1.0408239444103646,1.0459493450807615,0.2914762145419057,0.5,1.647019783977109,81,10.191114076025777,9.108893292275697,3.781357614797914,4.924187996652836,21.09898902524555,81,12.100880678576745,12.100880678576745,0.0,12.100880678576745,12.100880678576745,81
granite_sparse_favorable,46,70,70.5,11.448493387671496,10.26157971530904,12.918651534771383,12.918651534771383,11.2343341818719,13.0,0.9812936778187584,-0.21415920579959646,-0.008200999175606238,1.0062969780560813,0.08134846522861672,16,100.0,100.0,100.0,100.0,100.0,0.0,0,100.0,0.0,100.0,0,0.3,P32_derived_Jv_proxy,100.0,100.0,0.0,0.0,0.0,0.0,0.0,0.0,0.0,0.0,16,0,0,16,1.0,0.0,78.53981633974483,7.0,0.20371832715762603,0.0,0.0,0.0,0.20371832715762603,0.06024135161575073,0.0,0.06024135161575073,1,1,1,1,1,1,100.0,100.0,0.0,100.0,100.0,81,4.0,4.0,0.0,4.0,4.0,81,1.3416280967683187,1.3416280967683187,0.3468754067911494,0.611801686564374,2.1247532982724606,81,2.5963005758713287,2.5963005758713287,0.4458991043281466,1.9117839318923509,3.7262624687403587,81,0.8000907603125308,0.8063975937763108,0.10318413823005129,0.5888109468335544,1.0,81,0.9991560793918962,1.0087301645870042,0.2936155999178232,0.5,1.6276252409054266,81,11.448493387671496,10.26157971530904,4.243628262158145,6.053410648703588,25.837303069542767,81,12.918651534771383,12.918651534771383,0.0,12.918651534771383,12.918651534771383,81
granite_sparse_favorable,46,80,80.5,12.451463170825456,11.300863000390427,14.40634960676701,14.406349606767014,13.14848375904586,13.0,1.055979010551432,0.6970205882204041,0.02365528591343269,0.9023798779597564,-1.4063496067670105,15,100.0,100.0,100.0,100.0,100.0,0.0,0,100.0,0.0,100.0,0,0.3,P32_derived_Jv_proxy,100.0,100.0,0.0,0.0,0.0,0.0,0.0,0.0,0.0,0.0,15,0,0,15,1.0,0.0,78.53981633974483,7.0,0.1909859317102744,0.0,0.0,0.0,0.1909859317102744,0.04644957799775673,0.0,0.04644957799775673,1,1,1,1,1,1,100.0,100.0,0.0,100.0,100.0,81,4.0,4.0,0.0,4.0,4.0,81,1.3519031541585518,1.3519031541585518,0.25185465504058496,0.9811477995053949,1.7728474675580586,81,2.346019621659622,2.346019621659622,0.5237442081773532,1.2411999213330216,3.0553846527005684,81,0.7783586508369653,0.778739810876117,0.10682066825708778,0.5189807029041008,1.0,81,0.9934450014940739,1.0075975264683361,0.287922604049271,0.5,1.6299028307777899,81,12.451463170825456,11.300863000390427,4.654940987064827,5.825089728722878,28.812699213534028,81,14.40634960676701,14.406349606767014,3.552713678800501e-15,14.406349606767014,14.406349606767014,81
granite_sparse_favorable,47,10,10.5,12.016252480284676,11.565790229102468,13.448241715254456,13.448241715254458,9.164041164237053,11.978307000661447,0.7626372015129254,-2.8522113160476223,-0.11768201362080632,0.890696884714256,-1.469934714593009,22,100.0,100.0,100.0,97.52957514725865,99.54914833160352,0.7142857142857143,5,100.0,0.0,100.0,0,0.3,P32_derived_Jv_proxy,100.0,100.0,-2.4704248527413455,-0.4508516683964814,-2.4704248527413455,-0.4508516683964814,2.4704248527413455,0.4508516683964814,2.4704248527413455,0.4508516683964814,22,5,2,20,0.9090909090909091,0.09090909090909091,78.53981633974483,7.0,0.2801126998417358,0.7142857142857143,0.7142857142857143,0.025464790894703253,0.25464790894703254,0.035673535510705956,0.044846290935090516,-0.00917275542438456,0,1,1,1,1,1,100.0,100.0,0.0,100.0,100.0,81,4.0,4.0,0.0,4.0,4.0,81,1.3186384890168268,1.3186384890168268,0.308922797808323,0.7120806367237524,1.9100950090290312,81,2.4513213640432334,2.4513213640432334,0.3482895219172129,1.8906406266933318,3.1273297270016807,81,0.8089080293811967,0.7949763224522894,0.09826888455299249,0.5318379943918443,1.0,81,1.0083009705827928,0.922535566224743,0.3309949397890558,0.5,1.8902504458979594,81,12.016252480284676,11.565790229102468,4.320833501174404,5.164000922365894,25.905580142594584,81,13.448241715254456,13.448241715254458,1.7763568394002505e-15,13.448241715254458,13.448241715254458,81
granite_sparse_favorable,47,20,20.5,10.505770178558313,9.347421425400459,12.983773137228994,12.983773137228994,10.857381650205541,11.998993421252633,1.0334684145637267,0.35161147164722806,0.014297208016718965,0.924153040447645,-0.9847797159763605,21,100.0,100.0,100.0,99.25679098636203,99.86631885255873,0.2857142857142857,2,100.0,0.0,100.0,0,0.3,P32_derived_Jv_proxy,100.0,100.0,-0.7432090136379657,-0.13368114744126558,-0.7432090136379657,-0.13368114744126558,0.7432090136379657,0.13368114744126558,0.7432090136379657,0.13368114744126558,21,2,1,20,0.9523809523809523,0.047619047619047616,78.53981633974483,7.0,0.26738030439438415,0.2857142857142857,0.2857142857142857,0.012732395447351627,0.25464790894703254,0.034793650995657344,0.025989447161641976,0.008804203834015367,1,1,1,1,1,1,100.0,100.0,0.0,100.0,100.0,81,4.0,4.0,0.0,4.0,4.0,81,1.3448988482214383,1.3448988482214383,0.3052141220259032,0.7759917493490548,2.06888595936725,81,2.5895763003690075,2.5895763003690075,0.4468328632032281,1.7616806972468169,3.3602538427628508,81,0.7952708205609522,0.7890438151584972,0.09100439780163969,0.5883143569511564,1.0,81,1.0718930519267948,1.0797772457288954,0.2807788641735918,0.5,1.667658798918481,81,10.505770178558313,9.347421425400459,3.670800818790192,4.580397470383247,21.30987228698132,81,12.983773137228994,12.983773137228994,0.0,12.983773137228994,12.983773137228994,81
granite_sparse_favorable,47,30,30.5,10.39932432725478,9.346312569377025,11.946147269368947,11.946147269368945,11.065609779083442,13.671755884813797,1.0640700713682374,0.6662854518286618,0.026970228153153863,1.1444489655564078,1.72560861544485,18,100.0,100.0,100.0,99.8075503987354,99.73263770511747,0.5714285714285714,4,100.0,0.0,100.0,0,0.3,P32_derived_Jv_proxy,100.0,100.0,-0.19244960126459887,-0.26736229488253116,-0.19244960126459887,-0.26736229488253116,0.19244960126459887,0.26736229488253116,0.19244960126459887,0.26736229488253116,18,4,2,16,0.8888888888888888,0.1111111111111111,78.53981633974483,7.0,0.22918311805232927,0.5714285714285714,0.5714285714285714,0.025464790894703253,0.20371832715762603,0.030743329569030697,0.024155441471323313,0.006587888097707384,1,1,1,1,1,1,100.0,100.0,0.0,100.0,100.0,81,4.0,4.0,0.0,4.0,4.0,81,1.1669364155940214,1.1669364155940214,0.19300280477113274,0.7912075447443602,1.4656980089028915,81,2.4420769083145264,2.4420769083145264,0.4769469325902855,1.6740726529298309,3.4289862780751803,81,0.7873844413289043,0.7657799896578825,0.08929412439927069,0.6371549749684965,1.0,81,0.9911139555059092,0.9983837533221154,0.27417052103122,0.5,1.5806110025729119,81,10.39932432725478,9.346312569377025,3.7913253716484347,5.0291417500413695,22.436851880516716,81,11.946147269368947,11.946147269368945,1.7763568394002505e-15,11.946147269368945,11.946147269368945,81
granite_sparse_favorable,47,40,40.5,10.921097920709753,9.797307883090102,12.364186028483088,12.364186028483088,11.40708770608488,12.557646387790609,1.0445000849643093,0.4859897853751267,0.018908479643784837,1.0156468334318045,0.1934603593075206,22,100.0,100.0,100.0,99.110296665605,99.7496700527654,0.2857142857142857,2,100.0,0.0,100.0,0,0.3,P32_derived_Jv_proxy,100.0,100.0,-0.8897033343949943,-0.25032994723460433,-0.8897033343949943,-0.25032994723460433,0.8897033343949943,0.25032994723460433,0.8897033343949943,0.25032994723460433,22,2,1,21,0.9545454545454546,0.045454545454545456,78.53981633974483,7.0,0.2801126998417358,0.2857142857142857,0.2857142857142857,0.012732395447351627,0.26738030439438415,0.04611263831643453,0.07828777904859563,-0.0321751407321611,1,1,1,1,1,1,100.0,100.0,0.0,100.0,100.0,81,4.0,4.0,0.0,4.0,4.0,81,1.2917433115911143,1.2917433115911143,0.2106938388204941,0.8802980478610756,1.7953763844322206,81,2.6118648421646102,2.6118648421646102,0.602269550466151,1.4351846059436546,4.264402815833048,81,0.7972690592383376,0.7760565735779124,0.10247842924309968,0.5298984474827102,1.0,81,0.9969798289085633,0.9854340984229107,0.2974810228355977,0.5,1.7376234100160857,81,10.921097920709753,9.797307883090102,4.0042697994857726,4.988651727293884,24.07614767248383,81,12.364186028483088,12.364186028483088,0.0,12.364186028483088,12.364186028483088,81
granite_sparse_favorable,47,50,50.5,12.867251955476346,12.088128493901502,14.757261253064772,14.75726125306477,13.285741859252457,12.837447592979094,1.0325236425947188,0.41848990377611095,0.01390000486196663,0.8699071848655541,-1.919813660085678,13,100.0,100.0,100.0,100.0,99.93315942627937,0.14285714285714285,1,100.0,0.0,100.0,0,0.3,P32_derived_Jv_proxy,100.0,100.0,0.0,-0.06684057372062568,0.0,-0.06684057372062568,0.0,0.06684057372062568,0.0,0.06684057372062568,13,1,0,13,1.0,0.0,78.53981633974483,7.0,0.16552114081557115,0.14285714285714285,0.14285714285714285,0.0,0.16552114081557115,0.0325602363442723,0.07972991358950898,-0.047169677245236685,1,1,1,1,1,1,100.0,100.0,0.0,100.0,100.0,81,4.0,4.0,0.0,4.0,4.0,81,1.4639769706532801,1.4639769706532801,0.3423216875534772,0.815743208823011,1.9783864534192108,81,2.4800959770723767,2.4800959770723767,0.42338962235700933,1.4020624918373967,3.155133634265377,81,0.8011436671212637,0.8065709509784248,0.10632814008608729,0.48720500436414005,1.0,81,0.9904353285678427,0.965021836205072,0.2514883160570266,0.5,1.6537488025322318,81,12.867251955476346,12.088128493901502,4.217584444781043,5.8287344349805315,26.98631416174014,81,14.757261253064772,14.75726125306477,1.7763568394002505e-15,14.75726125306477,14.75726125306477,81
granite_sparse_favorable,47,60,60.5,11.51377065942294,10.140371385765414,13.267925858558275,13.267925858558277,9.478372069403823,13.199591288100736,0.8232205026288817,-2.035398590019117,-0.08448382183684566,0.9948496418214863,-0.0683345704575391,18,100.0,100.0,100.0,100.0,99.93315942627937,0.14285714285714285,1,100.0,0.0,100.0,0,0.3,P32_derived_Jv_proxy,100.0,100.0,0.0,-0.06684057372062568,0.0,-0.06684057372062568,0.0,0.06684057372062568,0.0,0.06684057372062568,18,1,1,17,0.9444444444444444,0.05555555555555555,78.53981633974483,7.0,0.22918311805232927,0.14285714285714285,0.14285714285714285,0.012732395447351627,0.21645072260497766,0.03706066808819797,0.032581376707795484,0.004479291380402484,1,1,1,1,1,1,100.0,100.0,0.0,100.0,100.0,81,4.0,4.0,0.0,4.0,4.0,81,1.3133689510424595,1.3133689510424595,0.3431325739374458,0.5,1.761392738851883,81,2.4747066064498893,2.4747066064498893,0.4957329211407982,1.2482827520222075,3.2870775715213196,81,0.8055026222190359,0.8233368231270509,0.09253181657882649,0.6226365094750156,0.9833824178432364,81,1.056291675092586,1.0656433780789318,0.3639442485228021,0.5,1.9858802752006142,81,11.51377065942294,10.140371385765414,4.620147972934233,5.512086975528447,23.642827984844555,81,13.267925858558275,13.267925858558277,1.7763568394002505e-15,13.267925858558277,13.267925858558277,81
granite_sparse_favorable,47,70,70.5,11.134918982839675,10.093900475202839,13.51347942014343,13.51347942014343,11.501322330181555,12.909412318920001,1.0329057937382888,0.36640334734187974,0.014060713460265495,0.9552989217326964,-0.6040671012234284,19,100.0,100.0,100.0,100.0,99.93315942627937,0.14285714285714285,1,100.0,0.1,99.99503320866597,1,0.3,P32_derived_Jv_proxy,100.0,100.0,0.0,-0.06684057372062568,0.0,-0.06684057372062568,0.0,0.06684057372062568,0.0,0.06684057372062568,19,1,0,19,1.0,0.0,78.53981633974483,7.0,0.2419155134996809,0.14285714285714285,0.14285714285714285,0.0,0.2419155134996809,0.040473166806193284,0.01238218101326194,0.028090985792931344,1,1,1,1,1,1,100.0,100.0,0.0,100.0,100.0,81,4.0,4.0,0.0,4.0,4.0,81,1.276956562089289,1.276956562089289,0.3414810590907442,0.7907907726143106,2.1498604538818857,81,2.3623755999247598,2.3623755999247598,0.3177762088074209,1.7219136783912559,3.0515563486971677,81,0.7951112059850274,0.7912591037104985,0.09887478501839339,0.4778871707931277,1.0,81,1.0543787868975942,1.0726662240570644,0.3055231633599356,0.5,1.8795831270211694,81,11.134918982839675,10.093900475202839,3.7309151975860044,5.530901669034996,20.991609757650743,81,13.51347942014343,13.51347942014343,0.0,13.51347942014343,13.51347942014343,81
granite_sparse_favorable,47,80,80.5,10.940149068727308,10.009640223784,13.060210410892166,13.060210410892168,10.21379544768628,12.87646598440023,0.9336066065939331,-0.726353621041028,-0.029836083700971017,0.9859309750217582,-0.1837444264919359,23,100.0,100.0,100.0,99.81101860123694,99.7496700527654,0.2857142857142857,2,100.0,0.0,100.0,0,0.3,P32_derived_Jv_proxy,100.0,100.0,-0.18898139876306175,-0.25032994723460433,-0.18898139876306175,-0.25032994723460433,0.18898139876306175,0.25032994723460433,0.18898139876306175,0.25032994723460433,23,2,1,22,0.9565217391304348,0.043478260869565216,78.53981633974483,7.0,0.2928450952890874,0.2857142857142857,0.2857142857142857,0.012732395447351627,0.2801126998417358,0.04435931701049223,0.06627861330748153,-0.0219192962969893,1,1,1,1,1,1,100.0,100.0,0.0,100.0,100.0,81,4.0,4.0,0.0,4.0,4.0,81,1.300623019403077,1.300623019403077,0.34972585917930993,0.6029078399557475,2.1498604538818857,81,2.4896670468615922,2.4896670468615922,0.49646122135821286,1.5349358335711574,3.281165138978997,81,0.7869883218048704,0.7987146868052973,0.10615854019025994,0.4942880289569222,1.0,81,1.024699905267018,0.9994715446461165,0.29239274319330255,0.5,2.0600190888708036,81,10.940149068727308,10.009640223784,3.698464571795718,5.317676553141033,21.708383939509094,81,13.060210410892166,13.060210410892168,1.7763568394002505e-15,13.060210410892168,13.060210410892168,81
granite_sparse_favorable,48,10,10.5,10.415547259835336,9.888807700376976,12.372724101924721,12.372724101924723,11.78809436741931,12.957837803005598,1.1317786836680988,1.3725471075839746,0.05376151001590346,1.0472906125005936,0.5851137010808767,23,100.0,100.0,100.0,100.0,99.61598890532414,0.5714285714285714,4,100.0,0.0,100.0,0,0.3,P32_derived_Jv_proxy,100.0,100.0,0.0,-0.3840110946758557,0.0,-0.3840110946758557,0.0,0.3840110946758557,0.0,0.3840110946758557,23,4,3,20,0.8695652173913043,0.13043478260869565,78.53981633974483,7.0,0.2928450952890874,0.5714285714285714,0.5714285714285714,0.03819718634205488,0.25464790894703254,0.03828996343875657,0.05484416098976541,-0.016554197551008842,1,1,1,1,1,1,100.0,100.0,0.0,100.0,100.0,81,4.0,4.0,0.0,4.0,4.0,81,1.2812646641121954,1.2812646641121954,0.2783731738512594,0.8808522543341046,1.8458173595152108,81,2.588889588010937,2.588889588010937,0.5235234919939071,1.7815709026175777,3.9723126415864867,81,0.7875461193518724,0.7820669830548206,0.10691670802820216,0.48071902895720164,1.0,81,1.0206610949738373,1.0005949930088611,0.30885139687871277,0.5,1.8149665430266715,81,10.415547259835336,9.888807700376976,3.3930434697463863,4.834867006372596,21.806351732407744,81,12.372724101924721,12.372724101924723,1.7763568394002505e-15,12.372724101924723,12.372724101924723,81
granite_sparse_favorable,48,20,20.5,11.64657144677285,11.026815639173153,13.275934393526628,13.275934393526631,11.93432301075242,13.813498049561845,1.0247069762371401,0.2877515639795707,0.010599692907004465,1.040491587266154,0.5375636560352177,24,100.0,100.0,100.0,98.2885079262496,99.43249953181018,0.7142857142857143,5,100.0,0.0,100.0,0,0.3,P32_derived_Jv_proxy,100.0,100.0,-1.7114920737504065,-0.5675004681898201,-1.7114920737504065,-0.5675004681898201,1.7114920737504065,0.5675004681898201,1.7114920737504065,0.5675004681898201,24,5,3,21,0.875,0.125,78.53981633974483,7.0,0.30557749073643903,0.7142857142857143,0.7142857142857143,0.03819718634205488,0.26738030439438415,0.03667580721003194,0.04993356670837967,-0.013257759498347732,1,1,1,1,1,1,100.0,100.0,0.0,100.0,100.0,81,4.0,4.0,0.0,4.0,4.0,81,1.2537182523115138,1.2537182523115138,0.26302688216662723,0.7335999628491435,1.7407504720716158,81,2.3608851459126465,2.3608851459126465,0.48245518774821305,1.727261327948049,3.6980162314641447,81,0.8146611604917224,0.8057933674923249,0.09921872831806995,0.5364609462276558,1.0,81,1.009229992700725,0.9931543087050523,0.28472271507375246,0.5,1.6839235638184176,81,11.64657144677285,11.026815639173153,3.8020375129880426,5.835664424377965,25.804826385634804,81,13.275934393526628,13.275934393526631,3.552713678800501e-15,13.275934393526631,13.275934393526631,81
granite_sparse_favorable,48,30,30.5,13.065094843604493,12.45388304739382,14.956199166205453,14.956199166205453,10.419985885133517,12.95668429768567,0.7975438379794245,-2.645108958470976,-0.09824543608355563,0.8663086225116725,-1.9995148685197819,16,100.0,100.0,100.0,98.57309200738858,99.61598890532414,0.5714285714285714,4,100.0,0.1,99.99503320866597,1,0.3,P32_derived_Jv_proxy,100.0,100.0,-1.4269079926114188,-0.3840110946758557,-1.4269079926114188,-0.3840110946758557,1.4269079926114188,0.3840110946758557,1.4269079926114188,0.3840110946758557,16,4,2,14,0.875,0.125,78.53981633974483,7.0,0.20371832715762603,0.5714285714285714,0.5714285714285714,0.025464790894703253,0.17825353626292278,0.032672981269199264,0.04119309203485377,-0.00852011076565451,0,1,1,1,1,1,100.0,100.0,0.0,100.0,100.0,81,4.0,4.0,0.0,4.0,4.0,81,1.3669399891600973,1.3669399891600973,0.2510724326321152,0.7365456848161991,1.7536050518715036,81,2.28490536594483,2.28490536594483,0.4616815086519042,1.5087071245181725,2.8484674442357916,81,0.8236881799105977,0.824487554205073,0.08112997677413807,0.6209282483534614,1.0,81,1.0077241836143125,1.000064816020931,0.2536195219434247,0.5037102629839664,1.5794418630247624,81,13.065094843604493,12.45388304739382,3.7667122861881186,7.078599614194147,24.83526454607344,81,14.956199166205453,14.956199166205453,0.0,14.956199166205453,14.956199166205453,81
granite_sparse_favorable,48,40,40.5,12.349764733656993,11.348237504178435,14.335382595664582,14.335382595664578,13.330750260637588,14.808666861082376,1.0794335396776507,0.9809855269805947,0.03319590814334239,1.0330151122412965,0.473284265417794,19,100.0,100.0,100.0,99.41551879493252,99.68282947904478,0.42857142857142855,3,100.0,0.0,100.0,0,0.3,P32_derived_Jv_proxy,100.0,100.0,-0.5844812050674761,-0.3171705209552158,-0.5844812050674761,-0.3171705209552158,0.5844812050674761,0.3171705209552158,0.5844812050674761,0.3171705209552158,19,3,3,16,0.8421052631578947,0.15789473684210525,78.53981633974483,7.0,0.2419155134996809,0.42857142857142855,0.42857142857142855,0.03819718634205488,0.20371832715762603,0.03905015154465752,0.03185299672026021,0.007197154824397312,1,1,1,1,1,1,100.0,100.0,0.0,100.0,100.0,81,4.0,4.0,0.0,4.0,4.0,81,1.313324472489663,1.313324472489663,0.2584666438750098,0.7599207574144314,1.9251308491922057,81,2.2903547633372012,2.2903547633372012,0.4791818610873103,1.2371662469457707,3.3040049397550093,81,0.8004156201957708,0.7917339926443703,0.11104536389192048,0.5447106566197294,1.0,81,1.0135912357751853,0.981133211571501,0.27587179029104913,0.5,1.6486961258274384,81,12.349764733656993,11.348237504178435,4.379889212040877,5.7445949450960585,26.367934474169658,81,14.335382595664582,14.335382595664578,3.552713678800501e-15,14.335382595664578,14.335382595664578,81
granite_sparse_favorable,48,50,50.5,10.388791477153712,9.841049495269218,12.510144585001706,12.510144585001704,9.592854525759234,13.38094522388818,0.9233850296114957,-0.7959369513944772,-0.03461717073118731,1.0696075599262431,0.8708006388864735,20,100.0,100.0,100.0,99.63732782811374,99.93315942627937,0.14285714285714285,1,100.0,0.1,99.99503320866597,1,0.3,P32_derived_Jv_proxy,100.0,100.0,-0.3626721718862598,-0.06684057372062568,-0.3626721718862598,-0.06684057372062568,0.3626721718862598,0.06684057372062568,0.3626721718862598,0.06684057372062568,20,1,0,20,1.0,0.0,78.53981633974483,7.0,0.25464790894703254,0.14285714285714285,0.14285714285714285,0.0,0.25464790894703254,0.0226840368784208,0.08292226760706067,-0.060238230728639874,1,1,1,1,1,1,100.0,100.0,0.0,100.0,100.0,81,4.0,4.0,0.0,4.0,4.0,81,1.2185690534836973,1.2185690534836973,0.2458534113598659,0.8530563784522615,1.964866664974899,81,2.435161810489042,2.435161810489042,0.418778941537009,1.6089501835164892,3.076750779559714,81,0.8036090976929678,0.7980159393577346,0.08949790371933214,0.5128447149712022,1.0,81,1.0604292125073718,1.0153370415711023,0.30366640902774217,0.5,2.082679152367628,81,10.388791477153712,9.841049495269218,3.6330944254584505,4.7454159044498825,20.89402998175717,81,12.510144585001706,12.510144585001704,1.7763568394002505e-15,12.510144585001704,12.510144585001704,81
granite_sparse_favorable,48,60,60.5,12.017638461106007,11.093574113819196,14.379482412294193,14.379482412294193,9.591397205684988,12.547680491030208,0.7981099811520103,-2.4262412554210186,-0.0979372578769917,0.872610023869995,-1.8318019212639847,19,100.0,100.0,100.0,99.79303656829231,99.93315942627937,0.14285714285714285,1,100.0,0.2,99.98026467728904,2,0.3,P32_derived_Jv_proxy,100.0,100.0,-0.20696343170769183,-0.06684057372062568,-0.20696343170769183,-0.06684057372062568,0.20696343170769183,0.06684057372062568,0.20696343170769183,0.06684057372062568,19,1,0,19,1.0,0.0,78.53981633974483,7.0,0.2419155134996809,0.14285714285714285,0.14285714285714285,0.0,0.2419155134996809,0.029782153535341083,0.000540039028687489,0.029242114506653594,0,1,1,1,1,1,100.0,100.0,0.0,100.0,100.0,81,4.0,4.0,0.0,4.0,4.0,81,1.3469851166418447,1.3469851166418447,0.24729190286358022,0.9117510497497051,1.840536763186817,81,2.3418525751145904,2.3418525751145904,0.3637443069075151,1.6890856686243279,3.011752183399271,81,0.7870191075962926,0.7907279909506533,0.09379029182290412,0.5058599638772637,1.0,81,1.0268729671828085,0.9824971075870756,0.29267007206574336,0.5,1.7489648712033357,81,12.017638461106007,11.093574113819196,4.006080589452994,5.806732632868003,24.673308767412795,81,14.379482412294193,14.379482412294193,0.0,14.379482412294193,14.379482412294193,81
granite_sparse_favorable,48,70,70.5,9.744222956974562,8.778481946665078,11.780602014798037,11.780602014798037,9.196305895559082,14.2702200942861,0.943770061108536,-0.5479170614154807,-0.025133803748302208,1.2113319910443257,2.4896180794880642,25,100.0,100.0,100.0,100.0,99.79947827883811,0.42857142857142855,3,100.0,0.0,100.0,0,0.3,P32_derived_Jv_proxy,100.0,100.0,0.0,-0.20052172116189126,0.0,-0.20052172116189126,0.0,0.20052172116189126,0.0,0.20052172116189126,25,3,1,24,0.96,0.04,78.53981633974483,7.0,0.3183098861837907,0.42857142857142855,0.42857142857142855,0.012732395447351627,0.30557749073643903,0.03673151660028717,0.053401417220991676,-0.016669900620704503,1,1,1,1,1,1,100.0,100.0,0.0,100.0,100.0,81,4.0,4.0,0.0,4.0,4.0,81,1.2010528337133406,1.2010528337133406,0.3347083215657543,0.5,1.834252188089097,81,2.5487934152360276,2.5487934152360276,0.4644800216875111,1.6545524499551443,3.4626095805787855,81,0.7866498877159113,0.7816879119059458,0.10077375140992606,0.5661051228465592,1.0,81,1.0397662402094812,1.048825337302501,0.3005318555970452,0.5,2.073632273561048,81,9.744222956974562,8.778481946665078,3.313923298986224,3.6356097733804016,18.117141438638537,81,11.780602014798037,11.780602014798037,0.0,11.780602014798037,11.780602014798037,81
granite_sparse_favorable,48,80,80.5,11.070022632513245,10.3648496313378,12.886113583864185,12.886113583864184,8.852820205004504,12.901643293540376,0.7997111206442613,-2.2172024275087416,-0.09706686471694026,1.0012051507675392,0.015529709676190606,21,100.0,100.0,100.0,98.45954300230312,99.33865723664779,0.7142857142857143,5,100.0,0.1,99.99503320866597,1,0.3,P32_derived_Jv_proxy,100.0,100.0,-1.5404569976968787,-0.6613427633522093,-1.5404569976968787,-0.6613427633522093,1.5404569976968787,0.6613427633522093,1.5404569976968787,0.6613427633522093,21,5,1,20,0.9523809523809523,0.047619047619047616,78.53981633974483,7.0,0.26738030439438415,0.7142857142857143,0.7142857142857143,0.012732395447351627,0.25464790894703254,0.03210624034118026,0.024735411847234046,0.007370828493946213,0,1,1,1,1,1,100.0,100.0,0.0,100.0,100.0,81,4.0,4.0,0.0,4.0,4.0,81,1.2336685717586433,1.2336685717586433,0.2111750204612143,0.8810469273856306,1.6613320314084934,81,2.3934069875486474,2.3934069875486474,0.4234110998960174,1.7558516444058285,3.2208572720748503,81,0.7973902434697542,0.7957002868520555,0.09032120288040073,0.5715826576870513,1.0,81,1.0066636378845086,0.9956263445757828,0.26787819651952116,0.5,1.6857531196525006,81,11.070022632513245,10.3648496313378,3.6764114361349467,5.248920025470324,25.772227167728367,81,12.886113583864185,12.886113583864184,1.7763568394002505e-15,12.886113583864184,12.886113583864184,81
granite_sparse_favorable,49,10,10.5,9.749274458559587,9.386816386471057,11.795487426244849,11.795487426244849,10.413790978971779,12.394576415102543,1.0681606126934673,0.6645165204121923,0.0286365597731133,1.0507896763574796,0.5990889888576945,24,100.0,100.0,100.0,100.0,99.93315942627937,0.14285714285714285,1,100.0,0.0,100.0,0,0.3,P32_derived_Jv_proxy,100.0,100.0,0.0,-0.06684057372062568,0.0,-0.06684057372062568,0.0,0.06684057372062568,0.0,0.06684057372062568,24,1,1,23,0.9583333333333334,0.041666666666666664,78.53981633974483,7.0,0.30557749073643903,0.14285714285714285,0.14285714285714285,0.012732395447351627,0.2928450952890874,0.026667725540386544,0.003304963606827638,0.023362761933558907,1,1,1,1,1,1,100.0,100.0,0.0,100.0,100.0,81,4.0,4.0,0.0,4.0,4.0,81,1.222242971772434,1.222242971772434,0.2887804905607035,0.7518734746470067,1.7895070679062859,81,2.5904884800541494,2.5904884800541494,0.46150014988033095,1.6919799995784943,3.680369649426442,81,0.8120884137393153,0.8263962332537989,0.10275519926631112,0.5561934259416487,1.0,81,1.0584977019402422,1.041526649128181,0.2810619135789203,0.5,1.7948564452614986,81,9.749274458559587,9.386816386471057,3.087682500023804,4.664239277270891,21.53370520286719,81,11.795487426244849,11.795487426244849,0.0,11.795487426244849,11.795487426244849,81
granite_sparse_favorable,49,20,20.5,10.16679674767469,9.246678780281862,11.875632063575082,11.875632063575086,13.240954898182565,13.0,1.3023723427156135,3.074158150507875,0.11473516493031477,1.0946785762985682,1.1243679364249175,24,100.0,100.0,100.0,100.0,100.0,0.0,0,100.0,0.0,100.0,0,0.3,P32_derived_Jv_proxy,100.0,100.0,0.0,0.0,0.0,0.0,0.0,0.0,0.0,0.0,24,0,0,24,1.0,0.0,78.53981633974483,7.0,0.30557749073643903,0.0,0.0,0.0,0.30557749073643903,0.04710787636490199,0.0,0.04710787636490199,0,1,1,1,1,1,100.0,100.0,0.0,100.0,100.0,81,4.0,4.0,0.0,4.0,4.0,81,1.2456711371381448,1.2456711371381448,0.2973067492293403,0.8235046198743323,1.9300760423164625,81,2.622325974881928,2.622325974881928,0.4837395037881649,1.862461481275405,3.664309180238576,81,0.8026806372678075,0.8033954083239402,0.09584258282879426,0.6100266111428901,1.0,81,1.0182730122477035,0.9792060697134359,0.28131329178959874,0.5,1.6351497209584223,81,10.16679674767469,9.246678780281862,3.4065354948762185,5.344189436051973,22.485083018920967,81,11.875632063575082,11.875632063575086,3.552713678800501e-15,11.875632063575086,11.875632063575086,81
granite_sparse_favorable,49,30,30.5,10.356022255460909,9.861823855163987,12.773327582891476,12.773327582891476,13.702808268896309,14.044259931995967,1.3231729259437022,3.3467860134354,0.12161660599811319,1.0994989238987944,1.2709323491044913,24,100.0,100.0,100.0,100.0,99.93315942627937,0.14285714285714285,1,100.0,0.0,100.0,0,0.3,P32_derived_Jv_proxy,100.0,100.0,0.0,-0.06684057372062568,0.0,-0.06684057372062568,0.0,0.06684057372062568,0.0,0.06684057372062568,24,1,0,24,1.0,0.0,78.53981633974483,7.0,0.30557749073643903,0.14285714285714285,0.14285714285714285,0.0,0.30557749073643903,0.037104078955428776,0.02335203387097684,0.013752045084451936,0,1,1,1,1,1,100.0,100.0,0.0,100.0,100.0,81,4.0,4.0,0.0,4.0,4.0,81,1.301708857166557,1.301708857166557,0.29305543907242126,0.8474908373681085,1.9081855893213224,81,2.5477089832685,2.5477089832685,0.5012706159133826,1.4518193862101303,3.4664624848382424,81,0.8059181062213961,0.8067780888304694,0.09760486076169199,0.5334840383219855,1.0,81,1.0781340564538626,1.0756367145839782,0.28601625896325994,0.5,1.8009480701978726,81,10.356022255460909,9.861823855163987,3.5089527990850717,4.976835628388937,23.68041900836123,81,12.773327582891476,12.773327582891476,0.0,12.773327582891476,12.773327582891476,81
granite_sparse_favorable,49,40,40.5,11.761558331074852,11.203795043915413,13.906412820658726,13.906412820658726,11.03230636461831,13.0,0.9379969944518486,-0.7292519664565411,-0.027798553193503217,0.934820515373152,-0.9064128206587263,20,100.0,100.0,100.0,100.0,100.0,0.0,0,100.0,0.1,99.99503320866597,1,0.3,P32_derived_Jv_proxy,100.0,100.0,0.0,0.0,0.0,0.0,0.0,0.0,0.0,0.0,20,0,0,20,1.0,0.0,78.53981633974483,7.0,0.25464790894703254,0.0,0.0,0.0,0.25464790894703254,0.027548219197578105,0.0,0.027548219197578105,1,1,1,1,1,1,100.0,100.0,0.0,100.0,100.0,81,4.0,4.0,0.0,4.0,4.0,81,1.3660378270794713,1.3660378270794713,0.296437620322715,0.8428480472369844,2.0296413544691965,81,2.4557695875570236,2.4557695875570236,0.524762987009621,1.533716269807471,3.722701690759422,81,0.8078007719868309,0.8038118371455693,0.10780495577246738,0.43378714797851214,1.0,81,1.0281099087018273,1.0352591536118272,0.2803522715671556,0.5588251103462913,1.7410191032665125,81,11.761558331074852,11.203795043915413,3.6364854786345924,5.586724429106243,21.310665985526192,81,13.906412820658726,13.906412820658726,0.0,13.906412820658726,13.906412820658726,81
granite_sparse_favorable,49,50,50.5,11.35620077384807,10.652272514881965,13.215653852073356,13.215653852073354,11.32687216416131,13.0,0.9974173924650663,-0.02932860968675932,-0.00112306304191101,0.983681938518727,-0.21565385207335552,22,100.0,100.0,100.0,100.0,100.0,0.0,0,100.0,0.0,100.0,0,0.3,P32_derived_Jv_proxy,100.0,100.0,0.0,0.0,0.0,0.0,0.0,0.0,0.0,0.0,22,0,0,22,1.0,0.0,78.53981633974483,7.0,0.2801126998417358,0.0,0.0,0.0,0.2801126998417358,0.036569641714317425,0.0,0.036569641714317425,1,1,1,1,1,1,100.0,100.0,0.0,100.0,100.0,81,4.0,4.0,0.0,4.0,4.0,81,1.1930845905214704,1.1930845905214704,0.3220261305662947,0.5,1.6793902149028006,81,2.2569533900403496,2.2569533900403496,0.4156704231217271,1.4938973337344368,2.902958286438819,81,0.798102691007179,0.8116350744354175,0.0959528741109582,0.5233562620188199,1.0,81,1.0140491393403188,0.9883664598149039,0.27999222552958714,0.5,1.6671270713542141,81,11.35620077384807,10.652272514881965,3.819639054940997,5.395392984700719,22.155613221492516,81,13.215653852073356,13.215653852073354,1.7763568394002505e-15,13.215653852073354,13.215653852073354,81
granite_sparse_favorable,49,60,60.5,11.62048520389451,10.546251014086018,13.089732922218555,13.089732922218552,10.32239431845878,12.989756388269026,0.8882928842764082,-1.2980908854357303,-0.05144381681917998,0.9923622174307446,-0.09997653394952977,14,100.0,100.0,100.0,100.0,99.93315942627937,0.14285714285714285,1,100.0,0.0,100.0,0,0.3,P32_derived_Jv_proxy,100.0,100.0,0.0,-0.06684057372062568,0.0,-0.06684057372062568,0.0,0.06684057372062568,0.0,0.06684057372062568,14,1,1,13,0.9285714285714286,0.07142857142857142,78.53981633974483,7.0,0.17825353626292278,0.14285714285714285,0.14285714285714285,0.012732395447351627,0.16552114081557115,0.03390696320996012,0.02995560335443148,0.0039513598555286356,1,1,1,1,1,1,100.0,100.0,0.0,100.0,100.0,81,4.0,4.0,0.0,4.0,4.0,81,1.3323813242141067,1.3323813242141067,0.21939770196150202,0.9964911884136496,1.7528710256119007,81,2.54470685561605,2.54470685561605,0.4715482345374448,1.6080878617907717,3.307246010138472,81,0.8158225379379701,0.8253953465711736,0.09598350343512235,0.5449674353041102,1.0,81,1.0148003335866194,1.0321918656560003,0.2930315213963172,0.5,1.690232887708877,81,11.62048520389451,10.546251014086018,4.346427543407726,5.488550190927067,25.0424144792521,81,13.089732922218555,13.089732922218552,3.552713678800501e-15,13.089732922218552,13.089732922218552,81
granite_sparse_favorable,49,70,70.5,12.038122985286403,11.26185197959753,13.166153661796447,13.166153661796448,13.091608100805123,13.0,1.0875124067768989,1.0534851155187201,0.03643422026024723,0.9873802428511399,-0.16615366179644653,20,100.0,100.0,100.0,100.0,100.0,0.0,0,100.0,0.0,100.0,0,0.3,P32_derived_Jv_proxy,100.0,100.0,0.0,0.0,0.0,0.0,0.0,0.0,0.0,0.0,20,0,0,20,1.0,0.0,78.53981633974483,7.0,0.25464790894703254,0.0,0.0,0.0,0.25464790894703254,0.043093935901328706,0.0,0.043093935901328706,1,1,1,1,1,1,100.0,100.0,0.0,100.0,100.0,81,4.0,4.0,0.0,4.0,4.0,81,1.3053343921958656,1.3053343921958656,0.2357568496562711,0.7862279356276526,1.6379825459955462,81,2.4785795945544207,2.4785795945544207,0.5178609503216396,1.468158002086637,3.571624611678682,81,0.8047353331915218,0.8013749957062574,0.09427592358966462,0.5571607811470304,1.0,81,0.9530808022619482,0.9240469948446344,0.259513988253164,0.5,1.5148708932821469,81,12.038122985286403,11.26185197959753,3.909929655069552,6.076542287091007,23.497293088610604,81,13.166153661796447,13.166153661796448,1.7763568394002505e-15,13.166153661796448,13.166153661796448,81
granite_sparse_favorable,49,80,80.5,10.853183133720261,10.000177641482649,12.768050171699983,12.768050171699985,10.734863158961499,13.0,0.9890981315526549,-0.11831997475876221,-0.004760618536677086,1.0181664251926366,0.2319498283000172,18,100.0,100.0,100.0,100.0,100.0,0.0,0,100.0,0.0,100.0,0,0.3,P32_derived_Jv_proxy,100.0,100.0,0.0,0.0,0.0,0.0,0.0,0.0,0.0,0.0,18,0,0,18,1.0,0.0,78.53981633974483,7.0,0.22918311805232927,0.0,0.0,0.0,0.22918311805232927,0.03515806962673429,0.0,0.03515806962673429,1,1,1,1,1,1,100.0,100.0,0.0,100.0,100.0,81,4.0,4.0,0.0,4.0,4.0,81,1.305853138430294,1.305853138430294,0.3088464570950605,0.7119302764070174,1.806108393451957,81,2.5568765803503024,2.5568765803503024,0.6323199374247415,1.4091151006364433,3.7767443147043993,81,0.7936181600077753,0.7955307687519819,0.1017476596307102,0.5886710297266916,1.0,81,1.0098610894183522,1.0249860229469183,0.2660035296284057,0.5,1.6155016396162434,81,10.853183133720261,10.000177641482649,3.601371126999627,5.700037253802216,23.68678960590152,81,12.768050171699983,12.768050171699985,1.7763568394002505e-15,12.768050171699985,12.768050171699985,81
granite_sparse_favorable,50,10,10.5,11.751308576606169,10.511579128996697,13.639469564604413,13.639469564604411,7.755344177862747,11.412658014565233,0.6599557936297955,-3.995964398743422,-0.18048515419393085,0.8367376722759112,-2.22681155003918,19,100.0,100.0,100.0,98.58671550456782,99.61598890532413,0.5714285714285714,4,100.0,0.0,100.0,0,0.3,P32_derived_Jv_proxy,100.0,100.0,-1.4132844954321797,-0.3840110946758699,-1.4132844954321797,-0.3840110946758699,1.4132844954321797,0.3840110946758699,1.4132844954321797,0.3840110946758699,19,4,1,18,0.9473684210526315,0.05263157894736842,78.53981633974483,7.0,0.2419155134996809,0.5714285714285714,0.5714285714285714,0.012732395447351627,0.22918311805232927,0.034265568817920755,0.023075710977738195,0.01118985784018256,0,0,1,1,1,1,100.0,100.0,0.0,100.0,100.0,81,4.0,4.0,0.0,4.0,4.0,81,1.2536414044393263,1.2536414044393263,0.2956583430201905,0.8534119486628954,1.8789614234688643,81,2.297819204957634,2.297819204957634,0.3741383297201416,1.7350575699402984,3.44888047402127,81,0.7955343864600936,0.7809868200684269,0.09177243480029444,0.5537817811934956,0.9840822758677985,81,1.0213685082062083,1.0395604635837303,0.330128132818617,0.5,1.8644055566427016,81,11.751308576606169,10.511579128996697,3.919590192174186,5.9571539714451305,22.303560563123252,81,13.639469564604413,13.639469564604411,1.7763568394002505e-15,13.639469564604411,13.639469564604411,81
granite_sparse_favorable,50,20,20.5,12.462746468563868,12.353396436540429,14.375807282528827,14.375807282528827,10.782640807871056,13.496836876017097,0.8651897745869481,-1.6801056606928118,-0.06288862199612932,0.9388576662696391,-0.8789704065117299,23,100.0,100.0,100.0,98.5952915802131,99.93315942627937,0.14285714285714285,1,100.0,0.0,100.0,0,0.3,P32_derived_Jv_proxy,100.0,100.0,-1.4047084197868998,-0.06684057372062568,-1.4047084197868998,-0.06684057372062568,1.4047084197868998,0.06684057372062568,1.4047084197868998,0.06684057372062568,23,1,0,23,1.0,0.0,78.53981633974483,7.0,0.2928450952890874,0.14285714285714285,0.14285714285714285,0.0,0.2928450952890874,0.04012810831991909,0.00540982741615903,0.03471828090376006,1,1,1,1,1,1,100.0,100.0,0.0,100.0,100.0,81,4.0,4.0,0.0,4.0,4.0,81,1.3543386576952674,1.3543386576952674,0.302906740263199,0.8783288730023615,1.997187647020506,81,2.3552393112232717,2.3552393112232717,0.3327322585224594,1.6164179149271494,3.242691890887847,81,0.7933618928165986,0.7918102767390782,0.11005258019205046,0.5248795410418331,1.0,81,0.9900331527042265,0.9735808827074941,0.2853629792595352,0.5,1.8140894592506938,81,12.462746468563868,12.353396436540429,3.819008203615711,6.049672210086247,23.031338526684667,81,14.375807282528827,14.375807282528827,0.0,14.375807282528827,14.375807282528827,81
granite_sparse_favorable,50,30,30.5,10.878792887766439,10.159249779754981,12.767473621766163,12.767473621766165,10.57860802678168,14.19705165917989,0.9724064182412806,-0.30018486098475883,-0.012152183315361054,1.1119703145481,1.4295780374137266,19,100.0,100.0,100.0,100.0,99.86631885255873,0.2857142857142857,2,100.0,0.0,100.0,0,0.3,P32_derived_Jv_proxy,100.0,100.0,0.0,-0.13368114744126558,0.0,-0.13368114744126558,0.0,0.13368114744126558,0.0,0.13368114744126558,19,2,1,18,0.9473684210526315,0.05263157894736842,78.53981633974483,7.0,0.2419155134996809,0.2857142857142857,0.2857142857142857,0.012732395447351627,0.22918311805232927,0.041971727461270425,0.04063854305670478,0.001333184404565646,1,1,1,1,1,1,100.0,100.0,0.0,100.0,100.0,81,4.0,4.0,0.0,4.0,4.0,81,1.260286227984973,1.260286227984973,0.2719344933109218,0.7468911839884558,1.6745452545597883,81,2.4677674403736765,2.4677674403736765,0.5263428993281406,1.6085394355323794,3.3915904711402094,81,0.7872961158187808,0.7972223219889195,0.10384230147324675,0.5615071323303882,1.0,81,1.0167259208804145,1.018968127164253,0.2896808416069519,0.5,1.9387880917179439,81,10.878792887766439,10.159249779754981,4.151572547189119,4.9101813855213505,24.37349693224145,81,12.767473621766163,12.767473621766165,1.7763568394002505e-15,12.767473621766165,12.767473621766165,81
granite_sparse_favorable,50,40,40.5,10.940090756578385,9.867290702477309,13.413352018866352,13.41335201886635,12.897828553702594,13.0,1.1789507820990426,1.9577377971242083,0.07149567489240449,0.9691835405285004,-0.41335201886635176,24,100.0,100.0,100.0,100.0,100.0,0.0,0,100.0,0.0,100.0,0,0.3,P32_derived_Jv_proxy,100.0,100.0,0.0,0.0,0.0,0.0,0.0,0.0,0.0,0.0,24,0,0,24,1.0,0.0,78.53981633974483,7.0,0.30557749073643903,0.0,0.0,0.0,0.30557749073643903,0.028069648039129702,0.0,0.028069648039129702,1,1,1,1,1,1,100.0,100.0,0.0,100.0,100.0,81,4.0,4.0,0.0,4.0,4.0,81,1.3516779760349822,1.3516779760349822,0.33520491325926394,0.74640175783575,2.1737940717888162,81,2.5192770124384265,2.5192770124384265,0.590210652441045,0.9791846720780464,3.6882535781560373,81,0.7892632851811698,0.7904588545357104,0.09678555341746373,0.5450880953344516,1.0,81,1.0582551932642357,1.0546872355950234,0.3003887592593481,0.5,1.8401142922808147,81,10.940090756578385,9.867290702477309,3.749358974068282,4.993184640539881,22.45672313747689,81,13.413352018866352,13.41335201886635,1.7763568394002505e-15,13.41335201886635,13.41335201886635,81
granite_sparse_favorable,50,50,50.5,10.539756069759388,9.528903494648821,12.81301796853762,12.813017968537618,9.811438897419409,12.296949516350367,0.9308980997738967,-0.7283171723399793,-0.031097856213040842,0.9597231149246446,-0.5160684521872536,23,100.0,100.0,100.0,100.0,99.93315942627937,0.14285714285714285,1,100.0,0.0,100.0,0,0.3,P32_derived_Jv_proxy,100.0,100.0,0.0,-0.06684057372062568,0.0,-0.06684057372062568,0.0,0.06684057372062568,0.0,0.06684057372062568,23,1,0,23,1.0,0.0,78.53981633974483,7.0,0.2928450952890874,0.14285714285714285,0.14285714285714285,0.0,0.2928450952890874,0.03776610380645884,0.05999001364507017,-0.022223909838611333,1,1,1,1,1,1,100.0,100.0,0.0,100.0,100.0,81,4.0,4.0,0.0,4.0,4.0,81,1.2992022395991358,1.2992022395991358,0.22754322275064975,0.8633255148721956,1.8097626951646808,81,2.534926281203477,2.534926281203477,0.49527405247782963,1.8204886724057157,3.7082857986316236,81,0.7893542837799735,0.7914503017375882,0.09093508364992649,0.5214981345946683,1.0,81,1.0636705114418306,1.0421842854706984,0.3342966007719294,0.5,1.9263354491396614,81,10.539756069759388,9.528903494648821,3.8118199051217165,4.590358558927638,22.744284287578687,81,12.81301796853762,12.813017968537618,1.7763568394002505e-15,12.813017968537618,12.813017968537618,81
granite_sparse_favorable,50,60,60.5,10.853813817228712,10.37656470529392,13.614803786265501,13.614803786265501,11.840555530148551,12.133002149374764,1.0909119807595689,0.986741712919839,0.037789711346815746,0.8911624684311965,-1.4818016368907365,20,99.70692967159603,99.70692967159603,99.70692967159603,99.37525704788176,99.86631885255873,0.2857142857142857,2,99.70692967159603,0.1,99.99503320866597,1,0.3,P32_derived_Jv_proxy,100.0,99.70692967159603,-0.33167262371426887,0.15938918096270527,-0.6247429521182397,-0.13368114744126558,0.33167262371426887,0.15938918096270527,0.6247429521182397,0.13368114744126558,20,2,1,19,0.95,0.05,78.53981633974483,7.0,0.25464790894703254,0.2857142857142857,0.2857142857142857,0.012732395447351627,0.2419155134996809,0.030041093649574746,0.04700374332675539,-0.01696264967718064,1,1,1,1,1,1,99.70692967159603,99.70692967159603,0.0,99.70692967159603,99.70692967159603,81,4.0,4.0,0.0,4.0,4.0,81,1.396399815775517,1.396399815775517,0.3241376698585288,0.8710741421347437,2.077097087924979,81,2.556605670024674,2.556605670024674,0.5037842958561077,1.2798172914240273,3.4767329528883026,81,0.7874601381764889,0.7843495387742621,0.09695425210959312,0.5481788268996802,1.0,81,1.055896049145417,1.0567827711880764,0.262994875293279,0.5,1.7275956147172196,81,10.853813817228712,10.37656470529392,3.2687870340245224,6.2082357399744215,20.745015129202383,81,13.614803786265501,13.614803786265501,0.0,13.614803786265501,13.614803786265501,81
granite_sparse_favorable,50,70,70.5,10.901980383153846,10.69838167233849,12.786102331347141,12.786102331347141,13.176752316603908,12.858580025836167,1.2086567626708562,2.2747719334500616,0.08230298635117439,1.0056684744585014,0.07247769448902552,23,100.0,100.0,100.0,98.91983685258465,99.79947827883811,0.42857142857142855,3,100.0,0.0,100.0,0,0.3,P32_derived_Jv_proxy,100.0,100.0,-1.0801631474153481,-0.20052172116189126,-1.0801631474153481,-0.20052172116189126,1.0801631474153481,0.20052172116189126,1.0801631474153481,0.20052172116189126,23,3,2,21,0.9130434782608695,0.08695652173913043,78.53981633974483,7.0,0.2928450952890874,0.42857142857142855,0.42857142857142855,0.025464790894703253,0.26738030439438415,0.04993239989337428,0.06366221052193621,-0.013729810628561934,1,1,1,1,1,1,100.0,100.0,0.0,100.0,100.0,81,4.0,4.0,0.0,4.0,4.0,81,1.3199916958291509,1.3199916958291509,0.24958541748048885,0.8746276558600324,1.804169287601412,81,2.580911018897807,2.580911018897807,0.4184099564444832,1.9533774149571583,3.3180645169277767,81,0.7906703835997104,0.8031802299317032,0.09232205502845092,0.5855439423010901,1.0,81,1.005069477355901,1.0085529256467987,0.28649813452047623,0.5,1.766908609332754,81,10.901980383153846,10.69838167233849,3.3050027387174903,4.892200711648843,19.015676754113702,81,12.786102331347141,12.786102331347141,0.0,12.786102331347141,12.786102331347141,81
granite_sparse_favorable,50,80,80.5,13.33745245622882,12.291313336936321,15.204248506677333,15.204248506677335,11.347835609205879,12.96284127808747,0.8508248217901795,-1.9896168470229423,-0.07015984856566737,0.8525802029869815,-2.2414072285898623,17,100.0,100.0,100.0,100.0,99.86631885255873,0.2857142857142857,2,100.0,0.0,100.0,0,0.3,P32_derived_Jv_proxy,100.0,100.0,0.0,-0.13368114744126558,0.0,-0.13368114744126558,0.0,0.13368114744126558,0.0,0.13368114744126558,17,2,2,15,0.8823529411764706,0.11764705882352941,78.53981633974483,7.0,0.21645072260497766,0.2857142857142857,0.2857142857142857,0.025464790894703253,0.1909859317102744,0.028355598912142677,0.04510342633430242,-0.016747827422159745,1,1,1,1,1,1,100.0,100.0,0.0,100.0,100.0,81,4.0,4.0,0.0,4.0,4.0,81,1.4068706969838671,1.4068706969838671,0.36503929375183974,0.7142210468392197,1.925960701705631,81,2.313285487878608,2.313285487878608,0.46999437775268293,1.5706067184075403,3.2008069702808104,81,0.7938390319979844,0.7991128798108118,0.10819846485450738,0.5738170559431729,1.0,81,1.0118141904934224,1.0057213680815007,0.3164670787012683,0.5,1.8821514771085883,81,13.33745245622882,12.291313336936321,5.203618685991067,5.846219559727273,28.4284040148404,81,15.204248506677333,15.204248506677335,1.7763568394002505e-15,15.204248506677335,15.204248506677335,81
granite_sparse_favorable,51,10,10.5,11.282605226127767,10.304967453878533,12.274498455209853,12.274498455209853,16.24477854893912,12.74976633567117,1.4398074047047367,4.962173322811353,0.15830440274249558,1.0387199429936456,0.47526788046131685,12,100.0,100.0,100.0,99.08364211811131,99.93315942627937,0.14285714285714285,1,100.0,0.0,100.0,0,0.3,P32_derived_Jv_proxy,100.0,100.0,-0.9163578818886862,-0.06684057372062568,-0.9163578818886862,-0.06684057372062568,0.9163578818886862,0.06684057372062568,0.9163578818886862,0.06684057372062568,12,1,0,12,1.0,0.0,78.53981633974483,7.0,0.15278874536821951,0.14285714285714285,0.14285714285714285,0.0,0.15278874536821951,0.03198798437997852,0.023534528836861357,0.008453455543117161,0,1,1,1,1,1,100.0,100.0,0.0,100.0,100.0,81,4.0,4.0,0.0,4.0,4.0,81,1.2477049481106244,1.2477049481106244,0.23135600534908768,0.8969566790642545,1.649345477111341,81,2.541254440382128,2.541254440382128,0.335563157296282,1.9932097414538144,3.316275496884162,81,0.8069341623113596,0.8050898115906931,0.09220232731602251,0.5303740571999812,1.0,81,0.9772009866085334,0.9338746072220193,0.3038260494765155,0.5,1.6612061864765497,81,11.282605226127767,10.304967453878533,4.186477449672886,5.717494331756901,23.989956616180375,81,12.274498455209853,12.274498455209853,0.0,12.274498455209853,12.274498455209853,81
granite_sparse_favorable,51,20,20.5,11.831957147580201,10.486813637018757,12.905021821449285,12.905021821449289,13.793181002989533,13.0,1.165756504266112,1.9612238554093313,0.06660784725241498,1.0073597844207325,0.09497817855071489,20,100.0,100.0,100.0,100.0,100.0,0.0,0,100.0,0.0,100.0,0,0.3,P32_derived_Jv_proxy,100.0,100.0,0.0,0.0,0.0,0.0,0.0,0.0,0.0,0.0,20,0,0,20,1.0,0.0,78.53981633974483,7.0,0.25464790894703254,0.0,0.0,0.0,0.25464790894703254,0.041921680082814605,0.0,0.041921680082814605,1,1,1,1,1,1,100.0,100.0,0.0,100.0,100.0,81,4.0,4.0,0.0,4.0,4.0,81,1.3242385587677652,1.3242385587677652,0.24253274414209103,0.9768649535980871,1.827267873817073,81,2.5653551328498403,2.5653551328498403,0.3366733451544286,1.6499091394968535,3.154614803834056,81,0.815941136305098,0.8072649511295511,0.10039738939437683,0.5145903613530548,1.0,81,0.9912417643209227,1.0167203311381006,0.29466277594248785,0.5,1.670831042112046,81,11.831957147580201,10.486813637018757,4.477225332558844,4.396246853419514,25.810043642898577,81,12.905021821449285,12.905021821449289,3.552713678800501e-15,12.905021821449289,12.905021821449289,81
granite_sparse_favorable,51,30,30.5,10.451085518917383,9.986239277197637,12.678876120209267,12.678876120209265,12.34451170088808,13.54850453180684,1.1811702888224798,1.893426181970698,0.07231251417965368,1.0685887616025718,0.8696284115975725,13,100.0,100.0,100.0,100.0,99.93315942627937,0.14285714285714285,1,100.0,0.0,100.0,0,0.3,P32_derived_Jv_proxy,100.0,100.0,0.0,-0.06684057372062568,0.0,-0.06684057372062568,0.0,0.06684057372062568,0.0,0.06684057372062568,13,1,0,13,1.0,0.0,78.53981633974483,7.0,0.16552114081557115,0.14285714285714285,0.14285714285714285,0.0,0.16552114081557115,0.03988155877428645,0.06020846890011955,-0.020326910125833098,1,1,1,1,1,1,100.0,100.0,0.0,100.0,100.0,81,4.0,4.0,0.0,4.0,4.0,81,1.17066527004264,1.17066527004264,0.2885052042586281,0.5231925855919038,1.7837931150526674,81,2.308298580535619,2.308298580535619,0.5752351717298385,1.3090098372844197,3.240902632075567,81,0.7858091298014285,0.7845142905262456,0.08985074709213502,0.5715791235736324,1.0,81,1.0310814505311707,1.0169442276015848,0.2911337577769954,0.5,1.9044562340043607,81,10.451085518917383,9.986239277197637,3.130036435866027,4.544131379051206,19.1509563545594,81,12.678876120209267,12.678876120209265,1.7763568394002505e-15,12.678876120209265,12.678876120209265,81
granite_sparse_favorable,51,40,40.5,10.869845676159887,9.685421170447972,12.998959152294457,12.998959152294459,13.632783374991108,11.625397487117217,1.25418370979185,2.7629376988312213,0.09836115555792935,0.8943329501166414,-1.37356166517724,17,100.0,100.0,100.0,99.40497041333882,99.86631885255873,0.2857142857142857,2,100.0,0.0,100.0,0,0.3,P32_derived_Jv_proxy,100.0,100.0,-0.5950295866611839,-0.13368114744126558,-0.5950295866611839,-0.13368114744126558,0.5950295866611839,0.13368114744126558,0.5950295866611839,0.13368114744126558,17,2,1,16,0.9411764705882353,0.058823529411764705,78.53981633974483,7.0,0.21645072260497766,0.2857142857142857,0.2857142857142857,0.012732395447351627,0.20371832715762603,0.03333605000581774,0.043335428459501446,-0.009999378453683705,0,1,1,1,1,1,100.0,100.0,0.0,100.0,100.0,81,4.0,4.0,0.0,4.0,4.0,81,1.3069751154844043,1.3069751154844043,0.22575750493881655,0.8259041580613949,1.720592770258155,81,2.5136149367268934,2.5136149367268934,0.45690822681384374,1.6136661593163746,3.541790113236475,81,0.807218682264119,0.789772509678702,0.10283430440142691,0.5538072656124634,1.0,81,1.0463773473319053,1.0966182589559417,0.2587405606464073,0.5,1.6718416434034427,81,10.869845676159887,9.685421170447972,3.897405313236173,5.351882462102496,23.931617861588272,81,12.998959152294457,12.998959152294459,1.7763568394002505e-15,12.998959152294459,12.998959152294459,81
granite_sparse_favorable,51,50,50.5,10.619685760013292,9.975202832544149,12.7556080405906,12.7556080405906,7.760086111393988,12.614808025264221,0.7307265287089131,-2.8595996486193043,-0.13624512549623213,0.9889617166913307,-0.14080001532637887,26,100.0,100.0,100.0,98.85203339801436,99.86631885255873,0.2857142857142857,2,100.0,0.0,100.0,0,0.3,P32_derived_Jv_proxy,100.0,100.0,-1.1479666019856438,-0.13368114744126558,-1.1479666019856438,-0.13368114744126558,1.1479666019856438,0.13368114744126558,1.1479666019856438,0.13368114744126558,26,2,1,25,0.9615384615384616,0.038461538461538464,78.53981633974483,7.0,0.3310422816311423,0.2857142857142857,0.2857142857142857,0.012732395447351627,0.3183098861837907,0.03665047224747364,0.039870891715693135,-0.003220419468219493,0,1,1,1,1,1,100.0,100.0,0.0,100.0,100.0,81,4.0,4.0,0.0,4.0,4.0,81,1.298834221427981,1.298834221427981,0.28366149184794365,0.7862776078066431,1.7936500110721867,81,2.545614088514756,2.545614088514756,0.4538681507082953,1.869556938729179,3.59813886316053,81,0.7970853688359029,0.7941504334039503,0.09886732986393418,0.536069052069871,1.0,81,1.0434167522196485,1.0320528664875812,0.29676652321174823,0.5,1.9662893953373841,81,10.619685760013292,9.975202832544149,3.4769380101999237,4.844565086807333,21.766349629726466,81,12.7556080405906,12.7556080405906,0.0,12.7556080405906,12.7556080405906,81
granite_sparse_favorable,51,60,60.5,11.46129493756488,10.894633617401185,13.49816924329782,13.498169243297822,18.98309428454317,13.763188655399116,1.6562783165386727,7.521799346978291,0.2191333162537843,1.0196337301247638,0.26501941210129587,26,100.0,100.0,100.0,100.0,99.7496700527654,0.2857142857142857,2,100.0,0.0,100.0,0,0.3,P32_derived_Jv_proxy,100.0,100.0,0.0,-0.25032994723460433,0.0,-0.25032994723460433,0.0,0.25032994723460433,0.0,0.25032994723460433,26,2,1,25,0.9615384615384616,0.038461538461538464,78.53981633974483,7.0,0.3310422816311423,0.2857142857142857,0.2857142857142857,0.012732395447351627,0.3183098861837907,0.03376732825435502,0.06180610134734432,-0.0280387730929893,0,0,1,1,1,1,100.0,100.0,0.0,100.0,100.0,81,4.0,4.0,0.0,4.0,4.0,81,1.323601129265359,1.323601129265359,0.25224236493246427,0.9103015567721926,1.8393962711937506,81,2.4514456468282915,2.4514456468282915,0.5538709768004015,1.2837076940758376,3.4407169577729615,81,0.8131424001623218,0.818556709405455,0.09702222170858028,0.5086314498032902,1.0,81,1.0559840633695008,1.0668078586324339,0.31574060399209253,0.5,1.689659858254578,81,11.46129493756488,10.894633617401185,4.024722201552571,5.471308775118278,23.689161091913313,81,13.49816924329782,13.498169243297822,1.7763568394002505e-15,13.498169243297822,13.498169243297822,81
granite_sparse_favorable,51,70,70.5,10.412212702609068,9.055081849793556,11.426333986976815,11.426333986976815,11.623173278261378,13.773504728250616,1.1163019437116253,1.2109605756523099,0.047781680938006055,1.2054176557370888,2.3471707412738017,18,100.0,100.0,100.0,100.0,99.93315942627937,0.14285714285714285,1,100.0,0.0,100.0,0,0.3,P32_derived_Jv_proxy,100.0,100.0,0.0,-0.06684057372062568,0.0,-0.06684057372062568,0.0,0.06684057372062568,0.0,0.06684057372062568,18,1,1,17,0.9444444444444444,0.05555555555555555,78.53981633974483,7.0,0.22918311805232927,0.14285714285714285,0.14285714285714285,0.012732395447351627,0.21645072260497766,0.04345244451432484,0.023016645252869172,0.020435799261455667,1,1,1,1,1,1,100.0,100.0,0.0,100.0,100.0,81,4.0,4.0,0.0,4.0,4.0,81,1.231437256689105,1.231437256689105,0.2356508406139639,0.8721024033383656,1.6658899995332488,81,2.69429647797062,2.69429647797062,0.43183017088637843,1.7102164106309268,3.1482849980622305,81,0.8023404130066586,0.8042982252052315,0.0945332022242995,0.5760668787595602,1.0,81,0.9797225629969077,0.9885438605895746,0.2973216732079027,0.5,1.7695815526314984,81,10.412212702609068,9.055081849793556,3.8488593620569276,5.067526204076447,21.87678477653521,81,11.426333986976815,11.426333986976815,0.0,11.426333986976815,11.426333986976815,81
granite_sparse_favorable,51,80,80.5,12.2742379196809,11.650352714890866,13.881278628119471,13.881278628119473,11.808719413956073,13.0,0.9620735308561683,-0.4655185057248268,-0.016791733757717253,0.9365131518695796,-0.8812786281194711,19,100.0,100.0,100.0,100.0,100.0,0.0,0,100.0,0.0,100.0,0,0.3,P32_derived_Jv_proxy,100.0,100.0,0.0,0.0,0.0,0.0,0.0,0.0,0.0,0.0,19,0,0,19,1.0,0.0,78.53981633974483,7.0,0.2419155134996809,0.0,0.0,0.0,0.2419155134996809,0.0415333947342994,0.0,0.0415333947342994,1,1,1,1,1,1,100.0,100.0,0.0,100.0,100.0,81,4.0,4.0,0.0,4.0,4.0,81,1.2924648974114292,1.2924648974114292,0.3292168088788612,0.6668725903987897,1.8631946875711378,81,2.3277122591453274,2.3277122591453274,0.35376996398799787,1.7236099352637653,3.178352520977229,81,0.805383436447178,0.8076600411866947,0.1002509035550152,0.5610539298096725,1.0,81,0.9952001961939748,0.9894195621814642,0.28467629427346325,0.5,1.7737852241566043,81,12.2742379196809,11.650352714890866,4.145302813261524,5.314246784008988,25.951396126391504,81,13.881278628119471,13.881278628119473,1.7763568394002505e-15,13.881278628119473,13.881278628119473,81
