<?xml version="1.0"?>
<VTKFile type="PolyData" version="1.0" byte_order="LittleEndian">
  <PolyData>
    <Piece NumberOfPoints="3200" NumberOfPolys="3168">
      <Points>
        <DataArray type="Float64" NumberOfComponents="3" format="ascii">
          0.000000 20.000000 15.000000
          0.000000 19.903926 15.975452
          0.000000 19.619398 16.913417
          0.000000 19.157348 17.777851
          0.000000 18.535534 18.535534
          0.000000 17.777851 19.157348
          0.000000 16.913417 19.619398
          0.000000 15.975452 19.903926
          0.000000 15.000000 20.000000
          0.000000 14.024548 19.903926
          0.000000 13.086583 19.619398
          0.000000 12.222149 19.157348
          0.000000 11.464466 18.535534
          0.000000 10.842652 17.777851
          0.000000 10.380602 16.913417
          0.000000 10.096074 15.975452
          0.000000 10.000000 15.000000
          0.000000 10.096074 14.024548
          0.000000 10.380602 13.086583
          0.000000 10.842652 12.222149
          0.000000 11.464466 11.464466
          0.000000 12.222149 10.842652
          0.000000 13.086583 10.380602
          0.000000 14.024548 10.096074
          0.000000 15.000000 10.000000
          0.000000 15.975452 10.096074
          0.000000 16.913417 10.380602
          0.000000 17.777851 10.842652
          0.000000 18.535534 11.464466
          0.000000 19.157348 12.222149
          0.000000 19.619398 13.086583
          0.000000 19.903926 14.024548
          0.606061 20.000000 15.000000
          0.606061 19.903926 15.975452
          0.606061 19.619398 16.913417
          0.606061 19.157348 17.777851
          0.606061 18.535534 18.535534
          0.606061 17.777851 19.157348
          0.606061 16.913417 19.619398
          0.606061 15.975452 19.903926
          0.606061 15.000000 20.000000
          0.606061 14.024548 19.903926
          0.606061 13.086583 19.619398
          0.606061 12.222149 19.157348
          0.606061 11.464466 18.535534
          0.606061 10.842652 17.777851
          0.606061 10.380602 16.913417
          0.606061 10.096074 15.975452
          0.606061 10.000000 15.000000
          0.606061 10.096074 14.024548
          0.606061 10.380602 13.086583
          0.606061 10.842652 12.222149
          0.606061 11.464466 11.464466
          0.606061 12.222149 10.842652
          0.606061 13.086583 10.380602
          0.606061 14.024548 10.096074
          0.606061 15.000000 10.000000
          0.606061 15.975452 10.096074
          0.606061 16.913417 10.380602
          0.606061 17.777851 10.842652
          0.606061 18.535534 11.464466
          0.606061 19.157348 12.222149
          0.606061 19.619398 13.086583
          0.606061 19.903926 14.024548
          1.212121 20.000000 15.000000
          1.212121 19.903926 15.975452
          1.212121 19.619398 16.913417
          1.212121 19.157348 17.777851
          1.212121 18.535534 18.535534
          1.212121 17.777851 19.157348
          1.212121 16.913417 19.619398
          1.212121 15.975452 19.903926
          1.212121 15.000000 20.000000
          1.212121 14.024548 19.903926
          1.212121 13.086583 19.619398
          1.212121 12.222149 19.157348
          1.212121 11.464466 18.535534
          1.212121 10.842652 17.777851
          1.212121 10.380602 16.913417
          1.212121 10.096074 15.975452
          1.212121 10.000000 15.000000
          1.212121 10.096074 14.024548
          1.212121 10.380602 13.086583
          1.212121 10.842652 12.222149
          1.212121 11.464466 11.464466
          1.212121 12.222149 10.842652
          1.212121 13.086583 10.380602
          1.212121 14.024548 10.096074
          1.212121 15.000000 10.000000
          1.212121 15.975452 10.096074
          1.212121 16.913417 10.380602
          1.212121 17.777851 10.842652
          1.212121 18.535534 11.464466
          1.212121 19.157348 12.222149
          1.212121 19.619398 13.086583
          1.212121 19.903926 14.024548
          1.818182 20.000000 15.000000
          1.818182 19.903926 15.975452
          1.818182 19.619398 16.913417
          1.818182 19.157348 17.777851
          1.818182 18.535534 18.535534
          1.818182 17.777851 19.157348
          1.818182 16.913417 19.619398
          1.818182 15.975452 19.903926
          1.818182 15.000000 20.000000
          1.818182 14.024548 19.903926
          1.818182 13.086583 19.619398
          1.818182 12.222149 19.157348
          1.818182 11.464466 18.535534
          1.818182 10.842652 17.777851
          1.818182 10.380602 16.913417
          1.818182 10.096074 15.975452
          1.818182 10.000000 15.000000
          1.818182 10.096074 14.024548
          1.818182 10.380602 13.086583
          1.818182 10.842652 12.222149
          1.818182 11.464466 11.464466
          1.818182 12.222149 10.842652
          1.818182 13.086583 10.380602
          1.818182 14.024548 10.096074
          1.818182 15.000000 10.000000
          1.818182 15.975452 10.096074
          1.818182 16.913417 10.380602
          1.818182 17.777851 10.842652
          1.818182 18.535534 11.464466
          1.818182 19.157348 12.222149
          1.818182 19.619398 13.086583
          1.818182 19.903926 14.024548
          2.424242 20.000000 15.000000
          2.424242 19.903926 15.975452
          2.424242 19.619398 16.913417
          2.424242 19.157348 17.777851
          2.424242 18.535534 18.535534
          2.424242 17.777851 19.157348
          2.424242 16.913417 19.619398
          2.424242 15.975452 19.903926
          2.424242 15.000000 20.000000
          2.424242 14.024548 19.903926
          2.424242 13.086583 19.619398
          2.424242 12.222149 19.157348
          2.424242 11.464466 18.535534
          2.424242 10.842652 17.777851
          2.424242 10.380602 16.913417
          2.424242 10.096074 15.975452
          2.424242 10.000000 15.000000
          2.424242 10.096074 14.024548
          2.424242 10.380602 13.086583
          2.424242 10.842652 12.222149
          2.424242 11.464466 11.464466
          2.424242 12.222149 10.842652
          2.424242 13.086583 10.380602
          2.424242 14.024548 10.096074
          2.424242 15.000000 10.000000
          2.424242 15.975452 10.096074
          2.424242 16.913417 10.380602
          2.424242 17.777851 10.842652
          2.424242 18.535534 11.464466
          2.424242 19.157348 12.222149
          2.424242 19.619398 13.086583
          2.424242 19.903926 14.024548
          3.030303 20.000000 15.000000
          3.030303 19.903926 15.975452
          3.030303 19.619398 16.913417
          3.030303 19.157348 17.777851
          3.030303 18.535534 18.535534
          3.030303 17.777851 19.157348
          3.030303 16.913417 19.619398
          3.030303 15.975452 19.903926
          3.030303 15.000000 20.000000
          3.030303 14.024548 19.903926
          3.030303 13.086583 19.619398
          3.030303 12.222149 19.157348
          3.030303 11.464466 18.535534
          3.030303 10.842652 17.777851
          3.030303 10.380602 16.913417
          3.030303 10.096074 15.975452
          3.030303 10.000000 15.000000
          3.030303 10.096074 14.024548
          3.030303 10.380602 13.086583
          3.030303 10.842652 12.222149
          3.030303 11.464466 11.464466
          3.030303 12.222149 10.842652
          3.030303 13.086583 10.380602
          3.030303 14.024548 10.096074
          3.030303 15.000000 10.000000
          3.030303 15.975452 10.096074
          3.030303 16.913417 10.380602
          3.030303 17.777851 10.842652
          3.030303 18.535534 11.464466
          3.030303 19.157348 12.222149
          3.030303 19.619398 13.086583
          3.030303 19.903926 14.024548
          3.636364 20.000000 15.000000
          3.636364 19.903926 15.975452
          3.636364 19.619398 16.913417
          3.636364 19.157348 17.777851
          3.636364 18.535534 18.535534
          3.636364 17.777851 19.157348
          3.636364 16.913417 19.619398
          3.636364 15.975452 19.903926
          3.636364 15.000000 20.000000
          3.636364 14.024548 19.903926
          3.636364 13.086583 19.619398
          3.636364 12.222149 19.157348
          3.636364 11.464466 18.535534
          3.636364 10.842652 17.777851
          3.636364 10.380602 16.913417
          3.636364 10.096074 15.975452
          3.636364 10.000000 15.000000
          3.636364 10.096074 14.024548
          3.636364 10.380602 13.086583
          3.636364 10.842652 12.222149
          3.636364 11.464466 11.464466
          3.636364 12.222149 10.842652
          3.636364 13.086583 10.380602
          3.636364 14.024548 10.096074
          3.636364 15.000000 10.000000
          3.636364 15.975452 10.096074
          3.636364 16.913417 10.380602
          3.636364 17.777851 10.842652
          3.636364 18.535534 11.464466
          3.636364 19.157348 12.222149
          3.636364 19.619398 13.086583
          3.636364 19.903926 14.024548
          4.242424 20.000000 15.000000
          4.242424 19.903926 15.975452
          4.242424 19.619398 16.913417
          4.242424 19.157348 17.777851
          4.242424 18.535534 18.535534
          4.242424 17.777851 19.157348
          4.242424 16.913417 19.619398
          4.242424 15.975452 19.903926
          4.242424 15.000000 20.000000
          4.242424 14.024548 19.903926
          4.242424 13.086583 19.619398
          4.242424 12.222149 19.157348
          4.242424 11.464466 18.535534
          4.242424 10.842652 17.777851
          4.242424 10.380602 16.913417
          4.242424 10.096074 15.975452
          4.242424 10.000000 15.000000
          4.242424 10.096074 14.024548
          4.242424 10.380602 13.086583
          4.242424 10.842652 12.222149
          4.242424 11.464466 11.464466
          4.242424 12.222149 10.842652
          4.242424 13.086583 10.380602
          4.242424 14.024548 10.096074
          4.242424 15.000000 10.000000
          4.242424 15.975452 10.096074
          4.242424 16.913417 10.380602
          4.242424 17.777851 10.842652
          4.242424 18.535534 11.464466
          4.242424 19.157348 12.222149
          4.242424 19.619398 13.086583
          4.242424 19.903926 14.024548
          4.848485 20.000000 15.000000
          4.848485 19.903926 15.975452
          4.848485 19.619398 16.913417
          4.848485 19.157348 17.777851
          4.848485 18.535534 18.535534
          4.848485 17.777851 19.157348
          4.848485 16.913417 19.619398
          4.848485 15.975452 19.903926
          4.848485 15.000000 20.000000
          4.848485 14.024548 19.903926
          4.848485 13.086583 19.619398
          4.848485 12.222149 19.157348
          4.848485 11.464466 18.535534
          4.848485 10.842652 17.777851
          4.848485 10.380602 16.913417
          4.848485 10.096074 15.975452
          4.848485 10.000000 15.000000
          4.848485 10.096074 14.024548
          4.848485 10.380602 13.086583
          4.848485 10.842652 12.222149
          4.848485 11.464466 11.464466
          4.848485 12.222149 10.842652
          4.848485 13.086583 10.380602
          4.848485 14.024548 10.096074
          4.848485 15.000000 10.000000
          4.848485 15.975452 10.096074
          4.848485 16.913417 10.380602
          4.848485 17.777851 10.842652
          4.848485 18.535534 11.464466
          4.848485 19.157348 12.222149
          4.848485 19.619398 13.086583
          4.848485 19.903926 14.024548
          5.454545 20.000000 15.000000
          5.454545 19.903926 15.975452
          5.454545 19.619398 16.913417
          5.454545 19.157348 17.777851
          5.454545 18.535534 18.535534
          5.454545 17.777851 19.157348
          5.454545 16.913417 19.619398
          5.454545 15.975452 19.903926
          5.454545 15.000000 20.000000
          5.454545 14.024548 19.903926
          5.454545 13.086583 19.619398
          5.454545 12.222149 19.157348
          5.454545 11.464466 18.535534
          5.454545 10.842652 17.777851
          5.454545 10.380602 16.913417
          5.454545 10.096074 15.975452
          5.454545 10.000000 15.000000
          5.454545 10.096074 14.024548
          5.454545 10.380602 13.086583
          5.454545 10.842652 12.222149
          5.454545 11.464466 11.464466
          5.454545 12.222149 10.842652
          5.454545 13.086583 10.380602
          5.454545 14.024548 10.096074
          5.454545 15.000000 10.000000
          5.454545 15.975452 10.096074
          5.454545 16.913417 10.380602
          5.454545 17.777851 10.842652
          5.454545 18.535534 11.464466
          5.454545 19.157348 12.222149
          5.454545 19.619398 13.086583
          5.454545 19.903926 14.024548
          6.060606 20.000000 15.000000
          6.060606 19.903926 15.975452
          6.060606 19.619398 16.913417
          6.060606 19.157348 17.777851
          6.060606 18.535534 18.535534
          6.060606 17.777851 19.157348
          6.060606 16.913417 19.619398
          6.060606 15.975452 19.903926
          6.060606 15.000000 20.000000
          6.060606 14.024548 19.903926
          6.060606 13.086583 19.619398
          6.060606 12.222149 19.157348
          6.060606 11.464466 18.535534
          6.060606 10.842652 17.777851
          6.060606 10.380602 16.913417
          6.060606 10.096074 15.975452
          6.060606 10.000000 15.000000
          6.060606 10.096074 14.024548
          6.060606 10.380602 13.086583
          6.060606 10.842652 12.222149
          6.060606 11.464466 11.464466
          6.060606 12.222149 10.842652
          6.060606 13.086583 10.380602
          6.060606 14.024548 10.096074
          6.060606 15.000000 10.000000
          6.060606 15.975452 10.096074
          6.060606 16.913417 10.380602
          6.060606 17.777851 10.842652
          6.060606 18.535534 11.464466
          6.060606 19.157348 12.222149
          6.060606 19.619398 13.086583
          6.060606 19.903926 14.024548
          6.666667 20.000000 15.000000
          6.666667 19.903926 15.975452
          6.666667 19.619398 16.913417
          6.666667 19.157348 17.777851
          6.666667 18.535534 18.535534
          6.666667 17.777851 19.157348
          6.666667 16.913417 19.619398
          6.666667 15.975452 19.903926
          6.666667 15.000000 20.000000
          6.666667 14.024548 19.903926
          6.666667 13.086583 19.619398
          6.666667 12.222149 19.157348
          6.666667 11.464466 18.535534
          6.666667 10.842652 17.777851
          6.666667 10.380602 16.913417
          6.666667 10.096074 15.975452
          6.666667 10.000000 15.000000
          6.666667 10.096074 14.024548
          6.666667 10.380602 13.086583
          6.666667 10.842652 12.222149
          6.666667 11.464466 11.464466
          6.666667 12.222149 10.842652
          6.666667 13.086583 10.380602
          6.666667 14.024548 10.096074
          6.666667 15.000000 10.000000
          6.666667 15.975452 10.096074
          6.666667 16.913417 10.380602
          6.666667 17.777851 10.842652
          6.666667 18.535534 11.464466
          6.666667 19.157348 12.222149
          6.666667 19.619398 13.086583
          6.666667 19.903926 14.024548
          7.272727 20.000000 15.000000
          7.272727 19.903926 15.975452
          7.272727 19.619398 16.913417
          7.272727 19.157348 17.777851
          7.272727 18.535534 18.535534
          7.272727 17.777851 19.157348
          7.272727 16.913417 19.619398
          7.272727 15.975452 19.903926
          7.272727 15.000000 20.000000
          7.272727 14.024548 19.903926
          7.272727 13.086583 19.619398
          7.272727 12.222149 19.157348
          7.272727 11.464466 18.535534
          7.272727 10.842652 17.777851
          7.272727 10.380602 16.913417
          7.272727 10.096074 15.975452
          7.272727 10.000000 15.000000
          7.272727 10.096074 14.024548
          7.272727 10.380602 13.086583
          7.272727 10.842652 12.222149
          7.272727 11.464466 11.464466
          7.272727 12.222149 10.842652
          7.272727 13.086583 10.380602
          7.272727 14.024548 10.096074
          7.272727 15.000000 10.000000
          7.272727 15.975452 10.096074
          7.272727 16.913417 10.380602
          7.272727 17.777851 10.842652
          7.272727 18.535534 11.464466
          7.272727 19.157348 12.222149
          7.272727 19.619398 13.086583
          7.272727 19.903926 14.024548
          7.878788 20.000000 15.000000
          7.878788 19.903926 15.975452
          7.878788 19.619398 16.913417
          7.878788 19.157348 17.777851
          7.878788 18.535534 18.535534
          7.878788 17.777851 19.157348
          7.878788 16.913417 19.619398
          7.878788 15.975452 19.903926
          7.878788 15.000000 20.000000
          7.878788 14.024548 19.903926
          7.878788 13.086583 19.619398
          7.878788 12.222149 19.157348
          7.878788 11.464466 18.535534
          7.878788 10.842652 17.777851
          7.878788 10.380602 16.913417
          7.878788 10.096074 15.975452
          7.878788 10.000000 15.000000
          7.878788 10.096074 14.024548
          7.878788 10.380602 13.086583
          7.878788 10.842652 12.222149
          7.878788 11.464466 11.464466
          7.878788 12.222149 10.842652
          7.878788 13.086583 10.380602
          7.878788 14.024548 10.096074
          7.878788 15.000000 10.000000
          7.878788 15.975452 10.096074
          7.878788 16.913417 10.380602
          7.878788 17.777851 10.842652
          7.878788 18.535534 11.464466
          7.878788 19.157348 12.222149
          7.878788 19.619398 13.086583
          7.878788 19.903926 14.024548
          8.484848 20.000000 15.000000
          8.484848 19.903926 15.975452
          8.484848 19.619398 16.913417
          8.484848 19.157348 17.777851
          8.484848 18.535534 18.535534
          8.484848 17.777851 19.157348
          8.484848 16.913417 19.619398
          8.484848 15.975452 19.903926
          8.484848 15.000000 20.000000
          8.484848 14.024548 19.903926
          8.484848 13.086583 19.619398
          8.484848 12.222149 19.157348
          8.484848 11.464466 18.535534
          8.484848 10.842652 17.777851
          8.484848 10.380602 16.913417
          8.484848 10.096074 15.975452
          8.484848 10.000000 15.000000
          8.484848 10.096074 14.024548
          8.484848 10.380602 13.086583
          8.484848 10.842652 12.222149
          8.484848 11.464466 11.464466
          8.484848 12.222149 10.842652
          8.484848 13.086583 10.380602
          8.484848 14.024548 10.096074
          8.484848 15.000000 10.000000
          8.484848 15.975452 10.096074
          8.484848 16.913417 10.380602
          8.484848 17.777851 10.842652
          8.484848 18.535534 11.464466
          8.484848 19.157348 12.222149
          8.484848 19.619398 13.086583
          8.484848 19.903926 14.024548
          9.090909 20.000000 15.000000
          9.090909 19.903926 15.975452
          9.090909 19.619398 16.913417
          9.090909 19.157348 17.777851
          9.090909 18.535534 18.535534
          9.090909 17.777851 19.157348
          9.090909 16.913417 19.619398
          9.090909 15.975452 19.903926
          9.090909 15.000000 20.000000
          9.090909 14.024548 19.903926
          9.090909 13.086583 19.619398
          9.090909 12.222149 19.157348
          9.090909 11.464466 18.535534
          9.090909 10.842652 17.777851
          9.090909 10.380602 16.913417
          9.090909 10.096074 15.975452
          9.090909 10.000000 15.000000
          9.090909 10.096074 14.024548
          9.090909 10.380602 13.086583
          9.090909 10.842652 12.222149
          9.090909 11.464466 11.464466
          9.090909 12.222149 10.842652
          9.090909 13.086583 10.380602
          9.090909 14.024548 10.096074
          9.090909 15.000000 10.000000
          9.090909 15.975452 10.096074
          9.090909 16.913417 10.380602
          9.090909 17.777851 10.842652
          9.090909 18.535534 11.464466
          9.090909 19.157348 12.222149
          9.090909 19.619398 13.086583
          9.090909 19.903926 14.024548
          9.696970 20.000000 15.000000
          9.696970 19.903926 15.975452
          9.696970 19.619398 16.913417
          9.696970 19.157348 17.777851
          9.696970 18.535534 18.535534
          9.696970 17.777851 19.157348
          9.696970 16.913417 19.619398
          9.696970 15.975452 19.903926
          9.696970 15.000000 20.000000
          9.696970 14.024548 19.903926
          9.696970 13.086583 19.619398
          9.696970 12.222149 19.157348
          9.696970 11.464466 18.535534
          9.696970 10.842652 17.777851
          9.696970 10.380602 16.913417
          9.696970 10.096074 15.975452
          9.696970 10.000000 15.000000
          9.696970 10.096074 14.024548
          9.696970 10.380602 13.086583
          9.696970 10.842652 12.222149
          9.696970 11.464466 11.464466
          9.696970 12.222149 10.842652
          9.696970 13.086583 10.380602
          9.696970 14.024548 10.096074
          9.696970 15.000000 10.000000
          9.696970 15.975452 10.096074
          9.696970 16.913417 10.380602
          9.696970 17.777851 10.842652
          9.696970 18.535534 11.464466
          9.696970 19.157348 12.222149
          9.696970 19.619398 13.086583
          9.696970 19.903926 14.024548
          10.303030 20.000000 15.000000
          10.303030 19.903926 15.975452
          10.303030 19.619398 16.913417
          10.303030 19.157348 17.777851
          10.303030 18.535534 18.535534
          10.303030 17.777851 19.157348
          10.303030 16.913417 19.619398
          10.303030 15.975452 19.903926
          10.303030 15.000000 20.000000
          10.303030 14.024548 19.903926
          10.303030 13.086583 19.619398
          10.303030 12.222149 19.157348
          10.303030 11.464466 18.535534
          10.303030 10.842652 17.777851
          10.303030 10.380602 16.913417
          10.303030 10.096074 15.975452
          10.303030 10.000000 15.000000
          10.303030 10.096074 14.024548
          10.303030 10.380602 13.086583
          10.303030 10.842652 12.222149
          10.303030 11.464466 11.464466
          10.303030 12.222149 10.842652
          10.303030 13.086583 10.380602
          10.303030 14.024548 10.096074
          10.303030 15.000000 10.000000
          10.303030 15.975452 10.096074
          10.303030 16.913417 10.380602
          10.303030 17.777851 10.842652
          10.303030 18.535534 11.464466
          10.303030 19.157348 12.222149
          10.303030 19.619398 13.086583
          10.303030 19.903926 14.024548
          10.909091 20.000000 15.000000
          10.909091 19.903926 15.975452
          10.909091 19.619398 16.913417
          10.909091 19.157348 17.777851
          10.909091 18.535534 18.535534
          10.909091 17.777851 19.157348
          10.909091 16.913417 19.619398
          10.909091 15.975452 19.903926
          10.909091 15.000000 20.000000
          10.909091 14.024548 19.903926
          10.909091 13.086583 19.619398
          10.909091 12.222149 19.157348
          10.909091 11.464466 18.535534
          10.909091 10.842652 17.777851
          10.909091 10.380602 16.913417
          10.909091 10.096074 15.975452
          10.909091 10.000000 15.000000
          10.909091 10.096074 14.024548
          10.909091 10.380602 13.086583
          10.909091 10.842652 12.222149
          10.909091 11.464466 11.464466
          10.909091 12.222149 10.842652
          10.909091 13.086583 10.380602
          10.909091 14.024548 10.096074
          10.909091 15.000000 10.000000
          10.909091 15.975452 10.096074
          10.909091 16.913417 10.380602
          10.909091 17.777851 10.842652
          10.909091 18.535534 11.464466
          10.909091 19.157348 12.222149
          10.909091 19.619398 13.086583
          10.909091 19.903926 14.024548
          11.515152 20.000000 15.000000
          11.515152 19.903926 15.975452
          11.515152 19.619398 16.913417
          11.515152 19.157348 17.777851
          11.515152 18.535534 18.535534
          11.515152 17.777851 19.157348
          11.515152 16.913417 19.619398
          11.515152 15.975452 19.903926
          11.515152 15.000000 20.000000
          11.515152 14.024548 19.903926
          11.515152 13.086583 19.619398
          11.515152 12.222149 19.157348
          11.515152 11.464466 18.535534
          11.515152 10.842652 17.777851
          11.515152 10.380602 16.913417
          11.515152 10.096074 15.975452
          11.515152 10.000000 15.000000
          11.515152 10.096074 14.024548
          11.515152 10.380602 13.086583
          11.515152 10.842652 12.222149
          11.515152 11.464466 11.464466
          11.515152 12.222149 10.842652
          11.515152 13.086583 10.380602
          11.515152 14.024548 10.096074
          11.515152 15.000000 10.000000
          11.515152 15.975452 10.096074
          11.515152 16.913417 10.380602
          11.515152 17.777851 10.842652
          11.515152 18.535534 11.464466
          11.515152 19.157348 12.222149
          11.515152 19.619398 13.086583
          11.515152 19.903926 14.024548
          12.121212 20.000000 15.000000
          12.121212 19.903926 15.975452
          12.121212 19.619398 16.913417
          12.121212 19.157348 17.777851
          12.121212 18.535534 18.535534
          12.121212 17.777851 19.157348
          12.121212 16.913417 19.619398
          12.121212 15.975452 19.903926
          12.121212 15.000000 20.000000
          12.121212 14.024548 19.903926
          12.121212 13.086583 19.619398
          12.121212 12.222149 19.157348
          12.121212 11.464466 18.535534
          12.121212 10.842652 17.777851
          12.121212 10.380602 16.913417
          12.121212 10.096074 15.975452
          12.121212 10.000000 15.000000
          12.121212 10.096074 14.024548
          12.121212 10.380602 13.086583
          12.121212 10.842652 12.222149
          12.121212 11.464466 11.464466
          12.121212 12.222149 10.842652
          12.121212 13.086583 10.380602
          12.121212 14.024548 10.096074
          12.121212 15.000000 10.000000
          12.121212 15.975452 10.096074
          12.121212 16.913417 10.380602
          12.121212 17.777851 10.842652
          12.121212 18.535534 11.464466
          12.121212 19.157348 12.222149
          12.121212 19.619398 13.086583
          12.121212 19.903926 14.024548
          12.727273 20.000000 15.000000
          12.727273 19.903926 15.975452
          12.727273 19.619398 16.913417
          12.727273 19.157348 17.777851
          12.727273 18.535534 18.535534
          12.727273 17.777851 19.157348
          12.727273 16.913417 19.619398
          12.727273 15.975452 19.903926
          12.727273 15.000000 20.000000
          12.727273 14.024548 19.903926
          12.727273 13.086583 19.619398
          12.727273 12.222149 19.157348
          12.727273 11.464466 18.535534
          12.727273 10.842652 17.777851
          12.727273 10.380602 16.913417
          12.727273 10.096074 15.975452
          12.727273 10.000000 15.000000
          12.727273 10.096074 14.024548
          12.727273 10.380602 13.086583
          12.727273 10.842652 12.222149
          12.727273 11.464466 11.464466
          12.727273 12.222149 10.842652
          12.727273 13.086583 10.380602
          12.727273 14.024548 10.096074
          12.727273 15.000000 10.000000
          12.727273 15.975452 10.096074
          12.727273 16.913417 10.380602
          12.727273 17.777851 10.842652
          12.727273 18.535534 11.464466
          12.727273 19.157348 12.222149
          12.727273 19.619398 13.086583
          12.727273 19.903926 14.024548
          13.333333 20.000000 15.000000
          13.333333 19.903926 15.975452
          13.333333 19.619398 16.913417
          13.333333 19.157348 17.777851
          13.333333 18.535534 18.535534
          13.333333 17.777851 19.157348
          13.333333 16.913417 19.619398
          13.333333 15.975452 19.903926
          13.333333 15.000000 20.000000
          13.333333 14.024548 19.903926
          13.333333 13.086583 19.619398
          13.333333 12.222149 19.157348
          13.333333 11.464466 18.535534
          13.333333 10.842652 17.777851
          13.333333 10.380602 16.913417
          13.333333 10.096074 15.975452
          13.333333 10.000000 15.000000
          13.333333 10.096074 14.024548
          13.333333 10.380602 13.086583
          13.333333 10.842652 12.222149
          13.333333 11.464466 11.464466
          13.333333 12.222149 10.842652
          13.333333 13.086583 10.380602
          13.333333 14.024548 10.096074
          13.333333 15.000000 10.000000
          13.333333 15.975452 10.096074
          13.333333 16.913417 10.380602
          13.333333 17.777851 10.842652
          13.333333 18.535534 11.464466
          13.333333 19.157348 12.222149
          13.333333 19.619398 13.086583
          13.333333 19.903926 14.024548
          13.939394 20.000000 15.000000
          13.939394 19.903926 15.975452
          13.939394 19.619398 16.913417
          13.939394 19.157348 17.777851
          13.939394 18.535534 18.535534
          13.939394 17.777851 19.157348
          13.939394 16.913417 19.619398
          13.939394 15.975452 19.903926
          13.939394 15.000000 20.000000
          13.939394 14.024548 19.903926
          13.939394 13.086583 19.619398
          13.939394 12.222149 19.157348
          13.939394 11.464466 18.535534
          13.939394 10.842652 17.777851
          13.939394 10.380602 16.913417
          13.939394 10.096074 15.975452
          13.939394 10.000000 15.000000
          13.939394 10.096074 14.024548
          13.939394 10.380602 13.086583
          13.939394 10.842652 12.222149
          13.939394 11.464466 11.464466
          13.939394 12.222149 10.842652
          13.939394 13.086583 10.380602
          13.939394 14.024548 10.096074
          13.939394 15.000000 10.000000
          13.939394 15.975452 10.096074
          13.939394 16.913417 10.380602
          13.939394 17.777851 10.842652
          13.939394 18.535534 11.464466
          13.939394 19.157348 12.222149
          13.939394 19.619398 13.086583
          13.939394 19.903926 14.024548
          14.545455 20.000000 15.000000
          14.545455 19.903926 15.975452
          14.545455 19.619398 16.913417
          14.545455 19.157348 17.777851
          14.545455 18.535534 18.535534
          14.545455 17.777851 19.157348
          14.545455 16.913417 19.619398
          14.545455 15.975452 19.903926
          14.545455 15.000000 20.000000
          14.545455 14.024548 19.903926
          14.545455 13.086583 19.619398
          14.545455 12.222149 19.157348
          14.545455 11.464466 18.535534
          14.545455 10.842652 17.777851
          14.545455 10.380602 16.913417
          14.545455 10.096074 15.975452
          14.545455 10.000000 15.000000
          14.545455 10.096074 14.024548
          14.545455 10.380602 13.086583
          14.545455 10.842652 12.222149
          14.545455 11.464466 11.464466
          14.545455 12.222149 10.842652
          14.545455 13.086583 10.380602
          14.545455 14.024548 10.096074
          14.545455 15.000000 10.000000
          14.545455 15.975452 10.096074
          14.545455 16.913417 10.380602
          14.545455 17.777851 10.842652
          14.545455 18.535534 11.464466
          14.545455 19.157348 12.222149
          14.545455 19.619398 13.086583
          14.545455 19.903926 14.024548
          15.151515 20.000000 15.000000
          15.151515 19.903926 15.975452
          15.151515 19.619398 16.913417
          15.151515 19.157348 17.777851
          15.151515 18.535534 18.535534
          15.151515 17.777851 19.157348
          15.151515 16.913417 19.619398
          15.151515 15.975452 19.903926
          15.151515 15.000000 20.000000
          15.151515 14.024548 19.903926
          15.151515 13.086583 19.619398
          15.151515 12.222149 19.157348
          15.151515 11.464466 18.535534
          15.151515 10.842652 17.777851
          15.151515 10.380602 16.913417
          15.151515 10.096074 15.975452
          15.151515 10.000000 15.000000
          15.151515 10.096074 14.024548
          15.151515 10.380602 13.086583
          15.151515 10.842652 12.222149
          15.151515 11.464466 11.464466
          15.151515 12.222149 10.842652
          15.151515 13.086583 10.380602
          15.151515 14.024548 10.096074
          15.151515 15.000000 10.000000
          15.151515 15.975452 10.096074
          15.151515 16.913417 10.380602
          15.151515 17.777851 10.842652
          15.151515 18.535534 11.464466
          15.151515 19.157348 12.222149
          15.151515 19.619398 13.086583
          15.151515 19.903926 14.024548
          15.757576 20.000000 15.000000
          15.757576 19.903926 15.975452
          15.757576 19.619398 16.913417
          15.757576 19.157348 17.777851
          15.757576 18.535534 18.535534
          15.757576 17.777851 19.157348
          15.757576 16.913417 19.619398
          15.757576 15.975452 19.903926
          15.757576 15.000000 20.000000
          15.757576 14.024548 19.903926
          15.757576 13.086583 19.619398
          15.757576 12.222149 19.157348
          15.757576 11.464466 18.535534
          15.757576 10.842652 17.777851
          15.757576 10.380602 16.913417
          15.757576 10.096074 15.975452
          15.757576 10.000000 15.000000
          15.757576 10.096074 14.024548
          15.757576 10.380602 13.086583
          15.757576 10.842652 12.222149
          15.757576 11.464466 11.464466
          15.757576 12.222149 10.842652
          15.757576 13.086583 10.380602
          15.757576 14.024548 10.096074
          15.757576 15.000000 10.000000
          15.757576 15.975452 10.096074
          15.757576 16.913417 10.380602
          15.757576 17.777851 10.842652
          15.757576 18.535534 11.464466
          15.757576 19.157348 12.222149
          15.757576 19.619398 13.086583
          15.757576 19.903926 14.024548
          16.363636 20.000000 15.000000
          16.363636 19.903926 15.975452
          16.363636 19.619398 16.913417
          16.363636 19.157348 17.777851
          16.363636 18.535534 18.535534
          16.363636 17.777851 19.157348
          16.363636 16.913417 19.619398
          16.363636 15.975452 19.903926
          16.363636 15.000000 20.000000
          16.363636 14.024548 19.903926
          16.363636 13.086583 19.619398
          16.363636 12.222149 19.157348
          16.363636 11.464466 18.535534
          16.363636 10.842652 17.777851
          16.363636 10.380602 16.913417
          16.363636 10.096074 15.975452
          16.363636 10.000000 15.000000
          16.363636 10.096074 14.024548
          16.363636 10.380602 13.086583
          16.363636 10.842652 12.222149
          16.363636 11.464466 11.464466
          16.363636 12.222149 10.842652
          16.363636 13.086583 10.380602
          16.363636 14.024548 10.096074
          16.363636 15.000000 10.000000
          16.363636 15.975452 10.096074
          16.363636 16.913417 10.380602
          16.363636 17.777851 10.842652
          16.363636 18.535534 11.464466
          16.363636 19.157348 12.222149
          16.363636 19.619398 13.086583
          16.363636 19.903926 14.024548
          16.969697 20.000000 15.000000
          16.969697 19.903926 15.975452
          16.969697 19.619398 16.913417
          16.969697 19.157348 17.777851
          16.969697 18.535534 18.535534
          16.969697 17.777851 19.157348
          16.969697 16.913417 19.619398
          16.969697 15.975452 19.903926
          16.969697 15.000000 20.000000
          16.969697 14.024548 19.903926
          16.969697 13.086583 19.619398
          16.969697 12.222149 19.157348
          16.969697 11.464466 18.535534
          16.969697 10.842652 17.777851
          16.969697 10.380602 16.913417
          16.969697 10.096074 15.975452
          16.969697 10.000000 15.000000
          16.969697 10.096074 14.024548
          16.969697 10.380602 13.086583
          16.969697 10.842652 12.222149
          16.969697 11.464466 11.464466
          16.969697 12.222149 10.842652
          16.969697 13.086583 10.380602
          16.969697 14.024548 10.096074
          16.969697 15.000000 10.000000
          16.969697 15.975452 10.096074
          16.969697 16.913417 10.380602
          16.969697 17.777851 10.842652
          16.969697 18.535534 11.464466
          16.969697 19.157348 12.222149
          16.969697 19.619398 13.086583
          16.969697 19.903926 14.024548
          17.575758 20.000000 15.000000
          17.575758 19.903926 15.975452
          17.575758 19.619398 16.913417
          17.575758 19.157348 17.777851
          17.575758 18.535534 18.535534
          17.575758 17.777851 19.157348
          17.575758 16.913417 19.619398
          17.575758 15.975452 19.903926
          17.575758 15.000000 20.000000
          17.575758 14.024548 19.903926
          17.575758 13.086583 19.619398
          17.575758 12.222149 19.157348
          17.575758 11.464466 18.535534
          17.575758 10.842652 17.777851
          17.575758 10.380602 16.913417
          17.575758 10.096074 15.975452
          17.575758 10.000000 15.000000
          17.575758 10.096074 14.024548
          17.575758 10.380602 13.086583
          17.575758 10.842652 12.222149
          17.575758 11.464466 11.464466
          17.575758 12.222149 10.842652
          17.575758 13.086583 10.380602
          17.575758 14.024548 10.096074
          17.575758 15.000000 10.000000
          17.575758 15.975452 10.096074
          17.575758 16.913417 10.380602
          17.575758 17.777851 10.842652
          17.575758 18.535534 11.464466
          17.575758 19.157348 12.222149
          17.575758 19.619398 13.086583
          17.575758 19.903926 14.024548
          18.181818 20.000000 15.000000
          18.181818 19.903926 15.975452
          18.181818 19.619398 16.913417
          18.181818 19.157348 17.777851
          18.181818 18.535534 18.535534
          18.181818 17.777851 19.157348
          18.181818 16.913417 19.619398
          18.181818 15.975452 19.903926
          18.181818 15.000000 20.000000
          18.181818 14.024548 19.903926
          18.181818 13.086583 19.619398
          18.181818 12.222149 19.157348
          18.181818 11.464466 18.535534
          18.181818 10.842652 17.777851
          18.181818 10.380602 16.913417
          18.181818 10.096074 15.975452
          18.181818 10.000000 15.000000
          18.181818 10.096074 14.024548
          18.181818 10.380602 13.086583
          18.181818 10.842652 12.222149
          18.181818 11.464466 11.464466
          18.181818 12.222149 10.842652
          18.181818 13.086583 10.380602
          18.181818 14.024548 10.096074
          18.181818 15.000000 10.000000
          18.181818 15.975452 10.096074
          18.181818 16.913417 10.380602
          18.181818 17.777851 10.842652
          18.181818 18.535534 11.464466
          18.181818 19.157348 12.222149
          18.181818 19.619398 13.086583
          18.181818 19.903926 14.024548
          18.787879 20.000000 15.000000
          18.787879 19.903926 15.975452
          18.787879 19.619398 16.913417
          18.787879 19.157348 17.777851
          18.787879 18.535534 18.535534
          18.787879 17.777851 19.157348
          18.787879 16.913417 19.619398
          18.787879 15.975452 19.903926
          18.787879 15.000000 20.000000
          18.787879 14.024548 19.903926
          18.787879 13.086583 19.619398
          18.787879 12.222149 19.157348
          18.787879 11.464466 18.535534
          18.787879 10.842652 17.777851
          18.787879 10.380602 16.913417
          18.787879 10.096074 15.975452
          18.787879 10.000000 15.000000
          18.787879 10.096074 14.024548
          18.787879 10.380602 13.086583
          18.787879 10.842652 12.222149
          18.787879 11.464466 11.464466
          18.787879 12.222149 10.842652
          18.787879 13.086583 10.380602
          18.787879 14.024548 10.096074
          18.787879 15.000000 10.000000
          18.787879 15.975452 10.096074
          18.787879 16.913417 10.380602
          18.787879 17.777851 10.842652
          18.787879 18.535534 11.464466
          18.787879 19.157348 12.222149
          18.787879 19.619398 13.086583
          18.787879 19.903926 14.024548
          19.393939 20.000000 15.000000
          19.393939 19.903926 15.975452
          19.393939 19.619398 16.913417
          19.393939 19.157348 17.777851
          19.393939 18.535534 18.535534
          19.393939 17.777851 19.157348
          19.393939 16.913417 19.619398
          19.393939 15.975452 19.903926
          19.393939 15.000000 20.000000
          19.393939 14.024548 19.903926
          19.393939 13.086583 19.619398
          19.393939 12.222149 19.157348
          19.393939 11.464466 18.535534
          19.393939 10.842652 17.777851
          19.393939 10.380602 16.913417
          19.393939 10.096074 15.975452
          19.393939 10.000000 15.000000
          19.393939 10.096074 14.024548
          19.393939 10.380602 13.086583
          19.393939 10.842652 12.222149
          19.393939 11.464466 11.464466
          19.393939 12.222149 10.842652
          19.393939 13.086583 10.380602
          19.393939 14.024548 10.096074
          19.393939 15.000000 10.000000
          19.393939 15.975452 10.096074
          19.393939 16.913417 10.380602
          19.393939 17.777851 10.842652
          19.393939 18.535534 11.464466
          19.393939 19.157348 12.222149
          19.393939 19.619398 13.086583
          19.393939 19.903926 14.024548
          20.000000 20.000000 15.000000
          20.000000 19.903926 15.975452
          20.000000 19.619398 16.913417
          20.000000 19.157348 17.777851
          20.000000 18.535534 18.535534
          20.000000 17.777851 19.157348
          20.000000 16.913417 19.619398
          20.000000 15.975452 19.903926
          20.000000 15.000000 20.000000
          20.000000 14.024548 19.903926
          20.000000 13.086583 19.619398
          20.000000 12.222149 19.157348
          20.000000 11.464466 18.535534
          20.000000 10.842652 17.777851
          20.000000 10.380602 16.913417
          20.000000 10.096074 15.975452
          20.000000 10.000000 15.000000
          20.000000 10.096074 14.024548
          20.000000 10.380602 13.086583
          20.000000 10.842652 12.222149
          20.000000 11.464466 11.464466
          20.000000 12.222149 10.842652
          20.000000 13.086583 10.380602
          20.000000 14.024548 10.096074
          20.000000 15.000000 10.000000
          20.000000 15.975452 10.096074
          20.000000 16.913417 10.380602
          20.000000 17.777851 10.842652
          20.000000 18.535534 11.464466
          20.000000 19.157348 12.222149
          20.000000 19.619398 13.086583
          20.000000 19.903926 14.024548
          20.606061 20.000000 15.000000
          20.606061 19.903926 15.975452
          20.606061 19.619398 16.913417
          20.606061 19.157348 17.777851
          20.606061 18.535534 18.535534
          20.606061 17.777851 19.157348
          20.606061 16.913417 19.619398
          20.606061 15.975452 19.903926
          20.606061 15.000000 20.000000
          20.606061 14.024548 19.903926
          20.606061 13.086583 19.619398
          20.606061 12.222149 19.157348
          20.606061 11.464466 18.535534
          20.606061 10.842652 17.777851
          20.606061 10.380602 16.913417
          20.606061 10.096074 15.975452
          20.606061 10.000000 15.000000
          20.606061 10.096074 14.024548
          20.606061 10.380602 13.086583
          20.606061 10.842652 12.222149
          20.606061 11.464466 11.464466
          20.606061 12.222149 10.842652
          20.606061 13.086583 10.380602
          20.606061 14.024548 10.096074
          20.606061 15.000000 10.000000
          20.606061 15.975452 10.096074
          20.606061 16.913417 10.380602
          20.606061 17.777851 10.842652
          20.606061 18.535534 11.464466
          20.606061 19.157348 12.222149
          20.606061 19.619398 13.086583
          20.606061 19.903926 14.024548
          21.212121 20.000000 15.000000
          21.212121 19.903926 15.975452
          21.212121 19.619398 16.913417
          21.212121 19.157348 17.777851
          21.212121 18.535534 18.535534
          21.212121 17.777851 19.157348
          21.212121 16.913417 19.619398
          21.212121 15.975452 19.903926
          21.212121 15.000000 20.000000
          21.212121 14.024548 19.903926
          21.212121 13.086583 19.619398
          21.212121 12.222149 19.157348
          21.212121 11.464466 18.535534
          21.212121 10.842652 17.777851
          21.212121 10.380602 16.913417
          21.212121 10.096074 15.975452
          21.212121 10.000000 15.000000
          21.212121 10.096074 14.024548
          21.212121 10.380602 13.086583
          21.212121 10.842652 12.222149
          21.212121 11.464466 11.464466
          21.212121 12.222149 10.842652
          21.212121 13.086583 10.380602
          21.212121 14.024548 10.096074
          21.212121 15.000000 10.000000
          21.212121 15.975452 10.096074
          21.212121 16.913417 10.380602
          21.212121 17.777851 10.842652
          21.212121 18.535534 11.464466
          21.212121 19.157348 12.222149
          21.212121 19.619398 13.086583
          21.212121 19.903926 14.024548
          21.818182 20.000000 15.000000
          21.818182 19.903926 15.975452
          21.818182 19.619398 16.913417
          21.818182 19.157348 17.777851
          21.818182 18.535534 18.535534
          21.818182 17.777851 19.157348
          21.818182 16.913417 19.619398
          21.818182 15.975452 19.903926
          21.818182 15.000000 20.000000
          21.818182 14.024548 19.903926
          21.818182 13.086583 19.619398
          21.818182 12.222149 19.157348
          21.818182 11.464466 18.535534
          21.818182 10.842652 17.777851
          21.818182 10.380602 16.913417
          21.818182 10.096074 15.975452
          21.818182 10.000000 15.000000
          21.818182 10.096074 14.024548
          21.818182 10.380602 13.086583
          21.818182 10.842652 12.222149
          21.818182 11.464466 11.464466
          21.818182 12.222149 10.842652
          21.818182 13.086583 10.380602
          21.818182 14.024548 10.096074
          21.818182 15.000000 10.000000
          21.818182 15.975452 10.096074
          21.818182 16.913417 10.380602
          21.818182 17.777851 10.842652
          21.818182 18.535534 11.464466
          21.818182 19.157348 12.222149
          21.818182 19.619398 13.086583
          21.818182 19.903926 14.024548
          22.424242 20.000000 15.000000
          22.424242 19.903926 15.975452
          22.424242 19.619398 16.913417
          22.424242 19.157348 17.777851
          22.424242 18.535534 18.535534
          22.424242 17.777851 19.157348
          22.424242 16.913417 19.619398
          22.424242 15.975452 19.903926
          22.424242 15.000000 20.000000
          22.424242 14.024548 19.903926
          22.424242 13.086583 19.619398
          22.424242 12.222149 19.157348
          22.424242 11.464466 18.535534
          22.424242 10.842652 17.777851
          22.424242 10.380602 16.913417
          22.424242 10.096074 15.975452
          22.424242 10.000000 15.000000
          22.424242 10.096074 14.024548
          22.424242 10.380602 13.086583
          22.424242 10.842652 12.222149
          22.424242 11.464466 11.464466
          22.424242 12.222149 10.842652
          22.424242 13.086583 10.380602
          22.424242 14.024548 10.096074
          22.424242 15.000000 10.000000
          22.424242 15.975452 10.096074
          22.424242 16.913417 10.380602
          22.424242 17.777851 10.842652
          22.424242 18.535534 11.464466
          22.424242 19.157348 12.222149
          22.424242 19.619398 13.086583
          22.424242 19.903926 14.024548
          23.030303 20.000000 15.000000
          23.030303 19.903926 15.975452
          23.030303 19.619398 16.913417
          23.030303 19.157348 17.777851
          23.030303 18.535534 18.535534
          23.030303 17.777851 19.157348
          23.030303 16.913417 19.619398
          23.030303 15.975452 19.903926
          23.030303 15.000000 20.000000
          23.030303 14.024548 19.903926
          23.030303 13.086583 19.619398
          23.030303 12.222149 19.157348
          23.030303 11.464466 18.535534
          23.030303 10.842652 17.777851
          23.030303 10.380602 16.913417
          23.030303 10.096074 15.975452
          23.030303 10.000000 15.000000
          23.030303 10.096074 14.024548
          23.030303 10.380602 13.086583
          23.030303 10.842652 12.222149
          23.030303 11.464466 11.464466
          23.030303 12.222149 10.842652
          23.030303 13.086583 10.380602
          23.030303 14.024548 10.096074
          23.030303 15.000000 10.000000
          23.030303 15.975452 10.096074
          23.030303 16.913417 10.380602
          23.030303 17.777851 10.842652
          23.030303 18.535534 11.464466
          23.030303 19.157348 12.222149
          23.030303 19.619398 13.086583
          23.030303 19.903926 14.024548
          23.636364 20.000000 15.000000
          23.636364 19.903926 15.975452
          23.636364 19.619398 16.913417
          23.636364 19.157348 17.777851
          23.636364 18.535534 18.535534
          23.636364 17.777851 19.157348
          23.636364 16.913417 19.619398
          23.636364 15.975452 19.903926
          23.636364 15.000000 20.000000
          23.636364 14.024548 19.903926
          23.636364 13.086583 19.619398
          23.636364 12.222149 19.157348
          23.636364 11.464466 18.535534
          23.636364 10.842652 17.777851
          23.636364 10.380602 16.913417
          23.636364 10.096074 15.975452
          23.636364 10.000000 15.000000
          23.636364 10.096074 14.024548
          23.636364 10.380602 13.086583
          23.636364 10.842652 12.222149
          23.636364 11.464466 11.464466
          23.636364 12.222149 10.842652
          23.636364 13.086583 10.380602
          23.636364 14.024548 10.096074
          23.636364 15.000000 10.000000
          23.636364 15.975452 10.096074
          23.636364 16.913417 10.380602
          23.636364 17.777851 10.842652
          23.636364 18.535534 11.464466
          23.636364 19.157348 12.222149
          23.636364 19.619398 13.086583
          23.636364 19.903926 14.024548
          24.242424 20.000000 15.000000
          24.242424 19.903926 15.975452
          24.242424 19.619398 16.913417
          24.242424 19.157348 17.777851
          24.242424 18.535534 18.535534
          24.242424 17.777851 19.157348
          24.242424 16.913417 19.619398
          24.242424 15.975452 19.903926
          24.242424 15.000000 20.000000
          24.242424 14.024548 19.903926
          24.242424 13.086583 19.619398
          24.242424 12.222149 19.157348
          24.242424 11.464466 18.535534
          24.242424 10.842652 17.777851
          24.242424 10.380602 16.913417
          24.242424 10.096074 15.975452
          24.242424 10.000000 15.000000
          24.242424 10.096074 14.024548
          24.242424 10.380602 13.086583
          24.242424 10.842652 12.222149
          24.242424 11.464466 11.464466
          24.242424 12.222149 10.842652
          24.242424 13.086583 10.380602
          24.242424 14.024548 10.096074
          24.242424 15.000000 10.000000
          24.242424 15.975452 10.096074
          24.242424 16.913417 10.380602
          24.242424 17.777851 10.842652
          24.242424 18.535534 11.464466
          24.242424 19.157348 12.222149
          24.242424 19.619398 13.086583
          24.242424 19.903926 14.024548
          24.848485 20.000000 15.000000
          24.848485 19.903926 15.975452
          24.848485 19.619398 16.913417
          24.848485 19.157348 17.777851
          24.848485 18.535534 18.535534
          24.848485 17.777851 19.157348
          24.848485 16.913417 19.619398
          24.848485 15.975452 19.903926
          24.848485 15.000000 20.000000
          24.848485 14.024548 19.903926
          24.848485 13.086583 19.619398
          24.848485 12.222149 19.157348
          24.848485 11.464466 18.535534
          24.848485 10.842652 17.777851
          24.848485 10.380602 16.913417
          24.848485 10.096074 15.975452
          24.848485 10.000000 15.000000
          24.848485 10.096074 14.024548
          24.848485 10.380602 13.086583
          24.848485 10.842652 12.222149
          24.848485 11.464466 11.464466
          24.848485 12.222149 10.842652
          24.848485 13.086583 10.380602
          24.848485 14.024548 10.096074
          24.848485 15.000000 10.000000
          24.848485 15.975452 10.096074
          24.848485 16.913417 10.380602
          24.848485 17.777851 10.842652
          24.848485 18.535534 11.464466
          24.848485 19.157348 12.222149
          24.848485 19.619398 13.086583
          24.848485 19.903926 14.024548
          25.454545 20.000000 15.000000
          25.454545 19.903926 15.975452
          25.454545 19.619398 16.913417
          25.454545 19.157348 17.777851
          25.454545 18.535534 18.535534
          25.454545 17.777851 19.157348
          25.454545 16.913417 19.619398
          25.454545 15.975452 19.903926
          25.454545 15.000000 20.000000
          25.454545 14.024548 19.903926
          25.454545 13.086583 19.619398
          25.454545 12.222149 19.157348
          25.454545 11.464466 18.535534
          25.454545 10.842652 17.777851
          25.454545 10.380602 16.913417
          25.454545 10.096074 15.975452
          25.454545 10.000000 15.000000
          25.454545 10.096074 14.024548
          25.454545 10.380602 13.086583
          25.454545 10.842652 12.222149
          25.454545 11.464466 11.464466
          25.454545 12.222149 10.842652
          25.454545 13.086583 10.380602
          25.454545 14.024548 10.096074
          25.454545 15.000000 10.000000
          25.454545 15.975452 10.096074
          25.454545 16.913417 10.380602
          25.454545 17.777851 10.842652
          25.454545 18.535534 11.464466
          25.454545 19.157348 12.222149
          25.454545 19.619398 13.086583
          25.454545 19.903926 14.024548
          26.060606 20.000000 15.000000
          26.060606 19.903926 15.975452
          26.060606 19.619398 16.913417
          26.060606 19.157348 17.777851
          26.060606 18.535534 18.535534
          26.060606 17.777851 19.157348
          26.060606 16.913417 19.619398
          26.060606 15.975452 19.903926
          26.060606 15.000000 20.000000
          26.060606 14.024548 19.903926
          26.060606 13.086583 19.619398
          26.060606 12.222149 19.157348
          26.060606 11.464466 18.535534
          26.060606 10.842652 17.777851
          26.060606 10.380602 16.913417
          26.060606 10.096074 15.975452
          26.060606 10.000000 15.000000
          26.060606 10.096074 14.024548
          26.060606 10.380602 13.086583
          26.060606 10.842652 12.222149
          26.060606 11.464466 11.464466
          26.060606 12.222149 10.842652
          26.060606 13.086583 10.380602
          26.060606 14.024548 10.096074
          26.060606 15.000000 10.000000
          26.060606 15.975452 10.096074
          26.060606 16.913417 10.380602
          26.060606 17.777851 10.842652
          26.060606 18.535534 11.464466
          26.060606 19.157348 12.222149
          26.060606 19.619398 13.086583
          26.060606 19.903926 14.024548
          26.666667 20.000000 15.000000
          26.666667 19.903926 15.975452
          26.666667 19.619398 16.913417
          26.666667 19.157348 17.777851
          26.666667 18.535534 18.535534
          26.666667 17.777851 19.157348
          26.666667 16.913417 19.619398
          26.666667 15.975452 19.903926
          26.666667 15.000000 20.000000
          26.666667 14.024548 19.903926
          26.666667 13.086583 19.619398
          26.666667 12.222149 19.157348
          26.666667 11.464466 18.535534
          26.666667 10.842652 17.777851
          26.666667 10.380602 16.913417
          26.666667 10.096074 15.975452
          26.666667 10.000000 15.000000
          26.666667 10.096074 14.024548
          26.666667 10.380602 13.086583
          26.666667 10.842652 12.222149
          26.666667 11.464466 11.464466
          26.666667 12.222149 10.842652
          26.666667 13.086583 10.380602
          26.666667 14.024548 10.096074
          26.666667 15.000000 10.000000
          26.666667 15.975452 10.096074
          26.666667 16.913417 10.380602
          26.666667 17.777851 10.842652
          26.666667 18.535534 11.464466
          26.666667 19.157348 12.222149
          26.666667 19.619398 13.086583
          26.666667 19.903926 14.024548
          27.272727 20.000000 15.000000
          27.272727 19.903926 15.975452
          27.272727 19.619398 16.913417
          27.272727 19.157348 17.777851
          27.272727 18.535534 18.535534
          27.272727 17.777851 19.157348
          27.272727 16.913417 19.619398
          27.272727 15.975452 19.903926
          27.272727 15.000000 20.000000
          27.272727 14.024548 19.903926
          27.272727 13.086583 19.619398
          27.272727 12.222149 19.157348
          27.272727 11.464466 18.535534
          27.272727 10.842652 17.777851
          27.272727 10.380602 16.913417
          27.272727 10.096074 15.975452
          27.272727 10.000000 15.000000
          27.272727 10.096074 14.024548
          27.272727 10.380602 13.086583
          27.272727 10.842652 12.222149
          27.272727 11.464466 11.464466
          27.272727 12.222149 10.842652
          27.272727 13.086583 10.380602
          27.272727 14.024548 10.096074
          27.272727 15.000000 10.000000
          27.272727 15.975452 10.096074
          27.272727 16.913417 10.380602
          27.272727 17.777851 10.842652
          27.272727 18.535534 11.464466
          27.272727 19.157348 12.222149
          27.272727 19.619398 13.086583
          27.272727 19.903926 14.024548
          27.878788 20.000000 15.000000
          27.878788 19.903926 15.975452
          27.878788 19.619398 16.913417
          27.878788 19.157348 17.777851
          27.878788 18.535534 18.535534
          27.878788 17.777851 19.157348
          27.878788 16.913417 19.619398
          27.878788 15.975452 19.903926
          27.878788 15.000000 20.000000
          27.878788 14.024548 19.903926
          27.878788 13.086583 19.619398
          27.878788 12.222149 19.157348
          27.878788 11.464466 18.535534
          27.878788 10.842652 17.777851
          27.878788 10.380602 16.913417
          27.878788 10.096074 15.975452
          27.878788 10.000000 15.000000
          27.878788 10.096074 14.024548
          27.878788 10.380602 13.086583
          27.878788 10.842652 12.222149
          27.878788 11.464466 11.464466
          27.878788 12.222149 10.842652
          27.878788 13.086583 10.380602
          27.878788 14.024548 10.096074
          27.878788 15.000000 10.000000
          27.878788 15.975452 10.096074
          27.878788 16.913417 10.380602
          27.878788 17.777851 10.842652
          27.878788 18.535534 11.464466
          27.878788 19.157348 12.222149
          27.878788 19.619398 13.086583
          27.878788 19.903926 14.024548
          28.484848 20.000000 15.000000
          28.484848 19.903926 15.975452
          28.484848 19.619398 16.913417
          28.484848 19.157348 17.777851
          28.484848 18.535534 18.535534
          28.484848 17.777851 19.157348
          28.484848 16.913417 19.619398
          28.484848 15.975452 19.903926
          28.484848 15.000000 20.000000
          28.484848 14.024548 19.903926
          28.484848 13.086583 19.619398
          28.484848 12.222149 19.157348
          28.484848 11.464466 18.535534
          28.484848 10.842652 17.777851
          28.484848 10.380602 16.913417
          28.484848 10.096074 15.975452
          28.484848 10.000000 15.000000
          28.484848 10.096074 14.024548
          28.484848 10.380602 13.086583
          28.484848 10.842652 12.222149
          28.484848 11.464466 11.464466
          28.484848 12.222149 10.842652
          28.484848 13.086583 10.380602
          28.484848 14.024548 10.096074
          28.484848 15.000000 10.000000
          28.484848 15.975452 10.096074
          28.484848 16.913417 10.380602
          28.484848 17.777851 10.842652
          28.484848 18.535534 11.464466
          28.484848 19.157348 12.222149
          28.484848 19.619398 13.086583
          28.484848 19.903926 14.024548
          29.090909 20.000000 15.000000
          29.090909 19.903926 15.975452
          29.090909 19.619398 16.913417
          29.090909 19.157348 17.777851
          29.090909 18.535534 18.535534
          29.090909 17.777851 19.157348
          29.090909 16.913417 19.619398
          29.090909 15.975452 19.903926
          29.090909 15.000000 20.000000
          29.090909 14.024548 19.903926
          29.090909 13.086583 19.619398
          29.090909 12.222149 19.157348
          29.090909 11.464466 18.535534
          29.090909 10.842652 17.777851
          29.090909 10.380602 16.913417
          29.090909 10.096074 15.975452
          29.090909 10.000000 15.000000
          29.090909 10.096074 14.024548
          29.090909 10.380602 13.086583
          29.090909 10.842652 12.222149
          29.090909 11.464466 11.464466
          29.090909 12.222149 10.842652
          29.090909 13.086583 10.380602
          29.090909 14.024548 10.096074
          29.090909 15.000000 10.000000
          29.090909 15.975452 10.096074
          29.090909 16.913417 10.380602
          29.090909 17.777851 10.842652
          29.090909 18.535534 11.464466
          29.090909 19.157348 12.222149
          29.090909 19.619398 13.086583
          29.090909 19.903926 14.024548
          29.696970 20.000000 15.000000
          29.696970 19.903926 15.975452
          29.696970 19.619398 16.913417
          29.696970 19.157348 17.777851
          29.696970 18.535534 18.535534
          29.696970 17.777851 19.157348
          29.696970 16.913417 19.619398
          29.696970 15.975452 19.903926
          29.696970 15.000000 20.000000
          29.696970 14.024548 19.903926
          29.696970 13.086583 19.619398
          29.696970 12.222149 19.157348
          29.696970 11.464466 18.535534
          29.696970 10.842652 17.777851
          29.696970 10.380602 16.913417
          29.696970 10.096074 15.975452
          29.696970 10.000000 15.000000
          29.696970 10.096074 14.024548
          29.696970 10.380602 13.086583
          29.696970 10.842652 12.222149
          29.696970 11.464466 11.464466
          29.696970 12.222149 10.842652
          29.696970 13.086583 10.380602
          29.696970 14.024548 10.096074
          29.696970 15.000000 10.000000
          29.696970 15.975452 10.096074
          29.696970 16.913417 10.380602
          29.696970 17.777851 10.842652
          29.696970 18.535534 11.464466
          29.696970 19.157348 12.222149
          29.696970 19.619398 13.086583
          29.696970 19.903926 14.024548
          30.303030 20.000000 15.000000
          30.303030 19.903926 15.975452
          30.303030 19.619398 16.913417
          30.303030 19.157348 17.777851
          30.303030 18.535534 18.535534
          30.303030 17.777851 19.157348
          30.303030 16.913417 19.619398
          30.303030 15.975452 19.903926
          30.303030 15.000000 20.000000
          30.303030 14.024548 19.903926
          30.303030 13.086583 19.619398
          30.303030 12.222149 19.157348
          30.303030 11.464466 18.535534
          30.303030 10.842652 17.777851
          30.303030 10.380602 16.913417
          30.303030 10.096074 15.975452
          30.303030 10.000000 15.000000
          30.303030 10.096074 14.024548
          30.303030 10.380602 13.086583
          30.303030 10.842652 12.222149
          30.303030 11.464466 11.464466
          30.303030 12.222149 10.842652
          30.303030 13.086583 10.380602
          30.303030 14.024548 10.096074
          30.303030 15.000000 10.000000
          30.303030 15.975452 10.096074
          30.303030 16.913417 10.380602
          30.303030 17.777851 10.842652
          30.303030 18.535534 11.464466
          30.303030 19.157348 12.222149
          30.303030 19.619398 13.086583
          30.303030 19.903926 14.024548
          30.909091 20.000000 15.000000
          30.909091 19.903926 15.975452
          30.909091 19.619398 16.913417
          30.909091 19.157348 17.777851
          30.909091 18.535534 18.535534
          30.909091 17.777851 19.157348
          30.909091 16.913417 19.619398
          30.909091 15.975452 19.903926
          30.909091 15.000000 20.000000
          30.909091 14.024548 19.903926
          30.909091 13.086583 19.619398
          30.909091 12.222149 19.157348
          30.909091 11.464466 18.535534
          30.909091 10.842652 17.777851
          30.909091 10.380602 16.913417
          30.909091 10.096074 15.975452
          30.909091 10.000000 15.000000
          30.909091 10.096074 14.024548
          30.909091 10.380602 13.086583
          30.909091 10.842652 12.222149
          30.909091 11.464466 11.464466
          30.909091 12.222149 10.842652
          30.909091 13.086583 10.380602
          30.909091 14.024548 10.096074
          30.909091 15.000000 10.000000
          30.909091 15.975452 10.096074
          30.909091 16.913417 10.380602
          30.909091 17.777851 10.842652
          30.909091 18.535534 11.464466
          30.909091 19.157348 12.222149
          30.909091 19.619398 13.086583
          30.909091 19.903926 14.024548
          31.515152 20.000000 15.000000
          31.515152 19.903926 15.975452
          31.515152 19.619398 16.913417
          31.515152 19.157348 17.777851
          31.515152 18.535534 18.535534
          31.515152 17.777851 19.157348
          31.515152 16.913417 19.619398
          31.515152 15.975452 19.903926
          31.515152 15.000000 20.000000
          31.515152 14.024548 19.903926
          31.515152 13.086583 19.619398
          31.515152 12.222149 19.157348
          31.515152 11.464466 18.535534
          31.515152 10.842652 17.777851
          31.515152 10.380602 16.913417
          31.515152 10.096074 15.975452
          31.515152 10.000000 15.000000
          31.515152 10.096074 14.024548
          31.515152 10.380602 13.086583
          31.515152 10.842652 12.222149
          31.515152 11.464466 11.464466
          31.515152 12.222149 10.842652
          31.515152 13.086583 10.380602
          31.515152 14.024548 10.096074
          31.515152 15.000000 10.000000
          31.515152 15.975452 10.096074
          31.515152 16.913417 10.380602
          31.515152 17.777851 10.842652
          31.515152 18.535534 11.464466
          31.515152 19.157348 12.222149
          31.515152 19.619398 13.086583
          31.515152 19.903926 14.024548
          32.121212 20.000000 15.000000
          32.121212 19.903926 15.975452
          32.121212 19.619398 16.913417
          32.121212 19.157348 17.777851
          32.121212 18.535534 18.535534
          32.121212 17.777851 19.157348
          32.121212 16.913417 19.619398
          32.121212 15.975452 19.903926
          32.121212 15.000000 20.000000
          32.121212 14.024548 19.903926
          32.121212 13.086583 19.619398
          32.121212 12.222149 19.157348
          32.121212 11.464466 18.535534
          32.121212 10.842652 17.777851
          32.121212 10.380602 16.913417
          32.121212 10.096074 15.975452
          32.121212 10.000000 15.000000
          32.121212 10.096074 14.024548
          32.121212 10.380602 13.086583
          32.121212 10.842652 12.222149
          32.121212 11.464466 11.464466
          32.121212 12.222149 10.842652
          32.121212 13.086583 10.380602
          32.121212 14.024548 10.096074
          32.121212 15.000000 10.000000
          32.121212 15.975452 10.096074
          32.121212 16.913417 10.380602
          32.121212 17.777851 10.842652
          32.121212 18.535534 11.464466
          32.121212 19.157348 12.222149
          32.121212 19.619398 13.086583
          32.121212 19.903926 14.024548
          32.727273 20.000000 15.000000
          32.727273 19.903926 15.975452
          32.727273 19.619398 16.913417
          32.727273 19.157348 17.777851
          32.727273 18.535534 18.535534
          32.727273 17.777851 19.157348
          32.727273 16.913417 19.619398
          32.727273 15.975452 19.903926
          32.727273 15.000000 20.000000
          32.727273 14.024548 19.903926
          32.727273 13.086583 19.619398
          32.727273 12.222149 19.157348
          32.727273 11.464466 18.535534
          32.727273 10.842652 17.777851
          32.727273 10.380602 16.913417
          32.727273 10.096074 15.975452
          32.727273 10.000000 15.000000
          32.727273 10.096074 14.024548
          32.727273 10.380602 13.086583
          32.727273 10.842652 12.222149
          32.727273 11.464466 11.464466
          32.727273 12.222149 10.842652
          32.727273 13.086583 10.380602
          32.727273 14.024548 10.096074
          32.727273 15.000000 10.000000
          32.727273 15.975452 10.096074
          32.727273 16.913417 10.380602
          32.727273 17.777851 10.842652
          32.727273 18.535534 11.464466
          32.727273 19.157348 12.222149
          32.727273 19.619398 13.086583
          32.727273 19.903926 14.024548
          33.333333 20.000000 15.000000
          33.333333 19.903926 15.975452
          33.333333 19.619398 16.913417
          33.333333 19.157348 17.777851
          33.333333 18.535534 18.535534
          33.333333 17.777851 19.157348
          33.333333 16.913417 19.619398
          33.333333 15.975452 19.903926
          33.333333 15.000000 20.000000
          33.333333 14.024548 19.903926
          33.333333 13.086583 19.619398
          33.333333 12.222149 19.157348
          33.333333 11.464466 18.535534
          33.333333 10.842652 17.777851
          33.333333 10.380602 16.913417
          33.333333 10.096074 15.975452
          33.333333 10.000000 15.000000
          33.333333 10.096074 14.024548
          33.333333 10.380602 13.086583
          33.333333 10.842652 12.222149
          33.333333 11.464466 11.464466
          33.333333 12.222149 10.842652
          33.333333 13.086583 10.380602
          33.333333 14.024548 10.096074
          33.333333 15.000000 10.000000
          33.333333 15.975452 10.096074
          33.333333 16.913417 10.380602
          33.333333 17.777851 10.842652
          33.333333 18.535534 11.464466
          33.333333 19.157348 12.222149
          33.333333 19.619398 13.086583
          33.333333 19.903926 14.024548
          33.939394 20.000000 15.000000
          33.939394 19.903926 15.975452
          33.939394 19.619398 16.913417
          33.939394 19.157348 17.777851
          33.939394 18.535534 18.535534
          33.939394 17.777851 19.157348
          33.939394 16.913417 19.619398
          33.939394 15.975452 19.903926
          33.939394 15.000000 20.000000
          33.939394 14.024548 19.903926
          33.939394 13.086583 19.619398
          33.939394 12.222149 19.157348
          33.939394 11.464466 18.535534
          33.939394 10.842652 17.777851
          33.939394 10.380602 16.913417
          33.939394 10.096074 15.975452
          33.939394 10.000000 15.000000
          33.939394 10.096074 14.024548
          33.939394 10.380602 13.086583
          33.939394 10.842652 12.222149
          33.939394 11.464466 11.464466
          33.939394 12.222149 10.842652
          33.939394 13.086583 10.380602
          33.939394 14.024548 10.096074
          33.939394 15.000000 10.000000
          33.939394 15.975452 10.096074
          33.939394 16.913417 10.380602
          33.939394 17.777851 10.842652
          33.939394 18.535534 11.464466
          33.939394 19.157348 12.222149
          33.939394 19.619398 13.086583
          33.939394 19.903926 14.024548
          34.545455 20.000000 15.000000
          34.545455 19.903926 15.975452
          34.545455 19.619398 16.913417
          34.545455 19.157348 17.777851
          34.545455 18.535534 18.535534
          34.545455 17.777851 19.157348
          34.545455 16.913417 19.619398
          34.545455 15.975452 19.903926
          34.545455 15.000000 20.000000
          34.545455 14.024548 19.903926
          34.545455 13.086583 19.619398
          34.545455 12.222149 19.157348
          34.545455 11.464466 18.535534
          34.545455 10.842652 17.777851
          34.545455 10.380602 16.913417
          34.545455 10.096074 15.975452
          34.545455 10.000000 15.000000
          34.545455 10.096074 14.024548
          34.545455 10.380602 13.086583
          34.545455 10.842652 12.222149
          34.545455 11.464466 11.464466
          34.545455 12.222149 10.842652
          34.545455 13.086583 10.380602
          34.545455 14.024548 10.096074
          34.545455 15.000000 10.000000
          34.545455 15.975452 10.096074
          34.545455 16.913417 10.380602
          34.545455 17.777851 10.842652
          34.545455 18.535534 11.464466
          34.545455 19.157348 12.222149
          34.545455 19.619398 13.086583
          34.545455 19.903926 14.024548
          35.151515 20.000000 15.000000
          35.151515 19.903926 15.975452
          35.151515 19.619398 16.913417
          35.151515 19.157348 17.777851
          35.151515 18.535534 18.535534
          35.151515 17.777851 19.157348
          35.151515 16.913417 19.619398
          35.151515 15.975452 19.903926
          35.151515 15.000000 20.000000
          35.151515 14.024548 19.903926
          35.151515 13.086583 19.619398
          35.151515 12.222149 19.157348
          35.151515 11.464466 18.535534
          35.151515 10.842652 17.777851
          35.151515 10.380602 16.913417
          35.151515 10.096074 15.975452
          35.151515 10.000000 15.000000
          35.151515 10.096074 14.024548
          35.151515 10.380602 13.086583
          35.151515 10.842652 12.222149
          35.151515 11.464466 11.464466
          35.151515 12.222149 10.842652
          35.151515 13.086583 10.380602
          35.151515 14.024548 10.096074
          35.151515 15.000000 10.000000
          35.151515 15.975452 10.096074
          35.151515 16.913417 10.380602
          35.151515 17.777851 10.842652
          35.151515 18.535534 11.464466
          35.151515 19.157348 12.222149
          35.151515 19.619398 13.086583
          35.151515 19.903926 14.024548
          35.757576 20.000000 15.000000
          35.757576 19.903926 15.975452
          35.757576 19.619398 16.913417
          35.757576 19.157348 17.777851
          35.757576 18.535534 18.535534
          35.757576 17.777851 19.157348
          35.757576 16.913417 19.619398
          35.757576 15.975452 19.903926
          35.757576 15.000000 20.000000
          35.757576 14.024548 19.903926
          35.757576 13.086583 19.619398
          35.757576 12.222149 19.157348
          35.757576 11.464466 18.535534
          35.757576 10.842652 17.777851
          35.757576 10.380602 16.913417
          35.757576 10.096074 15.975452
          35.757576 10.000000 15.000000
          35.757576 10.096074 14.024548
          35.757576 10.380602 13.086583
          35.757576 10.842652 12.222149
          35.757576 11.464466 11.464466
          35.757576 12.222149 10.842652
          35.757576 13.086583 10.380602
          35.757576 14.024548 10.096074
          35.757576 15.000000 10.000000
          35.757576 15.975452 10.096074
          35.757576 16.913417 10.380602
          35.757576 17.777851 10.842652
          35.757576 18.535534 11.464466
          35.757576 19.157348 12.222149
          35.757576 19.619398 13.086583
          35.757576 19.903926 14.024548
          36.363636 20.000000 15.000000
          36.363636 19.903926 15.975452
          36.363636 19.619398 16.913417
          36.363636 19.157348 17.777851
          36.363636 18.535534 18.535534
          36.363636 17.777851 19.157348
          36.363636 16.913417 19.619398
          36.363636 15.975452 19.903926
          36.363636 15.000000 20.000000
          36.363636 14.024548 19.903926
          36.363636 13.086583 19.619398
          36.363636 12.222149 19.157348
          36.363636 11.464466 18.535534
          36.363636 10.842652 17.777851
          36.363636 10.380602 16.913417
          36.363636 10.096074 15.975452
          36.363636 10.000000 15.000000
          36.363636 10.096074 14.024548
          36.363636 10.380602 13.086583
          36.363636 10.842652 12.222149
          36.363636 11.464466 11.464466
          36.363636 12.222149 10.842652
          36.363636 13.086583 10.380602
          36.363636 14.024548 10.096074
          36.363636 15.000000 10.000000
          36.363636 15.975452 10.096074
          36.363636 16.913417 10.380602
          36.363636 17.777851 10.842652
          36.363636 18.535534 11.464466
          36.363636 19.157348 12.222149
          36.363636 19.619398 13.086583
          36.363636 19.903926 14.024548
          36.969697 20.000000 15.000000
          36.969697 19.903926 15.975452
          36.969697 19.619398 16.913417
          36.969697 19.157348 17.777851
          36.969697 18.535534 18.535534
          36.969697 17.777851 19.157348
          36.969697 16.913417 19.619398
          36.969697 15.975452 19.903926
          36.969697 15.000000 20.000000
          36.969697 14.024548 19.903926
          36.969697 13.086583 19.619398
          36.969697 12.222149 19.157348
          36.969697 11.464466 18.535534
          36.969697 10.842652 17.777851
          36.969697 10.380602 16.913417
          36.969697 10.096074 15.975452
          36.969697 10.000000 15.000000
          36.969697 10.096074 14.024548
          36.969697 10.380602 13.086583
          36.969697 10.842652 12.222149
          36.969697 11.464466 11.464466
          36.969697 12.222149 10.842652
          36.969697 13.086583 10.380602
          36.969697 14.024548 10.096074
          36.969697 15.000000 10.000000
          36.969697 15.975452 10.096074
          36.969697 16.913417 10.380602
          36.969697 17.777851 10.842652
          36.969697 18.535534 11.464466
          36.969697 19.157348 12.222149
          36.969697 19.619398 13.086583
          36.969697 19.903926 14.024548
          37.575758 20.000000 15.000000
          37.575758 19.903926 15.975452
          37.575758 19.619398 16.913417
          37.575758 19.157348 17.777851
          37.575758 18.535534 18.535534
          37.575758 17.777851 19.157348
          37.575758 16.913417 19.619398
          37.575758 15.975452 19.903926
          37.575758 15.000000 20.000000
          37.575758 14.024548 19.903926
          37.575758 13.086583 19.619398
          37.575758 12.222149 19.157348
          37.575758 11.464466 18.535534
          37.575758 10.842652 17.777851
          37.575758 10.380602 16.913417
          37.575758 10.096074 15.975452
          37.575758 10.000000 15.000000
          37.575758 10.096074 14.024548
          37.575758 10.380602 13.086583
          37.575758 10.842652 12.222149
          37.575758 11.464466 11.464466
          37.575758 12.222149 10.842652
          37.575758 13.086583 10.380602
          37.575758 14.024548 10.096074
          37.575758 15.000000 10.000000
          37.575758 15.975452 10.096074
          37.575758 16.913417 10.380602
          37.575758 17.777851 10.842652
          37.575758 18.535534 11.464466
          37.575758 19.157348 12.222149
          37.575758 19.619398 13.086583
          37.575758 19.903926 14.024548
          38.181818 20.000000 15.000000
          38.181818 19.903926 15.975452
          38.181818 19.619398 16.913417
          38.181818 19.157348 17.777851
          38.181818 18.535534 18.535534
          38.181818 17.777851 19.157348
          38.181818 16.913417 19.619398
          38.181818 15.975452 19.903926
          38.181818 15.000000 20.000000
          38.181818 14.024548 19.903926
          38.181818 13.086583 19.619398
          38.181818 12.222149 19.157348
          38.181818 11.464466 18.535534
          38.181818 10.842652 17.777851
          38.181818 10.380602 16.913417
          38.181818 10.096074 15.975452
          38.181818 10.000000 15.000000
          38.181818 10.096074 14.024548
          38.181818 10.380602 13.086583
          38.181818 10.842652 12.222149
          38.181818 11.464466 11.464466
          38.181818 12.222149 10.842652
          38.181818 13.086583 10.380602
          38.181818 14.024548 10.096074
          38.181818 15.000000 10.000000
          38.181818 15.975452 10.096074
          38.181818 16.913417 10.380602
          38.181818 17.777851 10.842652
          38.181818 18.535534 11.464466
          38.181818 19.157348 12.222149
          38.181818 19.619398 13.086583
          38.181818 19.903926 14.024548
          38.787879 20.000000 15.000000
          38.787879 19.903926 15.975452
          38.787879 19.619398 16.913417
          38.787879 19.157348 17.777851
          38.787879 18.535534 18.535534
          38.787879 17.777851 19.157348
          38.787879 16.913417 19.619398
          38.787879 15.975452 19.903926
          38.787879 15.000000 20.000000
          38.787879 14.024548 19.903926
          38.787879 13.086583 19.619398
          38.787879 12.222149 19.157348
          38.787879 11.464466 18.535534
          38.787879 10.842652 17.777851
          38.787879 10.380602 16.913417
          38.787879 10.096074 15.975452
          38.787879 10.000000 15.000000
          38.787879 10.096074 14.024548
          38.787879 10.380602 13.086583
          38.787879 10.842652 12.222149
          38.787879 11.464466 11.464466
          38.787879 12.222149 10.842652
          38.787879 13.086583 10.380602
          38.787879 14.024548 10.096074
          38.787879 15.000000 10.000000
          38.787879 15.975452 10.096074
          38.787879 16.913417 10.380602
          38.787879 17.777851 10.842652
          38.787879 18.535534 11.464466
          38.787879 19.157348 12.222149
          38.787879 19.619398 13.086583
          38.787879 19.903926 14.024548
          39.393939 20.000000 15.000000
          39.393939 19.903926 15.975452
          39.393939 19.619398 16.913417
          39.393939 19.157348 17.777851
          39.393939 18.535534 18.535534
          39.393939 17.777851 19.157348
          39.393939 16.913417 19.619398
          39.393939 15.975452 19.903926
          39.393939 15.000000 20.000000
          39.393939 14.024548 19.903926
          39.393939 13.086583 19.619398
          39.393939 12.222149 19.157348
          39.393939 11.464466 18.535534
          39.393939 10.842652 17.777851
          39.393939 10.380602 16.913417
          39.393939 10.096074 15.975452
          39.393939 10.000000 15.000000
          39.393939 10.096074 14.024548
          39.393939 10.380602 13.086583
          39.393939 10.842652 12.222149
          39.393939 11.464466 11.464466
          39.393939 12.222149 10.842652
          39.393939 13.086583 10.380602
          39.393939 14.024548 10.096074
          39.393939 15.000000 10.000000
          39.393939 15.975452 10.096074
          39.393939 16.913417 10.380602
          39.393939 17.777851 10.842652
          39.393939 18.535534 11.464466
          39.393939 19.157348 12.222149
          39.393939 19.619398 13.086583
          39.393939 19.903926 14.024548
          40.000000 20.000000 15.000000
          40.000000 19.903926 15.975452
          40.000000 19.619398 16.913417
          40.000000 19.157348 17.777851
          40.000000 18.535534 18.535534
          40.000000 17.777851 19.157348
          40.000000 16.913417 19.619398
          40.000000 15.975452 19.903926
          40.000000 15.000000 20.000000
          40.000000 14.024548 19.903926
          40.000000 13.086583 19.619398
          40.000000 12.222149 19.157348
          40.000000 11.464466 18.535534
          40.000000 10.842652 17.777851
          40.000000 10.380602 16.913417
          40.000000 10.096074 15.975452
          40.000000 10.000000 15.000000
          40.000000 10.096074 14.024548
          40.000000 10.380602 13.086583
          40.000000 10.842652 12.222149
          40.000000 11.464466 11.464466
          40.000000 12.222149 10.842652
          40.000000 13.086583 10.380602
          40.000000 14.024548 10.096074
          40.000000 15.000000 10.000000
          40.000000 15.975452 10.096074
          40.000000 16.913417 10.380602
          40.000000 17.777851 10.842652
          40.000000 18.535534 11.464466
          40.000000 19.157348 12.222149
          40.000000 19.619398 13.086583
          40.000000 19.903926 14.024548
          40.606061 20.000000 15.000000
          40.606061 19.903926 15.975452
          40.606061 19.619398 16.913417
          40.606061 19.157348 17.777851
          40.606061 18.535534 18.535534
          40.606061 17.777851 19.157348
          40.606061 16.913417 19.619398
          40.606061 15.975452 19.903926
          40.606061 15.000000 20.000000
          40.606061 14.024548 19.903926
          40.606061 13.086583 19.619398
          40.606061 12.222149 19.157348
          40.606061 11.464466 18.535534
          40.606061 10.842652 17.777851
          40.606061 10.380602 16.913417
          40.606061 10.096074 15.975452
          40.606061 10.000000 15.000000
          40.606061 10.096074 14.024548
          40.606061 10.380602 13.086583
          40.606061 10.842652 12.222149
          40.606061 11.464466 11.464466
          40.606061 12.222149 10.842652
          40.606061 13.086583 10.380602
          40.606061 14.024548 10.096074
          40.606061 15.000000 10.000000
          40.606061 15.975452 10.096074
          40.606061 16.913417 10.380602
          40.606061 17.777851 10.842652
          40.606061 18.535534 11.464466
          40.606061 19.157348 12.222149
          40.606061 19.619398 13.086583
          40.606061 19.903926 14.024548
          41.212121 20.000000 15.000000
          41.212121 19.903926 15.975452
          41.212121 19.619398 16.913417
          41.212121 19.157348 17.777851
          41.212121 18.535534 18.535534
          41.212121 17.777851 19.157348
          41.212121 16.913417 19.619398
          41.212121 15.975452 19.903926
          41.212121 15.000000 20.000000
          41.212121 14.024548 19.903926
          41.212121 13.086583 19.619398
          41.212121 12.222149 19.157348
          41.212121 11.464466 18.535534
          41.212121 10.842652 17.777851
          41.212121 10.380602 16.913417
          41.212121 10.096074 15.975452
          41.212121 10.000000 15.000000
          41.212121 10.096074 14.024548
          41.212121 10.380602 13.086583
          41.212121 10.842652 12.222149
          41.212121 11.464466 11.464466
          41.212121 12.222149 10.842652
          41.212121 13.086583 10.380602
          41.212121 14.024548 10.096074
          41.212121 15.000000 10.000000
          41.212121 15.975452 10.096074
          41.212121 16.913417 10.380602
          41.212121 17.777851 10.842652
          41.212121 18.535534 11.464466
          41.212121 19.157348 12.222149
          41.212121 19.619398 13.086583
          41.212121 19.903926 14.024548
          41.818182 20.000000 15.000000
          41.818182 19.903926 15.975452
          41.818182 19.619398 16.913417
          41.818182 19.157348 17.777851
          41.818182 18.535534 18.535534
          41.818182 17.777851 19.157348
          41.818182 16.913417 19.619398
          41.818182 15.975452 19.903926
          41.818182 15.000000 20.000000
          41.818182 14.024548 19.903926
          41.818182 13.086583 19.619398
          41.818182 12.222149 19.157348
          41.818182 11.464466 18.535534
          41.818182 10.842652 17.777851
          41.818182 10.380602 16.913417
          41.818182 10.096074 15.975452
          41.818182 10.000000 15.000000
          41.818182 10.096074 14.024548
          41.818182 10.380602 13.086583
          41.818182 10.842652 12.222149
          41.818182 11.464466 11.464466
          41.818182 12.222149 10.842652
          41.818182 13.086583 10.380602
          41.818182 14.024548 10.096074
          41.818182 15.000000 10.000000
          41.818182 15.975452 10.096074
          41.818182 16.913417 10.380602
          41.818182 17.777851 10.842652
          41.818182 18.535534 11.464466
          41.818182 19.157348 12.222149
          41.818182 19.619398 13.086583
          41.818182 19.903926 14.024548
          42.424242 20.000000 15.000000
          42.424242 19.903926 15.975452
          42.424242 19.619398 16.913417
          42.424242 19.157348 17.777851
          42.424242 18.535534 18.535534
          42.424242 17.777851 19.157348
          42.424242 16.913417 19.619398
          42.424242 15.975452 19.903926
          42.424242 15.000000 20.000000
          42.424242 14.024548 19.903926
          42.424242 13.086583 19.619398
          42.424242 12.222149 19.157348
          42.424242 11.464466 18.535534
          42.424242 10.842652 17.777851
          42.424242 10.380602 16.913417
          42.424242 10.096074 15.975452
          42.424242 10.000000 15.000000
          42.424242 10.096074 14.024548
          42.424242 10.380602 13.086583
          42.424242 10.842652 12.222149
          42.424242 11.464466 11.464466
          42.424242 12.222149 10.842652
          42.424242 13.086583 10.380602
          42.424242 14.024548 10.096074
          42.424242 15.000000 10.000000
          42.424242 15.975452 10.096074
          42.424242 16.913417 10.380602
          42.424242 17.777851 10.842652
          42.424242 18.535534 11.464466
          42.424242 19.157348 12.222149
          42.424242 19.619398 13.086583
          42.424242 19.903926 14.024548
          43.030303 20.000000 15.000000
          43.030303 19.903926 15.975452
          43.030303 19.619398 16.913417
          43.030303 19.157348 17.777851
          43.030303 18.535534 18.535534
          43.030303 17.777851 19.157348
          43.030303 16.913417 19.619398
          43.030303 15.975452 19.903926
          43.030303 15.000000 20.000000
          43.030303 14.024548 19.903926
          43.030303 13.086583 19.619398
          43.030303 12.222149 19.157348
          43.030303 11.464466 18.535534
          43.030303 10.842652 17.777851
          43.030303 10.380602 16.913417
          43.030303 10.096074 15.975452
          43.030303 10.000000 15.000000
          43.030303 10.096074 14.024548
          43.030303 10.380602 13.086583
          43.030303 10.842652 12.222149
          43.030303 11.464466 11.464466
          43.030303 12.222149 10.842652
          43.030303 13.086583 10.380602
          43.030303 14.024548 10.096074
          43.030303 15.000000 10.000000
          43.030303 15.975452 10.096074
          43.030303 16.913417 10.380602
          43.030303 17.777851 10.842652
          43.030303 18.535534 11.464466
          43.030303 19.157348 12.222149
          43.030303 19.619398 13.086583
          43.030303 19.903926 14.024548
          43.636364 20.000000 15.000000
          43.636364 19.903926 15.975452
          43.636364 19.619398 16.913417
          43.636364 19.157348 17.777851
          43.636364 18.535534 18.535534
          43.636364 17.777851 19.157348
          43.636364 16.913417 19.619398
          43.636364 15.975452 19.903926
          43.636364 15.000000 20.000000
          43.636364 14.024548 19.903926
          43.636364 13.086583 19.619398
          43.636364 12.222149 19.157348
          43.636364 11.464466 18.535534
          43.636364 10.842652 17.777851
          43.636364 10.380602 16.913417
          43.636364 10.096074 15.975452
          43.636364 10.000000 15.000000
          43.636364 10.096074 14.024548
          43.636364 10.380602 13.086583
          43.636364 10.842652 12.222149
          43.636364 11.464466 11.464466
          43.636364 12.222149 10.842652
          43.636364 13.086583 10.380602
          43.636364 14.024548 10.096074
          43.636364 15.000000 10.000000
          43.636364 15.975452 10.096074
          43.636364 16.913417 10.380602
          43.636364 17.777851 10.842652
          43.636364 18.535534 11.464466
          43.636364 19.157348 12.222149
          43.636364 19.619398 13.086583
          43.636364 19.903926 14.024548
          44.242424 20.000000 15.000000
          44.242424 19.903926 15.975452
          44.242424 19.619398 16.913417
          44.242424 19.157348 17.777851
          44.242424 18.535534 18.535534
          44.242424 17.777851 19.157348
          44.242424 16.913417 19.619398
          44.242424 15.975452 19.903926
          44.242424 15.000000 20.000000
          44.242424 14.024548 19.903926
          44.242424 13.086583 19.619398
          44.242424 12.222149 19.157348
          44.242424 11.464466 18.535534
          44.242424 10.842652 17.777851
          44.242424 10.380602 16.913417
          44.242424 10.096074 15.975452
          44.242424 10.000000 15.000000
          44.242424 10.096074 14.024548
          44.242424 10.380602 13.086583
          44.242424 10.842652 12.222149
          44.242424 11.464466 11.464466
          44.242424 12.222149 10.842652
          44.242424 13.086583 10.380602
          44.242424 14.024548 10.096074
          44.242424 15.000000 10.000000
          44.242424 15.975452 10.096074
          44.242424 16.913417 10.380602
          44.242424 17.777851 10.842652
          44.242424 18.535534 11.464466
          44.242424 19.157348 12.222149
          44.242424 19.619398 13.086583
          44.242424 19.903926 14.024548
          44.848485 20.000000 15.000000
          44.848485 19.903926 15.975452
          44.848485 19.619398 16.913417
          44.848485 19.157348 17.777851
          44.848485 18.535534 18.535534
          44.848485 17.777851 19.157348
          44.848485 16.913417 19.619398
          44.848485 15.975452 19.903926
          44.848485 15.000000 20.000000
          44.848485 14.024548 19.903926
          44.848485 13.086583 19.619398
          44.848485 12.222149 19.157348
          44.848485 11.464466 18.535534
          44.848485 10.842652 17.777851
          44.848485 10.380602 16.913417
          44.848485 10.096074 15.975452
          44.848485 10.000000 15.000000
          44.848485 10.096074 14.024548
          44.848485 10.380602 13.086583
          44.848485 10.842652 12.222149
          44.848485 11.464466 11.464466
          44.848485 12.222149 10.842652
          44.848485 13.086583 10.380602
          44.848485 14.024548 10.096074
          44.848485 15.000000 10.000000
          44.848485 15.975452 10.096074
          44.848485 16.913417 10.380602
          44.848485 17.777851 10.842652
          44.848485 18.535534 11.464466
          44.848485 19.157348 12.222149
          44.848485 19.619398 13.086583
          44.848485 19.903926 14.024548
          45.454545 20.000000 15.000000
          45.454545 19.903926 15.975452
          45.454545 19.619398 16.913417
          45.454545 19.157348 17.777851
          45.454545 18.535534 18.535534
          45.454545 17.777851 19.157348
          45.454545 16.913417 19.619398
          45.454545 15.975452 19.903926
          45.454545 15.000000 20.000000
          45.454545 14.024548 19.903926
          45.454545 13.086583 19.619398
          45.454545 12.222149 19.157348
          45.454545 11.464466 18.535534
          45.454545 10.842652 17.777851
          45.454545 10.380602 16.913417
          45.454545 10.096074 15.975452
          45.454545 10.000000 15.000000
          45.454545 10.096074 14.024548
          45.454545 10.380602 13.086583
          45.454545 10.842652 12.222149
          45.454545 11.464466 11.464466
          45.454545 12.222149 10.842652
          45.454545 13.086583 10.380602
          45.454545 14.024548 10.096074
          45.454545 15.000000 10.000000
          45.454545 15.975452 10.096074
          45.454545 16.913417 10.380602
          45.454545 17.777851 10.842652
          45.454545 18.535534 11.464466
          45.454545 19.157348 12.222149
          45.454545 19.619398 13.086583
          45.454545 19.903926 14.024548
          46.060606 20.000000 15.000000
          46.060606 19.903926 15.975452
          46.060606 19.619398 16.913417
          46.060606 19.157348 17.777851
          46.060606 18.535534 18.535534
          46.060606 17.777851 19.157348
          46.060606 16.913417 19.619398
          46.060606 15.975452 19.903926
          46.060606 15.000000 20.000000
          46.060606 14.024548 19.903926
          46.060606 13.086583 19.619398
          46.060606 12.222149 19.157348
          46.060606 11.464466 18.535534
          46.060606 10.842652 17.777851
          46.060606 10.380602 16.913417
          46.060606 10.096074 15.975452
          46.060606 10.000000 15.000000
          46.060606 10.096074 14.024548
          46.060606 10.380602 13.086583
          46.060606 10.842652 12.222149
          46.060606 11.464466 11.464466
          46.060606 12.222149 10.842652
          46.060606 13.086583 10.380602
          46.060606 14.024548 10.096074
          46.060606 15.000000 10.000000
          46.060606 15.975452 10.096074
          46.060606 16.913417 10.380602
          46.060606 17.777851 10.842652
          46.060606 18.535534 11.464466
          46.060606 19.157348 12.222149
          46.060606 19.619398 13.086583
          46.060606 19.903926 14.024548
          46.666667 20.000000 15.000000
          46.666667 19.903926 15.975452
          46.666667 19.619398 16.913417
          46.666667 19.157348 17.777851
          46.666667 18.535534 18.535534
          46.666667 17.777851 19.157348
          46.666667 16.913417 19.619398
          46.666667 15.975452 19.903926
          46.666667 15.000000 20.000000
          46.666667 14.024548 19.903926
          46.666667 13.086583 19.619398
          46.666667 12.222149 19.157348
          46.666667 11.464466 18.535534
          46.666667 10.842652 17.777851
          46.666667 10.380602 16.913417
          46.666667 10.096074 15.975452
          46.666667 10.000000 15.000000
          46.666667 10.096074 14.024548
          46.666667 10.380602 13.086583
          46.666667 10.842652 12.222149
          46.666667 11.464466 11.464466
          46.666667 12.222149 10.842652
          46.666667 13.086583 10.380602
          46.666667 14.024548 10.096074
          46.666667 15.000000 10.000000
          46.666667 15.975452 10.096074
          46.666667 16.913417 10.380602
          46.666667 17.777851 10.842652
          46.666667 18.535534 11.464466
          46.666667 19.157348 12.222149
          46.666667 19.619398 13.086583
          46.666667 19.903926 14.024548
          47.272727 20.000000 15.000000
          47.272727 19.903926 15.975452
          47.272727 19.619398 16.913417
          47.272727 19.157348 17.777851
          47.272727 18.535534 18.535534
          47.272727 17.777851 19.157348
          47.272727 16.913417 19.619398
          47.272727 15.975452 19.903926
          47.272727 15.000000 20.000000
          47.272727 14.024548 19.903926
          47.272727 13.086583 19.619398
          47.272727 12.222149 19.157348
          47.272727 11.464466 18.535534
          47.272727 10.842652 17.777851
          47.272727 10.380602 16.913417
          47.272727 10.096074 15.975452
          47.272727 10.000000 15.000000
          47.272727 10.096074 14.024548
          47.272727 10.380602 13.086583
          47.272727 10.842652 12.222149
          47.272727 11.464466 11.464466
          47.272727 12.222149 10.842652
          47.272727 13.086583 10.380602
          47.272727 14.024548 10.096074
          47.272727 15.000000 10.000000
          47.272727 15.975452 10.096074
          47.272727 16.913417 10.380602
          47.272727 17.777851 10.842652
          47.272727 18.535534 11.464466
          47.272727 19.157348 12.222149
          47.272727 19.619398 13.086583
          47.272727 19.903926 14.024548
          47.878788 20.000000 15.000000
          47.878788 19.903926 15.975452
          47.878788 19.619398 16.913417
          47.878788 19.157348 17.777851
          47.878788 18.535534 18.535534
          47.878788 17.777851 19.157348
          47.878788 16.913417 19.619398
          47.878788 15.975452 19.903926
          47.878788 15.000000 20.000000
          47.878788 14.024548 19.903926
          47.878788 13.086583 19.619398
          47.878788 12.222149 19.157348
          47.878788 11.464466 18.535534
          47.878788 10.842652 17.777851
          47.878788 10.380602 16.913417
          47.878788 10.096074 15.975452
          47.878788 10.000000 15.000000
          47.878788 10.096074 14.024548
          47.878788 10.380602 13.086583
          47.878788 10.842652 12.222149
          47.878788 11.464466 11.464466
          47.878788 12.222149 10.842652
          47.878788 13.086583 10.380602
          47.878788 14.024548 10.096074
          47.878788 15.000000 10.000000
          47.878788 15.975452 10.096074
          47.878788 16.913417 10.380602
          47.878788 17.777851 10.842652
          47.878788 18.535534 11.464466
          47.878788 19.157348 12.222149
          47.878788 19.619398 13.086583
          47.878788 19.903926 14.024548
          48.484848 20.000000 15.000000
          48.484848 19.903926 15.975452
          48.484848 19.619398 16.913417
          48.484848 19.157348 17.777851
          48.484848 18.535534 18.535534
          48.484848 17.777851 19.157348
          48.484848 16.913417 19.619398
          48.484848 15.975452 19.903926
          48.484848 15.000000 20.000000
          48.484848 14.024548 19.903926
          48.484848 13.086583 19.619398
          48.484848 12.222149 19.157348
          48.484848 11.464466 18.535534
          48.484848 10.842652 17.777851
          48.484848 10.380602 16.913417
          48.484848 10.096074 15.975452
          48.484848 10.000000 15.000000
          48.484848 10.096074 14.024548
          48.484848 10.380602 13.086583
          48.484848 10.842652 12.222149
          48.484848 11.464466 11.464466
          48.484848 12.222149 10.842652
          48.484848 13.086583 10.380602
          48.484848 14.024548 10.096074
          48.484848 15.000000 10.000000
          48.484848 15.975452 10.096074
          48.484848 16.913417 10.380602
          48.484848 17.777851 10.842652
          48.484848 18.535534 11.464466
          48.484848 19.157348 12.222149
          48.484848 19.619398 13.086583
          48.484848 19.903926 14.024548
          49.090909 20.000000 15.000000
          49.090909 19.903926 15.975452
          49.090909 19.619398 16.913417
          49.090909 19.157348 17.777851
          49.090909 18.535534 18.535534
          49.090909 17.777851 19.157348
          49.090909 16.913417 19.619398
          49.090909 15.975452 19.903926
          49.090909 15.000000 20.000000
          49.090909 14.024548 19.903926
          49.090909 13.086583 19.619398
          49.090909 12.222149 19.157348
          49.090909 11.464466 18.535534
          49.090909 10.842652 17.777851
          49.090909 10.380602 16.913417
          49.090909 10.096074 15.975452
          49.090909 10.000000 15.000000
          49.090909 10.096074 14.024548
          49.090909 10.380602 13.086583
          49.090909 10.842652 12.222149
          49.090909 11.464466 11.464466
          49.090909 12.222149 10.842652
          49.090909 13.086583 10.380602
          49.090909 14.024548 10.096074
          49.090909 15.000000 10.000000
          49.090909 15.975452 10.096074
          49.090909 16.913417 10.380602
          49.090909 17.777851 10.842652
          49.090909 18.535534 11.464466
          49.090909 19.157348 12.222149
          49.090909 19.619398 13.086583
          49.090909 19.903926 14.024548
          49.696970 20.000000 15.000000
          49.696970 19.903926 15.975452
          49.696970 19.619398 16.913417
          49.696970 19.157348 17.777851
          49.696970 18.535534 18.535534
          49.696970 17.777851 19.157348
          49.696970 16.913417 19.619398
          49.696970 15.975452 19.903926
          49.696970 15.000000 20.000000
          49.696970 14.024548 19.903926
          49.696970 13.086583 19.619398
          49.696970 12.222149 19.157348
          49.696970 11.464466 18.535534
          49.696970 10.842652 17.777851
          49.696970 10.380602 16.913417
          49.696970 10.096074 15.975452
          49.696970 10.000000 15.000000
          49.696970 10.096074 14.024548
          49.696970 10.380602 13.086583
          49.696970 10.842652 12.222149
          49.696970 11.464466 11.464466
          49.696970 12.222149 10.842652
          49.696970 13.086583 10.380602
          49.696970 14.024548 10.096074
          49.696970 15.000000 10.000000
          49.696970 15.975452 10.096074
          49.696970 16.913417 10.380602
          49.696970 17.777851 10.842652
          49.696970 18.535534 11.464466
          49.696970 19.157348 12.222149
          49.696970 19.619398 13.086583
          49.696970 19.903926 14.024548
          50.303030 20.000000 15.000000
          50.303030 19.903926 15.975452
          50.303030 19.619398 16.913417
          50.303030 19.157348 17.777851
          50.303030 18.535534 18.535534
          50.303030 17.777851 19.157348
          50.303030 16.913417 19.619398
          50.303030 15.975452 19.903926
          50.303030 15.000000 20.000000
          50.303030 14.024548 19.903926
          50.303030 13.086583 19.619398
          50.303030 12.222149 19.157348
          50.303030 11.464466 18.535534
          50.303030 10.842652 17.777851
          50.303030 10.380602 16.913417
          50.303030 10.096074 15.975452
          50.303030 10.000000 15.000000
          50.303030 10.096074 14.024548
          50.303030 10.380602 13.086583
          50.303030 10.842652 12.222149
          50.303030 11.464466 11.464466
          50.303030 12.222149 10.842652
          50.303030 13.086583 10.380602
          50.303030 14.024548 10.096074
          50.303030 15.000000 10.000000
          50.303030 15.975452 10.096074
          50.303030 16.913417 10.380602
          50.303030 17.777851 10.842652
          50.303030 18.535534 11.464466
          50.303030 19.157348 12.222149
          50.303030 19.619398 13.086583
          50.303030 19.903926 14.024548
          50.909091 20.000000 15.000000
          50.909091 19.903926 15.975452
          50.909091 19.619398 16.913417
          50.909091 19.157348 17.777851
          50.909091 18.535534 18.535534
          50.909091 17.777851 19.157348
          50.909091 16.913417 19.619398
          50.909091 15.975452 19.903926
          50.909091 15.000000 20.000000
          50.909091 14.024548 19.903926
          50.909091 13.086583 19.619398
          50.909091 12.222149 19.157348
          50.909091 11.464466 18.535534
          50.909091 10.842652 17.777851
          50.909091 10.380602 16.913417
          50.909091 10.096074 15.975452
          50.909091 10.000000 15.000000
          50.909091 10.096074 14.024548
          50.909091 10.380602 13.086583
          50.909091 10.842652 12.222149
          50.909091 11.464466 11.464466
          50.909091 12.222149 10.842652
          50.909091 13.086583 10.380602
          50.909091 14.024548 10.096074
          50.909091 15.000000 10.000000
          50.909091 15.975452 10.096074
          50.909091 16.913417 10.380602
          50.909091 17.777851 10.842652
          50.909091 18.535534 11.464466
          50.909091 19.157348 12.222149
          50.909091 19.619398 13.086583
          50.909091 19.903926 14.024548
          51.515152 20.000000 15.000000
          51.515152 19.903926 15.975452
          51.515152 19.619398 16.913417
          51.515152 19.157348 17.777851
          51.515152 18.535534 18.535534
          51.515152 17.777851 19.157348
          51.515152 16.913417 19.619398
          51.515152 15.975452 19.903926
          51.515152 15.000000 20.000000
          51.515152 14.024548 19.903926
          51.515152 13.086583 19.619398
          51.515152 12.222149 19.157348
          51.515152 11.464466 18.535534
          51.515152 10.842652 17.777851
          51.515152 10.380602 16.913417
          51.515152 10.096074 15.975452
          51.515152 10.000000 15.000000
          51.515152 10.096074 14.024548
          51.515152 10.380602 13.086583
          51.515152 10.842652 12.222149
          51.515152 11.464466 11.464466
          51.515152 12.222149 10.842652
          51.515152 13.086583 10.380602
          51.515152 14.024548 10.096074
          51.515152 15.000000 10.000000
          51.515152 15.975452 10.096074
          51.515152 16.913417 10.380602
          51.515152 17.777851 10.842652
          51.515152 18.535534 11.464466
          51.515152 19.157348 12.222149
          51.515152 19.619398 13.086583
          51.515152 19.903926 14.024548
          52.121212 20.000000 15.000000
          52.121212 19.903926 15.975452
          52.121212 19.619398 16.913417
          52.121212 19.157348 17.777851
          52.121212 18.535534 18.535534
          52.121212 17.777851 19.157348
          52.121212 16.913417 19.619398
          52.121212 15.975452 19.903926
          52.121212 15.000000 20.000000
          52.121212 14.024548 19.903926
          52.121212 13.086583 19.619398
          52.121212 12.222149 19.157348
          52.121212 11.464466 18.535534
          52.121212 10.842652 17.777851
          52.121212 10.380602 16.913417
          52.121212 10.096074 15.975452
          52.121212 10.000000 15.000000
          52.121212 10.096074 14.024548
          52.121212 10.380602 13.086583
          52.121212 10.842652 12.222149
          52.121212 11.464466 11.464466
          52.121212 12.222149 10.842652
          52.121212 13.086583 10.380602
          52.121212 14.024548 10.096074
          52.121212 15.000000 10.000000
          52.121212 15.975452 10.096074
          52.121212 16.913417 10.380602
          52.121212 17.777851 10.842652
          52.121212 18.535534 11.464466
          52.121212 19.157348 12.222149
          52.121212 19.619398 13.086583
          52.121212 19.903926 14.024548
          52.727273 20.000000 15.000000
          52.727273 19.903926 15.975452
          52.727273 19.619398 16.913417
          52.727273 19.157348 17.777851
          52.727273 18.535534 18.535534
          52.727273 17.777851 19.157348
          52.727273 16.913417 19.619398
          52.727273 15.975452 19.903926
          52.727273 15.000000 20.000000
          52.727273 14.024548 19.903926
          52.727273 13.086583 19.619398
          52.727273 12.222149 19.157348
          52.727273 11.464466 18.535534
          52.727273 10.842652 17.777851
          52.727273 10.380602 16.913417
          52.727273 10.096074 15.975452
          52.727273 10.000000 15.000000
          52.727273 10.096074 14.024548
          52.727273 10.380602 13.086583
          52.727273 10.842652 12.222149
          52.727273 11.464466 11.464466
          52.727273 12.222149 10.842652
          52.727273 13.086583 10.380602
          52.727273 14.024548 10.096074
          52.727273 15.000000 10.000000
          52.727273 15.975452 10.096074
          52.727273 16.913417 10.380602
          52.727273 17.777851 10.842652
          52.727273 18.535534 11.464466
          52.727273 19.157348 12.222149
          52.727273 19.619398 13.086583
          52.727273 19.903926 14.024548
          53.333333 20.000000 15.000000
          53.333333 19.903926 15.975452
          53.333333 19.619398 16.913417
          53.333333 19.157348 17.777851
          53.333333 18.535534 18.535534
          53.333333 17.777851 19.157348
          53.333333 16.913417 19.619398
          53.333333 15.975452 19.903926
          53.333333 15.000000 20.000000
          53.333333 14.024548 19.903926
          53.333333 13.086583 19.619398
          53.333333 12.222149 19.157348
          53.333333 11.464466 18.535534
          53.333333 10.842652 17.777851
          53.333333 10.380602 16.913417
          53.333333 10.096074 15.975452
          53.333333 10.000000 15.000000
          53.333333 10.096074 14.024548
          53.333333 10.380602 13.086583
          53.333333 10.842652 12.222149
          53.333333 11.464466 11.464466
          53.333333 12.222149 10.842652
          53.333333 13.086583 10.380602
          53.333333 14.024548 10.096074
          53.333333 15.000000 10.000000
          53.333333 15.975452 10.096074
          53.333333 16.913417 10.380602
          53.333333 17.777851 10.842652
          53.333333 18.535534 11.464466
          53.333333 19.157348 12.222149
          53.333333 19.619398 13.086583
          53.333333 19.903926 14.024548
          53.939394 20.000000 15.000000
          53.939394 19.903926 15.975452
          53.939394 19.619398 16.913417
          53.939394 19.157348 17.777851
          53.939394 18.535534 18.535534
          53.939394 17.777851 19.157348
          53.939394 16.913417 19.619398
          53.939394 15.975452 19.903926
          53.939394 15.000000 20.000000
          53.939394 14.024548 19.903926
          53.939394 13.086583 19.619398
          53.939394 12.222149 19.157348
          53.939394 11.464466 18.535534
          53.939394 10.842652 17.777851
          53.939394 10.380602 16.913417
          53.939394 10.096074 15.975452
          53.939394 10.000000 15.000000
          53.939394 10.096074 14.024548
          53.939394 10.380602 13.086583
          53.939394 10.842652 12.222149
          53.939394 11.464466 11.464466
          53.939394 12.222149 10.842652
          53.939394 13.086583 10.380602
          53.939394 14.024548 10.096074
          53.939394 15.000000 10.000000
          53.939394 15.975452 10.096074
          53.939394 16.913417 10.380602
          53.939394 17.777851 10.842652
          53.939394 18.535534 11.464466
          53.939394 19.157348 12.222149
          53.939394 19.619398 13.086583
          53.939394 19.903926 14.024548
          54.545455 20.000000 15.000000
          54.545455 19.903926 15.975452
          54.545455 19.619398 16.913417
          54.545455 19.157348 17.777851
          54.545455 18.535534 18.535534
          54.545455 17.777851 19.157348
          54.545455 16.913417 19.619398
          54.545455 15.975452 19.903926
          54.545455 15.000000 20.000000
          54.545455 14.024548 19.903926
          54.545455 13.086583 19.619398
          54.545455 12.222149 19.157348
          54.545455 11.464466 18.535534
          54.545455 10.842652 17.777851
          54.545455 10.380602 16.913417
          54.545455 10.096074 15.975452
          54.545455 10.000000 15.000000
          54.545455 10.096074 14.024548
          54.545455 10.380602 13.086583
          54.545455 10.842652 12.222149
          54.545455 11.464466 11.464466
          54.545455 12.222149 10.842652
          54.545455 13.086583 10.380602
          54.545455 14.024548 10.096074
          54.545455 15.000000 10.000000
          54.545455 15.975452 10.096074
          54.545455 16.913417 10.380602
          54.545455 17.777851 10.842652
          54.545455 18.535534 11.464466
          54.545455 19.157348 12.222149
          54.545455 19.619398 13.086583
          54.545455 19.903926 14.024548
          55.151515 20.000000 15.000000
          55.151515 19.903926 15.975452
          55.151515 19.619398 16.913417
          55.151515 19.157348 17.777851
          55.151515 18.535534 18.535534
          55.151515 17.777851 19.157348
          55.151515 16.913417 19.619398
          55.151515 15.975452 19.903926
          55.151515 15.000000 20.000000
          55.151515 14.024548 19.903926
          55.151515 13.086583 19.619398
          55.151515 12.222149 19.157348
          55.151515 11.464466 18.535534
          55.151515 10.842652 17.777851
          55.151515 10.380602 16.913417
          55.151515 10.096074 15.975452
          55.151515 10.000000 15.000000
          55.151515 10.096074 14.024548
          55.151515 10.380602 13.086583
          55.151515 10.842652 12.222149
          55.151515 11.464466 11.464466
          55.151515 12.222149 10.842652
          55.151515 13.086583 10.380602
          55.151515 14.024548 10.096074
          55.151515 15.000000 10.000000
          55.151515 15.975452 10.096074
          55.151515 16.913417 10.380602
          55.151515 17.777851 10.842652
          55.151515 18.535534 11.464466
          55.151515 19.157348 12.222149
          55.151515 19.619398 13.086583
          55.151515 19.903926 14.024548
          55.757576 20.000000 15.000000
          55.757576 19.903926 15.975452
          55.757576 19.619398 16.913417
          55.757576 19.157348 17.777851
          55.757576 18.535534 18.535534
          55.757576 17.777851 19.157348
          55.757576 16.913417 19.619398
          55.757576 15.975452 19.903926
          55.757576 15.000000 20.000000
          55.757576 14.024548 19.903926
          55.757576 13.086583 19.619398
          55.757576 12.222149 19.157348
          55.757576 11.464466 18.535534
          55.757576 10.842652 17.777851
          55.757576 10.380602 16.913417
          55.757576 10.096074 15.975452
          55.757576 10.000000 15.000000
          55.757576 10.096074 14.024548
          55.757576 10.380602 13.086583
          55.757576 10.842652 12.222149
          55.757576 11.464466 11.464466
          55.757576 12.222149 10.842652
          55.757576 13.086583 10.380602
          55.757576 14.024548 10.096074
          55.757576 15.000000 10.000000
          55.757576 15.975452 10.096074
          55.757576 16.913417 10.380602
          55.757576 17.777851 10.842652
          55.757576 18.535534 11.464466
          55.757576 19.157348 12.222149
          55.757576 19.619398 13.086583
          55.757576 19.903926 14.024548
          56.363636 20.000000 15.000000
          56.363636 19.903926 15.975452
          56.363636 19.619398 16.913417
          56.363636 19.157348 17.777851
          56.363636 18.535534 18.535534
          56.363636 17.777851 19.157348
          56.363636 16.913417 19.619398
          56.363636 15.975452 19.903926
          56.363636 15.000000 20.000000
          56.363636 14.024548 19.903926
          56.363636 13.086583 19.619398
          56.363636 12.222149 19.157348
          56.363636 11.464466 18.535534
          56.363636 10.842652 17.777851
          56.363636 10.380602 16.913417
          56.363636 10.096074 15.975452
          56.363636 10.000000 15.000000
          56.363636 10.096074 14.024548
          56.363636 10.380602 13.086583
          56.363636 10.842652 12.222149
          56.363636 11.464466 11.464466
          56.363636 12.222149 10.842652
          56.363636 13.086583 10.380602
          56.363636 14.024548 10.096074
          56.363636 15.000000 10.000000
          56.363636 15.975452 10.096074
          56.363636 16.913417 10.380602
          56.363636 17.777851 10.842652
          56.363636 18.535534 11.464466
          56.363636 19.157348 12.222149
          56.363636 19.619398 13.086583
          56.363636 19.903926 14.024548
          56.969697 20.000000 15.000000
          56.969697 19.903926 15.975452
          56.969697 19.619398 16.913417
          56.969697 19.157348 17.777851
          56.969697 18.535534 18.535534
          56.969697 17.777851 19.157348
          56.969697 16.913417 19.619398
          56.969697 15.975452 19.903926
          56.969697 15.000000 20.000000
          56.969697 14.024548 19.903926
          56.969697 13.086583 19.619398
          56.969697 12.222149 19.157348
          56.969697 11.464466 18.535534
          56.969697 10.842652 17.777851
          56.969697 10.380602 16.913417
          56.969697 10.096074 15.975452
          56.969697 10.000000 15.000000
          56.969697 10.096074 14.024548
          56.969697 10.380602 13.086583
          56.969697 10.842652 12.222149
          56.969697 11.464466 11.464466
          56.969697 12.222149 10.842652
          56.969697 13.086583 10.380602
          56.969697 14.024548 10.096074
          56.969697 15.000000 10.000000
          56.969697 15.975452 10.096074
          56.969697 16.913417 10.380602
          56.969697 17.777851 10.842652
          56.969697 18.535534 11.464466
          56.969697 19.157348 12.222149
          56.969697 19.619398 13.086583
          56.969697 19.903926 14.024548
          57.575758 20.000000 15.000000
          57.575758 19.903926 15.975452
          57.575758 19.619398 16.913417
          57.575758 19.157348 17.777851
          57.575758 18.535534 18.535534
          57.575758 17.777851 19.157348
          57.575758 16.913417 19.619398
          57.575758 15.975452 19.903926
          57.575758 15.000000 20.000000
          57.575758 14.024548 19.903926
          57.575758 13.086583 19.619398
          57.575758 12.222149 19.157348
          57.575758 11.464466 18.535534
          57.575758 10.842652 17.777851
          57.575758 10.380602 16.913417
          57.575758 10.096074 15.975452
          57.575758 10.000000 15.000000
          57.575758 10.096074 14.024548
          57.575758 10.380602 13.086583
          57.575758 10.842652 12.222149
          57.575758 11.464466 11.464466
          57.575758 12.222149 10.842652
          57.575758 13.086583 10.380602
          57.575758 14.024548 10.096074
          57.575758 15.000000 10.000000
          57.575758 15.975452 10.096074
          57.575758 16.913417 10.380602
          57.575758 17.777851 10.842652
          57.575758 18.535534 11.464466
          57.575758 19.157348 12.222149
          57.575758 19.619398 13.086583
          57.575758 19.903926 14.024548
          58.181818 20.000000 15.000000
          58.181818 19.903926 15.975452
          58.181818 19.619398 16.913417
          58.181818 19.157348 17.777851
          58.181818 18.535534 18.535534
          58.181818 17.777851 19.157348
          58.181818 16.913417 19.619398
          58.181818 15.975452 19.903926
          58.181818 15.000000 20.000000
          58.181818 14.024548 19.903926
          58.181818 13.086583 19.619398
          58.181818 12.222149 19.157348
          58.181818 11.464466 18.535534
          58.181818 10.842652 17.777851
          58.181818 10.380602 16.913417
          58.181818 10.096074 15.975452
          58.181818 10.000000 15.000000
          58.181818 10.096074 14.024548
          58.181818 10.380602 13.086583
          58.181818 10.842652 12.222149
          58.181818 11.464466 11.464466
          58.181818 12.222149 10.842652
          58.181818 13.086583 10.380602
          58.181818 14.024548 10.096074
          58.181818 15.000000 10.000000
          58.181818 15.975452 10.096074
          58.181818 16.913417 10.380602
          58.181818 17.777851 10.842652
          58.181818 18.535534 11.464466
          58.181818 19.157348 12.222149
          58.181818 19.619398 13.086583
          58.181818 19.903926 14.024548
          58.787879 20.000000 15.000000
          58.787879 19.903926 15.975452
          58.787879 19.619398 16.913417
          58.787879 19.157348 17.777851
          58.787879 18.535534 18.535534
          58.787879 17.777851 19.157348
          58.787879 16.913417 19.619398
          58.787879 15.975452 19.903926
          58.787879 15.000000 20.000000
          58.787879 14.024548 19.903926
          58.787879 13.086583 19.619398
          58.787879 12.222149 19.157348
          58.787879 11.464466 18.535534
          58.787879 10.842652 17.777851
          58.787879 10.380602 16.913417
          58.787879 10.096074 15.975452
          58.787879 10.000000 15.000000
          58.787879 10.096074 14.024548
          58.787879 10.380602 13.086583
          58.787879 10.842652 12.222149
          58.787879 11.464466 11.464466
          58.787879 12.222149 10.842652
          58.787879 13.086583 10.380602
          58.787879 14.024548 10.096074
          58.787879 15.000000 10.000000
          58.787879 15.975452 10.096074
          58.787879 16.913417 10.380602
          58.787879 17.777851 10.842652
          58.787879 18.535534 11.464466
          58.787879 19.157348 12.222149
          58.787879 19.619398 13.086583
          58.787879 19.903926 14.024548
          59.393939 20.000000 15.000000
          59.393939 19.903926 15.975452
          59.393939 19.619398 16.913417
          59.393939 19.157348 17.777851
          59.393939 18.535534 18.535534
          59.393939 17.777851 19.157348
          59.393939 16.913417 19.619398
          59.393939 15.975452 19.903926
          59.393939 15.000000 20.000000
          59.393939 14.024548 19.903926
          59.393939 13.086583 19.619398
          59.393939 12.222149 19.157348
          59.393939 11.464466 18.535534
          59.393939 10.842652 17.777851
          59.393939 10.380602 16.913417
          59.393939 10.096074 15.975452
          59.393939 10.000000 15.000000
          59.393939 10.096074 14.024548
          59.393939 10.380602 13.086583
          59.393939 10.842652 12.222149
          59.393939 11.464466 11.464466
          59.393939 12.222149 10.842652
          59.393939 13.086583 10.380602
          59.393939 14.024548 10.096074
          59.393939 15.000000 10.000000
          59.393939 15.975452 10.096074
          59.393939 16.913417 10.380602
          59.393939 17.777851 10.842652
          59.393939 18.535534 11.464466
          59.393939 19.157348 12.222149
          59.393939 19.619398 13.086583
          59.393939 19.903926 14.024548
          60.000000 20.000000 15.000000
          60.000000 19.903926 15.975452
          60.000000 19.619398 16.913417
          60.000000 19.157348 17.777851
          60.000000 18.535534 18.535534
          60.000000 17.777851 19.157348
          60.000000 16.913417 19.619398
          60.000000 15.975452 19.903926
          60.000000 15.000000 20.000000
          60.000000 14.024548 19.903926
          60.000000 13.086583 19.619398
          60.000000 12.222149 19.157348
          60.000000 11.464466 18.535534
          60.000000 10.842652 17.777851
          60.000000 10.380602 16.913417
          60.000000 10.096074 15.975452
          60.000000 10.000000 15.000000
          60.000000 10.096074 14.024548
          60.000000 10.380602 13.086583
          60.000000 10.842652 12.222149
          60.000000 11.464466 11.464466
          60.000000 12.222149 10.842652
          60.000000 13.086583 10.380602
          60.000000 14.024548 10.096074
          60.000000 15.000000 10.000000
          60.000000 15.975452 10.096074
          60.000000 16.913417 10.380602
          60.000000 17.777851 10.842652
          60.000000 18.535534 11.464466
          60.000000 19.157348 12.222149
          60.000000 19.619398 13.086583
          60.000000 19.903926 14.024548
        </DataArray>
      </Points>
      <Polys>
        <DataArray type="Int64" Name="connectivity" format="ascii">
          0 1 33 32
          1 2 34 33
          2 3 35 34
          3 4 36 35
          4 5 37 36
          5 6 38 37
          6 7 39 38
          7 8 40 39
          8 9 41 40
          9 10 42 41
          10 11 43 42
          11 12 44 43
          12 13 45 44
          13 14 46 45
          14 15 47 46
          15 16 48 47
          16 17 49 48
          17 18 50 49
          18 19 51 50
          19 20 52 51
          20 21 53 52
          21 22 54 53
          22 23 55 54
          23 24 56 55
          24 25 57 56
          25 26 58 57
          26 27 59 58
          27 28 60 59
          28 29 61 60
          29 30 62 61
          30 31 63 62
          31 0 32 63
          32 33 65 64
          33 34 66 65
          34 35 67 66
          35 36 68 67
          36 37 69 68
          37 38 70 69
          38 39 71 70
          39 40 72 71
          40 41 73 72
          41 42 74 73
          42 43 75 74
          43 44 76 75
          44 45 77 76
          45 46 78 77
          46 47 79 78
          47 48 80 79
          48 49 81 80
          49 50 82 81
          50 51 83 82
          51 52 84 83
          52 53 85 84
          53 54 86 85
          54 55 87 86
          55 56 88 87
          56 57 89 88
          57 58 90 89
          58 59 91 90
          59 60 92 91
          60 61 93 92
          61 62 94 93
          62 63 95 94
          63 32 64 95
          64 65 97 96
          65 66 98 97
          66 67 99 98
          67 68 100 99
          68 69 101 100
          69 70 102 101
          70 71 103 102
          71 72 104 103
          72 73 105 104
          73 74 106 105
          74 75 107 106
          75 76 108 107
          76 77 109 108
          77 78 110 109
          78 79 111 110
          79 80 112 111
          80 81 113 112
          81 82 114 113
          82 83 115 114
          83 84 116 115
          84 85 117 116
          85 86 118 117
          86 87 119 118
          87 88 120 119
          88 89 121 120
          89 90 122 121
          90 91 123 122
          91 92 124 123
          92 93 125 124
          93 94 126 125
          94 95 127 126
          95 64 96 127
          96 97 129 128
          97 98 130 129
          98 99 131 130
          99 100 132 131
          100 101 133 132
          101 102 134 133
          102 103 135 134
          103 104 136 135
          104 105 137 136
          105 106 138 137
          106 107 139 138
          107 108 140 139
          108 109 141 140
          109 110 142 141
          110 111 143 142
          111 112 144 143
          112 113 145 144
          113 114 146 145
          114 115 147 146
          115 116 148 147
          116 117 149 148
          117 118 150 149
          118 119 151 150
          119 120 152 151
          120 121 153 152
          121 122 154 153
          122 123 155 154
          123 124 156 155
          124 125 157 156
          125 126 158 157
          126 127 159 158
          127 96 128 159
          128 129 161 160
          129 130 162 161
          130 131 163 162
          131 132 164 163
          132 133 165 164
          133 134 166 165
          134 135 167 166
          135 136 168 167
          136 137 169 168
          137 138 170 169
          138 139 171 170
          139 140 172 171
          140 141 173 172
          141 142 174 173
          142 143 175 174
          143 144 176 175
          144 145 177 176
          145 146 178 177
          146 147 179 178
          147 148 180 179
          148 149 181 180
          149 150 182 181
          150 151 183 182
          151 152 184 183
          152 153 185 184
          153 154 186 185
          154 155 187 186
          155 156 188 187
          156 157 189 188
          157 158 190 189
          158 159 191 190
          159 128 160 191
          160 161 193 192
          161 162 194 193
          162 163 195 194
          163 164 196 195
          164 165 197 196
          165 166 198 197
          166 167 199 198
          167 168 200 199
          168 169 201 200
          169 170 202 201
          170 171 203 202
          171 172 204 203
          172 173 205 204
          173 174 206 205
          174 175 207 206
          175 176 208 207
          176 177 209 208
          177 178 210 209
          178 179 211 210
          179 180 212 211
          180 181 213 212
          181 182 214 213
          182 183 215 214
          183 184 216 215
          184 185 217 216
          185 186 218 217
          186 187 219 218
          187 188 220 219
          188 189 221 220
          189 190 222 221
          190 191 223 222
          191 160 192 223
          192 193 225 224
          193 194 226 225
          194 195 227 226
          195 196 228 227
          196 197 229 228
          197 198 230 229
          198 199 231 230
          199 200 232 231
          200 201 233 232
          201 202 234 233
          202 203 235 234
          203 204 236 235
          204 205 237 236
          205 206 238 237
          206 207 239 238
          207 208 240 239
          208 209 241 240
          209 210 242 241
          210 211 243 242
          211 212 244 243
          212 213 245 244
          213 214 246 245
          214 215 247 246
          215 216 248 247
          216 217 249 248
          217 218 250 249
          218 219 251 250
          219 220 252 251
          220 221 253 252
          221 222 254 253
          222 223 255 254
          223 192 224 255
          224 225 257 256
          225 226 258 257
          226 227 259 258
          227 228 260 259
          228 229 261 260
          229 230 262 261
          230 231 263 262
          231 232 264 263
          232 233 265 264
          233 234 266 265
          234 235 267 266
          235 236 268 267
          236 237 269 268
          237 238 270 269
          238 239 271 270
          239 240 272 271
          240 241 273 272
          241 242 274 273
          242 243 275 274
          243 244 276 275
          244 245 277 276
          245 246 278 277
          246 247 279 278
          247 248 280 279
          248 249 281 280
          249 250 282 281
          250 251 283 282
          251 252 284 283
          252 253 285 284
          253 254 286 285
          254 255 287 286
          255 224 256 287
          256 257 289 288
          257 258 290 289
          258 259 291 290
          259 260 292 291
          260 261 293 292
          261 262 294 293
          262 263 295 294
          263 264 296 295
          264 265 297 296
          265 266 298 297
          266 267 299 298
          267 268 300 299
          268 269 301 300
          269 270 302 301
          270 271 303 302
          271 272 304 303
          272 273 305 304
          273 274 306 305
          274 275 307 306
          275 276 308 307
          276 277 309 308
          277 278 310 309
          278 279 311 310
          279 280 312 311
          280 281 313 312
          281 282 314 313
          282 283 315 314
          283 284 316 315
          284 285 317 316
          285 286 318 317
          286 287 319 318
          287 256 288 319
          288 289 321 320
          289 290 322 321
          290 291 323 322
          291 292 324 323
          292 293 325 324
          293 294 326 325
          294 295 327 326
          295 296 328 327
          296 297 329 328
          297 298 330 329
          298 299 331 330
          299 300 332 331
          300 301 333 332
          301 302 334 333
          302 303 335 334
          303 304 336 335
          304 305 337 336
          305 306 338 337
          306 307 339 338
          307 308 340 339
          308 309 341 340
          309 310 342 341
          310 311 343 342
          311 312 344 343
          312 313 345 344
          313 314 346 345
          314 315 347 346
          315 316 348 347
          316 317 349 348
          317 318 350 349
          318 319 351 350
          319 288 320 351
          320 321 353 352
          321 322 354 353
          322 323 355 354
          323 324 356 355
          324 325 357 356
          325 326 358 357
          326 327 359 358
          327 328 360 359
          328 329 361 360
          329 330 362 361
          330 331 363 362
          331 332 364 363
          332 333 365 364
          333 334 366 365
          334 335 367 366
          335 336 368 367
          336 337 369 368
          337 338 370 369
          338 339 371 370
          339 340 372 371
          340 341 373 372
          341 342 374 373
          342 343 375 374
          343 344 376 375
          344 345 377 376
          345 346 378 377
          346 347 379 378
          347 348 380 379
          348 349 381 380
          349 350 382 381
          350 351 383 382
          351 320 352 383
          352 353 385 384
          353 354 386 385
          354 355 387 386
          355 356 388 387
          356 357 389 388
          357 358 390 389
          358 359 391 390
          359 360 392 391
          360 361 393 392
          361 362 394 393
          362 363 395 394
          363 364 396 395
          364 365 397 396
          365 366 398 397
          366 367 399 398
          367 368 400 399
          368 369 401 400
          369 370 402 401
          370 371 403 402
          371 372 404 403
          372 373 405 404
          373 374 406 405
          374 375 407 406
          375 376 408 407
          376 377 409 408
          377 378 410 409
          378 379 411 410
          379 380 412 411
          380 381 413 412
          381 382 414 413
          382 383 415 414
          383 352 384 415
          384 385 417 416
          385 386 418 417
          386 387 419 418
          387 388 420 419
          388 389 421 420
          389 390 422 421
          390 391 423 422
          391 392 424 423
          392 393 425 424
          393 394 426 425
          394 395 427 426
          395 396 428 427
          396 397 429 428
          397 398 430 429
          398 399 431 430
          399 400 432 431
          400 401 433 432
          401 402 434 433
          402 403 435 434
          403 404 436 435
          404 405 437 436
          405 406 438 437
          406 407 439 438
          407 408 440 439
          408 409 441 440
          409 410 442 441
          410 411 443 442
          411 412 444 443
          412 413 445 444
          413 414 446 445
          414 415 447 446
          415 384 416 447
          416 417 449 448
          417 418 450 449
          418 419 451 450
          419 420 452 451
          420 421 453 452
          421 422 454 453
          422 423 455 454
          423 424 456 455
          424 425 457 456
          425 426 458 457
          426 427 459 458
          427 428 460 459
          428 429 461 460
          429 430 462 461
          430 431 463 462
          431 432 464 463
          432 433 465 464
          433 434 466 465
          434 435 467 466
          435 436 468 467
          436 437 469 468
          437 438 470 469
          438 439 471 470
          439 440 472 471
          440 441 473 472
          441 442 474 473
          442 443 475 474
          443 444 476 475
          444 445 477 476
          445 446 478 477
          446 447 479 478
          447 416 448 479
          448 449 481 480
          449 450 482 481
          450 451 483 482
          451 452 484 483
          452 453 485 484
          453 454 486 485
          454 455 487 486
          455 456 488 487
          456 457 489 488
          457 458 490 489
          458 459 491 490
          459 460 492 491
          460 461 493 492
          461 462 494 493
          462 463 495 494
          463 464 496 495
          464 465 497 496
          465 466 498 497
          466 467 499 498
          467 468 500 499
          468 469 501 500
          469 470 502 501
          470 471 503 502
          471 472 504 503
          472 473 505 504
          473 474 506 505
          474 475 507 506
          475 476 508 507
          476 477 509 508
          477 478 510 509
          478 479 511 510
          479 448 480 511
          480 481 513 512
          481 482 514 513
          482 483 515 514
          483 484 516 515
          484 485 517 516
          485 486 518 517
          486 487 519 518
          487 488 520 519
          488 489 521 520
          489 490 522 521
          490 491 523 522
          491 492 524 523
          492 493 525 524
          493 494 526 525
          494 495 527 526
          495 496 528 527
          496 497 529 528
          497 498 530 529
          498 499 531 530
          499 500 532 531
          500 501 533 532
          501 502 534 533
          502 503 535 534
          503 504 536 535
          504 505 537 536
          505 506 538 537
          506 507 539 538
          507 508 540 539
          508 509 541 540
          509 510 542 541
          510 511 543 542
          511 480 512 543
          512 513 545 544
          513 514 546 545
          514 515 547 546
          515 516 548 547
          516 517 549 548
          517 518 550 549
          518 519 551 550
          519 520 552 551
          520 521 553 552
          521 522 554 553
          522 523 555 554
          523 524 556 555
          524 525 557 556
          525 526 558 557
          526 527 559 558
          527 528 560 559
          528 529 561 560
          529 530 562 561
          530 531 563 562
          531 532 564 563
          532 533 565 564
          533 534 566 565
          534 535 567 566
          535 536 568 567
          536 537 569 568
          537 538 570 569
          538 539 571 570
          539 540 572 571
          540 541 573 572
          541 542 574 573
          542 543 575 574
          543 512 544 575
          544 545 577 576
          545 546 578 577
          546 547 579 578
          547 548 580 579
          548 549 581 580
          549 550 582 581
          550 551 583 582
          551 552 584 583
          552 553 585 584
          553 554 586 585
          554 555 587 586
          555 556 588 587
          556 557 589 588
          557 558 590 589
          558 559 591 590
          559 560 592 591
          560 561 593 592
          561 562 594 593
          562 563 595 594
          563 564 596 595
          564 565 597 596
          565 566 598 597
          566 567 599 598
          567 568 600 599
          568 569 601 600
          569 570 602 601
          570 571 603 602
          571 572 604 603
          572 573 605 604
          573 574 606 605
          574 575 607 606
          575 544 576 607
          576 577 609 608
          577 578 610 609
          578 579 611 610
          579 580 612 611
          580 581 613 612
          581 582 614 613
          582 583 615 614
          583 584 616 615
          584 585 617 616
          585 586 618 617
          586 587 619 618
          587 588 620 619
          588 589 621 620
          589 590 622 621
          590 591 623 622
          591 592 624 623
          592 593 625 624
          593 594 626 625
          594 595 627 626
          595 596 628 627
          596 597 629 628
          597 598 630 629
          598 599 631 630
          599 600 632 631
          600 601 633 632
          601 602 634 633
          602 603 635 634
          603 604 636 635
          604 605 637 636
          605 606 638 637
          606 607 639 638
          607 576 608 639
          608 609 641 640
          609 610 642 641
          610 611 643 642
          611 612 644 643
          612 613 645 644
          613 614 646 645
          614 615 647 646
          615 616 648 647
          616 617 649 648
          617 618 650 649
          618 619 651 650
          619 620 652 651
          620 621 653 652
          621 622 654 653
          622 623 655 654
          623 624 656 655
          624 625 657 656
          625 626 658 657
          626 627 659 658
          627 628 660 659
          628 629 661 660
          629 630 662 661
          630 631 663 662
          631 632 664 663
          632 633 665 664
          633 634 666 665
          634 635 667 666
          635 636 668 667
          636 637 669 668
          637 638 670 669
          638 639 671 670
          639 608 640 671
          640 641 673 672
          641 642 674 673
          642 643 675 674
          643 644 676 675
          644 645 677 676
          645 646 678 677
          646 647 679 678
          647 648 680 679
          648 649 681 680
          649 650 682 681
          650 651 683 682
          651 652 684 683
          652 653 685 684
          653 654 686 685
          654 655 687 686
          655 656 688 687
          656 657 689 688
          657 658 690 689
          658 659 691 690
          659 660 692 691
          660 661 693 692
          661 662 694 693
          662 663 695 694
          663 664 696 695
          664 665 697 696
          665 666 698 697
          666 667 699 698
          667 668 700 699
          668 669 701 700
          669 670 702 701
          670 671 703 702
          671 640 672 703
          672 673 705 704
          673 674 706 705
          674 675 707 706
          675 676 708 707
          676 677 709 708
          677 678 710 709
          678 679 711 710
          679 680 712 711
          680 681 713 712
          681 682 714 713
          682 683 715 714
          683 684 716 715
          684 685 717 716
          685 686 718 717
          686 687 719 718
          687 688 720 719
          688 689 721 720
          689 690 722 721
          690 691 723 722
          691 692 724 723
          692 693 725 724
          693 694 726 725
          694 695 727 726
          695 696 728 727
          696 697 729 728
          697 698 730 729
          698 699 731 730
          699 700 732 731
          700 701 733 732
          701 702 734 733
          702 703 735 734
          703 672 704 735
          704 705 737 736
          705 706 738 737
          706 707 739 738
          707 708 740 739
          708 709 741 740
          709 710 742 741
          710 711 743 742
          711 712 744 743
          712 713 745 744
          713 714 746 745
          714 715 747 746
          715 716 748 747
          716 717 749 748
          717 718 750 749
          718 719 751 750
          719 720 752 751
          720 721 753 752
          721 722 754 753
          722 723 755 754
          723 724 756 755
          724 725 757 756
          725 726 758 757
          726 727 759 758
          727 728 760 759
          728 729 761 760
          729 730 762 761
          730 731 763 762
          731 732 764 763
          732 733 765 764
          733 734 766 765
          734 735 767 766
          735 704 736 767
          736 737 769 768
          737 738 770 769
          738 739 771 770
          739 740 772 771
          740 741 773 772
          741 742 774 773
          742 743 775 774
          743 744 776 775
          744 745 777 776
          745 746 778 777
          746 747 779 778
          747 748 780 779
          748 749 781 780
          749 750 782 781
          750 751 783 782
          751 752 784 783
          752 753 785 784
          753 754 786 785
          754 755 787 786
          755 756 788 787
          756 757 789 788
          757 758 790 789
          758 759 791 790
          759 760 792 791
          760 761 793 792
          761 762 794 793
          762 763 795 794
          763 764 796 795
          764 765 797 796
          765 766 798 797
          766 767 799 798
          767 736 768 799
          768 769 801 800
          769 770 802 801
          770 771 803 802
          771 772 804 803
          772 773 805 804
          773 774 806 805
          774 775 807 806
          775 776 808 807
          776 777 809 808
          777 778 810 809
          778 779 811 810
          779 780 812 811
          780 781 813 812
          781 782 814 813
          782 783 815 814
          783 784 816 815
          784 785 817 816
          785 786 818 817
          786 787 819 818
          787 788 820 819
          788 789 821 820
          789 790 822 821
          790 791 823 822
          791 792 824 823
          792 793 825 824
          793 794 826 825
          794 795 827 826
          795 796 828 827
          796 797 829 828
          797 798 830 829
          798 799 831 830
          799 768 800 831
          800 801 833 832
          801 802 834 833
          802 803 835 834
          803 804 836 835
          804 805 837 836
          805 806 838 837
          806 807 839 838
          807 808 840 839
          808 809 841 840
          809 810 842 841
          810 811 843 842
          811 812 844 843
          812 813 845 844
          813 814 846 845
          814 815 847 846
          815 816 848 847
          816 817 849 848
          817 818 850 849
          818 819 851 850
          819 820 852 851
          820 821 853 852
          821 822 854 853
          822 823 855 854
          823 824 856 855
          824 825 857 856
          825 826 858 857
          826 827 859 858
          827 828 860 859
          828 829 861 860
          829 830 862 861
          830 831 863 862
          831 800 832 863
          832 833 865 864
          833 834 866 865
          834 835 867 866
          835 836 868 867
          836 837 869 868
          837 838 870 869
          838 839 871 870
          839 840 872 871
          840 841 873 872
          841 842 874 873
          842 843 875 874
          843 844 876 875
          844 845 877 876
          845 846 878 877
          846 847 879 878
          847 848 880 879
          848 849 881 880
          849 850 882 881
          850 851 883 882
          851 852 884 883
          852 853 885 884
          853 854 886 885
          854 855 887 886
          855 856 888 887
          856 857 889 888
          857 858 890 889
          858 859 891 890
          859 860 892 891
          860 861 893 892
          861 862 894 893
          862 863 895 894
          863 832 864 895
          864 865 897 896
          865 866 898 897
          866 867 899 898
          867 868 900 899
          868 869 901 900
          869 870 902 901
          870 871 903 902
          871 872 904 903
          872 873 905 904
          873 874 906 905
          874 875 907 906
          875 876 908 907
          876 877 909 908
          877 878 910 909
          878 879 911 910
          879 880 912 911
          880 881 913 912
          881 882 914 913
          882 883 915 914
          883 884 916 915
          884 885 917 916
          885 886 918 917
          886 887 919 918
          887 888 920 919
          888 889 921 920
          889 890 922 921
          890 891 923 922
          891 892 924 923
          892 893 925 924
          893 894 926 925
          894 895 927 926
          895 864 896 927
          896 897 929 928
          897 898 930 929
          898 899 931 930
          899 900 932 931
          900 901 933 932
          901 902 934 933
          902 903 935 934
          903 904 936 935
          904 905 937 936
          905 906 938 937
          906 907 939 938
          907 908 940 939
          908 909 941 940
          909 910 942 941
          910 911 943 942
          911 912 944 943
          912 913 945 944
          913 914 946 945
          914 915 947 946
          915 916 948 947
          916 917 949 948
          917 918 950 949
          918 919 951 950
          919 920 952 951
          920 921 953 952
          921 922 954 953
          922 923 955 954
          923 924 956 955
          924 925 957 956
          925 926 958 957
          926 927 959 958
          927 896 928 959
          928 929 961 960
          929 930 962 961
          930 931 963 962
          931 932 964 963
          932 933 965 964
          933 934 966 965
          934 935 967 966
          935 936 968 967
          936 937 969 968
          937 938 970 969
          938 939 971 970
          939 940 972 971
          940 941 973 972
          941 942 974 973
          942 943 975 974
          943 944 976 975
          944 945 977 976
          945 946 978 977
          946 947 979 978
          947 948 980 979
          948 949 981 980
          949 950 982 981
          950 951 983 982
          951 952 984 983
          952 953 985 984
          953 954 986 985
          954 955 987 986
          955 956 988 987
          956 957 989 988
          957 958 990 989
          958 959 991 990
          959 928 960 991
          960 961 993 992
          961 962 994 993
          962 963 995 994
          963 964 996 995
          964 965 997 996
          965 966 998 997
          966 967 999 998
          967 968 1000 999
          968 969 1001 1000
          969 970 1002 1001
          970 971 1003 1002
          971 972 1004 1003
          972 973 1005 1004
          973 974 1006 1005
          974 975 1007 1006
          975 976 1008 1007
          976 977 1009 1008
          977 978 1010 1009
          978 979 1011 1010
          979 980 1012 1011
          980 981 1013 1012
          981 982 1014 1013
          982 983 1015 1014
          983 984 1016 1015
          984 985 1017 1016
          985 986 1018 1017
          986 987 1019 1018
          987 988 1020 1019
          988 989 1021 1020
          989 990 1022 1021
          990 991 1023 1022
          991 960 992 1023
          992 993 1025 1024
          993 994 1026 1025
          994 995 1027 1026
          995 996 1028 1027
          996 997 1029 1028
          997 998 1030 1029
          998 999 1031 1030
          999 1000 1032 1031
          1000 1001 1033 1032
          1001 1002 1034 1033
          1002 1003 1035 1034
          1003 1004 1036 1035
          1004 1005 1037 1036
          1005 1006 1038 1037
          1006 1007 1039 1038
          1007 1008 1040 1039
          1008 1009 1041 1040
          1009 1010 1042 1041
          1010 1011 1043 1042
          1011 1012 1044 1043
          1012 1013 1045 1044
          1013 1014 1046 1045
          1014 1015 1047 1046
          1015 1016 1048 1047
          1016 1017 1049 1048
          1017 1018 1050 1049
          1018 1019 1051 1050
          1019 1020 1052 1051
          1020 1021 1053 1052
          1021 1022 1054 1053
          1022 1023 1055 1054
          1023 992 1024 1055
          1024 1025 1057 1056
          1025 1026 1058 1057
          1026 1027 1059 1058
          1027 1028 1060 1059
          1028 1029 1061 1060
          1029 1030 1062 1061
          1030 1031 1063 1062
          1031 1032 1064 1063
          1032 1033 1065 1064
          1033 1034 1066 1065
          1034 1035 1067 1066
          1035 1036 1068 1067
          1036 1037 1069 1068
          1037 1038 1070 1069
          1038 1039 1071 1070
          1039 1040 1072 1071
          1040 1041 1073 1072
          1041 1042 1074 1073
          1042 1043 1075 1074
          1043 1044 1076 1075
          1044 1045 1077 1076
          1045 1046 1078 1077
          1046 1047 1079 1078
          1047 1048 1080 1079
          1048 1049 1081 1080
          1049 1050 1082 1081
          1050 1051 1083 1082
          1051 1052 1084 1083
          1052 1053 1085 1084
          1053 1054 1086 1085
          1054 1055 1087 1086
          1055 1024 1056 1087
          1056 1057 1089 1088
          1057 1058 1090 1089
          1058 1059 1091 1090
          1059 1060 1092 1091
          1060 1061 1093 1092
          1061 1062 1094 1093
          1062 1063 1095 1094
          1063 1064 1096 1095
          1064 1065 1097 1096
          1065 1066 1098 1097
          1066 1067 1099 1098
          1067 1068 1100 1099
          1068 1069 1101 1100
          1069 1070 1102 1101
          1070 1071 1103 1102
          1071 1072 1104 1103
          1072 1073 1105 1104
          1073 1074 1106 1105
          1074 1075 1107 1106
          1075 1076 1108 1107
          1076 1077 1109 1108
          1077 1078 1110 1109
          1078 1079 1111 1110
          1079 1080 1112 1111
          1080 1081 1113 1112
          1081 1082 1114 1113
          1082 1083 1115 1114
          1083 1084 1116 1115
          1084 1085 1117 1116
          1085 1086 1118 1117
          1086 1087 1119 1118
          1087 1056 1088 1119
          1088 1089 1121 1120
          1089 1090 1122 1121
          1090 1091 1123 1122
          1091 1092 1124 1123
          1092 1093 1125 1124
          1093 1094 1126 1125
          1094 1095 1127 1126
          1095 1096 1128 1127
          1096 1097 1129 1128
          1097 1098 1130 1129
          1098 1099 1131 1130
          1099 1100 1132 1131
          1100 1101 1133 1132
          1101 1102 1134 1133
          1102 1103 1135 1134
          1103 1104 1136 1135
          1104 1105 1137 1136
          1105 1106 1138 1137
          1106 1107 1139 1138
          1107 1108 1140 1139
          1108 1109 1141 1140
          1109 1110 1142 1141
          1110 1111 1143 1142
          1111 1112 1144 1143
          1112 1113 1145 1144
          1113 1114 1146 1145
          1114 1115 1147 1146
          1115 1116 1148 1147
          1116 1117 1149 1148
          1117 1118 1150 1149
          1118 1119 1151 1150
          1119 1088 1120 1151
          1120 1121 1153 1152
          1121 1122 1154 1153
          1122 1123 1155 1154
          1123 1124 1156 1155
          1124 1125 1157 1156
          1125 1126 1158 1157
          1126 1127 1159 1158
          1127 1128 1160 1159
          1128 1129 1161 1160
          1129 1130 1162 1161
          1130 1131 1163 1162
          1131 1132 1164 1163
          1132 1133 1165 1164
          1133 1134 1166 1165
          1134 1135 1167 1166
          1135 1136 1168 1167
          1136 1137 1169 1168
          1137 1138 1170 1169
          1138 1139 1171 1170
          1139 1140 1172 1171
          1140 1141 1173 1172
          1141 1142 1174 1173
          1142 1143 1175 1174
          1143 1144 1176 1175
          1144 1145 1177 1176
          1145 1146 1178 1177
          1146 1147 1179 1178
          1147 1148 1180 1179
          1148 1149 1181 1180
          1149 1150 1182 1181
          1150 1151 1183 1182
          1151 1120 1152 1183
          1152 1153 1185 1184
          1153 1154 1186 1185
          1154 1155 1187 1186
          1155 1156 1188 1187
          1156 1157 1189 1188
          1157 1158 1190 1189
          1158 1159 1191 1190
          1159 1160 1192 1191
          1160 1161 1193 1192
          1161 1162 1194 1193
          1162 1163 1195 1194
          1163 1164 1196 1195
          1164 1165 1197 1196
          1165 1166 1198 1197
          1166 1167 1199 1198
          1167 1168 1200 1199
          1168 1169 1201 1200
          1169 1170 1202 1201
          1170 1171 1203 1202
          1171 1172 1204 1203
          1172 1173 1205 1204
          1173 1174 1206 1205
          1174 1175 1207 1206
          1175 1176 1208 1207
          1176 1177 1209 1208
          1177 1178 1210 1209
          1178 1179 1211 1210
          1179 1180 1212 1211
          1180 1181 1213 1212
          1181 1182 1214 1213
          1182 1183 1215 1214
          1183 1152 1184 1215
          1184 1185 1217 1216
          1185 1186 1218 1217
          1186 1187 1219 1218
          1187 1188 1220 1219
          1188 1189 1221 1220
          1189 1190 1222 1221
          1190 1191 1223 1222
          1191 1192 1224 1223
          1192 1193 1225 1224
          1193 1194 1226 1225
          1194 1195 1227 1226
          1195 1196 1228 1227
          1196 1197 1229 1228
          1197 1198 1230 1229
          1198 1199 1231 1230
          1199 1200 1232 1231
          1200 1201 1233 1232
          1201 1202 1234 1233
          1202 1203 1235 1234
          1203 1204 1236 1235
          1204 1205 1237 1236
          1205 1206 1238 1237
          1206 1207 1239 1238
          1207 1208 1240 1239
          1208 1209 1241 1240
          1209 1210 1242 1241
          1210 1211 1243 1242
          1211 1212 1244 1243
          1212 1213 1245 1244
          1213 1214 1246 1245
          1214 1215 1247 1246
          1215 1184 1216 1247
          1216 1217 1249 1248
          1217 1218 1250 1249
          1218 1219 1251 1250
          1219 1220 1252 1251
          1220 1221 1253 1252
          1221 1222 1254 1253
          1222 1223 1255 1254
          1223 1224 1256 1255
          1224 1225 1257 1256
          1225 1226 1258 1257
          1226 1227 1259 1258
          1227 1228 1260 1259
          1228 1229 1261 1260
          1229 1230 1262 1261
          1230 1231 1263 1262
          1231 1232 1264 1263
          1232 1233 1265 1264
          1233 1234 1266 1265
          1234 1235 1267 1266
          1235 1236 1268 1267
          1236 1237 1269 1268
          1237 1238 1270 1269
          1238 1239 1271 1270
          1239 1240 1272 1271
          1240 1241 1273 1272
          1241 1242 1274 1273
          1242 1243 1275 1274
          1243 1244 1276 1275
          1244 1245 1277 1276
          1245 1246 1278 1277
          1246 1247 1279 1278
          1247 1216 1248 1279
          1248 1249 1281 1280
          1249 1250 1282 1281
          1250 1251 1283 1282
          1251 1252 1284 1283
          1252 1253 1285 1284
          1253 1254 1286 1285
          1254 1255 1287 1286
          1255 1256 1288 1287
          1256 1257 1289 1288
          1257 1258 1290 1289
          1258 1259 1291 1290
          1259 1260 1292 1291
          1260 1261 1293 1292
          1261 1262 1294 1293
          1262 1263 1295 1294
          1263 1264 1296 1295
          1264 1265 1297 1296
          1265 1266 1298 1297
          1266 1267 1299 1298
          1267 1268 1300 1299
          1268 1269 1301 1300
          1269 1270 1302 1301
          1270 1271 1303 1302
          1271 1272 1304 1303
          1272 1273 1305 1304
          1273 1274 1306 1305
          1274 1275 1307 1306
          1275 1276 1308 1307
          1276 1277 1309 1308
          1277 1278 1310 1309
          1278 1279 1311 1310
          1279 1248 1280 1311
          1280 1281 1313 1312
          1281 1282 1314 1313
          1282 1283 1315 1314
          1283 1284 1316 1315
          1284 1285 1317 1316
          1285 1286 1318 1317
          1286 1287 1319 1318
          1287 1288 1320 1319
          1288 1289 1321 1320
          1289 1290 1322 1321
          1290 1291 1323 1322
          1291 1292 1324 1323
          1292 1293 1325 1324
          1293 1294 1326 1325
          1294 1295 1327 1326
          1295 1296 1328 1327
          1296 1297 1329 1328
          1297 1298 1330 1329
          1298 1299 1331 1330
          1299 1300 1332 1331
          1300 1301 1333 1332
          1301 1302 1334 1333
          1302 1303 1335 1334
          1303 1304 1336 1335
          1304 1305 1337 1336
          1305 1306 1338 1337
          1306 1307 1339 1338
          1307 1308 1340 1339
          1308 1309 1341 1340
          1309 1310 1342 1341
          1310 1311 1343 1342
          1311 1280 1312 1343
          1312 1313 1345 1344
          1313 1314 1346 1345
          1314 1315 1347 1346
          1315 1316 1348 1347
          1316 1317 1349 1348
          1317 1318 1350 1349
          1318 1319 1351 1350
          1319 1320 1352 1351
          1320 1321 1353 1352
          1321 1322 1354 1353
          1322 1323 1355 1354
          1323 1324 1356 1355
          1324 1325 1357 1356
          1325 1326 1358 1357
          1326 1327 1359 1358
          1327 1328 1360 1359
          1328 1329 1361 1360
          1329 1330 1362 1361
          1330 1331 1363 1362
          1331 1332 1364 1363
          1332 1333 1365 1364
          1333 1334 1366 1365
          1334 1335 1367 1366
          1335 1336 1368 1367
          1336 1337 1369 1368
          1337 1338 1370 1369
          1338 1339 1371 1370
          1339 1340 1372 1371
          1340 1341 1373 1372
          1341 1342 1374 1373
          1342 1343 1375 1374
          1343 1312 1344 1375
          1344 1345 1377 1376
          1345 1346 1378 1377
          1346 1347 1379 1378
          1347 1348 1380 1379
          1348 1349 1381 1380
          1349 1350 1382 1381
          1350 1351 1383 1382
          1351 1352 1384 1383
          1352 1353 1385 1384
          1353 1354 1386 1385
          1354 1355 1387 1386
          1355 1356 1388 1387
          1356 1357 1389 1388
          1357 1358 1390 1389
          1358 1359 1391 1390
          1359 1360 1392 1391
          1360 1361 1393 1392
          1361 1362 1394 1393
          1362 1363 1395 1394
          1363 1364 1396 1395
          1364 1365 1397 1396
          1365 1366 1398 1397
          1366 1367 1399 1398
          1367 1368 1400 1399
          1368 1369 1401 1400
          1369 1370 1402 1401
          1370 1371 1403 1402
          1371 1372 1404 1403
          1372 1373 1405 1404
          1373 1374 1406 1405
          1374 1375 1407 1406
          1375 1344 1376 1407
          1376 1377 1409 1408
          1377 1378 1410 1409
          1378 1379 1411 1410
          1379 1380 1412 1411
          1380 1381 1413 1412
          1381 1382 1414 1413
          1382 1383 1415 1414
          1383 1384 1416 1415
          1384 1385 1417 1416
          1385 1386 1418 1417
          1386 1387 1419 1418
          1387 1388 1420 1419
          1388 1389 1421 1420
          1389 1390 1422 1421
          1390 1391 1423 1422
          1391 1392 1424 1423
          1392 1393 1425 1424
          1393 1394 1426 1425
          1394 1395 1427 1426
          1395 1396 1428 1427
          1396 1397 1429 1428
          1397 1398 1430 1429
          1398 1399 1431 1430
          1399 1400 1432 1431
          1400 1401 1433 1432
          1401 1402 1434 1433
          1402 1403 1435 1434
          1403 1404 1436 1435
          1404 1405 1437 1436
          1405 1406 1438 1437
          1406 1407 1439 1438
          1407 1376 1408 1439
          1408 1409 1441 1440
          1409 1410 1442 1441
          1410 1411 1443 1442
          1411 1412 1444 1443
          1412 1413 1445 1444
          1413 1414 1446 1445
          1414 1415 1447 1446
          1415 1416 1448 1447
          1416 1417 1449 1448
          1417 1418 1450 1449
          1418 1419 1451 1450
          1419 1420 1452 1451
          1420 1421 1453 1452
          1421 1422 1454 1453
          1422 1423 1455 1454
          1423 1424 1456 1455
          1424 1425 1457 1456
          1425 1426 1458 1457
          1426 1427 1459 1458
          1427 1428 1460 1459
          1428 1429 1461 1460
          1429 1430 1462 1461
          1430 1431 1463 1462
          1431 1432 1464 1463
          1432 1433 1465 1464
          1433 1434 1466 1465
          1434 1435 1467 1466
          1435 1436 1468 1467
          1436 1437 1469 1468
          1437 1438 1470 1469
          1438 1439 1471 1470
          1439 1408 1440 1471
          1440 1441 1473 1472
          1441 1442 1474 1473
          1442 1443 1475 1474
          1443 1444 1476 1475
          1444 1445 1477 1476
          1445 1446 1478 1477
          1446 1447 1479 1478
          1447 1448 1480 1479
          1448 1449 1481 1480
          1449 1450 1482 1481
          1450 1451 1483 1482
          1451 1452 1484 1483
          1452 1453 1485 1484
          1453 1454 1486 1485
          1454 1455 1487 1486
          1455 1456 1488 1487
          1456 1457 1489 1488
          1457 1458 1490 1489
          1458 1459 1491 1490
          1459 1460 1492 1491
          1460 1461 1493 1492
          1461 1462 1494 1493
          1462 1463 1495 1494
          1463 1464 1496 1495
          1464 1465 1497 1496
          1465 1466 1498 1497
          1466 1467 1499 1498
          1467 1468 1500 1499
          1468 1469 1501 1500
          1469 1470 1502 1501
          1470 1471 1503 1502
          1471 1440 1472 1503
          1472 1473 1505 1504
          1473 1474 1506 1505
          1474 1475 1507 1506
          1475 1476 1508 1507
          1476 1477 1509 1508
          1477 1478 1510 1509
          1478 1479 1511 1510
          1479 1480 1512 1511
          1480 1481 1513 1512
          1481 1482 1514 1513
          1482 1483 1515 1514
          1483 1484 1516 1515
          1484 1485 1517 1516
          1485 1486 1518 1517
          1486 1487 1519 1518
          1487 1488 1520 1519
          1488 1489 1521 1520
          1489 1490 1522 1521
          1490 1491 1523 1522
          1491 1492 1524 1523
          1492 1493 1525 1524
          1493 1494 1526 1525
          1494 1495 1527 1526
          1495 1496 1528 1527
          1496 1497 1529 1528
          1497 1498 1530 1529
          1498 1499 1531 1530
          1499 1500 1532 1531
          1500 1501 1533 1532
          1501 1502 1534 1533
          1502 1503 1535 1534
          1503 1472 1504 1535
          1504 1505 1537 1536
          1505 1506 1538 1537
          1506 1507 1539 1538
          1507 1508 1540 1539
          1508 1509 1541 1540
          1509 1510 1542 1541
          1510 1511 1543 1542
          1511 1512 1544 1543
          1512 1513 1545 1544
          1513 1514 1546 1545
          1514 1515 1547 1546
          1515 1516 1548 1547
          1516 1517 1549 1548
          1517 1518 1550 1549
          1518 1519 1551 1550
          1519 1520 1552 1551
          1520 1521 1553 1552
          1521 1522 1554 1553
          1522 1523 1555 1554
          1523 1524 1556 1555
          1524 1525 1557 1556
          1525 1526 1558 1557
          1526 1527 1559 1558
          1527 1528 1560 1559
          1528 1529 1561 1560
          1529 1530 1562 1561
          1530 1531 1563 1562
          1531 1532 1564 1563
          1532 1533 1565 1564
          1533 1534 1566 1565
          1534 1535 1567 1566
          1535 1504 1536 1567
          1536 1537 1569 1568
          1537 1538 1570 1569
          1538 1539 1571 1570
          1539 1540 1572 1571
          1540 1541 1573 1572
          1541 1542 1574 1573
          1542 1543 1575 1574
          1543 1544 1576 1575
          1544 1545 1577 1576
          1545 1546 1578 1577
          1546 1547 1579 1578
          1547 1548 1580 1579
          1548 1549 1581 1580
          1549 1550 1582 1581
          1550 1551 1583 1582
          1551 1552 1584 1583
          1552 1553 1585 1584
          1553 1554 1586 1585
          1554 1555 1587 1586
          1555 1556 1588 1587
          1556 1557 1589 1588
          1557 1558 1590 1589
          1558 1559 1591 1590
          1559 1560 1592 1591
          1560 1561 1593 1592
          1561 1562 1594 1593
          1562 1563 1595 1594
          1563 1564 1596 1595
          1564 1565 1597 1596
          1565 1566 1598 1597
          1566 1567 1599 1598
          1567 1536 1568 1599
          1568 1569 1601 1600
          1569 1570 1602 1601
          1570 1571 1603 1602
          1571 1572 1604 1603
          1572 1573 1605 1604
          1573 1574 1606 1605
          1574 1575 1607 1606
          1575 1576 1608 1607
          1576 1577 1609 1608
          1577 1578 1610 1609
          1578 1579 1611 1610
          1579 1580 1612 1611
          1580 1581 1613 1612
          1581 1582 1614 1613
          1582 1583 1615 1614
          1583 1584 1616 1615
          1584 1585 1617 1616
          1585 1586 1618 1617
          1586 1587 1619 1618
          1587 1588 1620 1619
          1588 1589 1621 1620
          1589 1590 1622 1621
          1590 1591 1623 1622
          1591 1592 1624 1623
          1592 1593 1625 1624
          1593 1594 1626 1625
          1594 1595 1627 1626
          1595 1596 1628 1627
          1596 1597 1629 1628
          1597 1598 1630 1629
          1598 1599 1631 1630
          1599 1568 1600 1631
          1600 1601 1633 1632
          1601 1602 1634 1633
          1602 1603 1635 1634
          1603 1604 1636 1635
          1604 1605 1637 1636
          1605 1606 1638 1637
          1606 1607 1639 1638
          1607 1608 1640 1639
          1608 1609 1641 1640
          1609 1610 1642 1641
          1610 1611 1643 1642
          1611 1612 1644 1643
          1612 1613 1645 1644
          1613 1614 1646 1645
          1614 1615 1647 1646
          1615 1616 1648 1647
          1616 1617 1649 1648
          1617 1618 1650 1649
          1618 1619 1651 1650
          1619 1620 1652 1651
          1620 1621 1653 1652
          1621 1622 1654 1653
          1622 1623 1655 1654
          1623 1624 1656 1655
          1624 1625 1657 1656
          1625 1626 1658 1657
          1626 1627 1659 1658
          1627 1628 1660 1659
          1628 1629 1661 1660
          1629 1630 1662 1661
          1630 1631 1663 1662
          1631 1600 1632 1663
          1632 1633 1665 1664
          1633 1634 1666 1665
          1634 1635 1667 1666
          1635 1636 1668 1667
          1636 1637 1669 1668
          1637 1638 1670 1669
          1638 1639 1671 1670
          1639 1640 1672 1671
          1640 1641 1673 1672
          1641 1642 1674 1673
          1642 1643 1675 1674
          1643 1644 1676 1675
          1644 1645 1677 1676
          1645 1646 1678 1677
          1646 1647 1679 1678
          1647 1648 1680 1679
          1648 1649 1681 1680
          1649 1650 1682 1681
          1650 1651 1683 1682
          1651 1652 1684 1683
          1652 1653 1685 1684
          1653 1654 1686 1685
          1654 1655 1687 1686
          1655 1656 1688 1687
          1656 1657 1689 1688
          1657 1658 1690 1689
          1658 1659 1691 1690
          1659 1660 1692 1691
          1660 1661 1693 1692
          1661 1662 1694 1693
          1662 1663 1695 1694
          1663 1632 1664 1695
          1664 1665 1697 1696
          1665 1666 1698 1697
          1666 1667 1699 1698
          1667 1668 1700 1699
          1668 1669 1701 1700
          1669 1670 1702 1701
          1670 1671 1703 1702
          1671 1672 1704 1703
          1672 1673 1705 1704
          1673 1674 1706 1705
          1674 1675 1707 1706
          1675 1676 1708 1707
          1676 1677 1709 1708
          1677 1678 1710 1709
          1678 1679 1711 1710
          1679 1680 1712 1711
          1680 1681 1713 1712
          1681 1682 1714 1713
          1682 1683 1715 1714
          1683 1684 1716 1715
          1684 1685 1717 1716
          1685 1686 1718 1717
          1686 1687 1719 1718
          1687 1688 1720 1719
          1688 1689 1721 1720
          1689 1690 1722 1721
          1690 1691 1723 1722
          1691 1692 1724 1723
          1692 1693 1725 1724
          1693 1694 1726 1725
          1694 1695 1727 1726
          1695 1664 1696 1727
          1696 1697 1729 1728
          1697 1698 1730 1729
          1698 1699 1731 1730
          1699 1700 1732 1731
          1700 1701 1733 1732
          1701 1702 1734 1733
          1702 1703 1735 1734
          1703 1704 1736 1735
          1704 1705 1737 1736
          1705 1706 1738 1737
          1706 1707 1739 1738
          1707 1708 1740 1739
          1708 1709 1741 1740
          1709 1710 1742 1741
          1710 1711 1743 1742
          1711 1712 1744 1743
          1712 1713 1745 1744
          1713 1714 1746 1745
          1714 1715 1747 1746
          1715 1716 1748 1747
          1716 1717 1749 1748
          1717 1718 1750 1749
          1718 1719 1751 1750
          1719 1720 1752 1751
          1720 1721 1753 1752
          1721 1722 1754 1753
          1722 1723 1755 1754
          1723 1724 1756 1755
          1724 1725 1757 1756
          1725 1726 1758 1757
          1726 1727 1759 1758
          1727 1696 1728 1759
          1728 1729 1761 1760
          1729 1730 1762 1761
          1730 1731 1763 1762
          1731 1732 1764 1763
          1732 1733 1765 1764
          1733 1734 1766 1765
          1734 1735 1767 1766
          1735 1736 1768 1767
          1736 1737 1769 1768
          1737 1738 1770 1769
          1738 1739 1771 1770
          1739 1740 1772 1771
          1740 1741 1773 1772
          1741 1742 1774 1773
          1742 1743 1775 1774
          1743 1744 1776 1775
          1744 1745 1777 1776
          1745 1746 1778 1777
          1746 1747 1779 1778
          1747 1748 1780 1779
          1748 1749 1781 1780
          1749 1750 1782 1781
          1750 1751 1783 1782
          1751 1752 1784 1783
          1752 1753 1785 1784
          1753 1754 1786 1785
          1754 1755 1787 1786
          1755 1756 1788 1787
          1756 1757 1789 1788
          1757 1758 1790 1789
          1758 1759 1791 1790
          1759 1728 1760 1791
          1760 1761 1793 1792
          1761 1762 1794 1793
          1762 1763 1795 1794
          1763 1764 1796 1795
          1764 1765 1797 1796
          1765 1766 1798 1797
          1766 1767 1799 1798
          1767 1768 1800 1799
          1768 1769 1801 1800
          1769 1770 1802 1801
          1770 1771 1803 1802
          1771 1772 1804 1803
          1772 1773 1805 1804
          1773 1774 1806 1805
          1774 1775 1807 1806
          1775 1776 1808 1807
          1776 1777 1809 1808
          1777 1778 1810 1809
          1778 1779 1811 1810
          1779 1780 1812 1811
          1780 1781 1813 1812
          1781 1782 1814 1813
          1782 1783 1815 1814
          1783 1784 1816 1815
          1784 1785 1817 1816
          1785 1786 1818 1817
          1786 1787 1819 1818
          1787 1788 1820 1819
          1788 1789 1821 1820
          1789 1790 1822 1821
          1790 1791 1823 1822
          1791 1760 1792 1823
          1792 1793 1825 1824
          1793 1794 1826 1825
          1794 1795 1827 1826
          1795 1796 1828 1827
          1796 1797 1829 1828
          1797 1798 1830 1829
          1798 1799 1831 1830
          1799 1800 1832 1831
          1800 1801 1833 1832
          1801 1802 1834 1833
          1802 1803 1835 1834
          1803 1804 1836 1835
          1804 1805 1837 1836
          1805 1806 1838 1837
          1806 1807 1839 1838
          1807 1808 1840 1839
          1808 1809 1841 1840
          1809 1810 1842 1841
          1810 1811 1843 1842
          1811 1812 1844 1843
          1812 1813 1845 1844
          1813 1814 1846 1845
          1814 1815 1847 1846
          1815 1816 1848 1847
          1816 1817 1849 1848
          1817 1818 1850 1849
          1818 1819 1851 1850
          1819 1820 1852 1851
          1820 1821 1853 1852
          1821 1822 1854 1853
          1822 1823 1855 1854
          1823 1792 1824 1855
          1824 1825 1857 1856
          1825 1826 1858 1857
          1826 1827 1859 1858
          1827 1828 1860 1859
          1828 1829 1861 1860
          1829 1830 1862 1861
          1830 1831 1863 1862
          1831 1832 1864 1863
          1832 1833 1865 1864
          1833 1834 1866 1865
          1834 1835 1867 1866
          1835 1836 1868 1867
          1836 1837 1869 1868
          1837 1838 1870 1869
          1838 1839 1871 1870
          1839 1840 1872 1871
          1840 1841 1873 1872
          1841 1842 1874 1873
          1842 1843 1875 1874
          1843 1844 1876 1875
          1844 1845 1877 1876
          1845 1846 1878 1877
          1846 1847 1879 1878
          1847 1848 1880 1879
          1848 1849 1881 1880
          1849 1850 1882 1881
          1850 1851 1883 1882
          1851 1852 1884 1883
          1852 1853 1885 1884
          1853 1854 1886 1885
          1854 1855 1887 1886
          1855 1824 1856 1887
          1856 1857 1889 1888
          1857 1858 1890 1889
          1858 1859 1891 1890
          1859 1860 1892 1891
          1860 1861 1893 1892
          1861 1862 1894 1893
          1862 1863 1895 1894
          1863 1864 1896 1895
          1864 1865 1897 1896
          1865 1866 1898 1897
          1866 1867 1899 1898
          1867 1868 1900 1899
          1868 1869 1901 1900
          1869 1870 1902 1901
          1870 1871 1903 1902
          1871 1872 1904 1903
          1872 1873 1905 1904
          1873 1874 1906 1905
          1874 1875 1907 1906
          1875 1876 1908 1907
          1876 1877 1909 1908
          1877 1878 1910 1909
          1878 1879 1911 1910
          1879 1880 1912 1911
          1880 1881 1913 1912
          1881 1882 1914 1913
          1882 1883 1915 1914
          1883 1884 1916 1915
          1884 1885 1917 1916
          1885 1886 1918 1917
          1886 1887 1919 1918
          1887 1856 1888 1919
          1888 1889 1921 1920
          1889 1890 1922 1921
          1890 1891 1923 1922
          1891 1892 1924 1923
          1892 1893 1925 1924
          1893 1894 1926 1925
          1894 1895 1927 1926
          1895 1896 1928 1927
          1896 1897 1929 1928
          1897 1898 1930 1929
          1898 1899 1931 1930
          1899 1900 1932 1931
          1900 1901 1933 1932
          1901 1902 1934 1933
          1902 1903 1935 1934
          1903 1904 1936 1935
          1904 1905 1937 1936
          1905 1906 1938 1937
          1906 1907 1939 1938
          1907 1908 1940 1939
          1908 1909 1941 1940
          1909 1910 1942 1941
          1910 1911 1943 1942
          1911 1912 1944 1943
          1912 1913 1945 1944
          1913 1914 1946 1945
          1914 1915 1947 1946
          1915 1916 1948 1947
          1916 1917 1949 1948
          1917 1918 1950 1949
          1918 1919 1951 1950
          1919 1888 1920 1951
          1920 1921 1953 1952
          1921 1922 1954 1953
          1922 1923 1955 1954
          1923 1924 1956 1955
          1924 1925 1957 1956
          1925 1926 1958 1957
          1926 1927 1959 1958
          1927 1928 1960 1959
          1928 1929 1961 1960
          1929 1930 1962 1961
          1930 1931 1963 1962
          1931 1932 1964 1963
          1932 1933 1965 1964
          1933 1934 1966 1965
          1934 1935 1967 1966
          1935 1936 1968 1967
          1936 1937 1969 1968
          1937 1938 1970 1969
          1938 1939 1971 1970
          1939 1940 1972 1971
          1940 1941 1973 1972
          1941 1942 1974 1973
          1942 1943 1975 1974
          1943 1944 1976 1975
          1944 1945 1977 1976
          1945 1946 1978 1977
          1946 1947 1979 1978
          1947 1948 1980 1979
          1948 1949 1981 1980
          1949 1950 1982 1981
          1950 1951 1983 1982
          1951 1920 1952 1983
          1952 1953 1985 1984
          1953 1954 1986 1985
          1954 1955 1987 1986
          1955 1956 1988 1987
          1956 1957 1989 1988
          1957 1958 1990 1989
          1958 1959 1991 1990
          1959 1960 1992 1991
          1960 1961 1993 1992
          1961 1962 1994 1993
          1962 1963 1995 1994
          1963 1964 1996 1995
          1964 1965 1997 1996
          1965 1966 1998 1997
          1966 1967 1999 1998
          1967 1968 2000 1999
          1968 1969 2001 2000
          1969 1970 2002 2001
          1970 1971 2003 2002
          1971 1972 2004 2003
          1972 1973 2005 2004
          1973 1974 2006 2005
          1974 1975 2007 2006
          1975 1976 2008 2007
          1976 1977 2009 2008
          1977 1978 2010 2009
          1978 1979 2011 2010
          1979 1980 2012 2011
          1980 1981 2013 2012
          1981 1982 2014 2013
          1982 1983 2015 2014
          1983 1952 1984 2015
          1984 1985 2017 2016
          1985 1986 2018 2017
          1986 1987 2019 2018
          1987 1988 2020 2019
          1988 1989 2021 2020
          1989 1990 2022 2021
          1990 1991 2023 2022
          1991 1992 2024 2023
          1992 1993 2025 2024
          1993 1994 2026 2025
          1994 1995 2027 2026
          1995 1996 2028 2027
          1996 1997 2029 2028
          1997 1998 2030 2029
          1998 1999 2031 2030
          1999 2000 2032 2031
          2000 2001 2033 2032
          2001 2002 2034 2033
          2002 2003 2035 2034
          2003 2004 2036 2035
          2004 2005 2037 2036
          2005 2006 2038 2037
          2006 2007 2039 2038
          2007 2008 2040 2039
          2008 2009 2041 2040
          2009 2010 2042 2041
          2010 2011 2043 2042
          2011 2012 2044 2043
          2012 2013 2045 2044
          2013 2014 2046 2045
          2014 2015 2047 2046
          2015 1984 2016 2047
          2016 2017 2049 2048
          2017 2018 2050 2049
          2018 2019 2051 2050
          2019 2020 2052 2051
          2020 2021 2053 2052
          2021 2022 2054 2053
          2022 2023 2055 2054
          2023 2024 2056 2055
          2024 2025 2057 2056
          2025 2026 2058 2057
          2026 2027 2059 2058
          2027 2028 2060 2059
          2028 2029 2061 2060
          2029 2030 2062 2061
          2030 2031 2063 2062
          2031 2032 2064 2063
          2032 2033 2065 2064
          2033 2034 2066 2065
          2034 2035 2067 2066
          2035 2036 2068 2067
          2036 2037 2069 2068
          2037 2038 2070 2069
          2038 2039 2071 2070
          2039 2040 2072 2071
          2040 2041 2073 2072
          2041 2042 2074 2073
          2042 2043 2075 2074
          2043 2044 2076 2075
          2044 2045 2077 2076
          2045 2046 2078 2077
          2046 2047 2079 2078
          2047 2016 2048 2079
          2048 2049 2081 2080
          2049 2050 2082 2081
          2050 2051 2083 2082
          2051 2052 2084 2083
          2052 2053 2085 2084
          2053 2054 2086 2085
          2054 2055 2087 2086
          2055 2056 2088 2087
          2056 2057 2089 2088
          2057 2058 2090 2089
          2058 2059 2091 2090
          2059 2060 2092 2091
          2060 2061 2093 2092
          2061 2062 2094 2093
          2062 2063 2095 2094
          2063 2064 2096 2095
          2064 2065 2097 2096
          2065 2066 2098 2097
          2066 2067 2099 2098
          2067 2068 2100 2099
          2068 2069 2101 2100
          2069 2070 2102 2101
          2070 2071 2103 2102
          2071 2072 2104 2103
          2072 2073 2105 2104
          2073 2074 2106 2105
          2074 2075 2107 2106
          2075 2076 2108 2107
          2076 2077 2109 2108
          2077 2078 2110 2109
          2078 2079 2111 2110
          2079 2048 2080 2111
          2080 2081 2113 2112
          2081 2082 2114 2113
          2082 2083 2115 2114
          2083 2084 2116 2115
          2084 2085 2117 2116
          2085 2086 2118 2117
          2086 2087 2119 2118
          2087 2088 2120 2119
          2088 2089 2121 2120
          2089 2090 2122 2121
          2090 2091 2123 2122
          2091 2092 2124 2123
          2092 2093 2125 2124
          2093 2094 2126 2125
          2094 2095 2127 2126
          2095 2096 2128 2127
          2096 2097 2129 2128
          2097 2098 2130 2129
          2098 2099 2131 2130
          2099 2100 2132 2131
          2100 2101 2133 2132
          2101 2102 2134 2133
          2102 2103 2135 2134
          2103 2104 2136 2135
          2104 2105 2137 2136
          2105 2106 2138 2137
          2106 2107 2139 2138
          2107 2108 2140 2139
          2108 2109 2141 2140
          2109 2110 2142 2141
          2110 2111 2143 2142
          2111 2080 2112 2143
          2112 2113 2145 2144
          2113 2114 2146 2145
          2114 2115 2147 2146
          2115 2116 2148 2147
          2116 2117 2149 2148
          2117 2118 2150 2149
          2118 2119 2151 2150
          2119 2120 2152 2151
          2120 2121 2153 2152
          2121 2122 2154 2153
          2122 2123 2155 2154
          2123 2124 2156 2155
          2124 2125 2157 2156
          2125 2126 2158 2157
          2126 2127 2159 2158
          2127 2128 2160 2159
          2128 2129 2161 2160
          2129 2130 2162 2161
          2130 2131 2163 2162
          2131 2132 2164 2163
          2132 2133 2165 2164
          2133 2134 2166 2165
          2134 2135 2167 2166
          2135 2136 2168 2167
          2136 2137 2169 2168
          2137 2138 2170 2169
          2138 2139 2171 2170
          2139 2140 2172 2171
          2140 2141 2173 2172
          2141 2142 2174 2173
          2142 2143 2175 2174
          2143 2112 2144 2175
          2144 2145 2177 2176
          2145 2146 2178 2177
          2146 2147 2179 2178
          2147 2148 2180 2179
          2148 2149 2181 2180
          2149 2150 2182 2181
          2150 2151 2183 2182
          2151 2152 2184 2183
          2152 2153 2185 2184
          2153 2154 2186 2185
          2154 2155 2187 2186
          2155 2156 2188 2187
          2156 2157 2189 2188
          2157 2158 2190 2189
          2158 2159 2191 2190
          2159 2160 2192 2191
          2160 2161 2193 2192
          2161 2162 2194 2193
          2162 2163 2195 2194
          2163 2164 2196 2195
          2164 2165 2197 2196
          2165 2166 2198 2197
          2166 2167 2199 2198
          2167 2168 2200 2199
          2168 2169 2201 2200
          2169 2170 2202 2201
          2170 2171 2203 2202
          2171 2172 2204 2203
          2172 2173 2205 2204
          2173 2174 2206 2205
          2174 2175 2207 2206
          2175 2144 2176 2207
          2176 2177 2209 2208
          2177 2178 2210 2209
          2178 2179 2211 2210
          2179 2180 2212 2211
          2180 2181 2213 2212
          2181 2182 2214 2213
          2182 2183 2215 2214
          2183 2184 2216 2215
          2184 2185 2217 2216
          2185 2186 2218 2217
          2186 2187 2219 2218
          2187 2188 2220 2219
          2188 2189 2221 2220
          2189 2190 2222 2221
          2190 2191 2223 2222
          2191 2192 2224 2223
          2192 2193 2225 2224
          2193 2194 2226 2225
          2194 2195 2227 2226
          2195 2196 2228 2227
          2196 2197 2229 2228
          2197 2198 2230 2229
          2198 2199 2231 2230
          2199 2200 2232 2231
          2200 2201 2233 2232
          2201 2202 2234 2233
          2202 2203 2235 2234
          2203 2204 2236 2235
          2204 2205 2237 2236
          2205 2206 2238 2237
          2206 2207 2239 2238
          2207 2176 2208 2239
          2208 2209 2241 2240
          2209 2210 2242 2241
          2210 2211 2243 2242
          2211 2212 2244 2243
          2212 2213 2245 2244
          2213 2214 2246 2245
          2214 2215 2247 2246
          2215 2216 2248 2247
          2216 2217 2249 2248
          2217 2218 2250 2249
          2218 2219 2251 2250
          2219 2220 2252 2251
          2220 2221 2253 2252
          2221 2222 2254 2253
          2222 2223 2255 2254
          2223 2224 2256 2255
          2224 2225 2257 2256
          2225 2226 2258 2257
          2226 2227 2259 2258
          2227 2228 2260 2259
          2228 2229 2261 2260
          2229 2230 2262 2261
          2230 2231 2263 2262
          2231 2232 2264 2263
          2232 2233 2265 2264
          2233 2234 2266 2265
          2234 2235 2267 2266
          2235 2236 2268 2267
          2236 2237 2269 2268
          2237 2238 2270 2269
          2238 2239 2271 2270
          2239 2208 2240 2271
          2240 2241 2273 2272
          2241 2242 2274 2273
          2242 2243 2275 2274
          2243 2244 2276 2275
          2244 2245 2277 2276
          2245 2246 2278 2277
          2246 2247 2279 2278
          2247 2248 2280 2279
          2248 2249 2281 2280
          2249 2250 2282 2281
          2250 2251 2283 2282
          2251 2252 2284 2283
          2252 2253 2285 2284
          2253 2254 2286 2285
          2254 2255 2287 2286
          2255 2256 2288 2287
          2256 2257 2289 2288
          2257 2258 2290 2289
          2258 2259 2291 2290
          2259 2260 2292 2291
          2260 2261 2293 2292
          2261 2262 2294 2293
          2262 2263 2295 2294
          2263 2264 2296 2295
          2264 2265 2297 2296
          2265 2266 2298 2297
          2266 2267 2299 2298
          2267 2268 2300 2299
          2268 2269 2301 2300
          2269 2270 2302 2301
          2270 2271 2303 2302
          2271 2240 2272 2303
          2272 2273 2305 2304
          2273 2274 2306 2305
          2274 2275 2307 2306
          2275 2276 2308 2307
          2276 2277 2309 2308
          2277 2278 2310 2309
          2278 2279 2311 2310
          2279 2280 2312 2311
          2280 2281 2313 2312
          2281 2282 2314 2313
          2282 2283 2315 2314
          2283 2284 2316 2315
          2284 2285 2317 2316
          2285 2286 2318 2317
          2286 2287 2319 2318
          2287 2288 2320 2319
          2288 2289 2321 2320
          2289 2290 2322 2321
          2290 2291 2323 2322
          2291 2292 2324 2323
          2292 2293 2325 2324
          2293 2294 2326 2325
          2294 2295 2327 2326
          2295 2296 2328 2327
          2296 2297 2329 2328
          2297 2298 2330 2329
          2298 2299 2331 2330
          2299 2300 2332 2331
          2300 2301 2333 2332
          2301 2302 2334 2333
          2302 2303 2335 2334
          2303 2272 2304 2335
          2304 2305 2337 2336
          2305 2306 2338 2337
          2306 2307 2339 2338
          2307 2308 2340 2339
          2308 2309 2341 2340
          2309 2310 2342 2341
          2310 2311 2343 2342
          2311 2312 2344 2343
          2312 2313 2345 2344
          2313 2314 2346 2345
          2314 2315 2347 2346
          2315 2316 2348 2347
          2316 2317 2349 2348
          2317 2318 2350 2349
          2318 2319 2351 2350
          2319 2320 2352 2351
          2320 2321 2353 2352
          2321 2322 2354 2353
          2322 2323 2355 2354
          2323 2324 2356 2355
          2324 2325 2357 2356
          2325 2326 2358 2357
          2326 2327 2359 2358
          2327 2328 2360 2359
          2328 2329 2361 2360
          2329 2330 2362 2361
          2330 2331 2363 2362
          2331 2332 2364 2363
          2332 2333 2365 2364
          2333 2334 2366 2365
          2334 2335 2367 2366
          2335 2304 2336 2367
          2336 2337 2369 2368
          2337 2338 2370 2369
          2338 2339 2371 2370
          2339 2340 2372 2371
          2340 2341 2373 2372
          2341 2342 2374 2373
          2342 2343 2375 2374
          2343 2344 2376 2375
          2344 2345 2377 2376
          2345 2346 2378 2377
          2346 2347 2379 2378
          2347 2348 2380 2379
          2348 2349 2381 2380
          2349 2350 2382 2381
          2350 2351 2383 2382
          2351 2352 2384 2383
          2352 2353 2385 2384
          2353 2354 2386 2385
          2354 2355 2387 2386
          2355 2356 2388 2387
          2356 2357 2389 2388
          2357 2358 2390 2389
          2358 2359 2391 2390
          2359 2360 2392 2391
          2360 2361 2393 2392
          2361 2362 2394 2393
          2362 2363 2395 2394
          2363 2364 2396 2395
          2364 2365 2397 2396
          2365 2366 2398 2397
          2366 2367 2399 2398
          2367 2336 2368 2399
          2368 2369 2401 2400
          2369 2370 2402 2401
          2370 2371 2403 2402
          2371 2372 2404 2403
          2372 2373 2405 2404
          2373 2374 2406 2405
          2374 2375 2407 2406
          2375 2376 2408 2407
          2376 2377 2409 2408
          2377 2378 2410 2409
          2378 2379 2411 2410
          2379 2380 2412 2411
          2380 2381 2413 2412
          2381 2382 2414 2413
          2382 2383 2415 2414
          2383 2384 2416 2415
          2384 2385 2417 2416
          2385 2386 2418 2417
          2386 2387 2419 2418
          2387 2388 2420 2419
          2388 2389 2421 2420
          2389 2390 2422 2421
          2390 2391 2423 2422
          2391 2392 2424 2423
          2392 2393 2425 2424
          2393 2394 2426 2425
          2394 2395 2427 2426
          2395 2396 2428 2427
          2396 2397 2429 2428
          2397 2398 2430 2429
          2398 2399 2431 2430
          2399 2368 2400 2431
          2400 2401 2433 2432
          2401 2402 2434 2433
          2402 2403 2435 2434
          2403 2404 2436 2435
          2404 2405 2437 2436
          2405 2406 2438 2437
          2406 2407 2439 2438
          2407 2408 2440 2439
          2408 2409 2441 2440
          2409 2410 2442 2441
          2410 2411 2443 2442
          2411 2412 2444 2443
          2412 2413 2445 2444
          2413 2414 2446 2445
          2414 2415 2447 2446
          2415 2416 2448 2447
          2416 2417 2449 2448
          2417 2418 2450 2449
          2418 2419 2451 2450
          2419 2420 2452 2451
          2420 2421 2453 2452
          2421 2422 2454 2453
          2422 2423 2455 2454
          2423 2424 2456 2455
          2424 2425 2457 2456
          2425 2426 2458 2457
          2426 2427 2459 2458
          2427 2428 2460 2459
          2428 2429 2461 2460
          2429 2430 2462 2461
          2430 2431 2463 2462
          2431 2400 2432 2463
          2432 2433 2465 2464
          2433 2434 2466 2465
          2434 2435 2467 2466
          2435 2436 2468 2467
          2436 2437 2469 2468
          2437 2438 2470 2469
          2438 2439 2471 2470
          2439 2440 2472 2471
          2440 2441 2473 2472
          2441 2442 2474 2473
          2442 2443 2475 2474
          2443 2444 2476 2475
          2444 2445 2477 2476
          2445 2446 2478 2477
          2446 2447 2479 2478
          2447 2448 2480 2479
          2448 2449 2481 2480
          2449 2450 2482 2481
          2450 2451 2483 2482
          2451 2452 2484 2483
          2452 2453 2485 2484
          2453 2454 2486 2485
          2454 2455 2487 2486
          2455 2456 2488 2487
          2456 2457 2489 2488
          2457 2458 2490 2489
          2458 2459 2491 2490
          2459 2460 2492 2491
          2460 2461 2493 2492
          2461 2462 2494 2493
          2462 2463 2495 2494
          2463 2432 2464 2495
          2464 2465 2497 2496
          2465 2466 2498 2497
          2466 2467 2499 2498
          2467 2468 2500 2499
          2468 2469 2501 2500
          2469 2470 2502 2501
          2470 2471 2503 2502
          2471 2472 2504 2503
          2472 2473 2505 2504
          2473 2474 2506 2505
          2474 2475 2507 2506
          2475 2476 2508 2507
          2476 2477 2509 2508
          2477 2478 2510 2509
          2478 2479 2511 2510
          2479 2480 2512 2511
          2480 2481 2513 2512
          2481 2482 2514 2513
          2482 2483 2515 2514
          2483 2484 2516 2515
          2484 2485 2517 2516
          2485 2486 2518 2517
          2486 2487 2519 2518
          2487 2488 2520 2519
          2488 2489 2521 2520
          2489 2490 2522 2521
          2490 2491 2523 2522
          2491 2492 2524 2523
          2492 2493 2525 2524
          2493 2494 2526 2525
          2494 2495 2527 2526
          2495 2464 2496 2527
          2496 2497 2529 2528
          2497 2498 2530 2529
          2498 2499 2531 2530
          2499 2500 2532 2531
          2500 2501 2533 2532
          2501 2502 2534 2533
          2502 2503 2535 2534
          2503 2504 2536 2535
          2504 2505 2537 2536
          2505 2506 2538 2537
          2506 2507 2539 2538
          2507 2508 2540 2539
          2508 2509 2541 2540
          2509 2510 2542 2541
          2510 2511 2543 2542
          2511 2512 2544 2543
          2512 2513 2545 2544
          2513 2514 2546 2545
          2514 2515 2547 2546
          2515 2516 2548 2547
          2516 2517 2549 2548
          2517 2518 2550 2549
          2518 2519 2551 2550
          2519 2520 2552 2551
          2520 2521 2553 2552
          2521 2522 2554 2553
          2522 2523 2555 2554
          2523 2524 2556 2555
          2524 2525 2557 2556
          2525 2526 2558 2557
          2526 2527 2559 2558
          2527 2496 2528 2559
          2528 2529 2561 2560
          2529 2530 2562 2561
          2530 2531 2563 2562
          2531 2532 2564 2563
          2532 2533 2565 2564
          2533 2534 2566 2565
          2534 2535 2567 2566
          2535 2536 2568 2567
          2536 2537 2569 2568
          2537 2538 2570 2569
          2538 2539 2571 2570
          2539 2540 2572 2571
          2540 2541 2573 2572
          2541 2542 2574 2573
          2542 2543 2575 2574
          2543 2544 2576 2575
          2544 2545 2577 2576
          2545 2546 2578 2577
          2546 2547 2579 2578
          2547 2548 2580 2579
          2548 2549 2581 2580
          2549 2550 2582 2581
          2550 2551 2583 2582
          2551 2552 2584 2583
          2552 2553 2585 2584
          2553 2554 2586 2585
          2554 2555 2587 2586
          2555 2556 2588 2587
          2556 2557 2589 2588
          2557 2558 2590 2589
          2558 2559 2591 2590
          2559 2528 2560 2591
          2560 2561 2593 2592
          2561 2562 2594 2593
          2562 2563 2595 2594
          2563 2564 2596 2595
          2564 2565 2597 2596
          2565 2566 2598 2597
          2566 2567 2599 2598
          2567 2568 2600 2599
          2568 2569 2601 2600
          2569 2570 2602 2601
          2570 2571 2603 2602
          2571 2572 2604 2603
          2572 2573 2605 2604
          2573 2574 2606 2605
          2574 2575 2607 2606
          2575 2576 2608 2607
          2576 2577 2609 2608
          2577 2578 2610 2609
          2578 2579 2611 2610
          2579 2580 2612 2611
          2580 2581 2613 2612
          2581 2582 2614 2613
          2582 2583 2615 2614
          2583 2584 2616 2615
          2584 2585 2617 2616
          2585 2586 2618 2617
          2586 2587 2619 2618
          2587 2588 2620 2619
          2588 2589 2621 2620
          2589 2590 2622 2621
          2590 2591 2623 2622
          2591 2560 2592 2623
          2592 2593 2625 2624
          2593 2594 2626 2625
          2594 2595 2627 2626
          2595 2596 2628 2627
          2596 2597 2629 2628
          2597 2598 2630 2629
          2598 2599 2631 2630
          2599 2600 2632 2631
          2600 2601 2633 2632
          2601 2602 2634 2633
          2602 2603 2635 2634
          2603 2604 2636 2635
          2604 2605 2637 2636
          2605 2606 2638 2637
          2606 2607 2639 2638
          2607 2608 2640 2639
          2608 2609 2641 2640
          2609 2610 2642 2641
          2610 2611 2643 2642
          2611 2612 2644 2643
          2612 2613 2645 2644
          2613 2614 2646 2645
          2614 2615 2647 2646
          2615 2616 2648 2647
          2616 2617 2649 2648
          2617 2618 2650 2649
          2618 2619 2651 2650
          2619 2620 2652 2651
          2620 2621 2653 2652
          2621 2622 2654 2653
          2622 2623 2655 2654
          2623 2592 2624 2655
          2624 2625 2657 2656
          2625 2626 2658 2657
          2626 2627 2659 2658
          2627 2628 2660 2659
          2628 2629 2661 2660
          2629 2630 2662 2661
          2630 2631 2663 2662
          2631 2632 2664 2663
          2632 2633 2665 2664
          2633 2634 2666 2665
          2634 2635 2667 2666
          2635 2636 2668 2667
          2636 2637 2669 2668
          2637 2638 2670 2669
          2638 2639 2671 2670
          2639 2640 2672 2671
          2640 2641 2673 2672
          2641 2642 2674 2673
          2642 2643 2675 2674
          2643 2644 2676 2675
          2644 2645 2677 2676
          2645 2646 2678 2677
          2646 2647 2679 2678
          2647 2648 2680 2679
          2648 2649 2681 2680
          2649 2650 2682 2681
          2650 2651 2683 2682
          2651 2652 2684 2683
          2652 2653 2685 2684
          2653 2654 2686 2685
          2654 2655 2687 2686
          2655 2624 2656 2687
          2656 2657 2689 2688
          2657 2658 2690 2689
          2658 2659 2691 2690
          2659 2660 2692 2691
          2660 2661 2693 2692
          2661 2662 2694 2693
          2662 2663 2695 2694
          2663 2664 2696 2695
          2664 2665 2697 2696
          2665 2666 2698 2697
          2666 2667 2699 2698
          2667 2668 2700 2699
          2668 2669 2701 2700
          2669 2670 2702 2701
          2670 2671 2703 2702
          2671 2672 2704 2703
          2672 2673 2705 2704
          2673 2674 2706 2705
          2674 2675 2707 2706
          2675 2676 2708 2707
          2676 2677 2709 2708
          2677 2678 2710 2709
          2678 2679 2711 2710
          2679 2680 2712 2711
          2680 2681 2713 2712
          2681 2682 2714 2713
          2682 2683 2715 2714
          2683 2684 2716 2715
          2684 2685 2717 2716
          2685 2686 2718 2717
          2686 2687 2719 2718
          2687 2656 2688 2719
          2688 2689 2721 2720
          2689 2690 2722 2721
          2690 2691 2723 2722
          2691 2692 2724 2723
          2692 2693 2725 2724
          2693 2694 2726 2725
          2694 2695 2727 2726
          2695 2696 2728 2727
          2696 2697 2729 2728
          2697 2698 2730 2729
          2698 2699 2731 2730
          2699 2700 2732 2731
          2700 2701 2733 2732
          2701 2702 2734 2733
          2702 2703 2735 2734
          2703 2704 2736 2735
          2704 2705 2737 2736
          2705 2706 2738 2737
          2706 2707 2739 2738
          2707 2708 2740 2739
          2708 2709 2741 2740
          2709 2710 2742 2741
          2710 2711 2743 2742
          2711 2712 2744 2743
          2712 2713 2745 2744
          2713 2714 2746 2745
          2714 2715 2747 2746
          2715 2716 2748 2747
          2716 2717 2749 2748
          2717 2718 2750 2749
          2718 2719 2751 2750
          2719 2688 2720 2751
          2720 2721 2753 2752
          2721 2722 2754 2753
          2722 2723 2755 2754
          2723 2724 2756 2755
          2724 2725 2757 2756
          2725 2726 2758 2757
          2726 2727 2759 2758
          2727 2728 2760 2759
          2728 2729 2761 2760
          2729 2730 2762 2761
          2730 2731 2763 2762
          2731 2732 2764 2763
          2732 2733 2765 2764
          2733 2734 2766 2765
          2734 2735 2767 2766
          2735 2736 2768 2767
          2736 2737 2769 2768
          2737 2738 2770 2769
          2738 2739 2771 2770
          2739 2740 2772 2771
          2740 2741 2773 2772
          2741 2742 2774 2773
          2742 2743 2775 2774
          2743 2744 2776 2775
          2744 2745 2777 2776
          2745 2746 2778 2777
          2746 2747 2779 2778
          2747 2748 2780 2779
          2748 2749 2781 2780
          2749 2750 2782 2781
          2750 2751 2783 2782
          2751 2720 2752 2783
          2752 2753 2785 2784
          2753 2754 2786 2785
          2754 2755 2787 2786
          2755 2756 2788 2787
          2756 2757 2789 2788
          2757 2758 2790 2789
          2758 2759 2791 2790
          2759 2760 2792 2791
          2760 2761 2793 2792
          2761 2762 2794 2793
          2762 2763 2795 2794
          2763 2764 2796 2795
          2764 2765 2797 2796
          2765 2766 2798 2797
          2766 2767 2799 2798
          2767 2768 2800 2799
          2768 2769 2801 2800
          2769 2770 2802 2801
          2770 2771 2803 2802
          2771 2772 2804 2803
          2772 2773 2805 2804
          2773 2774 2806 2805
          2774 2775 2807 2806
          2775 2776 2808 2807
          2776 2777 2809 2808
          2777 2778 2810 2809
          2778 2779 2811 2810
          2779 2780 2812 2811
          2780 2781 2813 2812
          2781 2782 2814 2813
          2782 2783 2815 2814
          2783 2752 2784 2815
          2784 2785 2817 2816
          2785 2786 2818 2817
          2786 2787 2819 2818
          2787 2788 2820 2819
          2788 2789 2821 2820
          2789 2790 2822 2821
          2790 2791 2823 2822
          2791 2792 2824 2823
          2792 2793 2825 2824
          2793 2794 2826 2825
          2794 2795 2827 2826
          2795 2796 2828 2827
          2796 2797 2829 2828
          2797 2798 2830 2829
          2798 2799 2831 2830
          2799 2800 2832 2831
          2800 2801 2833 2832
          2801 2802 2834 2833
          2802 2803 2835 2834
          2803 2804 2836 2835
          2804 2805 2837 2836
          2805 2806 2838 2837
          2806 2807 2839 2838
          2807 2808 2840 2839
          2808 2809 2841 2840
          2809 2810 2842 2841
          2810 2811 2843 2842
          2811 2812 2844 2843
          2812 2813 2845 2844
          2813 2814 2846 2845
          2814 2815 2847 2846
          2815 2784 2816 2847
          2816 2817 2849 2848
          2817 2818 2850 2849
          2818 2819 2851 2850
          2819 2820 2852 2851
          2820 2821 2853 2852
          2821 2822 2854 2853
          2822 2823 2855 2854
          2823 2824 2856 2855
          2824 2825 2857 2856
          2825 2826 2858 2857
          2826 2827 2859 2858
          2827 2828 2860 2859
          2828 2829 2861 2860
          2829 2830 2862 2861
          2830 2831 2863 2862
          2831 2832 2864 2863
          2832 2833 2865 2864
          2833 2834 2866 2865
          2834 2835 2867 2866
          2835 2836 2868 2867
          2836 2837 2869 2868
          2837 2838 2870 2869
          2838 2839 2871 2870
          2839 2840 2872 2871
          2840 2841 2873 2872
          2841 2842 2874 2873
          2842 2843 2875 2874
          2843 2844 2876 2875
          2844 2845 2877 2876
          2845 2846 2878 2877
          2846 2847 2879 2878
          2847 2816 2848 2879
          2848 2849 2881 2880
          2849 2850 2882 2881
          2850 2851 2883 2882
          2851 2852 2884 2883
          2852 2853 2885 2884
          2853 2854 2886 2885
          2854 2855 2887 2886
          2855 2856 2888 2887
          2856 2857 2889 2888
          2857 2858 2890 2889
          2858 2859 2891 2890
          2859 2860 2892 2891
          2860 2861 2893 2892
          2861 2862 2894 2893
          2862 2863 2895 2894
          2863 2864 2896 2895
          2864 2865 2897 2896
          2865 2866 2898 2897
          2866 2867 2899 2898
          2867 2868 2900 2899
          2868 2869 2901 2900
          2869 2870 2902 2901
          2870 2871 2903 2902
          2871 2872 2904 2903
          2872 2873 2905 2904
          2873 2874 2906 2905
          2874 2875 2907 2906
          2875 2876 2908 2907
          2876 2877 2909 2908
          2877 2878 2910 2909
          2878 2879 2911 2910
          2879 2848 2880 2911
          2880 2881 2913 2912
          2881 2882 2914 2913
          2882 2883 2915 2914
          2883 2884 2916 2915
          2884 2885 2917 2916
          2885 2886 2918 2917
          2886 2887 2919 2918
          2887 2888 2920 2919
          2888 2889 2921 2920
          2889 2890 2922 2921
          2890 2891 2923 2922
          2891 2892 2924 2923
          2892 2893 2925 2924
          2893 2894 2926 2925
          2894 2895 2927 2926
          2895 2896 2928 2927
          2896 2897 2929 2928
          2897 2898 2930 2929
          2898 2899 2931 2930
          2899 2900 2932 2931
          2900 2901 2933 2932
          2901 2902 2934 2933
          2902 2903 2935 2934
          2903 2904 2936 2935
          2904 2905 2937 2936
          2905 2906 2938 2937
          2906 2907 2939 2938
          2907 2908 2940 2939
          2908 2909 2941 2940
          2909 2910 2942 2941
          2910 2911 2943 2942
          2911 2880 2912 2943
          2912 2913 2945 2944
          2913 2914 2946 2945
          2914 2915 2947 2946
          2915 2916 2948 2947
          2916 2917 2949 2948
          2917 2918 2950 2949
          2918 2919 2951 2950
          2919 2920 2952 2951
          2920 2921 2953 2952
          2921 2922 2954 2953
          2922 2923 2955 2954
          2923 2924 2956 2955
          2924 2925 2957 2956
          2925 2926 2958 2957
          2926 2927 2959 2958
          2927 2928 2960 2959
          2928 2929 2961 2960
          2929 2930 2962 2961
          2930 2931 2963 2962
          2931 2932 2964 2963
          2932 2933 2965 2964
          2933 2934 2966 2965
          2934 2935 2967 2966
          2935 2936 2968 2967
          2936 2937 2969 2968
          2937 2938 2970 2969
          2938 2939 2971 2970
          2939 2940 2972 2971
          2940 2941 2973 2972
          2941 2942 2974 2973
          2942 2943 2975 2974
          2943 2912 2944 2975
          2944 2945 2977 2976
          2945 2946 2978 2977
          2946 2947 2979 2978
          2947 2948 2980 2979
          2948 2949 2981 2980
          2949 2950 2982 2981
          2950 2951 2983 2982
          2951 2952 2984 2983
          2952 2953 2985 2984
          2953 2954 2986 2985
          2954 2955 2987 2986
          2955 2956 2988 2987
          2956 2957 2989 2988
          2957 2958 2990 2989
          2958 2959 2991 2990
          2959 2960 2992 2991
          2960 2961 2993 2992
          2961 2962 2994 2993
          2962 2963 2995 2994
          2963 2964 2996 2995
          2964 2965 2997 2996
          2965 2966 2998 2997
          2966 2967 2999 2998
          2967 2968 3000 2999
          2968 2969 3001 3000
          2969 2970 3002 3001
          2970 2971 3003 3002
          2971 2972 3004 3003
          2972 2973 3005 3004
          2973 2974 3006 3005
          2974 2975 3007 3006
          2975 2944 2976 3007
          2976 2977 3009 3008
          2977 2978 3010 3009
          2978 2979 3011 3010
          2979 2980 3012 3011
          2980 2981 3013 3012
          2981 2982 3014 3013
          2982 2983 3015 3014
          2983 2984 3016 3015
          2984 2985 3017 3016
          2985 2986 3018 3017
          2986 2987 3019 3018
          2987 2988 3020 3019
          2988 2989 3021 3020
          2989 2990 3022 3021
          2990 2991 3023 3022
          2991 2992 3024 3023
          2992 2993 3025 3024
          2993 2994 3026 3025
          2994 2995 3027 3026
          2995 2996 3028 3027
          2996 2997 3029 3028
          2997 2998 3030 3029
          2998 2999 3031 3030
          2999 3000 3032 3031
          3000 3001 3033 3032
          3001 3002 3034 3033
          3002 3003 3035 3034
          3003 3004 3036 3035
          3004 3005 3037 3036
          3005 3006 3038 3037
          3006 3007 3039 3038
          3007 2976 3008 3039
          3008 3009 3041 3040
          3009 3010 3042 3041
          3010 3011 3043 3042
          3011 3012 3044 3043
          3012 3013 3045 3044
          3013 3014 3046 3045
          3014 3015 3047 3046
          3015 3016 3048 3047
          3016 3017 3049 3048
          3017 3018 3050 3049
          3018 3019 3051 3050
          3019 3020 3052 3051
          3020 3021 3053 3052
          3021 3022 3054 3053
          3022 3023 3055 3054
          3023 3024 3056 3055
          3024 3025 3057 3056
          3025 3026 3058 3057
          3026 3027 3059 3058
          3027 3028 3060 3059
          3028 3029 3061 3060
          3029 3030 3062 3061
          3030 3031 3063 3062
          3031 3032 3064 3063
          3032 3033 3065 3064
          3033 3034 3066 3065
          3034 3035 3067 3066
          3035 3036 3068 3067
          3036 3037 3069 3068
          3037 3038 3070 3069
          3038 3039 3071 3070
          3039 3008 3040 3071
          3040 3041 3073 3072
          3041 3042 3074 3073
          3042 3043 3075 3074
          3043 3044 3076 3075
          3044 3045 3077 3076
          3045 3046 3078 3077
          3046 3047 3079 3078
          3047 3048 3080 3079
          3048 3049 3081 3080
          3049 3050 3082 3081
          3050 3051 3083 3082
          3051 3052 3084 3083
          3052 3053 3085 3084
          3053 3054 3086 3085
          3054 3055 3087 3086
          3055 3056 3088 3087
          3056 3057 3089 3088
          3057 3058 3090 3089
          3058 3059 3091 3090
          3059 3060 3092 3091
          3060 3061 3093 3092
          3061 3062 3094 3093
          3062 3063 3095 3094
          3063 3064 3096 3095
          3064 3065 3097 3096
          3065 3066 3098 3097
          3066 3067 3099 3098
          3067 3068 3100 3099
          3068 3069 3101 3100
          3069 3070 3102 3101
          3070 3071 3103 3102
          3071 3040 3072 3103
          3072 3073 3105 3104
          3073 3074 3106 3105
          3074 3075 3107 3106
          3075 3076 3108 3107
          3076 3077 3109 3108
          3077 3078 3110 3109
          3078 3079 3111 3110
          3079 3080 3112 3111
          3080 3081 3113 3112
          3081 3082 3114 3113
          3082 3083 3115 3114
          3083 3084 3116 3115
          3084 3085 3117 3116
          3085 3086 3118 3117
          3086 3087 3119 3118
          3087 3088 3120 3119
          3088 3089 3121 3120
          3089 3090 3122 3121
          3090 3091 3123 3122
          3091 3092 3124 3123
          3092 3093 3125 3124
          3093 3094 3126 3125
          3094 3095 3127 3126
          3095 3096 3128 3127
          3096 3097 3129 3128
          3097 3098 3130 3129
          3098 3099 3131 3130
          3099 3100 3132 3131
          3100 3101 3133 3132
          3101 3102 3134 3133
          3102 3103 3135 3134
          3103 3072 3104 3135
          3104 3105 3137 3136
          3105 3106 3138 3137
          3106 3107 3139 3138
          3107 3108 3140 3139
          3108 3109 3141 3140
          3109 3110 3142 3141
          3110 3111 3143 3142
          3111 3112 3144 3143
          3112 3113 3145 3144
          3113 3114 3146 3145
          3114 3115 3147 3146
          3115 3116 3148 3147
          3116 3117 3149 3148
          3117 3118 3150 3149
          3118 3119 3151 3150
          3119 3120 3152 3151
          3120 3121 3153 3152
          3121 3122 3154 3153
          3122 3123 3155 3154
          3123 3124 3156 3155
          3124 3125 3157 3156
          3125 3126 3158 3157
          3126 3127 3159 3158
          3127 3128 3160 3159
          3128 3129 3161 3160
          3129 3130 3162 3161
          3130 3131 3163 3162
          3131 3132 3164 3163
          3132 3133 3165 3164
          3133 3134 3166 3165
          3134 3135 3167 3166
          3135 3104 3136 3167
          3136 3137 3169 3168
          3137 3138 3170 3169
          3138 3139 3171 3170
          3139 3140 3172 3171
          3140 3141 3173 3172
          3141 3142 3174 3173
          3142 3143 3175 3174
          3143 3144 3176 3175
          3144 3145 3177 3176
          3145 3146 3178 3177
          3146 3147 3179 3178
          3147 3148 3180 3179
          3148 3149 3181 3180
          3149 3150 3182 3181
          3150 3151 3183 3182
          3151 3152 3184 3183
          3152 3153 3185 3184
          3153 3154 3186 3185
          3154 3155 3187 3186
          3155 3156 3188 3187
          3156 3157 3189 3188
          3157 3158 3190 3189
          3158 3159 3191 3190
          3159 3160 3192 3191
          3160 3161 3193 3192
          3161 3162 3194 3193
          3162 3163 3195 3194
          3163 3164 3196 3195
          3164 3165 3197 3196
          3165 3166 3198 3197
          3166 3167 3199 3198
          3167 3136 3168 3199
        </DataArray>
        <DataArray type="Int64" Name="offsets" format="ascii">
          4
          8
          12
          16
          20
          24
          28
          32
          36
          40
          44
          48
          52
          56
          60
          64
          68
          72
          76
          80
          84
          88
          92
          96
          100
          104
          108
          112
          116
          120
          124
          128
          132
          136
          140
          144
          148
          152
          156
          160
          164
          168
          172
          176
          180
          184
          188
          192
          196
          200
          204
          208
          212
          216
          220
          224
          228
          232
          236
          240
          244
          248
          252
          256
          260
          264
          268
          272
          276
          280
          284
          288
          292
          296
          300
          304
          308
          312
          316
          320
          324
          328
          332
          336
          340
          344
          348
          352
          356
          360
          364
          368
          372
          376
          380
          384
          388
          392
          396
          400
          404
          408
          412
          416
          420
          424
          428
          432
          436
          440
          444
          448
          452
          456
          460
          464
          468
          472
          476
          480
          484
          488
          492
          496
          500
          504
          508
          512
          516
          520
          524
          528
          532
          536
          540
          544
          548
          552
          556
          560
          564
          568
          572
          576
          580
          584
          588
          592
          596
          600
          604
          608
          612
          616
          620
          624
          628
          632
          636
          640
          644
          648
          652
          656
          660
          664
          668
          672
          676
          680
          684
          688
          692
          696
          700
          704
          708
          712
          716
          720
          724
          728
          732
          736
          740
          744
          748
          752
          756
          760
          764
          768
          772
          776
          780
          784
          788
          792
          796
          800
          804
          808
          812
          816
          820
          824
          828
          832
          836
          840
          844
          848
          852
          856
          860
          864
          868
          872
          876
          880
          884
          888
          892
          896
          900
          904
          908
          912
          916
          920
          924
          928
          932
          936
          940
          944
          948
          952
          956
          960
          964
          968
          972
          976
          980
          984
          988
          992
          996
          1000
          1004
          1008
          1012
          1016
          1020
          1024
          1028
          1032
          1036
          1040
          1044
          1048
          1052
          1056
          1060
          1064
          1068
          1072
          1076
          1080
          1084
          1088
          1092
          1096
          1100
          1104
          1108
          1112
          1116
          1120
          1124
          1128
          1132
          1136
          1140
          1144
          1148
          1152
          1156
          1160
          1164
          1168
          1172
          1176
          1180
          1184
          1188
          1192
          1196
          1200
          1204
          1208
          1212
          1216
          1220
          1224
          1228
          1232
          1236
          1240
          1244
          1248
          1252
          1256
          1260
          1264
          1268
          1272
          1276
          1280
          1284
          1288
          1292
          1296
          1300
          1304
          1308
          1312
          1316
          1320
          1324
          1328
          1332
          1336
          1340
          1344
          1348
          1352
          1356
          1360
          1364
          1368
          1372
          1376
          1380
          1384
          1388
          1392
          1396
          1400
          1404
          1408
          1412
          1416
          1420
          1424
          1428
          1432
          1436
          1440
          1444
          1448
          1452
          1456
          1460
          1464
          1468
          1472
          1476
          1480
          1484
          1488
          1492
          1496
          1500
          1504
          1508
          1512
          1516
          1520
          1524
          1528
          1532
          1536
          1540
          1544
          1548
          1552
          1556
          1560
          1564
          1568
          1572
          1576
          1580
          1584
          1588
          1592
          1596
          1600
          1604
          1608
          1612
          1616
          1620
          1624
          1628
          1632
          1636
          1640
          1644
          1648
          1652
          1656
          1660
          1664
          1668
          1672
          1676
          1680
          1684
          1688
          1692
          1696
          1700
          1704
          1708
          1712
          1716
          1720
          1724
          1728
          1732
          1736
          1740
          1744
          1748
          1752
          1756
          1760
          1764
          1768
          1772
          1776
          1780
          1784
          1788
          1792
          1796
          1800
          1804
          1808
          1812
          1816
          1820
          1824
          1828
          1832
          1836
          1840
          1844
          1848
          1852
          1856
          1860
          1864
          1868
          1872
          1876
          1880
          1884
          1888
          1892
          1896
          1900
          1904
          1908
          1912
          1916
          1920
          1924
          1928
          1932
          1936
          1940
          1944
          1948
          1952
          1956
          1960
          1964
          1968
          1972
          1976
          1980
          1984
          1988
          1992
          1996
          2000
          2004
          2008
          2012
          2016
          2020
          2024
          2028
          2032
          2036
          2040
          2044
          2048
          2052
          2056
          2060
          2064
          2068
          2072
          2076
          2080
          2084
          2088
          2092
          2096
          2100
          2104
          2108
          2112
          2116
          2120
          2124
          2128
          2132
          2136
          2140
          2144
          2148
          2152
          2156
          2160
          2164
          2168
          2172
          2176
          2180
          2184
          2188
          2192
          2196
          2200
          2204
          2208
          2212
          2216
          2220
          2224
          2228
          2232
          2236
          2240
          2244
          2248
          2252
          2256
          2260
          2264
          2268
          2272
          2276
          2280
          2284
          2288
          2292
          2296
          2300
          2304
          2308
          2312
          2316
          2320
          2324
          2328
          2332
          2336
          2340
          2344
          2348
          2352
          2356
          2360
          2364
          2368
          2372
          2376
          2380
          2384
          2388
          2392
          2396
          2400
          2404
          2408
          2412
          2416
          2420
          2424
          2428
          2432
          2436
          2440
          2444
          2448
          2452
          2456
          2460
          2464
          2468
          2472
          2476
          2480
          2484
          2488
          2492
          2496
          2500
          2504
          2508
          2512
          2516
          2520
          2524
          2528
          2532
          2536
          2540
          2544
          2548
          2552
          2556
          2560
          2564
          2568
          2572
          2576
          2580
          2584
          2588
          2592
          2596
          2600
          2604
          2608
          2612
          2616
          2620
          2624
          2628
          2632
          2636
          2640
          2644
          2648
          2652
          2656
          2660
          2664
          2668
          2672
          2676
          2680
          2684
          2688
          2692
          2696
          2700
          2704
          2708
          2712
          2716
          2720
          2724
          2728
          2732
          2736
          2740
          2744
          2748
          2752
          2756
          2760
          2764
          2768
          2772
          2776
          2780
          2784
          2788
          2792
          2796
          2800
          2804
          2808
          2812
          2816
          2820
          2824
          2828
          2832
          2836
          2840
          2844
          2848
          2852
          2856
          2860
          2864
          2868
          2872
          2876
          2880
          2884
          2888
          2892
          2896
          2900
          2904
          2908
          2912
          2916
          2920
          2924
          2928
          2932
          2936
          2940
          2944
          2948
          2952
          2956
          2960
          2964
          2968
          2972
          2976
          2980
          2984
          2988
          2992
          2996
          3000
          3004
          3008
          3012
          3016
          3020
          3024
          3028
          3032
          3036
          3040
          3044
          3048
          3052
          3056
          3060
          3064
          3068
          3072
          3076
          3080
          3084
          3088
          3092
          3096
          3100
          3104
          3108
          3112
          3116
          3120
          3124
          3128
          3132
          3136
          3140
          3144
          3148
          3152
          3156
          3160
          3164
          3168
          3172
          3176
          3180
          3184
          3188
          3192
          3196
          3200
          3204
          3208
          3212
          3216
          3220
          3224
          3228
          3232
          3236
          3240
          3244
          3248
          3252
          3256
          3260
          3264
          3268
          3272
          3276
          3280
          3284
          3288
          3292
          3296
          3300
          3304
          3308
          3312
          3316
          3320
          3324
          3328
          3332
          3336
          3340
          3344
          3348
          3352
          3356
          3360
          3364
          3368
          3372
          3376
          3380
          3384
          3388
          3392
          3396
          3400
          3404
          3408
          3412
          3416
          3420
          3424
          3428
          3432
          3436
          3440
          3444
          3448
          3452
          3456
          3460
          3464
          3468
          3472
          3476
          3480
          3484
          3488
          3492
          3496
          3500
          3504
          3508
          3512
          3516
          3520
          3524
          3528
          3532
          3536
          3540
          3544
          3548
          3552
          3556
          3560
          3564
          3568
          3572
          3576
          3580
          3584
          3588
          3592
          3596
          3600
          3604
          3608
          3612
          3616
          3620
          3624
          3628
          3632
          3636
          3640
          3644
          3648
          3652
          3656
          3660
          3664
          3668
          3672
          3676
          3680
          3684
          3688
          3692
          3696
          3700
          3704
          3708
          3712
          3716
          3720
          3724
          3728
          3732
          3736
          3740
          3744
          3748
          3752
          3756
          3760
          3764
          3768
          3772
          3776
          3780
          3784
          3788
          3792
          3796
          3800
          3804
          3808
          3812
          3816
          3820
          3824
          3828
          3832
          3836
          3840
          3844
          3848
          3852
          3856
          3860
          3864
          3868
          3872
          3876
          3880
          3884
          3888
          3892
          3896
          3900
          3904
          3908
          3912
          3916
          3920
          3924
          3928
          3932
          3936
          3940
          3944
          3948
          3952
          3956
          3960
          3964
          3968
          3972
          3976
          3980
          3984
          3988
          3992
          3996
          4000
          4004
          4008
          4012
          4016
          4020
          4024
          4028
          4032
          4036
          4040
          4044
          4048
          4052
          4056
          4060
          4064
          4068
          4072
          4076
          4080
          4084
          4088
          4092
          4096
          4100
          4104
          4108
          4112
          4116
          4120
          4124
          4128
          4132
          4136
          4140
          4144
          4148
          4152
          4156
          4160
          4164
          4168
          4172
          4176
          4180
          4184
          4188
          4192
          4196
          4200
          4204
          4208
          4212
          4216
          4220
          4224
          4228
          4232
          4236
          4240
          4244
          4248
          4252
          4256
          4260
          4264
          4268
          4272
          4276
          4280
          4284
          4288
          4292
          4296
          4300
          4304
          4308
          4312
          4316
          4320
          4324
          4328
          4332
          4336
          4340
          4344
          4348
          4352
          4356
          4360
          4364
          4368
          4372
          4376
          4380
          4384
          4388
          4392
          4396
          4400
          4404
          4408
          4412
          4416
          4420
          4424
          4428
          4432
          4436
          4440
          4444
          4448
          4452
          4456
          4460
          4464
          4468
          4472
          4476
          4480
          4484
          4488
          4492
          4496
          4500
          4504
          4508
          4512
          4516
          4520
          4524
          4528
          4532
          4536
          4540
          4544
          4548
          4552
          4556
          4560
          4564
          4568
          4572
          4576
          4580
          4584
          4588
          4592
          4596
          4600
          4604
          4608
          4612
          4616
          4620
          4624
          4628
          4632
          4636
          4640
          4644
          4648
          4652
          4656
          4660
          4664
          4668
          4672
          4676
          4680
          4684
          4688
          4692
          4696
          4700
          4704
          4708
          4712
          4716
          4720
          4724
          4728
          4732
          4736
          4740
          4744
          4748
          4752
          4756
          4760
          4764
          4768
          4772
          4776
          4780
          4784
          4788
          4792
          4796
          4800
          4804
          4808
          4812
          4816
          4820
          4824
          4828
          4832
          4836
          4840
          4844
          4848
          4852
          4856
          4860
          4864
          4868
          4872
          4876
          4880
          4884
          4888
          4892
          4896
          4900
          4904
          4908
          4912
          4916
          4920
          4924
          4928
          4932
          4936
          4940
          4944
          4948
          4952
          4956
          4960
          4964
          4968
          4972
          4976
          4980
          4984
          4988
          4992
          4996
          5000
          5004
          5008
          5012
          5016
          5020
          5024
          5028
          5032
          5036
          5040
          5044
          5048
          5052
          5056
          5060
          5064
          5068
          5072
          5076
          5080
          5084
          5088
          5092
          5096
          5100
          5104
          5108
          5112
          5116
          5120
          5124
          5128
          5132
          5136
          5140
          5144
          5148
          5152
          5156
          5160
          5164
          5168
          5172
          5176
          5180
          5184
          5188
          5192
          5196
          5200
          5204
          5208
          5212
          5216
          5220
          5224
          5228
          5232
          5236
          5240
          5244
          5248
          5252
          5256
          5260
          5264
          5268
          5272
          5276
          5280
          5284
          5288
          5292
          5296
          5300
          5304
          5308
          5312
          5316
          5320
          5324
          5328
          5332
          5336
          5340
          5344
          5348
          5352
          5356
          5360
          5364
          5368
          5372
          5376
          5380
          5384
          5388
          5392
          5396
          5400
          5404
          5408
          5412
          5416
          5420
          5424
          5428
          5432
          5436
          5440
          5444
          5448
          5452
          5456
          5460
          5464
          5468
          5472
          5476
          5480
          5484
          5488
          5492
          5496
          5500
          5504
          5508
          5512
          5516
          5520
          5524
          5528
          5532
          5536
          5540
          5544
          5548
          5552
          5556
          5560
          5564
          5568
          5572
          5576
          5580
          5584
          5588
          5592
          5596
          5600
          5604
          5608
          5612
          5616
          5620
          5624
          5628
          5632
          5636
          5640
          5644
          5648
          5652
          5656
          5660
          5664
          5668
          5672
          5676
          5680
          5684
          5688
          5692
          5696
          5700
          5704
          5708
          5712
          5716
          5720
          5724
          5728
          5732
          5736
          5740
          5744
          5748
          5752
          5756
          5760
          5764
          5768
          5772
          5776
          5780
          5784
          5788
          5792
          5796
          5800
          5804
          5808
          5812
          5816
          5820
          5824
          5828
          5832
          5836
          5840
          5844
          5848
          5852
          5856
          5860
          5864
          5868
          5872
          5876
          5880
          5884
          5888
          5892
          5896
          5900
          5904
          5908
          5912
          5916
          5920
          5924
          5928
          5932
          5936
          5940
          5944
          5948
          5952
          5956
          5960
          5964
          5968
          5972
          5976
          5980
          5984
          5988
          5992
          5996
          6000
          6004
          6008
          6012
          6016
          6020
          6024
          6028
          6032
          6036
          6040
          6044
          6048
          6052
          6056
          6060
          6064
          6068
          6072
          6076
          6080
          6084
          6088
          6092
          6096
          6100
          6104
          6108
          6112
          6116
          6120
          6124
          6128
          6132
          6136
          6140
          6144
          6148
          6152
          6156
          6160
          6164
          6168
          6172
          6176
          6180
          6184
          6188
          6192
          6196
          6200
          6204
          6208
          6212
          6216
          6220
          6224
          6228
          6232
          6236
          6240
          6244
          6248
          6252
          6256
          6260
          6264
          6268
          6272
          6276
          6280
          6284
          6288
          6292
          6296
          6300
          6304
          6308
          6312
          6316
          6320
          6324
          6328
          6332
          6336
          6340
          6344
          6348
          6352
          6356
          6360
          6364
          6368
          6372
          6376
          6380
          6384
          6388
          6392
          6396
          6400
          6404
          6408
          6412
          6416
          6420
          6424
          6428
          6432
          6436
          6440
          6444
          6448
          6452
          6456
          6460
          6464
          6468
          6472
          6476
          6480
          6484
          6488
          6492
          6496
          6500
          6504
          6508
          6512
          6516
          6520
          6524
          6528
          6532
          6536
          6540
          6544
          6548
          6552
          6556
          6560
          6564
          6568
          6572
          6576
          6580
          6584
          6588
          6592
          6596
          6600
          6604
          6608
          6612
          6616
          6620
          6624
          6628
          6632
          6636
          6640
          6644
          6648
          6652
          6656
          6660
          6664
          6668
          6672
          6676
          6680
          6684
          6688
          6692
          6696
          6700
          6704
          6708
          6712
          6716
          6720
          6724
          6728
          6732
          6736
          6740
          6744
          6748
          6752
          6756
          6760
          6764
          6768
          6772
          6776
          6780
          6784
          6788
          6792
          6796
          6800
          6804
          6808
          6812
          6816
          6820
          6824
          6828
          6832
          6836
          6840
          6844
          6848
          6852
          6856
          6860
          6864
          6868
          6872
          6876
          6880
          6884
          6888
          6892
          6896
          6900
          6904
          6908
          6912
          6916
          6920
          6924
          6928
          6932
          6936
          6940
          6944
          6948
          6952
          6956
          6960
          6964
          6968
          6972
          6976
          6980
          6984
          6988
          6992
          6996
          7000
          7004
          7008
          7012
          7016
          7020
          7024
          7028
          7032
          7036
          7040
          7044
          7048
          7052
          7056
          7060
          7064
          7068
          7072
          7076
          7080
          7084
          7088
          7092
          7096
          7100
          7104
          7108
          7112
          7116
          7120
          7124
          7128
          7132
          7136
          7140
          7144
          7148
          7152
          7156
          7160
          7164
          7168
          7172
          7176
          7180
          7184
          7188
          7192
          7196
          7200
          7204
          7208
          7212
          7216
          7220
          7224
          7228
          7232
          7236
          7240
          7244
          7248
          7252
          7256
          7260
          7264
          7268
          7272
          7276
          7280
          7284
          7288
          7292
          7296
          7300
          7304
          7308
          7312
          7316
          7320
          7324
          7328
          7332
          7336
          7340
          7344
          7348
          7352
          7356
          7360
          7364
          7368
          7372
          7376
          7380
          7384
          7388
          7392
          7396
          7400
          7404
          7408
          7412
          7416
          7420
          7424
          7428
          7432
          7436
          7440
          7444
          7448
          7452
          7456
          7460
          7464
          7468
          7472
          7476
          7480
          7484
          7488
          7492
          7496
          7500
          7504
          7508
          7512
          7516
          7520
          7524
          7528
          7532
          7536
          7540
          7544
          7548
          7552
          7556
          7560
          7564
          7568
          7572
          7576
          7580
          7584
          7588
          7592
          7596
          7600
          7604
          7608
          7612
          7616
          7620
          7624
          7628
          7632
          7636
          7640
          7644
          7648
          7652
          7656
          7660
          7664
          7668
          7672
          7676
          7680
          7684
          7688
          7692
          7696
          7700
          7704
          7708
          7712
          7716
          7720
          7724
          7728
          7732
          7736
          7740
          7744
          7748
          7752
          7756
          7760
          7764
          7768
          7772
          7776
          7780
          7784
          7788
          7792
          7796
          7800
          7804
          7808
          7812
          7816
          7820
          7824
          7828
          7832
          7836
          7840
          7844
          7848
          7852
          7856
          7860
          7864
          7868
          7872
          7876
          7880
          7884
          7888
          7892
          7896
          7900
          7904
          7908
          7912
          7916
          7920
          7924
          7928
          7932
          7936
          7940
          7944
          7948
          7952
          7956
          7960
          7964
          7968
          7972
          7976
          7980
          7984
          7988
          7992
          7996
          8000
          8004
          8008
          8012
          8016
          8020
          8024
          8028
          8032
          8036
          8040
          8044
          8048
          8052
          8056
          8060
          8064
          8068
          8072
          8076
          8080
          8084
          8088
          8092
          8096
          8100
          8104
          8108
          8112
          8116
          8120
          8124
          8128
          8132
          8136
          8140
          8144
          8148
          8152
          8156
          8160
          8164
          8168
          8172
          8176
          8180
          8184
          8188
          8192
          8196
          8200
          8204
          8208
          8212
          8216
          8220
          8224
          8228
          8232
          8236
          8240
          8244
          8248
          8252
          8256
          8260
          8264
          8268
          8272
          8276
          8280
          8284
          8288
          8292
          8296
          8300
          8304
          8308
          8312
          8316
          8320
          8324
          8328
          8332
          8336
          8340
          8344
          8348
          8352
          8356
          8360
          8364
          8368
          8372
          8376
          8380
          8384
          8388
          8392
          8396
          8400
          8404
          8408
          8412
          8416
          8420
          8424
          8428
          8432
          8436
          8440
          8444
          8448
          8452
          8456
          8460
          8464
          8468
          8472
          8476
          8480
          8484
          8488
          8492
          8496
          8500
          8504
          8508
          8512
          8516
          8520
          8524
          8528
          8532
          8536
          8540
          8544
          8548
          8552
          8556
          8560
          8564
          8568
          8572
          8576
          8580
          8584
          8588
          8592
          8596
          8600
          8604
          8608
          8612
          8616
          8620
          8624
          8628
          8632
          8636
          8640
          8644
          8648
          8652
          8656
          8660
          8664
          8668
          8672
          8676
          8680
          8684
          8688
          8692
          8696
          8700
          8704
          8708
          8712
          8716
          8720
          8724
          8728
          8732
          8736
          8740
          8744
          8748
          8752
          8756
          8760
          8764
          8768
          8772
          8776
          8780
          8784
          8788
          8792
          8796
          8800
          8804
          8808
          8812
          8816
          8820
          8824
          8828
          8832
          8836
          8840
          8844
          8848
          8852
          8856
          8860
          8864
          8868
          8872
          8876
          8880
          8884
          8888
          8892
          8896
          8900
          8904
          8908
          8912
          8916
          8920
          8924
          8928
          8932
          8936
          8940
          8944
          8948
          8952
          8956
          8960
          8964
          8968
          8972
          8976
          8980
          8984
          8988
          8992
          8996
          9000
          9004
          9008
          9012
          9016
          9020
          9024
          9028
          9032
          9036
          9040
          9044
          9048
          9052
          9056
          9060
          9064
          9068
          9072
          9076
          9080
          9084
          9088
          9092
          9096
          9100
          9104
          9108
          9112
          9116
          9120
          9124
          9128
          9132
          9136
          9140
          9144
          9148
          9152
          9156
          9160
          9164
          9168
          9172
          9176
          9180
          9184
          9188
          9192
          9196
          9200
          9204
          9208
          9212
          9216
          9220
          9224
          9228
          9232
          9236
          9240
          9244
          9248
          9252
          9256
          9260
          9264
          9268
          9272
          9276
          9280
          9284
          9288
          9292
          9296
          9300
          9304
          9308
          9312
          9316
          9320
          9324
          9328
          9332
          9336
          9340
          9344
          9348
          9352
          9356
          9360
          9364
          9368
          9372
          9376
          9380
          9384
          9388
          9392
          9396
          9400
          9404
          9408
          9412
          9416
          9420
          9424
          9428
          9432
          9436
          9440
          9444
          9448
          9452
          9456
          9460
          9464
          9468
          9472
          9476
          9480
          9484
          9488
          9492
          9496
          9500
          9504
          9508
          9512
          9516
          9520
          9524
          9528
          9532
          9536
          9540
          9544
          9548
          9552
          9556
          9560
          9564
          9568
          9572
          9576
          9580
          9584
          9588
          9592
          9596
          9600
          9604
          9608
          9612
          9616
          9620
          9624
          9628
          9632
          9636
          9640
          9644
          9648
          9652
          9656
          9660
          9664
          9668
          9672
          9676
          9680
          9684
          9688
          9692
          9696
          9700
          9704
          9708
          9712
          9716
          9720
          9724
          9728
          9732
          9736
          9740
          9744
          9748
          9752
          9756
          9760
          9764
          9768
          9772
          9776
          9780
          9784
          9788
          9792
          9796
          9800
          9804
          9808
          9812
          9816
          9820
          9824
          9828
          9832
          9836
          9840
          9844
          9848
          9852
          9856
          9860
          9864
          9868
          9872
          9876
          9880
          9884
          9888
          9892
          9896
          9900
          9904
          9908
          9912
          9916
          9920
          9924
          9928
          9932
          9936
          9940
          9944
          9948
          9952
          9956
          9960
          9964
          9968
          9972
          9976
          9980
          9984
          9988
          9992
          9996
          10000
          10004
          10008
          10012
          10016
          10020
          10024
          10028
          10032
          10036
          10040
          10044
          10048
          10052
          10056
          10060
          10064
          10068
          10072
          10076
          10080
          10084
          10088
          10092
          10096
          10100
          10104
          10108
          10112
          10116
          10120
          10124
          10128
          10132
          10136
          10140
          10144
          10148
          10152
          10156
          10160
          10164
          10168
          10172
          10176
          10180
          10184
          10188
          10192
          10196
          10200
          10204
          10208
          10212
          10216
          10220
          10224
          10228
          10232
          10236
          10240
          10244
          10248
          10252
          10256
          10260
          10264
          10268
          10272
          10276
          10280
          10284
          10288
          10292
          10296
          10300
          10304
          10308
          10312
          10316
          10320
          10324
          10328
          10332
          10336
          10340
          10344
          10348
          10352
          10356
          10360
          10364
          10368
          10372
          10376
          10380
          10384
          10388
          10392
          10396
          10400
          10404
          10408
          10412
          10416
          10420
          10424
          10428
          10432
          10436
          10440
          10444
          10448
          10452
          10456
          10460
          10464
          10468
          10472
          10476
          10480
          10484
          10488
          10492
          10496
          10500
          10504
          10508
          10512
          10516
          10520
          10524
          10528
          10532
          10536
          10540
          10544
          10548
          10552
          10556
          10560
          10564
          10568
          10572
          10576
          10580
          10584
          10588
          10592
          10596
          10600
          10604
          10608
          10612
          10616
          10620
          10624
          10628
          10632
          10636
          10640
          10644
          10648
          10652
          10656
          10660
          10664
          10668
          10672
          10676
          10680
          10684
          10688
          10692
          10696
          10700
          10704
          10708
          10712
          10716
          10720
          10724
          10728
          10732
          10736
          10740
          10744
          10748
          10752
          10756
          10760
          10764
          10768
          10772
          10776
          10780
          10784
          10788
          10792
          10796
          10800
          10804
          10808
          10812
          10816
          10820
          10824
          10828
          10832
          10836
          10840
          10844
          10848
          10852
          10856
          10860
          10864
          10868
          10872
          10876
          10880
          10884
          10888
          10892
          10896
          10900
          10904
          10908
          10912
          10916
          10920
          10924
          10928
          10932
          10936
          10940
          10944
          10948
          10952
          10956
          10960
          10964
          10968
          10972
          10976
          10980
          10984
          10988
          10992
          10996
          11000
          11004
          11008
          11012
          11016
          11020
          11024
          11028
          11032
          11036
          11040
          11044
          11048
          11052
          11056
          11060
          11064
          11068
          11072
          11076
          11080
          11084
          11088
          11092
          11096
          11100
          11104
          11108
          11112
          11116
          11120
          11124
          11128
          11132
          11136
          11140
          11144
          11148
          11152
          11156
          11160
          11164
          11168
          11172
          11176
          11180
          11184
          11188
          11192
          11196
          11200
          11204
          11208
          11212
          11216
          11220
          11224
          11228
          11232
          11236
          11240
          11244
          11248
          11252
          11256
          11260
          11264
          11268
          11272
          11276
          11280
          11284
          11288
          11292
          11296
          11300
          11304
          11308
          11312
          11316
          11320
          11324
          11328
          11332
          11336
          11340
          11344
          11348
          11352
          11356
          11360
          11364
          11368
          11372
          11376
          11380
          11384
          11388
          11392
          11396
          11400
          11404
          11408
          11412
          11416
          11420
          11424
          11428
          11432
          11436
          11440
          11444
          11448
          11452
          11456
          11460
          11464
          11468
          11472
          11476
          11480
          11484
          11488
          11492
          11496
          11500
          11504
          11508
          11512
          11516
          11520
          11524
          11528
          11532
          11536
          11540
          11544
          11548
          11552
          11556
          11560
          11564
          11568
          11572
          11576
          11580
          11584
          11588
          11592
          11596
          11600
          11604
          11608
          11612
          11616
          11620
          11624
          11628
          11632
          11636
          11640
          11644
          11648
          11652
          11656
          11660
          11664
          11668
          11672
          11676
          11680
          11684
          11688
          11692
          11696
          11700
          11704
          11708
          11712
          11716
          11720
          11724
          11728
          11732
          11736
          11740
          11744
          11748
          11752
          11756
          11760
          11764
          11768
          11772
          11776
          11780
          11784
          11788
          11792
          11796
          11800
          11804
          11808
          11812
          11816
          11820
          11824
          11828
          11832
          11836
          11840
          11844
          11848
          11852
          11856
          11860
          11864
          11868
          11872
          11876
          11880
          11884
          11888
          11892
          11896
          11900
          11904
          11908
          11912
          11916
          11920
          11924
          11928
          11932
          11936
          11940
          11944
          11948
          11952
          11956
          11960
          11964
          11968
          11972
          11976
          11980
          11984
          11988
          11992
          11996
          12000
          12004
          12008
          12012
          12016
          12020
          12024
          12028
          12032
          12036
          12040
          12044
          12048
          12052
          12056
          12060
          12064
          12068
          12072
          12076
          12080
          12084
          12088
          12092
          12096
          12100
          12104
          12108
          12112
          12116
          12120
          12124
          12128
          12132
          12136
          12140
          12144
          12148
          12152
          12156
          12160
          12164
          12168
          12172
          12176
          12180
          12184
          12188
          12192
          12196
          12200
          12204
          12208
          12212
          12216
          12220
          12224
          12228
          12232
          12236
          12240
          12244
          12248
          12252
          12256
          12260
          12264
          12268
          12272
          12276
          12280
          12284
          12288
          12292
          12296
          12300
          12304
          12308
          12312
          12316
          12320
          12324
          12328
          12332
          12336
          12340
          12344
          12348
          12352
          12356
          12360
          12364
          12368
          12372
          12376
          12380
          12384
          12388
          12392
          12396
          12400
          12404
          12408
          12412
          12416
          12420
          12424
          12428
          12432
          12436
          12440
          12444
          12448
          12452
          12456
          12460
          12464
          12468
          12472
          12476
          12480
          12484
          12488
          12492
          12496
          12500
          12504
          12508
          12512
          12516
          12520
          12524
          12528
          12532
          12536
          12540
          12544
          12548
          12552
          12556
          12560
          12564
          12568
          12572
          12576
          12580
          12584
          12588
          12592
          12596
          12600
          12604
          12608
          12612
          12616
          12620
          12624
          12628
          12632
          12636
          12640
          12644
          12648
          12652
          12656
          12660
          12664
          12668
          12672
        </DataArray>
      </Polys>
    </Piece>
  </PolyData>
</VTKFile>
