case_name,seed,face_x_idx,face_x_coord,Q_face_mean,Q_face_median,Qp_face_mean,Qp_face_median,Q_borehole_mean,Qp_borehole_mean,Q_ratio,Q_difference,Q_log_ratio,Qp_ratio,Qp_difference,face_joints_count,face_rqd_practical,face_rqd_mean,face_rqd_min_dir,RQD_borehole_direct,RQD_borehole_hudson,lambda_borehole,borehole_n_intersections_total,RQD_face_scanline,lambda_face_scanline,RQD_face_scanline_hudson,face_scanline_n_intersections,Jv_face,Jv_method,RQD_face_jv,RQD_face_conservative,RQD_diff_bh_direct_minus_face_scanline,RQD_diff_bh_hudson_minus_face_scanline,RQD_diff_bh_direct_minus_face_jv,RQD_diff_bh_hudson_minus_face_jv,RQD_absdiff_bh_direct_face_scanline,RQD_absdiff_bh_hudson_face_scanline,RQD_absdiff_bh_direct_face_jv,RQD_absdiff_bh_hudson_face_jv,face_joint_count,bh_union_fracture_count,common_union_fracture_count,missed_union_fracture_count,miss_ratio_union,detection_ratio_union,face_area,window_length,face_fracture_density,bh_fracture_frequency_mean,bh_union_fracture_frequency,common_fracture_density,missed_fracture_density,face_orientation_bias,bh_union_orientation_bias,orientation_bias_gap,Q_match_strict,Q_match_normal,Q_match_loose,Qp_match_strict,Qp_match_normal,Qp_match_loose,face_RQD_mean,face_RQD_median,face_RQD_std,face_RQD_min,face_RQD_max,face_RQD_n_points,face_Jn_mean,face_Jn_median,face_Jn_std,face_Jn_min,face_Jn_max,face_Jn_n_points,face_Jr_mean,face_Jr_median,face_Jr_std,face_Jr_min,face_Jr_max,face_Jr_n_points,face_Ja_mean,face_Ja_median,face_Ja_std,face_Ja_min,face_Ja_max,face_Ja_n_points,face_Jw_mean,face_Jw_median,face_Jw_std,face_Jw_min,face_Jw_max,face_Jw_n_points,face_SRF_mean,face_SRF_median,face_SRF_std,face_SRF_min,face_SRF_max,face_SRF_n_points,face_Q_mean,face_Q_median,face_Q_std,face_Q_min,face_Q_max,face_Q_n_points,face_Qprime_mean,face_Qprime_median,face_Qprime_std,face_Qprime_min,face_Qprime_max,face_Qprime_n_points,case_path,case_name_meta,quality_regime,density_regime,orientation_regime,anisotropy_regime
granite_good_dense,42,10,10.5,35.76426425939441,33.21124635440477,41.3359971330611,41.335997133061106,39.58317982515321,41.63783494927129,1.1067802076972872,3.8189155657588003,0.04406138414734828,1.0073020572175522,0.30183781621018824,96,100.0,100.0,100.0,96.90304497410764,98.06536340317659,1.4285714285714286,10,100.0,0.2,99.98026467728904,2,1.4,P32_derived_Jv_proxy,100.0,100.0,-3.096955025892356,-1.9346365968234096,-3.096955025892356,-1.9346365968234096,3.096955025892356,1.9346365968234096,3.096955025892356,1.9346365968234096,96,10,4,92,0.9583333333333334,0.041666666666666664,78.53981633974483,7.0,1.2223099629457561,1.4285714285714286,1.4285714285714286,0.05092958178940651,1.1713803811563497,0.1275471134129802,0.14791923750689118,-0.02037212409391098,1,1,1,1,1,1,100.0,100.0,0.0,100.0,100.0,81,4.0,4.0,0.0,4.0,4.0,81,1.953822658708188,1.953822658708188,0.3286994964673401,1.2274063534230002,2.887788192865754,81,1.1816714209281123,1.1816714209281123,0.27214556604516765,0.75,1.8622266402184073,81,0.8058327165278021,0.8181410398520713,0.09698859505082212,0.5852422834053733,1.0,81,1.0105751285485172,1.0472893591873296,0.2692197399597699,0.5,1.590837079968735,81,35.76426425939441,33.21124635440477,11.983045981306592,18.274860727896158,82.08861071553109,81,41.3359971330611,41.335997133061106,7.105427357601002e-15,41.335997133061106,41.335997133061106,81,cases/granite_good_dense.yaml,granite_good_dense,good,dense,favorable_or_mixed,moderate
granite_good_dense,42,20,20.5,38.22277175554712,33.650056077520425,43.89360114355036,43.893601143550356,43.76936103484092,43.782240960937294,1.1451121680752743,5.546589279293798,0.058848029549444014,0.9974629517808559,-0.11136018261306901,110,100.0,100.0,100.0,96.68338937438305,98.73667554032262,1.1428571428571428,8,100.0,0.2,99.98026467728904,2,1.4,P32_derived_Jv_proxy,100.0,100.0,-3.3166106256169456,-1.2633244596773778,-3.3166106256169456,-1.2633244596773778,3.3166106256169456,1.2633244596773778,3.3166106256169456,1.2633244596773778,110,8,6,104,0.9454545454545454,0.05454545454545454,78.53981633974483,7.0,1.4005634992086788,1.1428571428571428,1.1428571428571428,0.07639437268410976,1.3241691265245692,0.13025663369649965,0.08837932634081347,0.04187730735568618,1,1,1,1,1,1,100.0,100.0,0.0,100.0,100.0,81,4.0,4.0,0.0,4.0,4.0,81,2.000662086212942,2.000662086212942,0.25586354832352987,1.2785136561504584,2.639661182786563,81,1.1394952989103944,1.1394952989103944,0.27493544316199775,0.75,1.7266698020518916,81,0.798630632879434,0.8018718996317244,0.08741301252741472,0.5433440278598597,1.0,81,1.0092073471858596,0.9800795884711129,0.29175180259474975,0.5,1.818773120744136,81,38.22277175554712,33.650056077520425,13.957983518314412,19.27815203424671,83.89994986090174,81,43.89360114355036,43.893601143550356,7.105427357601002e-15,43.893601143550356,43.893601143550356,81,cases/granite_good_dense.yaml,granite_good_dense,good,dense,favorable_or_mixed,moderate
granite_good_dense,42,30,30.5,36.906678678146754,33.406428225551856,43.53877170202924,43.53877170202922,32.742663585198564,39.36455224892777,0.8871744832619199,-4.1640150929481905,-0.05199095777177809,0.9041263846010862,-4.174219453101465,94,100.0,100.0,100.0,98.46939586688497,99.27181666292714,0.8571428571428571,6,100.0,0.1,99.99503320866597,1,1.4,P32_derived_Jv_proxy,100.0,100.0,-1.530604133115034,-0.7281833370728634,-1.530604133115034,-0.7281833370728634,1.530604133115034,0.7281833370728634,1.530604133115034,0.7281833370728634,94,6,1,93,0.9893617021276596,0.010638297872340425,78.53981633974483,7.0,1.196845172051053,0.8571428571428571,0.8571428571428571,0.012732395447351627,1.1841127766037014,0.1171721926149879,0.0978691364037646,0.0193030562112233,1,1,1,1,1,1,100.0,100.0,0.0,100.0,100.0,81,4.0,4.0,0.0,4.0,4.0,81,2.0369315026145274,2.0369315026145274,0.30516948777712566,1.2498663878261849,2.719565991554651,81,1.169607813327214,1.169607813327214,0.3014208661767172,0.75,2.015615884990219,81,0.7859828510482846,0.7902061459452242,0.09814277936060319,0.41211259942630074,1.0,81,0.9982078557519091,1.0207631939712856,0.25956750463695677,0.5,1.4964035952855428,81,36.906678678146754,33.406428225551856,11.261949388434594,19.685311053723517,66.01221766249279,81,43.53877170202924,43.53877170202922,1.4210854715202004e-14,43.53877170202922,43.53877170202922,81,cases/granite_good_dense.yaml,granite_good_dense,good,dense,favorable_or_mixed,moderate
granite_good_dense,42,40,40.5,34.583924160600006,32.00382942259914,39.852343813298205,39.852343813298205,32.8156964107241,40.31087155136789,0.9488713963844979,-1.768227749875905,-0.022792644922849492,1.0115056655191426,0.4585277380696837,93,100.0,100.0,100.0,97.27627012365868,98.56066567350224,1.4285714285714286,10,100.0,0.4,99.92210167184162,4,1.4,P32_derived_Jv_proxy,100.0,100.0,-2.7237298763413236,-1.4393343264977574,-2.7237298763413236,-1.4393343264977574,2.7237298763413236,1.4393343264977574,2.7237298763413236,1.4393343264977574,93,10,4,89,0.956989247311828,0.043010752688172046,78.53981633974483,7.0,1.1841127766037014,1.4285714285714286,1.4285714285714286,0.05092958178940651,1.1331831948142947,0.08645554381602949,0.0900032853015148,-0.0035477414854853118,1,1,1,1,1,1,100.0,100.0,0.0,100.0,100.0,81,4.0,4.0,0.0,4.0,4.0,81,1.97667991821866,1.97667991821866,0.30104363742775625,1.042231283251906,2.8247821094751564,81,1.2400022991615538,1.2400022991615538,0.2974727967680371,0.75,2.0046860414005048,81,0.80108886078776,0.7830120710909552,0.10261550287205679,0.5791784315829681,1.0,81,0.9914101247756762,0.9808340827685149,0.2531766761769635,0.5,1.7645533590169384,81,34.583924160600006,32.00382942259914,11.192894482297763,18.257313323617293,73.5973572759275,81,39.852343813298205,39.852343813298205,0.0,39.852343813298205,39.852343813298205,81,cases/granite_good_dense.yaml,granite_good_dense,good,dense,favorable_or_mixed,moderate
granite_good_dense,42,50,50.5,36.95944904825547,32.84617186234787,41.24261081569461,41.24261081569461,40.6802401321628,40.5603068645914,1.100672255126134,3.7207910839073293,0.0416580192624858,0.983456334659503,-0.682303951103215,108,100.0,100.0,100.0,99.61606522380859,99.54914833160349,0.7142857142857143,5,100.0,0.3,99.95588995549635,3,1.4,P32_derived_Jv_proxy,100.0,100.0,-0.3839347761914098,-0.4508516683965098,-0.3839347761914098,-0.4508516683965098,0.3839347761914098,0.4508516683965098,0.3839347761914098,0.4508516683965098,108,5,3,105,0.9722222222222222,0.027777777777777776,78.53981633974483,7.0,1.3750987083139756,0.7142857142857143,0.7142857142857143,0.03819718634205488,1.336901521971921,0.11778379361379643,0.050146619674271364,0.06763717393952506,1,1,1,1,1,1,100.0,100.0,0.0,100.0,100.0,81,4.0,4.0,0.0,4.0,4.0,81,2.0195946492891226,2.0195946492891226,0.2810148606454844,1.445328686863568,2.734688757150696,81,1.224216053097552,1.224216053097552,0.26065569935936195,0.75,1.880652746394083,81,0.801977084343542,0.8126918194318841,0.09422359011018473,0.575396349393484,1.0,81,1.0039593712621988,1.0038870558080872,0.3151960495864051,0.5,1.850565605707763,81,36.95944904825547,32.84617186234787,14.699477390386239,18.6437761241799,79.51631065434772,81,41.24261081569461,41.24261081569461,0.0,41.24261081569461,41.24261081569461,81,cases/granite_good_dense.yaml,granite_good_dense,good,dense,favorable_or_mixed,moderate
granite_good_dense,42,60,60.5,36.88995440216476,34.07978549429977,40.87394297524518,40.87394297524518,34.28755559063552,40.60640822493225,0.9294550819131256,-2.602398811529241,-0.0317715936797498,0.9934546380691739,-0.26753475031292595,107,100.0,100.0,100.0,99.8950365417563,99.23197781064827,1.1428571428571428,8,100.0,0.1,99.99503320866597,1,1.4,P32_derived_Jv_proxy,100.0,100.0,-0.10496345824370223,-0.7680221893517256,-0.10496345824370223,-0.7680221893517256,0.10496345824370223,0.7680221893517256,0.10496345824370223,0.7680221893517256,107,8,2,105,0.9813084112149533,0.018691588785046728,78.53981633974483,7.0,1.3623663128666241,1.1428571428571428,1.1428571428571428,0.025464790894703253,1.336901521971921,0.11713743806853727,0.11083379240368241,0.006303645664854862,1,1,1,1,1,1,100.0,100.0,0.0,100.0,100.0,81,4.0,4.0,0.0,4.0,4.0,81,1.9874424772710166,1.9874424772710166,0.3090561787416537,1.1731548890811456,2.916125356896137,81,1.2155925833205568,1.2155925833205568,0.2537821530206863,0.75,1.8785913451396499,81,0.796531347629674,0.8009249700722829,0.08300327805529423,0.5657463866024023,1.0,81,0.9485468535984315,0.9675484791222612,0.23298584419055413,0.5,1.5727726683934522,81,36.88995440216476,34.07978549429977,11.681344247895858,17.72475056739916,78.70044100628922,81,40.87394297524518,40.87394297524518,0.0,40.87394297524518,40.87394297524518,81,cases/granite_good_dense.yaml,granite_good_dense,good,dense,favorable_or_mixed,moderate
granite_good_dense,42,70,70.5,35.74666549075029,32.846420348168955,40.82607648427957,40.826076484279575,34.61358332293058,42.740480801401716,0.9683024373808264,-1.1330821678197083,-0.013988974952779287,1.0468917045667934,1.9144043171221483,84,100.0,100.0,100.0,97.07633886228164,98.4440089846739,1.2857142857142858,9,100.0,0.2,99.98026467728904,2,1.4,P32_derived_Jv_proxy,100.0,100.0,-2.923661137718355,-1.5559910153261,-2.923661137718355,-1.5559910153261,2.923661137718355,1.5559910153261,2.923661137718355,1.5559910153261,84,9,5,79,0.9404761904761905,0.05952380952380952,78.53981633974483,7.0,1.0695212175775366,1.2857142857142858,1.2857142857142858,0.06366197723675814,1.0058592403407784,0.11368316356881691,0.07663913656116761,0.037044027007649305,1,1,1,1,1,1,100.0,100.0,0.0,100.0,100.0,81,4.0,4.0,0.0,4.0,4.0,81,1.9996433406849083,1.9996433406849083,0.3141052379688112,1.0788892926942355,2.559966440796605,81,1.224489047738207,1.224489047738207,0.280719965522801,0.75,2.172304688116597,81,0.8058055492208281,0.8141794615669642,0.0996122281003249,0.5807036689543598,1.0,81,0.9987298165939238,1.0016184826170826,0.27952843148427436,0.5,1.7536793343175698,81,35.74666549075029,32.846420348168955,11.40283538302885,18.275348308009484,69.37104978260463,81,40.82607648427957,40.826076484279575,7.105427357601002e-15,40.826076484279575,40.826076484279575,81,cases/granite_good_dense.yaml,granite_good_dense,good,dense,favorable_or_mixed,moderate
granite_good_dense,42,80,80.5,36.52441980265029,31.179890175192373,41.02393302842622,41.02393302842623,36.88556860266421,40.17957579727494,1.0098878723321352,0.3611488000139147,0.00427315682155327,0.9794179356092891,-0.8443572311512781,93,100.0,100.0,100.0,98.45233899367774,98.58766739494399,1.5714285714285714,11,100.0,0.0,100.0,0,1.4,P32_derived_Jv_proxy,100.0,100.0,-1.547661006322258,-1.412332605056008,-1.547661006322258,-1.412332605056008,1.547661006322258,1.412332605056008,1.547661006322258,1.412332605056008,93,11,7,86,0.9247311827956989,0.07526881720430108,78.53981633974483,7.0,1.1841127766037014,1.5714285714285714,1.5714285714285714,0.08912676813146139,1.0949860084722398,0.13103866414706644,0.07376257029936728,0.05727609384769916,1,1,1,1,1,1,100.0,100.0,0.0,100.0,100.0,81,4.0,4.0,0.0,4.0,4.0,81,1.944015006223645,1.944015006223645,0.3070360228403407,1.1266599341033137,2.674227093111033,81,1.1846834656714909,1.1846834656714909,0.2621284213233088,0.75,1.8396463563604082,81,0.8352915629243561,0.840021308278835,0.10435776269106348,0.6032036668355003,1.0,81,1.0498513137319603,1.058428281550172,0.3124754782145494,0.5,1.715070482424471,81,36.52441980265029,31.179890175192373,14.62519196223633,16.255895262433704,80.80329196166916,81,41.02393302842622,41.02393302842623,7.105427357601002e-15,41.02393302842623,41.02393302842623,81,cases/granite_good_dense.yaml,granite_good_dense,good,dense,favorable_or_mixed,moderate
granite_good_dense,43,10,10.5,34.81908277140751,31.48992423281263,40.734941422717895,40.734941422717895,40.749920775605666,43.01859866684817,1.170332976406501,5.930838004198158,0.06830944229506741,1.056061385247425,2.283657244130275,110,100.0,100.0,100.0,97.58387431710277,98.23601564585344,1.7142857142857142,12,100.0,0.2,99.98026467728904,2,1.4,P32_derived_Jv_proxy,100.0,100.0,-2.4161256828972313,-1.763984354146558,-2.4161256828972313,-1.763984354146558,2.4161256828972313,1.763984354146558,2.4161256828972313,1.763984354146558,110,12,8,102,0.9272727272727272,0.07272727272727272,78.53981633974483,7.0,1.4005634992086788,1.7142857142857142,1.7142857142857142,0.10185916357881301,1.298704335629866,0.10933808871609718,0.08870093130838708,0.020637157407710105,1,1,1,1,1,1,100.0,100.0,0.0,100.0,100.0,81,4.0,4.0,0.0,4.0,4.0,81,1.9741530136786754,1.9741530136786754,0.2585868715500206,1.3851665539573528,2.7533072273858195,81,1.2115845418754483,1.2115845418754483,0.2796860578817498,0.75,2.0616893697902623,81,0.8014014062393723,0.8140371538245594,0.10213771782066143,0.5231364227270517,1.0,81,1.0438481419175636,1.0508647323810545,0.3231129883238189,0.5,1.7828850917918175,81,34.81908277140751,31.48992423281263,13.07755810615517,16.287883324138907,70.79212689357483,81,40.734941422717895,40.734941422717895,0.0,40.734941422717895,40.734941422717895,81,cases/granite_good_dense.yaml,granite_good_dense,good,dense,favorable_or_mixed,moderate
granite_good_dense,43,20,20.5,34.0230686377963,32.26000425070607,41.754825105452944,41.754825105452944,31.050877283707223,38.122659038259044,0.9126418787872866,-2.9721913540890768,-0.03969960644991599,0.9130120636831608,-3.6321660671939,98,100.0,100.0,100.0,99.0906091150288,99.48230775788286,0.8571428571428571,6,100.0,0.3,99.95588995549635,3,1.4,P32_derived_Jv_proxy,100.0,100.0,-0.9093908849712022,-0.5176922421171355,-0.9093908849712022,-0.5176922421171355,0.9093908849712022,0.5176922421171355,0.9093908849712022,0.5176922421171355,98,6,3,95,0.9693877551020408,0.030612244897959183,78.53981633974483,7.0,1.2477747538404593,0.8571428571428571,0.8571428571428571,0.03819718634205488,1.2095775674984046,0.124421052199018,0.06206653877927393,0.06235451341974407,1,1,1,1,1,1,100.0,100.0,0.0,100.0,100.0,81,4.0,4.0,0.0,4.0,4.0,81,1.9930098667842797,1.9930098667842797,0.3129262224135634,1.1940169762398671,2.767900196791984,81,1.193281172745233,1.193281172745233,0.27336336286210733,0.75,1.8310443667090879,81,0.7779195492674149,0.7792094108697226,0.10401566941795344,0.5525150982087609,1.0,81,1.0283543124605499,1.0457797336449728,0.25305032988175064,0.5,1.525670655885865,81,34.0230686377963,32.26000425070607,11.487824188095768,17.07102206608462,72.20436270558214,81,41.754825105452944,41.754825105452944,0.0,41.754825105452944,41.754825105452944,81,cases/granite_good_dense.yaml,granite_good_dense,good,dense,favorable_or_mixed,moderate
granite_good_dense,43,30,30.5,35.738571126336396,34.87729438100327,39.34465557310077,39.34465557310077,33.75706755645071,38.858511405263634,0.9445556017647979,-1.9815035698856889,-0.02477247201542143,0.9876439592428531,-0.4861441678371392,90,100.0,100.0,100.0,97.30620987397697,98.77115676845794,1.4285714285714286,10,100.0,0.1,99.99503320866597,1,1.4,P32_derived_Jv_proxy,100.0,100.0,-2.693790126023032,-1.2288432315420579,-2.693790126023032,-1.2288432315420579,2.693790126023032,1.2288432315420579,2.693790126023032,1.2288432315420579,90,10,7,83,0.9222222222222223,0.07777777777777778,78.53981633974483,7.0,1.1459155902616465,1.4285714285714286,1.4285714285714286,0.08912676813146139,1.056788822130185,0.09688708736049989,0.06755401496364521,0.029333072396854676,1,1,1,1,1,1,100.0,100.0,0.0,100.0,100.0,81,4.0,4.0,0.0,4.0,4.0,81,2.033051798409432,2.033051798409432,0.32377139163690394,1.2404132236241523,3.0221007050754523,81,1.2918220840897336,1.2918220840897336,0.2868027028540215,0.75,2.1858673126542962,81,0.8041682561944393,0.8144260509696161,0.09695893638668682,0.5622243506084872,1.0,81,0.9413077924833457,0.9200045478104086,0.24226814047056236,0.5,1.542426758971279,81,35.738571126336396,34.87729438100327,9.564975677474843,20.88725673159415,59.09732011674626,81,39.34465557310077,39.34465557310077,0.0,39.34465557310077,39.34465557310077,81,cases/granite_good_dense.yaml,granite_good_dense,good,dense,favorable_or_mixed,moderate
granite_good_dense,43,40,40.5,36.24077299696824,33.470203160981434,41.315929083209646,41.31592908320964,39.018853032855155,40.37709223592801,1.0766562025627686,2.7780800358869158,0.032077046690698996,0.9772766371684192,-0.9388368472816353,111,100.0,100.0,100.0,96.77402355960844,98.55318616680867,1.2857142857142858,9,100.0,0.4,99.92210167184162,4,1.4,P32_derived_Jv_proxy,100.0,100.0,-3.2259764403915625,-1.446813833191328,-3.2259764403915625,-1.446813833191328,3.2259764403915625,1.446813833191328,3.2259764403915625,1.446813833191328,111,9,2,109,0.9819819819819819,0.018018018018018018,78.53981633974483,7.0,1.4132958946560306,1.2857142857142858,1.2857142857142858,0.025464790894703253,1.3878311037613273,0.1221220049312347,0.12782243240541435,-0.005700427474179648,1,1,1,1,1,1,100.0,100.0,0.0,100.0,100.0,81,4.0,4.0,0.0,4.0,4.0,81,1.98443115472335,1.98443115472335,0.33337175565826815,1.1750168971759987,2.8281545725566373,81,1.2007663864503304,1.2007663864503304,0.26761008152172555,0.75,1.8137836953403221,81,0.8212137045184241,0.8103209676572208,0.09453284979587645,0.5624051435040069,1.0,81,1.039693594951147,1.0296064113542802,0.3119081093139165,0.5,1.6864390077401887,81,36.24077299696824,33.470203160981434,13.135120380256582,14.32891130573541,79.42677552723696,81,41.315929083209646,41.31592908320964,7.105427357601002e-15,41.31592908320964,41.31592908320964,81,cases/granite_good_dense.yaml,granite_good_dense,good,dense,favorable_or_mixed,moderate
granite_good_dense,43,50,50.5,37.19877212183832,34.12117604725313,40.98325851722493,40.98325851722493,28.82925434521108,43.69610491803684,0.7750055364942077,-8.369517776627237,-0.11069519496427693,1.0661940143112758,2.7128464008119053,101,100.0,100.0,100.0,98.67228175832462,99.18216958457558,1.0,7,100.0,0.0,100.0,0,1.4,P32_derived_Jv_proxy,100.0,100.0,-1.3277182416753845,-0.8178304154244245,-1.3277182416753845,-0.8178304154244245,1.3277182416753845,0.8178304154244245,1.3277182416753845,0.8178304154244245,101,7,3,98,0.9702970297029703,0.0297029702970297,78.53981633974483,7.0,1.2859719401825143,1.0,1.0,0.03819718634205488,1.2477747538404593,0.12318543022743467,0.07971293543061886,0.04347249479681581,0,1,1,1,1,1,100.0,100.0,0.0,100.0,100.0,81,4.0,4.0,0.0,4.0,4.0,81,2.0060945834045603,2.0060945834045603,0.27045959799685965,1.2750678103028903,2.8270409832207424,81,1.2237280879956232,1.2237280879956232,0.29085823930083143,0.75,2.0359214036124813,81,0.8051613844720689,0.7960782226200256,0.1060132896310704,0.5904212735944454,1.0,81,0.9806098738886923,0.9504404521207237,0.2829555166867192,0.5,1.6995552875297946,81,37.19877212183832,34.12117604725313,14.208781997676926,19.531460906768935,81.6635853164865,81,40.98325851722493,40.98325851722493,0.0,40.98325851722493,40.98325851722493,81,cases/granite_good_dense.yaml,granite_good_dense,good,dense,favorable_or_mixed,moderate
granite_good_dense,43,60,60.5,36.12913909517842,33.318118143771414,40.44440022139627,40.444400221396265,43.276965753463294,42.316626213722394,1.1978410456848883,7.1478266582848775,0.07839919070597468,1.046291352624279,1.872225992326122,91,100.0,100.0,100.0,100.0,99.48230775788286,0.8571428571428571,6,100.0,0.2,99.98026467728904,2,1.4,P32_derived_Jv_proxy,100.0,100.0,0.0,-0.5176922421171355,0.0,-0.5176922421171355,0.0,0.5176922421171355,0.0,0.5176922421171355,91,6,5,86,0.945054945054945,0.054945054945054944,78.53981633974483,7.0,1.158647985708998,0.8571428571428571,0.8571428571428571,0.06366197723675814,1.0949860084722398,0.11828719737348536,0.11687650623342682,0.0014106911400585398,1,1,1,1,1,1,100.0,100.0,0.0,100.0,100.0,81,4.0,4.0,0.0,4.0,4.0,81,1.951100288032412,1.951100288032412,0.3207715008299326,1.1312109105764416,2.6432225783269234,81,1.206038584669271,1.206038584669271,0.25393938314025954,0.75,1.740433247658992,81,0.7921876350666046,0.788707062658949,0.0841171521556752,0.5897703572237968,1.0,81,0.9686067130123986,0.9176043750931344,0.2849335024448595,0.5,1.7716145996211208,81,36.12913909517842,33.318118143771414,11.757922761103632,16.916331142969096,70.43817687753328,81,40.44440022139627,40.444400221396265,7.105427357601002e-15,40.444400221396265,40.444400221396265,81,cases/granite_good_dense.yaml,granite_good_dense,good,dense,favorable_or_mixed,moderate
granite_good_dense,43,70,70.5,37.46928190439132,34.24431707765821,40.55132143930593,40.55132143930594,29.52540588893789,37.3482814578614,0.7879896381328186,-7.943876015453434,-0.10347949333700135,0.9210126854623321,-3.203039981444533,94,100.0,100.0,100.0,99.12681546838633,99.5491483316035,0.7142857142857143,5,100.0,0.0,100.0,0,1.4,P32_derived_Jv_proxy,100.0,100.0,-0.8731845316136742,-0.4508516683964956,-0.8731845316136742,-0.4508516683964956,0.8731845316136742,0.4508516683964956,0.8731845316136742,0.4508516683964956,94,5,2,92,0.9787234042553191,0.02127659574468085,78.53981633974483,7.0,1.196845172051053,0.7142857142857143,0.7142857142857143,0.025464790894703253,1.1713803811563497,0.1055293574022701,0.12780759696493793,-0.022278239562667834,0,1,1,1,1,1,100.0,100.0,0.0,100.0,100.0,81,4.0,4.0,0.0,4.0,4.0,81,1.9638212628714862,1.9638212628714862,0.2591767321316353,1.2716249690583445,2.6891105451635977,81,1.2107011517557948,1.2107011517557948,0.2748716905414498,0.75,1.8726486365133268,81,0.821639142022217,0.8203952367382287,0.08161854996409543,0.6409272034825164,1.0,81,0.9715214717592067,0.9598117094899175,0.2713572503655,0.5,1.5982698200873018,81,37.46928190439132,34.24431707765821,13.049074811221717,18.75024741147368,80.27336629593209,81,40.55132143930593,40.55132143930594,7.105427357601002e-15,40.55132143930594,40.55132143930594,81,cases/granite_good_dense.yaml,granite_good_dense,good,dense,favorable_or_mixed,moderate
granite_good_dense,43,80,80.5,34.25067748933933,32.408226679313636,40.94951652071684,40.94951652071685,32.56774905935313,42.89622821020422,0.9508643754416239,-1.6829284299861982,-0.021881423333589334,1.0475393082724802,1.9467116894873797,97,100.0,100.0,100.0,99.28374354700345,99.2988183843689,1.0,7,100.0,0.2,99.98026467728904,2,1.4,P32_derived_Jv_proxy,100.0,100.0,-0.7162564529965465,-0.7011816156310999,-0.7162564529965465,-0.7011816156310999,0.7162564529965465,0.7011816156310999,0.7162564529965465,0.7011816156310999,97,7,3,94,0.9690721649484536,0.030927835051546393,78.53981633974483,7.0,1.2350423583931078,1.0,1.0,0.03819718634205488,1.196845172051053,0.1205250376079654,0.1761348482960463,-0.05560981068808091,1,1,1,1,1,1,100.0,100.0,0.0,100.0,100.0,81,4.0,4.0,0.0,4.0,4.0,81,1.9897135971088737,1.9897135971088737,0.298046713993646,1.1657970500186328,2.722384869873179,81,1.214735707625665,1.214735707625665,0.274017286041273,0.75,1.8549011842194665,81,0.7882217612787384,0.7989123157448944,0.10410397492152428,0.5743403119666013,0.9804388142901096,81,1.0303202142754548,1.0055237973194058,0.29940702515844464,0.5,1.9305360718577538,81,34.25067748933933,32.408226679313636,11.993658269389364,17.0358474027715,78.27280395547717,81,40.94951652071684,40.94951652071685,7.105427357601002e-15,40.94951652071685,40.94951652071685,81,cases/granite_good_dense.yaml,granite_good_dense,good,dense,favorable_or_mixed,moderate
granite_good_dense,44,10,10.5,33.36071757854042,31.43636215159945,39.45076366047601,39.450763660476,34.714665482155866,43.22957189446938,1.0405850953423852,1.353947903615449,0.017277601055583736,1.0957854267794365,3.7788082339933737,87,100.0,100.0,100.0,100.0,98.72134854238526,1.2857142857142858,9,100.0,0.0,100.0,0,1.4,P32_derived_Jv_proxy,100.0,100.0,0.0,-1.2786514576147425,0.0,-1.2786514576147425,0.0,1.2786514576147425,0.0,1.2786514576147425,87,9,2,85,0.9770114942528736,0.022988505747126436,78.53981633974483,7.0,1.1077184039195915,1.2857142857142858,1.2857142857142858,0.025464790894703253,1.0822536130248883,0.09888791177970879,0.07119448706589582,0.027693424713812975,1,1,1,1,1,1,100.0,100.0,0.0,100.0,100.0,81,4.0,4.0,0.0,4.0,4.0,81,1.9795617041763505,1.9795617041763505,0.2985865797419898,1.3285695214506659,2.802367396294246,81,1.2544508144462023,1.2544508144462023,0.26968656240289723,0.75,1.880047273536425,81,0.8019218153839792,0.8138158416446175,0.09484961835015239,0.6027499718408068,1.0,81,1.0268927339001495,1.020030751678388,0.26052141440214915,0.5,1.623845060872137,81,33.36071757854042,31.43636215159945,11.302516187063969,15.419396018667022,67.45165836382373,81,39.45076366047601,39.450763660476,7.105427357601002e-15,39.450763660476,39.450763660476,81,cases/granite_good_dense.yaml,granite_good_dense,good,dense,favorable_or_mixed,moderate
granite_good_dense,44,20,20.5,34.162019877757245,32.107222632241985,39.33773181091896,39.33773181091896,35.877856261072196,39.20931107335965,1.05022643243739,1.7158363833149508,0.021282944552105887,0.9967354310569664,-0.12842073755930983,92,100.0,100.0,100.0,100.0,99.86631885255873,0.2857142857142857,2,100.0,0.3,99.95588995549635,3,1.4,P32_derived_Jv_proxy,100.0,100.0,0.0,-0.13368114744126558,0.0,-0.13368114744126558,0.0,0.13368114744126558,0.0,0.13368114744126558,92,2,1,91,0.9891304347826086,0.010869565217391304,78.53981633974483,7.0,1.1713803811563497,0.2857142857142857,0.2857142857142857,0.012732395447351627,1.158647985708998,0.12199715208680018,0.09063003822988946,0.03136711385691071,1,1,1,1,1,1,100.0,100.0,0.0,100.0,100.0,81,4.0,4.0,0.0,4.0,4.0,81,1.9731502372084335,1.9731502372084335,0.27543500200208,1.1386588066352696,2.582369399855663,81,1.2539806862102474,1.2539806862102474,0.28320076816771006,0.75,2.035649507382991,81,0.7926042906262378,0.7976252274649569,0.10425846163476121,0.5764582731527997,1.0,81,1.0009358353484568,0.9539375018243822,0.30665608675251504,0.5,1.9169707032654026,81,34.162019877757245,32.107222632241985,11.318755158009735,12.852615739342276,71.82786866355606,81,39.33773181091896,39.33773181091896,0.0,39.33773181091896,39.33773181091896,81,cases/granite_good_dense.yaml,granite_good_dense,good,dense,favorable_or_mixed,moderate
granite_good_dense,44,30,30.5,39.67150452709375,35.72272539472948,42.826760753024836,42.82676075302484,37.573989339627644,38.61814451335889,0.9471279142934041,-2.097515187466108,-0.02359136342513679,0.9017292887515737,-4.208616239665943,95,100.0,100.0,100.0,98.07268768462812,98.20901392441166,1.5714285714285714,11,100.0,0.2,99.98026467728904,2,1.4,P32_derived_Jv_proxy,100.0,100.0,-1.9273123153718785,-1.7909860755883358,-1.9273123153718785,-1.7909860755883358,1.9273123153718785,1.7909860755883358,1.9273123153718785,1.7909860755883358,95,11,9,86,0.9052631578947369,0.09473684210526316,78.53981633974483,7.0,1.2095775674984046,1.5714285714285714,1.5714285714285714,0.11459155902616464,1.0949860084722398,0.11813092093508404,0.09056186551531586,0.027569055419768174,1,1,1,1,1,1,100.0,100.0,0.0,100.0,100.0,81,4.0,4.0,0.0,4.0,4.0,81,2.06056071693845,2.06056071693845,0.3090066396410718,1.0903596723969367,2.73291869029683,81,1.2028464683690285,1.2028464683690285,0.3079057806654378,0.75,2.190124440962168,81,0.7956167862063868,0.8009992977554642,0.09185406114537087,0.5710365993698773,1.0,81,0.9480729027409732,0.96018036513672,0.28992481050192753,0.5,1.6458730853860284,81,39.67150452709375,35.72272539472948,13.53416515017219,20.434669882344036,71.70460578027108,81,42.826760753024836,42.82676075302484,7.105427357601002e-15,42.82676075302484,42.82676075302484,81,cases/granite_good_dense.yaml,granite_good_dense,good,dense,favorable_or_mixed,moderate
granite_good_dense,44,40,40.5,33.258453823588056,30.580522912596688,41.2934172299806,41.2934172299806,47.984740738993274,44.44219988349814,1.442783269285983,14.726286915405218,0.1592010975367435,1.076253864774151,3.148782653517543,115,100.0,100.0,100.0,98.51805789131772,99.2049760892065,1.0,7,100.0,0.1,99.99503320866597,1,1.4,P32_derived_Jv_proxy,100.0,100.0,-1.4819421086822757,-0.7950239107935033,-1.4819421086822757,-0.7950239107935033,1.4819421086822757,0.7950239107935033,1.4819421086822757,0.7950239107935033,115,7,4,111,0.9652173913043478,0.034782608695652174,78.53981633974483,7.0,1.464225476445437,1.0,1.0,0.05092958178940651,1.4132958946560306,0.11048555523705028,0.14678366675993026,-0.03629811152287998,0,1,1,1,1,1,100.0,100.0,0.0,100.0,100.0,81,4.0,4.0,0.0,4.0,4.0,81,1.9708863687640523,1.9708863687640523,0.2952616321296139,1.2821115941535859,2.73217363780394,81,1.1932206759417294,1.1932206759417294,0.2719301428734098,0.75,2.0150858976925408,81,0.7819141109825277,0.7872261924736107,0.11007218480666231,0.5459817076251031,1.0,81,1.0683914209201355,1.0688220218304751,0.308429715746079,0.5,1.8192772382454212,81,33.258453823588056,30.580522912596688,12.577558770945439,15.731303992233089,79.43630778483843,81,41.2934172299806,41.2934172299806,0.0,41.2934172299806,41.2934172299806,81,cases/granite_good_dense.yaml,granite_good_dense,good,dense,favorable_or_mixed,moderate
granite_good_dense,44,50,50.5,35.41842692372418,35.00940823495278,39.49463324919146,39.494633249191466,36.84224098688202,38.90795882446009,1.0401998108561994,1.4238140631578347,0.017116770469272513,0.985145464675422,-0.5866744247313704,112,100.0,100.0,100.0,97.38221739683563,99.11532901085494,1.1428571428571428,8,100.0,0.1,99.99503320866597,1,1.4,P32_derived_Jv_proxy,100.0,100.0,-2.617782603164372,-0.8846709891450644,-2.617782603164372,-0.8846709891450644,2.617782603164372,0.8846709891450644,2.617782603164372,0.8846709891450644,112,8,2,110,0.9821428571428571,0.017857142857142856,78.53981633974483,7.0,1.4260282901033823,1.1428571428571428,1.1428571428571428,0.025464790894703253,1.4005634992086788,0.09880166934126644,0.10028500650489447,-0.001483337163628029,1,1,1,1,1,1,100.0,100.0,0.0,100.0,100.0,81,4.0,4.0,0.0,4.0,4.0,81,2.037233930337268,2.037233930337268,0.2899759686011426,1.3614267174619716,2.9348467044688014,81,1.2895637728063813,1.2895637728063813,0.2908010970395746,0.75,1.9619017327567863,81,0.796950083535922,0.8000829031191969,0.10243365635177933,0.5689731793404341,0.9948789404152094,81,0.9811189233089843,0.9780559887053968,0.28227813051316036,0.5,1.5754214518439624,81,35.41842692372418,35.00940823495278,12.856423234712143,14.263730521363096,73.21233739047877,81,39.49463324919146,39.494633249191466,7.105427357601002e-15,39.494633249191466,39.494633249191466,81,cases/granite_good_dense.yaml,granite_good_dense,good,dense,favorable_or_mixed,moderate
granite_good_dense,44,60,60.5,37.58955662413105,34.49306573156047,41.667802891145264,41.66780289114527,38.21998098856715,40.710530919671676,1.0167712636448443,0.6304243644361023,0.007223263532546653,0.9770260991688378,-0.9572719714735882,95,100.0,100.0,100.0,99.31836290221592,99.48230775788286,0.8571428571428571,6,100.0,0.3,99.95588995549635,3,1.4,P32_derived_Jv_proxy,100.0,100.0,-0.6816370977840762,-0.5176922421171355,-0.6816370977840762,-0.5176922421171355,0.6816370977840762,0.5176922421171355,0.6816370977840762,0.5176922421171355,95,6,1,94,0.9894736842105263,0.010526315789473684,78.53981633974483,7.0,1.2095775674984046,0.8571428571428571,0.8571428571428571,0.012732395447351627,1.196845172051053,0.12160176095341446,0.030270547323898,0.09133121362951646,1,1,1,1,1,1,100.0,100.0,0.0,100.0,100.0,81,4.0,4.0,0.0,4.0,4.0,81,1.9877403635902173,1.9877403635902173,0.2733393704513227,1.258338188920933,2.620454758331552,81,1.1926116963636613,1.1926116963636613,0.25894884346262576,0.75,1.81286889136841,81,0.8082960877965973,0.791513377950939,0.09470225914104023,0.5894084851840085,1.0,81,0.9744390879034227,0.9637395905353442,0.2592359924869427,0.5,1.550239651642467,81,37.58955662413105,34.49306573156047,13.09486629914316,18.646539446115764,83.33560578229054,81,41.667802891145264,41.66780289114527,7.105427357601002e-15,41.66780289114527,41.66780289114527,81,cases/granite_good_dense.yaml,granite_good_dense,good,dense,favorable_or_mixed,moderate
granite_good_dense,44,70,70.5,34.28036400341038,31.534440805465422,40.28323853672262,40.28323853672262,39.78450843158079,41.02677250946796,1.1605626015996455,5.504144428170413,0.064668571587295,1.0184576513645378,0.7435339727453396,85,100.0,100.0,100.0,100.0,98.52618444536691,1.1428571428571428,8,100.0,0.2,99.98026467728904,2,1.4,P32_derived_Jv_proxy,100.0,100.0,0.0,-1.4738155546330916,0.0,-1.4738155546330916,0.0,1.4738155546330916,0.0,1.4738155546330916,85,8,3,82,0.9647058823529412,0.03529411764705882,78.53981633974483,7.0,1.0822536130248883,1.1428571428571428,1.1428571428571428,0.03819718634205488,1.0440564266828334,0.10178058001924772,0.11883731512502493,-0.01705673510577721,1,1,1,1,1,1,100.0,100.0,0.0,100.0,100.0,81,4.0,4.0,0.0,4.0,4.0,81,1.9487756413429893,1.9487756413429893,0.30684464094290326,1.1945039135673474,2.536328746842946,81,1.2094209106142653,1.2094209106142653,0.292548343104475,0.75,2.008638685773438,81,0.806467414278489,0.8119519209104149,0.10023291980877076,0.48292539730768297,1.0,81,1.0315315158795177,1.0160469517703485,0.27705113913975227,0.5,1.6485630276569154,81,34.28036400341038,31.534440805465422,11.842755860245926,15.515912277415593,69.45708620392195,81,40.28323853672262,40.28323853672262,0.0,40.28323853672262,40.28323853672262,81,cases/granite_good_dense.yaml,granite_good_dense,good,dense,favorable_or_mixed,moderate
granite_good_dense,44,80,80.5,37.479257375929485,31.860051552542103,42.15638534057921,42.156385340579206,42.29658677718389,43.367045317928365,1.1285332137970339,4.817329401254405,0.052514345298148246,1.028718306077912,1.2106599773491524,100,100.0,100.0,100.0,100.0,99.36565895808953,0.8571428571428571,6,100.0,0.2,99.98026467728904,2,1.4,P32_derived_Jv_proxy,100.0,100.0,0.0,-0.6343410419104742,0.0,-0.6343410419104742,0.0,0.6343410419104742,0.0,0.6343410419104742,100,6,1,99,0.99,0.01,78.53981633974483,7.0,1.2732395447351628,0.8571428571428571,0.8571428571428571,0.012732395447351627,1.260507149287811,0.11716254377515467,0.08576141626967748,0.03140112750547719,1,1,1,1,1,1,100.0,100.0,0.0,100.0,100.0,81,4.0,4.0,0.0,4.0,4.0,81,1.9905677266371395,1.9905677266371395,0.30654257622604875,1.224143637877364,2.6121765736289393,81,1.180466322334949,1.180466322334949,0.2849650306359512,0.75,1.9342852835258824,81,0.7925276088811809,0.7846327871923381,0.10392435573907845,0.4298937420596059,1.0,81,0.9978866316750348,0.9864483128072908,0.3025527133525175,0.5,1.9854061122953384,81,37.479257375929485,31.860051552542103,14.986847205885327,13.224504296197239,76.82546618506575,81,42.15638534057921,42.156385340579206,7.105427357601002e-15,42.156385340579206,42.156385340579206,81,cases/granite_good_dense.yaml,granite_good_dense,good,dense,favorable_or_mixed,moderate
granite_good_dense,45,10,10.5,35.747206006891396,32.871812603842386,39.78434412217576,39.78434412217576,36.22160452251558,39.944966121804136,1.013270925720257,0.47439851562418056,0.00572558140558499,1.0040373167680008,0.16062199962837553,116,100.0,100.0,100.0,98.83727156788827,98.95464614197192,1.2857142857142858,9,100.0,0.2,99.98026467728904,2,1.4,P32_derived_Jv_proxy,100.0,100.0,-1.1627284321117344,-1.0453538580280792,-1.1627284321117344,-1.0453538580280792,1.1627284321117344,1.0453538580280792,1.1627284321117344,1.0453538580280792,116,9,4,112,0.9655172413793104,0.034482758620689655,78.53981633974483,7.0,1.4769578718927887,1.2857142857142858,1.2857142857142858,0.05092958178940651,1.4260282901033823,0.09671601813014075,0.12200170160101909,-0.02528568347087834,1,1,1,1,1,1,100.0,100.0,0.0,100.0,100.0,81,4.0,4.0,0.0,4.0,4.0,81,1.9338041520132818,1.9338041520132818,0.2726595177889998,1.1937556818205979,2.677290104388904,81,1.2151791079392087,1.2151791079392087,0.281815932935885,0.75,1.8145884882263716,81,0.8060270265934809,0.8060997719780476,0.0981289942653053,0.6094251075947832,1.0,81,0.9690743200934044,0.9860881172679428,0.23514955213022293,0.5,1.4521896965602994,81,35.747206006891396,32.871812603842386,12.382498099478628,20.45748534128013,79.56868824435152,81,39.78434412217576,39.78434412217576,0.0,39.78434412217576,39.78434412217576,81,cases/granite_good_dense.yaml,granite_good_dense,good,dense,favorable_or_mixed,moderate
granite_good_dense,45,20,20.5,34.686408572023424,31.58446935916009,40.144271633430236,40.144271633430236,39.66663701882937,50.51613548154264,1.1435786710654958,4.9802284468059455,0.058266046716606956,1.2583647286671709,10.371863848112405,100,100.0,100.0,100.0,99.00108770935412,99.23197781064826,1.1428571428571428,8,100.0,0.2,99.98026467728904,2,1.4,P32_derived_Jv_proxy,100.0,100.0,-0.998912290645876,-0.7680221893517398,-0.998912290645876,-0.7680221893517398,0.998912290645876,0.7680221893517398,0.998912290645876,0.7680221893517398,100,8,3,97,0.97,0.03,78.53981633974483,7.0,1.2732395447351628,1.1428571428571428,1.1428571428571428,0.03819718634205488,1.2350423583931078,0.11637074354827404,0.10053990883896624,0.015830834709307795,1,1,1,0,1,1,100.0,100.0,0.0,100.0,100.0,81,4.0,4.0,0.0,4.0,4.0,81,1.9738328689093805,1.9738328689093805,0.30466014253370893,1.3366976484054918,2.9954811179241774,81,1.2292120323747926,1.2292120323747926,0.2987118122444972,0.75,1.9910023217880262,81,0.8059195876569065,0.8137254506699874,0.09750199308083524,0.5453001289969084,1.0,81,1.0263776499748374,1.01128190463088,0.2983743671138117,0.5,1.7066015557977483,81,34.686408572023424,31.58446935916009,12.469893569527212,15.095330748495734,70.33042900090558,81,40.144271633430236,40.144271633430236,0.0,40.144271633430236,40.144271633430236,81,cases/granite_good_dense.yaml,granite_good_dense,good,dense,favorable_or_mixed,moderate
granite_good_dense,45,30,30.5,36.91066240001442,34.44733638033104,42.71310291845549,42.713102918455476,38.673531346401944,43.632852072653044,1.047760425626684,1.7628689463875276,0.020261990927606943,1.0215331851669374,0.9197491541975538,90,99.03067423053223,99.03067423053223,99.03067423053223,98.73839107469072,99.04848843713432,1.2857142857142858,9,99.03067423053223,0.5,99.87908957257498,5,1.4,P32_derived_Jv_proxy,100.0,99.03067423053223,-0.29228315584150266,0.01781420660209676,-1.2616089253092753,-0.9515115628656758,0.29228315584150266,0.01781420660209676,1.2616089253092753,0.9515115628656758,90,9,2,88,0.9777777777777777,0.022222222222222223,78.53981633974483,7.0,1.1459155902616465,1.2857142857142858,1.2857142857142858,0.025464790894703253,1.1204507993669433,0.11987319539461527,0.07629972372139371,0.043573471673221564,1,1,1,1,1,1,99.03067423053223,99.03067423053223,0.0,99.03067423053223,99.03067423053223,81,4.0,4.0,0.0,4.0,4.0,81,1.9972602274215319,1.9972602274215319,0.3472893987555377,1.0899123899611118,3.0981447527908244,81,1.1576659936939357,1.1576659936939357,0.26780004716067435,0.75,1.920005500859799,81,0.7908354427875979,0.792088044165405,0.1050643729298537,0.49350796437265254,1.0,81,0.9944747912067878,0.9589063323497966,0.29134249139654106,0.5,1.87351623010259,81,36.91066240001442,34.44733638033104,11.955070760846736,14.256484272076973,75.93212471093581,81,42.71310291845549,42.713102918455476,1.4210854715202004e-14,42.713102918455476,42.713102918455476,81,cases/granite_good_dense.yaml,granite_good_dense,good,dense,favorable_or_mixed,moderate
granite_good_dense,45,40,40.5,34.41498155251631,33.56985566183028,41.00926249688986,41.00926249688987,34.2592020579449,39.568968310104125,0.9954734976587537,-0.15577949457141216,-0.0019702976393556337,0.9648788078816348,-1.440294186785735,93,100.0,100.0,100.0,100.0,99.79947827883811,0.42857142857142855,3,100.0,0.2,99.98026467728904,2,1.4,P32_derived_Jv_proxy,100.0,100.0,0.0,-0.20052172116189126,0.0,-0.20052172116189126,0.0,0.20052172116189126,0.0,0.20052172116189126,93,3,1,92,0.989247311827957,0.010752688172043012,78.53981633974483,7.0,1.1841127766037014,0.42857142857142855,0.42857142857142855,0.012732395447351627,1.1713803811563497,0.12808188056992842,0.08404298395577603,0.04403889661415239,1,1,1,1,1,1,100.0,100.0,0.0,100.0,100.0,81,4.0,4.0,0.0,4.0,4.0,81,1.9965752107227086,1.9965752107227086,0.2751068185197812,1.3431309021935942,2.6854117094778673,81,1.2171489373127158,1.2171489373127158,0.2985343824763756,0.75,2.076213767733387,81,0.7980556662498804,0.8048286824789156,0.08837937275988537,0.5793810201562046,1.0,81,1.02545014036247,0.9982230999857405,0.27418813598053193,0.5,1.7355619195179905,81,34.41498155251631,33.56985566183028,11.034668012265213,16.581712124778534,75.42429318269227,81,41.00926249688986,41.00926249688987,7.105427357601002e-15,41.00926249688987,41.00926249688987,81,cases/granite_good_dense.yaml,granite_good_dense,good,dense,favorable_or_mixed,moderate
granite_good_dense,45,50,50.5,35.047980561748716,32.8172967369952,40.86325804472633,40.86325804472633,29.693249513161224,41.659577736641936,0.8472171302665115,-5.354731048587492,-0.07200527161515247,1.0194874253796407,0.7963196919156061,94,100.0,100.0,100.0,99.1697122815732,99.20497608920651,1.0,7,100.0,0.1,99.99503320866597,1,1.4,P32_derived_Jv_proxy,100.0,100.0,-0.8302877184268027,-0.7950239107934891,-0.8302877184268027,-0.7950239107934891,0.8302877184268027,0.7950239107934891,0.8302877184268027,0.7950239107934891,94,7,1,93,0.9893617021276596,0.010638297872340425,78.53981633974483,7.0,1.196845172051053,1.0,1.0,0.012732395447351627,1.1841127766037014,0.0994098283616539,0.09462566029864605,0.004784168063007854,1,1,1,1,1,1,100.0,100.0,0.0,100.0,100.0,81,4.0,4.0,0.0,4.0,4.0,81,2.004250859599963,2.004250859599963,0.3361507635615086,1.1991038067293394,2.801532466724229,81,1.2261937468411337,1.2261937468411337,0.2967553796170598,0.75,1.987947054296536,81,0.8012127382367588,0.8098271675870993,0.09117407903712385,0.5847014180299401,1.0,81,1.019414050630217,1.012616248173167,0.2886762777256382,0.5,1.8167993444256842,81,35.047980561748716,32.8172967369952,11.815846396553901,17.36235297436584,72.87962326589394,81,40.86325804472633,40.86325804472633,0.0,40.86325804472633,40.86325804472633,81,cases/granite_good_dense.yaml,granite_good_dense,good,dense,favorable_or_mixed,moderate
granite_good_dense,45,60,60.5,36.38178111090547,32.92599429038668,41.794133762304774,41.79413376230477,54.817578205600476,47.49223449687069,1.50673157090621,18.435797094695005,0.17803588824170058,1.1363373330566593,5.698100734565912,89,100.0,100.0,100.0,100.0,99.61598890532413,0.5714285714285714,4,100.0,0.2,99.98026467728904,2,1.4,P32_derived_Jv_proxy,100.0,100.0,0.0,-0.3840110946758699,0.0,-0.3840110946758699,0.0,0.3840110946758699,0.0,0.3840110946758699,89,4,2,87,0.9775280898876404,0.02247191011235955,78.53981633974483,7.0,1.1331831948142947,0.5714285714285714,0.5714285714285714,0.025464790894703253,1.1077184039195915,0.13107426240407638,0.12584097811042705,0.005233284293649332,0,0,1,1,1,1,100.0,100.0,0.0,100.0,100.0,81,4.0,4.0,0.0,4.0,4.0,81,2.0096691761104797,2.0096691761104797,0.2920086800175768,1.314346208488817,2.7184369196494194,81,1.2021239556848127,1.2021239556848127,0.2684336795575923,0.75,1.8464864493755262,81,0.8029253311314399,0.8042359229241599,0.10626158553941549,0.4225862346985866,1.0,81,1.0107282763038845,1.034360213404987,0.29056271041244996,0.5,1.6279070758444838,81,36.38178111090547,32.92599429038668,12.464199287826293,18.060953895707076,73.85480495134426,81,41.794133762304774,41.79413376230477,7.105427357601002e-15,41.79413376230477,41.79413376230477,81,cases/granite_good_dense.yaml,granite_good_dense,good,dense,favorable_or_mixed,moderate
granite_good_dense,45,70,70.5,36.1310997149201,33.09068307649136,40.93143756392725,40.93143756392724,41.03955788052276,39.61459306428516,1.1358513359496707,4.90845816560266,0.055321493169272484,0.9678280417689845,-1.3168444996420874,102,100.0,100.0,100.0,95.56579367299875,98.8379973421786,1.2857142857142858,9,100.0,0.3,99.95588995549635,3,1.4,P32_derived_Jv_proxy,100.0,100.0,-4.434206327001249,-1.1620026578214038,-4.434206327001249,-1.1620026578214038,4.434206327001249,1.1620026578214038,4.434206327001249,1.1620026578214038,102,9,2,100,0.9803921568627451,0.0196078431372549,78.53981633974483,7.0,1.298704335629866,1.2857142857142858,1.2857142857142858,0.025464790894703253,1.2732395447351628,0.10161043993648189,0.10413026187995178,-0.002519821943469891,1,1,1,1,1,1,100.0,100.0,0.0,100.0,100.0,81,4.0,4.0,0.0,4.0,4.0,81,2.0045862521833664,2.0045862521833664,0.2918411137967903,1.2926398399105115,2.716649257401396,81,1.2243561254430524,1.2243561254430524,0.2835665389253376,0.75,1.9629755457875997,81,0.7887138922376852,0.7892155986468893,0.08964824332112947,0.5842022247712462,0.9729645670902034,81,0.9861262284072244,1.0064117337161205,0.28744346021374323,0.5,1.8309649498877223,81,36.1310997149201,33.09068307649136,13.363501866719842,15.900842003029938,73.94263590465276,81,40.93143756392725,40.93143756392724,7.105427357601002e-15,40.93143756392724,40.93143756392724,81,cases/granite_good_dense.yaml,granite_good_dense,good,dense,favorable_or_mixed,moderate
granite_good_dense,45,80,80.5,34.33171225884067,33.23656289080086,39.749009540739685,39.749009540739685,43.64186263474358,42.83248587169822,1.271182232500084,9.310150375902914,0.10420781404427548,1.077573664516048,3.0834763309585327,90,100.0,100.0,100.0,98.9072069219421,98.73667554032262,1.1428571428571428,8,100.0,0.3,99.95588995549635,3,1.4,P32_derived_Jv_proxy,100.0,100.0,-1.0927930780578947,-1.2633244596773778,-1.0927930780578947,-1.2633244596773778,1.0927930780578947,1.2633244596773778,1.0927930780578947,1.2633244596773778,90,8,5,85,0.9444444444444444,0.05555555555555555,78.53981633974483,7.0,1.1459155902616465,1.1428571428571428,1.1428571428571428,0.06366197723675814,1.0822536130248883,0.10417639671423173,0.11797964357117674,-0.013803246856945006,0,1,1,1,1,1,100.0,100.0,0.0,100.0,100.0,81,4.0,4.0,0.0,4.0,4.0,81,1.9561309384575751,1.9561309384575751,0.2598046704937325,1.2664831964891001,2.5431497983394267,81,1.230301686166979,1.230301686166979,0.306344485460624,0.75,2.154784491957599,81,0.7991908657177667,0.8017910978610264,0.09011572875482018,0.5553439965846448,0.9724056862387129,81,0.9902659152233316,0.9531798228796081,0.264592291677036,0.5,1.8746699564544593,81,34.33171225884067,33.23656289080086,9.91447415424976,17.310404126367334,65.77961095907091,81,39.749009540739685,39.749009540739685,0.0,39.749009540739685,39.749009540739685,81,cases/granite_good_dense.yaml,granite_good_dense,good,dense,favorable_or_mixed,moderate
granite_good_dense,46,10,10.5,38.35098645114026,35.24807679168953,43.24152492097064,43.24152492097065,36.49146629521206,41.3222923561534,0.9515131075364317,-1.8595201559282017,-0.021585224726897945,0.955615983286323,-1.9192325648172428,115,100.0,100.0,100.0,99.2313073381131,98.44401687370892,1.4285714285714286,10,100.0,0.3,99.95588995549635,3,1.4,P32_derived_Jv_proxy,100.0,100.0,-0.7686926618869023,-1.555983126291082,-0.7686926618869023,-1.555983126291082,0.7686926618869023,1.555983126291082,0.7686926618869023,1.555983126291082,115,10,1,114,0.991304347826087,0.008695652173913044,78.53981633974483,7.0,1.464225476445437,1.4285714285714286,1.4285714285714286,0.012732395447351627,1.4514930809980855,0.11494029110806114,0.0629244286203573,0.052015862487703846,1,1,1,1,1,1,100.0,100.0,0.0,100.0,100.0,81,4.0,4.0,0.0,4.0,4.0,81,2.012381691989067,2.012381691989067,0.2986865581799354,1.2320205859195223,2.753932630504851,81,1.1634543969407583,1.1634543969407583,0.2701150779357076,0.75,1.8066294750396914,81,0.8038887247741698,0.8052836183359674,0.09326406989458003,0.5526421459574864,0.9868796435660293,81,0.9904978810249957,0.9888418379729597,0.2726169822972747,0.5,1.6033001160395262,81,38.35098645114026,35.24807679168953,13.138061662136876,19.761886709858793,69.92595677081307,81,43.24152492097064,43.24152492097065,7.105427357601002e-15,43.24152492097065,43.24152492097065,81,cases/granite_good_dense.yaml,granite_good_dense,good,dense,favorable_or_mixed,moderate
granite_good_dense,46,20,20.5,34.111804338797235,31.03958278224718,39.04358969184048,39.04358969184048,41.25308664815564,41.3139631220062,1.2093492985135421,7.141282309358402,0.0825517570288421,1.0581497103131425,2.2703734301657192,92,100.0,100.0,100.0,97.42649656494207,99.73263770511745,0.5714285714285714,4,100.0,0.1,99.99503320866597,1,1.4,P32_derived_Jv_proxy,100.0,100.0,-2.5735034350579298,-0.26736229488254537,-2.5735034350579298,-0.26736229488254537,2.5735034350579298,0.26736229488254537,2.5735034350579298,0.26736229488254537,92,4,2,90,0.9782608695652174,0.021739130434782608,78.53981633974483,7.0,1.1713803811563497,0.5714285714285714,0.5714285714285714,0.025464790894703253,1.1459155902616465,0.10145629866909633,0.050126419572253944,0.05132987909684239,1,1,1,1,1,1,100.0,100.0,0.0,100.0,100.0,81,4.0,4.0,0.0,4.0,4.0,81,1.9691642283478312,1.9691642283478312,0.29027472687523515,1.168313896677045,2.7922525338720616,81,1.2608755008759842,1.2608755008759842,0.30578689874605774,0.75,1.9984023676247642,81,0.8087695502334036,0.8029047295225257,0.08617360811198777,0.5981627773466084,1.0,81,1.011191035743194,1.0183557388348117,0.2691877677920203,0.5,1.5640752255381538,81,34.111804338797235,31.03958278224718,11.953236913948203,16.79588649918592,70.19053711449779,81,39.04358969184048,39.04358969184048,0.0,39.04358969184048,39.04358969184048,81,cases/granite_good_dense.yaml,granite_good_dense,good,dense,favorable_or_mixed,moderate
granite_good_dense,46,30,30.5,34.49196942064731,31.55471107612437,40.98957262322687,40.98957262322687,40.41062739738707,44.33705589184503,1.1715952459704078,5.918657976739759,0.06877760075878636,1.0816667033683904,3.347483268618163,106,100.0,100.0,100.0,99.00940882678476,99.27181666292714,0.8571428571428571,6,100.0,0.5,99.87908957257498,5,1.4,P32_derived_Jv_proxy,100.0,100.0,-0.9905911732152362,-0.7281833370728634,-0.9905911732152362,-0.7281833370728634,0.9905911732152362,0.7281833370728634,0.9905911732152362,0.7281833370728634,106,6,3,103,0.9716981132075472,0.02830188679245283,78.53981633974483,7.0,1.3496339174192724,0.8571428571428571,0.8571428571428571,0.03819718634205488,1.3114367310772175,0.13158371989350315,0.10876639994729376,0.02281731994620939,1,1,1,1,1,1,100.0,100.0,0.0,100.0,100.0,81,4.0,4.0,0.0,4.0,4.0,81,2.0148525592656616,2.0148525592656616,0.2889965865900919,1.4174495008620158,2.643601352881059,81,1.228881170454031,1.228881170454031,0.2913351506747966,0.75,1.9984023676247642,81,0.7800158918433447,0.791890722205356,0.08803516757297734,0.5717943937834866,1.0,81,1.0219497284457337,0.9774296978570125,0.30847397153423206,0.5,1.914428715240052,81,34.49196942064731,31.55471107612437,12.2719226290234,15.598194446392439,80.07409286179745,81,40.98957262322687,40.98957262322687,0.0,40.98957262322687,40.98957262322687,81,cases/granite_good_dense.yaml,granite_good_dense,good,dense,favorable_or_mixed,moderate
granite_good_dense,46,40,40.5,36.44686116988408,34.30088071751975,40.700319326233604,40.700319326233604,36.63151218211259,44.58205457928445,1.0050663076682467,0.18465101222850677,0.0021947145967926573,1.0953735822546449,3.8817352530508487,91,100.0,100.0,100.0,98.3615074415732,97.98318794248357,1.5714285714285714,11,100.0,0.3,99.95588995549635,3,1.4,P32_derived_Jv_proxy,100.0,100.0,-1.6384925584268046,-2.0168120575164323,-1.6384925584268046,-2.0168120575164323,1.6384925584268046,2.0168120575164323,1.6384925584268046,2.0168120575164323,91,11,5,86,0.945054945054945,0.054945054945054944,78.53981633974483,7.0,1.158647985708998,1.5714285714285714,1.5714285714285714,0.06366197723675814,1.0949860084722398,0.10073243223788608,0.10321167442436308,-0.002479242186476993,1,1,1,1,1,1,100.0,100.0,0.0,100.0,100.0,81,4.0,4.0,0.0,4.0,4.0,81,2.0045647670813875,2.0045647670813875,0.32600025446708086,1.2220065166886704,2.705591664214744,81,1.2312954789210553,1.2312954789210553,0.3009834288811627,0.75,2.1283836862281773,81,0.7918976228246617,0.7849144313646687,0.09819728648385748,0.5745079920732349,1.0,81,0.9630660207461456,0.9697475098775562,0.2607866047277147,0.5,1.6192382087571746,81,36.44686116988408,34.30088071751975,12.411416912875973,18.789111596627116,70.76064016760505,81,40.700319326233604,40.700319326233604,0.0,40.700319326233604,40.700319326233604,81,cases/granite_good_dense.yaml,granite_good_dense,good,dense,favorable_or_mixed,moderate
granite_good_dense,46,50,50.5,33.81955668966573,32.28825654709541,40.36266373388827,40.36266373388826,39.8943007220277,43.13479058674618,1.179622225332665,6.07474403236197,0.07174294652506741,1.0686804733982522,2.772126852857909,102,100.0,100.0,100.0,98.13436418216823,98.9546461419719,1.2857142857142858,9,100.0,0.4,99.92210167184162,4,1.4,P32_derived_Jv_proxy,100.0,100.0,-1.8656358178317731,-1.0453538580280934,-1.8656358178317731,-1.0453538580280934,1.8656358178317731,1.0453538580280934,1.8656358178317731,1.0453538580280934,102,9,4,98,0.9607843137254902,0.0392156862745098,78.53981633974483,7.0,1.298704335629866,1.2857142857142858,1.2857142857142858,0.05092958178940651,1.2477747538404593,0.11772174058787499,0.11335489656227327,0.004366844025601724,1,1,1,1,1,1,100.0,100.0,0.0,100.0,100.0,81,4.0,4.0,0.0,4.0,4.0,81,1.9687207273277387,1.9687207273277387,0.3188222764939229,1.043253796575041,2.551947983041571,81,1.2193946987168318,1.2193946987168318,0.2730439617770244,0.75,1.8591819574008301,81,0.7951165162978675,0.7862781796205821,0.10408543729640782,0.5175855933623318,1.0,81,1.0215992832998593,1.0142125739765817,0.26320936718732524,0.5,1.5722320277783246,81,33.81955668966573,32.28825654709541,10.507961895576493,17.256380060086784,63.044544008840674,81,40.36266373388827,40.36266373388826,7.105427357601002e-15,40.36266373388826,40.36266373388826,81,cases/granite_good_dense.yaml,granite_good_dense,good,dense,favorable_or_mixed,moderate
granite_good_dense,46,60,60.5,33.64534883564609,30.072462150753132,39.950328159609406,39.95032815960941,35.44790118399959,44.97898262991418,1.0535750827598422,1.802552348353501,0.02266549093259207,1.1258726699368853,5.028654470304772,101,100.0,100.0,100.0,99.65527058166062,99.23197781064827,1.1428571428571428,8,100.0,0.3,99.95588995549635,3,1.4,P32_derived_Jv_proxy,100.0,100.0,-0.34472941833938364,-0.7680221893517256,-0.34472941833938364,-0.7680221893517256,0.34472941833938364,0.7680221893517256,0.34472941833938364,0.7680221893517256,101,8,4,97,0.9603960396039604,0.039603960396039604,78.53981633974483,7.0,1.2859719401825143,1.1428571428571428,1.1428571428571428,0.05092958178940651,1.2350423583931078,0.09766949525141777,0.08347695574665526,0.014192539504762514,1,1,1,1,1,1,100.0,100.0,0.0,100.0,100.0,81,4.0,4.0,0.0,4.0,4.0,81,2.004583130463972,2.004583130463972,0.28907131018201154,1.4174932120528183,2.788012669980631,81,1.254422193013827,1.254422193013827,0.2825979734218596,0.75,1.9396155768261787,81,0.7957570376926351,0.802935152889684,0.1033861917044928,0.5654754441669947,1.0,81,1.0408239444103646,1.0459493450807615,0.2914762145419057,0.5,1.647019783977109,81,33.64534883564609,30.072462150753132,12.483924237635108,16.25690985732686,69.65704049018828,81,39.950328159609406,39.95032815960941,7.105427357601002e-15,39.95032815960941,39.95032815960941,81,cases/granite_good_dense.yaml,granite_good_dense,good,dense,favorable_or_mixed,moderate
granite_good_dense,46,70,70.5,37.62129436254992,33.720935849090964,42.45243244671972,42.45243244671971,41.24238660812731,44.923491144054715,1.0962511340168564,3.621092245577394,0.039910055630205,1.0582077057760193,2.471058697334996,99,100.0,100.0,100.0,100.0,99.5491483316035,0.7142857142857143,5,100.0,0.5,99.87908957257498,5,1.4,P32_derived_Jv_proxy,100.0,100.0,0.0,-0.4508516683964956,0.0,-0.4508516683964956,0.0,0.4508516683964956,0.0,0.4508516683964956,99,5,4,95,0.9595959595959596,0.04040404040404041,78.53981633974483,7.0,1.260507149287811,0.7142857142857143,0.7142857142857143,0.05092958178940651,1.2095775674984046,0.11089992784126379,0.12350655543712252,-0.012606627595858733,1,1,1,1,1,1,100.0,100.0,0.0,100.0,100.0,81,4.0,4.0,0.0,4.0,4.0,81,2.007792173027621,2.007792173027621,0.31335667390046984,1.291176390238238,2.9352566164758542,81,1.182377579628398,1.182377579628398,0.249454548630826,0.75,1.7864719912856177,81,0.8000907603125308,0.8063975937763108,0.10318413823005129,0.5888109468335544,1.0,81,0.9991560793918962,1.0087301645870042,0.2936155999178232,0.5,1.6276252409054266,81,37.62129436254992,33.720935849090964,13.945135190260965,19.892324360995357,84.90486489343942,81,42.45243244671972,42.45243244671971,7.105427357601002e-15,42.45243244671971,42.45243244671971,81,cases/granite_good_dense.yaml,granite_good_dense,good,dense,favorable_or_mixed,moderate
granite_good_dense,46,80,80.5,35.88972991204579,32.573273943206466,41.52443687235341,41.52443687235341,40.51228635325521,41.03564553614128,1.1287988639796909,4.622556441209426,0.052616563673647976,0.9882288268540599,-0.488791336212131,98,100.0,100.0,100.0,100.0,99.7994782788381,0.42857142857142855,3,100.0,0.1,99.99503320866597,1,1.4,P32_derived_Jv_proxy,100.0,100.0,0.0,-0.20052172116190548,0.0,-0.20052172116190548,0.0,0.20052172116190548,0.0,0.20052172116190548,98,3,1,97,0.9897959183673469,0.01020408163265306,78.53981633974483,7.0,1.2477747538404593,0.42857142857142855,0.42857142857142855,0.012732395447351627,1.2350423583931078,0.14899106170374954,0.11799371798437808,0.030997343719371462,1,1,1,1,1,1,100.0,100.0,0.0,100.0,100.0,81,4.0,4.0,0.0,4.0,4.0,81,2.0022495320978564,2.0022495320978564,0.2838125125163206,1.3062553664045489,2.7433180280192677,81,1.2054645907979404,1.2054645907979404,0.27868306814573807,0.75,2.210276331901732,81,0.7783586508369653,0.778739810876117,0.10682066825708778,0.5189807029041008,1.0,81,0.9934450014940739,1.0075975264683361,0.287922604049271,0.5,1.6299028307777899,81,35.88972991204579,32.573273943206466,13.417264500585844,16.79006669410055,83.04887374470682,81,41.52443687235341,41.52443687235341,0.0,41.52443687235341,41.52443687235341,81,cases/granite_good_dense.yaml,granite_good_dense,good,dense,favorable_or_mixed,moderate
granite_good_dense,47,10,10.5,36.82470561513027,35.444230311558705,41.21314386643343,41.21314386643344,28.231813055547075,37.396884737888705,0.7666541411249569,-8.592892559583195,-0.1154005141169625,0.9074018924420633,-3.816259128544722,96,100.0,100.0,100.0,97.05367735068738,98.58766739494399,1.5714285714285714,11,100.0,0.2,99.98026467728904,2,1.4,P32_derived_Jv_proxy,100.0,100.0,-2.94632264931262,-1.412332605056008,-2.94632264931262,-1.412332605056008,2.94632264931262,1.412332605056008,2.94632264931262,1.412332605056008,96,11,3,93,0.96875,0.03125,78.53981633974483,7.0,1.2223099629457561,1.5714285714285714,1.5714285714285714,0.03819718634205488,1.1841127766037014,0.1056178903786491,0.08959789901354331,0.01601999136510579,0,1,1,1,1,1,100.0,100.0,0.0,100.0,100.0,81,4.0,4.0,0.0,4.0,4.0,81,1.9897546667889283,1.9897546667889283,0.302123875883433,1.3211228655236447,2.7585975713936524,81,1.2069903434432654,1.2069903434432654,0.2531631982629587,0.75,1.7839497653799175,81,0.8089080293811967,0.7949763224522894,0.09826888455299249,0.5318379943918443,1.0,81,1.0083009705827928,0.922535566224743,0.3309949397890558,0.5,1.8902504458979594,81,36.82470561513027,35.444230311558705,13.24151784874701,15.825467555245652,79.38959039895354,81,41.21314386643343,41.21314386643344,1.4210854715202004e-14,41.21314386643344,41.21314386643344,81,cases/granite_good_dense.yaml,granite_good_dense,good,dense,favorable_or_mixed,moderate
granite_good_dense,47,20,20.5,33.49397899596638,29.800988558439293,41.39422596872549,41.39422596872549,38.18225000529747,44.82520081012173,1.1399735459885398,4.688271009331089,0.056894773297433865,1.0828853484055587,3.4309748413962353,105,100.0,100.0,100.0,97.00628821519003,99.11532901085492,1.1428571428571428,8,100.0,0.1,99.99503320866597,1,1.4,P32_derived_Jv_proxy,100.0,100.0,-2.9937117848099746,-0.8846709891450786,-2.9937117848099746,-0.8846709891450786,2.9937117848099746,0.8846709891450786,2.9937117848099746,0.8846709891450786,105,8,4,101,0.9619047619047619,0.0380952380952381,78.53981633974483,7.0,1.336901521971921,1.1428571428571428,1.1428571428571428,0.05092958178940651,1.2859719401825143,0.12947844685264487,0.07287052538948613,0.05660792146315874,1,1,1,1,1,1,100.0,100.0,0.0,100.0,100.0,81,4.0,4.0,0.0,4.0,4.0,81,1.976039068699846,1.976039068699846,0.28463962537374965,1.1098665277265698,2.5275087495942636,81,1.1934267536448195,1.1934267536448195,0.2664211774077531,0.75,1.8282386224123273,81,0.7952708205609522,0.7890438151584972,0.09100439780163969,0.5883143569511564,1.0,81,1.0718930519267948,1.0797772457288954,0.2807788641735918,0.5,1.667658798918481,81,33.49397899596638,29.800988558439293,11.703066356226634,14.602997596435804,67.93908515566112,81,41.39422596872549,41.39422596872549,0.0,41.39422596872549,41.39422596872549,81,cases/granite_good_dense.yaml,granite_good_dense,good,dense,favorable_or_mixed,moderate
granite_good_dense,47,30,30.5,34.64181730012115,31.134066240210686,39.79453261797296,39.79453261797297,34.32500855270228,42.09363350747568,0.9908547307240212,-0.3168087474188681,-0.003990012789709674,1.0577742905432277,2.299100889502718,98,100.0,100.0,100.0,96.91052456425643,98.83799734217858,1.2857142857142858,9,100.0,0.0,100.0,0,1.4,P32_derived_Jv_proxy,100.0,100.0,-3.089475435743566,-1.162002657821418,-3.089475435743566,-1.162002657821418,3.089475435743566,1.162002657821418,3.089475435743566,1.162002657821418,98,9,3,95,0.9693877551020408,0.030612244897959183,78.53981633974483,7.0,1.2477747538404593,1.2857142857142858,1.2857142857142858,0.03819718634205488,1.2095775674984046,0.11578646333660947,0.11334969327044575,0.002436770066163718,1,1,1,1,1,1,100.0,100.0,0.0,100.0,100.0,81,4.0,4.0,0.0,4.0,4.0,81,2.0143106854645496,2.0143106854645496,0.28962419021876545,1.425146741536545,2.955341458296894,81,1.2654443669447684,1.2654443669447684,0.2836340963282303,0.75,1.8729008041452182,81,0.7873844413289043,0.7657799896578825,0.08929412439927069,0.6371549749684965,1.0,81,0.9911139555059092,0.9983837533221154,0.27417052103122,0.5,1.5806110025729119,81,34.64181730012115,31.134066240210686,12.629512910347877,16.752877802334588,74.74075230038714,81,39.79453261797296,39.79453261797297,7.105427357601002e-15,39.79453261797297,39.79453261797297,81,cases/granite_good_dense.yaml,granite_good_dense,good,dense,favorable_or_mixed,moderate
granite_good_dense,47,40,40.5,35.30170238357349,31.669127917370417,39.966386032026456,39.96638603202646,35.0273532695992,37.83952261808364,0.9922284452179295,-0.2743491139742886,-0.0033883267615293367,0.946783694371603,-2.1268634139428144,81,100.0,100.0,100.0,97.75587320067079,98.67731447329554,1.4285714285714286,10,100.0,0.3,99.95588995549635,3,1.4,P32_derived_Jv_proxy,100.0,100.0,-2.2441267993292087,-1.3226855267044613,-2.2441267993292087,-1.3226855267044613,2.2441267993292087,1.3226855267044613,2.2441267993292087,1.3226855267044613,81,10,7,74,0.9135802469135802,0.08641975308641975,78.53981633974483,7.0,1.0313240312354817,1.4285714285714286,1.4285714285714286,0.08912676813146139,0.9421972631040204,0.12039591890446,0.08474088382239553,0.03565503508206447,1,1,1,1,1,1,100.0,100.0,0.0,100.0,100.0,81,4.0,4.0,0.0,4.0,4.0,81,1.939148757980336,1.939148757980336,0.2949610946651253,1.0963908306002081,2.5791721061120385,81,1.2129873066496606,1.2129873066496606,0.2803805422297768,0.75,1.857268622105621,81,0.7972690592383376,0.7760565735779124,0.10247842924309968,0.5298984474827102,1.0,81,0.9969798289085633,0.9854340984229107,0.2974810228355977,0.5,1.7376234100160857,81,35.30170238357349,31.669127917370417,12.943528366037354,16.125475648219755,77.82450133198272,81,39.966386032026456,39.96638603202646,7.105427357601002e-15,39.96638603202646,39.96638603202646,81,cases/granite_good_dense.yaml,granite_good_dense,good,dense,favorable_or_mixed,moderate
granite_good_dense,47,50,50.5,36.94305895511031,34.70612413220752,42.36944876609083,42.36944876609082,47.150861176736655,46.00496462335258,1.2763117757527846,10.207802221626345,0.10595677622660782,1.0858051252290857,3.635515857261751,74,100.0,100.0,100.0,99.95753518003646,99.61598890532413,0.5714285714285714,4,100.0,0.1,99.99503320866597,1,1.4,P32_derived_Jv_proxy,100.0,100.0,-0.042464819963541345,-0.3840110946758699,-0.042464819963541345,-0.3840110946758699,0.042464819963541345,0.3840110946758699,0.042464819963541345,0.3840110946758699,74,4,0,74,1.0,0.0,78.53981633974483,7.0,0.9421972631040204,0.5714285714285714,0.5714285714285714,0.0,0.9421972631040204,0.12451939925680688,0.11598258099417114,0.008536818262635748,0,1,1,1,1,1,100.0,100.0,0.0,100.0,100.0,81,4.0,4.0,0.0,4.0,4.0,81,1.9740275823701736,1.9740275823701736,0.324683573238495,1.0587438032120122,2.5744059058633315,81,1.1647706306424914,1.1647706306424914,0.2612206958255572,0.75,1.88743095975981,81,0.8011436671212637,0.8065709509784248,0.10632814008608729,0.48720500436414005,1.0,81,0.9904353285678427,0.965021836205072,0.2514883160570266,0.5,1.6537488025322318,81,36.94305895511031,34.70612413220752,12.109071255528558,16.7348304525522,77.48017980125012,81,42.36944876609083,42.36944876609082,7.105427357601002e-15,42.36944876609082,42.36944876609082,81,cases/granite_good_dense.yaml,granite_good_dense,good,dense,favorable_or_mixed,moderate
granite_good_dense,47,60,60.5,34.95364574898859,30.784263441199133,40.278931550920326,40.27893155092032,30.75005398568231,43.53029069595459,0.8797381024716737,-4.203591763306282,-0.055646597827058386,1.0807210871749147,3.2513591450342645,90,100.0,100.0,100.0,97.67651138022039,98.90483791589922,1.1428571428571428,8,100.0,0.1,99.99503320866597,1,1.4,P32_derived_Jv_proxy,100.0,100.0,-2.32348861977961,-1.095162084100778,-2.32348861977961,-1.095162084100778,2.32348861977961,1.095162084100778,2.32348861977961,1.095162084100778,90,8,3,87,0.9666666666666667,0.03333333333333333,78.53981633974483,7.0,1.1459155902616465,1.1428571428571428,1.1428571428571428,0.03819718634205488,1.1077184039195915,0.12492545857527992,0.10012390871952159,0.02480154985575833,1,1,1,1,1,1,100.0,100.0,0.0,100.0,100.0,81,4.0,4.0,0.0,4.0,4.0,81,1.9938158684968894,1.9938158684968894,0.3239217161957783,1.2378069749543514,2.788137235604114,81,1.237505435053759,1.237505435053759,0.2831295786483982,0.75,1.9218532262298214,81,0.8055026222190359,0.8233368231270509,0.09253181657882649,0.6226365094750156,0.9833824178432364,81,1.056291675092586,1.0656433780789318,0.3639442485228021,0.5,1.9858802752006142,81,34.95364574898859,30.784263441199133,14.025901707681287,16.733661037668405,71.77518628184565,81,40.278931550920326,40.27893155092032,7.105427357601002e-15,40.27893155092032,40.27893155092032,81,cases/granite_good_dense.yaml,granite_good_dense,good,dense,favorable_or_mixed,moderate
granite_good_dense,47,70,70.5,34.03521056455543,30.853213087643113,41.30556479424637,41.30556479424637,37.288751406632535,43.81621573764539,1.0955933807403964,3.2535408420771077,0.039649399707695654,1.0607823898766477,2.510650943399021,97,100.0,100.0,100.0,98.52496709653023,99.16513723692763,1.2857142857142858,9,100.0,0.2,99.98026467728904,2,1.4,P32_derived_Jv_proxy,100.0,100.0,-1.4750329034697671,-0.8348627630723655,-1.4750329034697671,-0.8348627630723655,1.4750329034697671,0.8348627630723655,1.4750329034697671,0.8348627630723655,97,9,3,94,0.9690721649484536,0.030927835051546393,78.53981633974483,7.0,1.2350423583931078,1.2857142857142858,1.2857142857142858,0.03819718634205488,1.196845172051053,0.11109538564125676,0.1448726621574017,-0.03377727651614493,1,1,1,1,1,1,100.0,100.0,0.0,100.0,100.0,81,4.0,4.0,0.0,4.0,4.0,81,1.9820295629599651,1.9820295629599651,0.30284843178850834,1.3344146565546935,3.090835579543456,81,1.199614127559424,1.199614127559424,0.2750547316334119,0.75,1.8228048259384546,81,0.7951112059850274,0.7912591037104985,0.09887478501839339,0.4778871707931277,1.0,81,1.0543787868975942,1.0726662240570644,0.3055231633599356,0.5,1.8795831270211694,81,34.03521056455543,30.853213087643113,11.403988169472608,16.905861929266596,64.16336385488603,81,41.30556479424637,41.30556479424637,0.0,41.30556479424637,41.30556479424637,81,cases/granite_good_dense.yaml,granite_good_dense,good,dense,favorable_or_mixed,moderate
granite_good_dense,47,80,80.5,35.92952672944754,32.873559008500635,42.89221070960669,42.892210709606694,35.50131430806663,44.61220482121712,0.9880818797139918,-0.42821242138090554,-0.005207065094003038,1.0401003838029081,1.7199941116104327,86,100.0,100.0,100.0,97.31213841054549,98.86499906362035,1.4285714285714286,10,100.0,0.2,99.98026467728904,2,1.4,P32_derived_Jv_proxy,100.0,100.0,-2.6878615894545135,-1.1350009363796545,-2.6878615894545135,-1.1350009363796545,2.6878615894545135,1.1350009363796545,2.6878615894545135,1.1350009363796545,86,10,3,83,0.9651162790697675,0.03488372093023256,78.53981633974483,7.0,1.0949860084722398,1.4285714285714286,1.4285714285714286,0.03819718634205488,1.056788822130185,0.12621139724777575,0.08296777810181999,0.04324361914595576,1,1,1,1,1,1,100.0,100.0,0.0,100.0,100.0,81,4.0,4.0,0.0,4.0,4.0,81,2.0354378763085625,2.0354378763085625,0.31098606311884985,1.3885955931558533,2.856157271292014,81,1.1863680156806884,1.1863680156806884,0.3105234146756992,0.75,1.8926345198303114,81,0.7869883218048704,0.7987146868052973,0.10615854019025994,0.4942880289569222,1.0,81,1.024699905267018,0.9994715446461165,0.29239274319330255,0.5,2.0600190888708036,81,35.92952672944754,32.873559008500635,12.146459875039682,17.4642594588397,71.29445459178167,81,42.89221070960669,42.892210709606694,7.105427357601002e-15,42.892210709606694,42.892210709606694,81,cases/granite_good_dense.yaml,granite_good_dense,good,dense,favorable_or_mixed,moderate
granite_good_dense,48,10,10.5,35.01097017187652,33.240380250436765,41.58985252246771,41.58985252246771,37.7209046963278,41.30263121894541,1.077402440182252,2.7099345244512776,0.032377954833926026,0.9930939571529585,-0.28722130352230124,100,100.0,100.0,100.0,99.72724377018486,99.48230775788286,0.8571428571428571,6,100.0,0.1,99.99503320866597,1,1.4,P32_derived_Jv_proxy,100.0,100.0,-0.272756229815144,-0.5176922421171355,-0.272756229815144,-0.5176922421171355,0.272756229815144,0.5176922421171355,0.272756229815144,0.5176922421171355,100,6,2,98,0.98,0.02,78.53981633974483,7.0,1.2732395447351628,0.8571428571428571,0.8571428571428571,0.025464790894703253,1.2477747538404593,0.1163027652883788,0.15546991161733903,-0.039167146328960234,1,1,1,1,1,1,100.0,100.0,0.0,100.0,100.0,81,4.0,4.0,0.0,4.0,4.0,81,2.023799778329454,2.023799778329454,0.29337692268113785,1.2717560531389145,2.620850931070253,81,1.2165225743684442,1.2165225743684442,0.2769629949413725,0.75,2.1434953979386937,81,0.7875461193518724,0.7820669830548206,0.10691670802820216,0.48071902895720164,1.0,81,1.0206610949738373,1.0005949930088611,0.30885139687871277,0.5,1.8149665430266715,81,35.01097017187652,33.240380250436765,11.405425058101963,16.251991404989028,73.30018394759274,81,41.58985252246771,41.58985252246771,0.0,41.58985252246771,41.58985252246771,81,cases/granite_good_dense.yaml,granite_good_dense,good,dense,favorable_or_mixed,moderate
granite_good_dense,48,20,20.5,36.18600817707396,34.26042099254628,41.248454338514094,41.2484543385141,32.08287848053199,37.41872192354615,0.8866100489320744,-4.10312969654197,-0.05226735066919419,0.9071545230873759,-3.8297324149679426,85,100.0,100.0,100.0,100.0,99.5491483316035,0.7142857142857143,5,100.0,0.0,100.0,0,1.4,P32_derived_Jv_proxy,100.0,100.0,0.0,-0.4508516683964956,0.0,-0.4508516683964956,0.0,0.4508516683964956,0.0,0.4508516683964956,85,5,3,82,0.9647058823529412,0.03529411764705882,78.53981633974483,7.0,1.0822536130248883,0.7142857142857143,0.7142857142857143,0.03819718634205488,1.0440564266828334,0.09006548396209502,0.015143735294488203,0.07492174866760681,1,1,1,1,1,1,100.0,100.0,0.0,100.0,100.0,81,4.0,4.0,0.0,4.0,4.0,81,2.046796679427854,2.046796679427854,0.3619940138588316,1.1291935405946167,2.9468054444360012,81,1.2405293193718165,1.2405293193718165,0.2810857121537891,0.75,1.6750774511966993,81,0.8146611604917224,0.8057933674923249,0.09921872831806995,0.5364609462276558,1.0,81,1.009229992700725,0.9931543087050523,0.28472271507375246,0.5,1.6839235638184176,81,36.18600817707396,34.26042099254628,11.812966688376727,18.131464830167985,80.17584083574177,81,41.248454338514094,41.2484543385141,7.105427357601002e-15,41.2484543385141,41.2484543385141,81,cases/granite_good_dense.yaml,granite_good_dense,good,dense,favorable_or_mixed,moderate
granite_good_dense,48,30,30.5,36.406274721243854,34.703114902499536,41.67589306839608,41.675893068396086,40.61959842456799,49.76074541209731,1.1157307012481992,4.213323703324136,0.04755938360228229,1.1939934995617931,8.084852343701229,73,100.0,100.0,100.0,93.84375382746568,98.49382509978159,1.5714285714285714,11,100.0,0.3,99.95588995549635,3,1.4,P32_derived_Jv_proxy,100.0,100.0,-6.156246172534324,-1.5061749002184115,-6.156246172534324,-1.5061749002184115,6.156246172534324,1.5061749002184115,6.156246172534324,1.5061749002184115,73,11,6,67,0.9178082191780822,0.0821917808219178,78.53981633974483,7.0,0.9294648676566688,1.5714285714285714,1.5714285714285714,0.07639437268410976,0.853070494972559,0.10537738450999212,0.08179103072197647,0.023586353788015657,1,1,1,1,1,1,100.0,100.0,0.0,100.0,100.0,81,4.0,4.0,0.0,4.0,4.0,81,2.0420795331429473,2.0420795331429473,0.2944905873270795,1.3774698909534142,2.667252152310809,81,1.2249764688855038,1.2249764688855038,0.298177294621058,0.75,1.7981847457608604,81,0.8236881799105977,0.824487554205073,0.08112997677413807,0.6209282483534614,1.0,81,1.0077241836143125,1.000064816020931,0.2536195219434247,0.5037102629839664,1.5794418630247624,81,36.406274721243854,34.703114902499536,10.496055629781878,19.724728008552688,69.20420208673136,81,41.67589306839608,41.675893068396086,7.105427357601002e-15,41.675893068396086,41.675893068396086,81,cases/granite_good_dense.yaml,granite_good_dense,good,dense,favorable_or_mixed,moderate
granite_good_dense,48,40,40.5,35.22647009773058,32.369713733365224,40.89024667566846,40.890246675668465,44.84168009771383,50.536461024602495,1.2729541158483177,9.61520999998325,0.10481274961357623,1.2359050172879973,9.646214348934038,101,100.0,100.0,100.0,97.54335560435725,98.52082682122334,1.7142857142857142,12,100.0,0.4,99.92210167184162,4,1.4,P32_derived_Jv_proxy,100.0,100.0,-2.456644395642755,-1.4791731787766622,-2.456644395642755,-1.4791731787766622,2.456644395642755,1.4791731787766622,2.456644395642755,1.4791731787766622,101,12,5,96,0.9504950495049505,0.04950495049504951,78.53981633974483,7.0,1.2859719401825143,1.7142857142857142,1.7142857142857142,0.06366197723675814,1.2223099629457561,0.10626421499048522,0.12592878490623638,-0.019664569915751162,0,1,1,1,1,1,100.0,100.0,0.0,100.0,100.0,81,4.0,4.0,0.0,4.0,4.0,81,1.9427977730027859,1.9427977730027859,0.28599280222301776,1.1082871753152237,2.5974364796659106,81,1.1878124558727827,1.1878124558727827,0.29566949570045337,0.75,1.9727244260434742,81,0.8004156201957708,0.7917339926443703,0.11104536389192048,0.5447106566197294,1.0,81,1.0135912357751853,0.981133211571501,0.27587179029104913,0.5,1.6486961258274384,81,35.22647009773058,32.369713733365224,12.493196403883488,16.385883166300403,75.21189879527422,81,40.89024667566846,40.890246675668465,7.105427357601002e-15,40.890246675668465,40.890246675668465,81,cases/granite_good_dense.yaml,granite_good_dense,good,dense,favorable_or_mixed,moderate
granite_good_dense,48,50,50.5,34.21383020676357,32.40992922304235,41.200168819884595,41.20016881988458,30.502595931526542,42.85740249786053,0.8915282430289442,-3.7112342752370253,-0.04986489410687156,1.040223953577008,1.6572336779759311,93,100.0,100.0,100.0,98.7370039756175,99.73263770511745,0.5714285714285714,4,100.0,0.3,99.95588995549635,3,1.4,P32_derived_Jv_proxy,100.0,100.0,-1.2629960243825025,-0.26736229488254537,-1.2629960243825025,-0.26736229488254537,1.2629960243825025,0.26736229488254537,1.2629960243825025,0.26736229488254537,93,4,3,90,0.967741935483871,0.03225806451612903,78.53981633974483,7.0,1.1841127766037014,0.5714285714285714,0.5714285714285714,0.03819718634205488,1.1459155902616465,0.11038328932760832,0.1003944598771056,0.009988829450502723,1,1,1,1,1,1,100.0,100.0,0.0,100.0,100.0,81,4.0,4.0,0.0,4.0,4.0,81,1.9911359280102074,1.9911359280102074,0.2757276064594076,1.1581524038318913,2.847985586895204,81,1.208208597830562,1.208208597830562,0.3120201776362869,0.75,2.029498168721694,81,0.8036090976929678,0.7980159393577346,0.08949790371933214,0.5128447149712022,1.0,81,1.0604292125073718,1.0153370415711023,0.30366640902774217,0.5,2.082679152367628,81,34.21383020676357,32.40992922304235,11.96501788212141,15.628271524399318,68.81116015303097,81,41.200168819884595,41.20016881988458,1.4210854715202004e-14,41.20016881988458,41.20016881988458,81,cases/granite_good_dense.yaml,granite_good_dense,good,dense,favorable_or_mixed,moderate
granite_good_dense,48,60,60.5,35.920681731330184,33.15865644444998,42.980225513103285,42.980225513103285,32.58435331968227,42.874898667923794,0.907119568704122,-3.336328411647912,-0.04233546420131051,0.9975494115276947,-0.10532684517949065,101,100.0,100.0,100.0,97.25300495046943,98.58766739494399,1.5714285714285714,11,100.0,0.3,99.95588995549635,3,1.4,P32_derived_Jv_proxy,100.0,100.0,-2.746995049530568,-1.412332605056008,-2.746995049530568,-1.412332605056008,2.746995049530568,1.412332605056008,2.746995049530568,1.412332605056008,101,11,4,97,0.9603960396039604,0.039603960396039604,78.53981633974483,7.0,1.2859719401825143,1.5714285714285714,1.5714285714285714,0.05092958178940651,1.2350423583931078,0.09789115307465213,0.05825637749388646,0.03963477558076567,1,1,1,1,1,1,100.0,100.0,0.0,100.0,100.0,81,4.0,4.0,0.0,4.0,4.0,81,2.0224764396860633,2.0224764396860633,0.30626107141844156,1.1892352830823132,2.8658871618792925,81,1.1763993880566515,1.1763993880566515,0.26627222828930797,0.75,1.9133153272423167,81,0.7870191075962926,0.7907279909506533,0.09379029182290412,0.5058599638772637,1.0,81,1.0268729671828085,0.9824971075870756,0.29267007206574336,0.5,1.7489648712033357,81,35.920681731330184,33.15865644444998,11.974161671573292,17.35630469157784,73.74843854401553,81,42.980225513103285,42.980225513103285,0.0,42.980225513103285,42.980225513103285,81,cases/granite_good_dense.yaml,granite_good_dense,good,dense,favorable_or_mixed,moderate
granite_good_dense,48,70,70.5,32.37615124500324,29.167380555812233,39.14222347665919,39.14222347665919,26.468196917251134,40.905337870898016,0.8175214131215207,-5.907954327752108,-0.087500863158533,1.0450437976598388,1.7631143942388263,104,100.0,100.0,100.0,98.47714868991152,99.20497608920651,1.0,7,100.0,0.0,100.0,0,1.4,P32_derived_Jv_proxy,100.0,100.0,-1.522851310088484,-0.7950239107934891,-1.522851310088484,-0.7950239107934891,1.522851310088484,0.7950239107934891,1.522851310088484,0.7950239107934891,104,7,2,102,0.9807692307692307,0.019230769230769232,78.53981633974483,7.0,1.3241691265245692,1.0,1.0,0.025464790894703253,1.298704335629866,0.0939797481332939,0.10418900060711933,-0.010209252473825425,1,1,1,1,1,1,100.0,100.0,0.0,100.0,100.0,81,4.0,4.0,0.0,4.0,4.0,81,1.95976862549287,1.95976862549287,0.2827709337112522,1.263989204668881,2.5977765354406372,81,1.2516973049969269,1.2516973049969269,0.2702311791440837,0.75,1.8839145403717152,81,0.7866498877159113,0.7816879119059458,0.10077375140992606,0.5661051228465592,1.0,81,1.0397662402094812,1.048825337302501,0.3005318555970452,0.5,2.073632273561048,81,32.37615124500324,29.167380555812233,11.01084020922595,12.079675558585755,60.196006796482024,81,39.14222347665919,39.14222347665919,0.0,39.14222347665919,39.14222347665919,81,cases/granite_good_dense.yaml,granite_good_dense,good,dense,favorable_or_mixed,moderate
granite_good_dense,48,80,80.5,36.94759374724271,34.59399010668366,43.009025860441945,43.00902586044194,27.702625073284796,40.91516596326345,0.7497815761101401,-9.244968673957917,-0.1250652354162114,0.9513158027811937,-2.093859897178497,101,100.0,100.0,100.0,98.12917138243974,99.08832728941317,1.0,7,100.0,0.2,99.98026467728904,2,1.4,P32_derived_Jv_proxy,100.0,100.0,-1.8708286175602638,-0.9116727105868279,-1.8708286175602638,-0.9116727105868279,1.8708286175602638,0.9116727105868279,1.8708286175602638,0.9116727105868279,101,7,4,97,0.9603960396039604,0.039603960396039604,78.53981633974483,7.0,1.2859719401825143,1.0,1.0,0.05092958178940651,1.2350423583931078,0.12371153710386051,0.07876208139949614,0.04494945570436437,0,1,1,1,1,1,100.0,100.0,0.0,100.0,100.0,81,4.0,4.0,0.0,4.0,4.0,81,1.9997948721090242,1.9997948721090242,0.3186329230125162,1.093599447519464,2.706711137906017,81,1.1624274394158967,1.1624274394158967,0.26942760009286565,0.75,1.909495550963328,81,0.7973902434697542,0.7957002868520555,0.09032120288040073,0.5715826576870513,1.0,81,1.0066636378845086,0.9956263445757828,0.26787819651952116,0.5,1.6857531196525006,81,36.94759374724271,34.59399010668366,12.270485860713405,17.51893118476986,86.01805172088388,81,43.009025860441945,43.00902586044194,7.105427357601002e-15,43.00902586044194,43.00902586044194,81,cases/granite_good_dense.yaml,granite_good_dense,good,dense,favorable_or_mixed,moderate
granite_good_dense,49,10,10.5,33.668746893912825,32.41701178883637,40.73526520692952,40.735265206929526,37.00494345313972,41.88065072381145,1.0990888247115032,3.3361965592268916,0.04103279208065613,1.0281177871572342,1.1453855168819302,108,100.0,100.0,100.0,99.11116651571766,99.13813551548587,1.1428571428571428,8,100.0,0.1,99.99503320866597,1,1.4,P32_derived_Jv_proxy,100.0,100.0,-0.888833484282344,-0.861864484514129,-0.888833484282344,-0.861864484514129,0.888833484282344,0.861864484514129,0.888833484282344,0.861864484514129,108,8,7,101,0.9351851851851852,0.06481481481481481,78.53981633974483,7.0,1.3750987083139756,1.1428571428571428,1.1428571428571428,0.08912676813146139,1.2859719401825143,0.11784759569981651,0.12427185864473689,-0.006424262944920378,1,1,1,1,1,1,100.0,100.0,0.0,100.0,100.0,81,4.0,4.0,0.0,4.0,4.0,81,1.9874640928253957,1.9874640928253957,0.30151511390753266,1.2703296776034885,2.7053237358597944,81,1.219744171744895,1.219744171744895,0.3027038758236976,0.75,2.212453205604737,81,0.8120884137393153,0.8263962332537989,0.10275519926631112,0.5561934259416487,1.0,81,1.0584977019402422,1.041526649128181,0.2810619135789203,0.5,1.7948564452614986,81,33.668746893912825,32.41701178883637,10.663193555987432,16.107772157465998,74.3658282721673,81,40.73526520692952,40.735265206929526,7.105427357601002e-15,40.735265206929526,40.735265206929526,81,cases/granite_good_dense.yaml,granite_good_dense,good,dense,favorable_or_mixed,moderate
granite_good_dense,49,20,20.5,36.209687074110626,32.932628970418214,42.29581169975483,42.29581169975483,46.17991416967609,45.63226592860802,1.2753469555028003,9.970227095565463,0.1056283497599857,1.0788837971130019,3.336454228853192,94,100.0,100.0,100.0,98.68828108131821,98.52082682122334,1.7142857142857142,12,100.0,0.3,99.95588995549635,3,1.4,P32_derived_Jv_proxy,100.0,100.0,-1.311718918681791,-1.4791731787766622,-1.311718918681791,-1.4791731787766622,1.311718918681791,1.4791731787766622,1.311718918681791,1.4791731787766622,94,12,4,90,0.9574468085106383,0.0425531914893617,78.53981633974483,7.0,1.196845172051053,1.7142857142857142,1.7142857142857142,0.05092958178940651,1.1459155902616465,0.10952554623089827,0.09722692934684751,0.012298616884050761,0,1,1,1,1,1,100.0,100.0,0.0,100.0,100.0,81,4.0,4.0,0.0,4.0,4.0,81,2.025026464247985,2.025026464247985,0.2827728284279812,1.4193162563238955,2.78560799238564,81,1.196942665755557,1.196942665755557,0.2938022545145864,0.75,1.8774351811293823,81,0.8026806372678075,0.8033954083239402,0.09584258282879426,0.6100266111428901,1.0,81,1.0182730122477035,0.9792060697134359,0.28131329178959874,0.5,1.6351497209584223,81,36.209687074110626,32.932628970418214,12.132590759673688,19.033667333663267,80.08203961948414,81,42.29581169975483,42.29581169975483,0.0,42.29581169975483,42.29581169975483,81,cases/granite_good_dense.yaml,granite_good_dense,good,dense,favorable_or_mixed,moderate
granite_good_dense,49,30,30.5,33.3374784563051,31.74658495331448,41.1191210877733,41.1191210877733,37.891926768391805,38.41236611025471,1.1366164606017264,4.554448312086706,0.055613941253612076,0.9341728396445846,-2.7067549775185924,87,100.0,100.0,100.0,98.92928093622605,99.29881838436891,1.0,7,100.0,0.2,99.98026467728904,2,1.4,P32_derived_Jv_proxy,100.0,100.0,-1.07071906377395,-0.7011816156310857,-1.07071906377395,-0.7011816156310857,1.07071906377395,0.7011816156310857,1.07071906377395,0.7011816156310857,87,7,2,85,0.9770114942528736,0.022988505747126436,78.53981633974483,7.0,1.1077184039195915,1.0,1.0,0.025464790894703253,1.0822536130248883,0.1417002463722986,0.10116105673221854,0.040539189640080076,1,1,1,1,1,1,100.0,100.0,0.0,100.0,100.0,81,4.0,4.0,0.0,4.0,4.0,81,1.9990842214962183,1.9990842214962183,0.2915953662128456,1.3733748692311025,2.7247433729920503,81,1.2154225142780608,1.2154225142780608,0.2648221814511195,0.75,1.830548263049637,81,0.8059181062213961,0.8067780888304694,0.09760486076169199,0.5334840383219855,1.0,81,1.0781340564538626,1.0756367145839782,0.28601625896325994,0.5,1.8009480701978726,81,33.3374784563051,31.74658495331448,11.295807932626321,16.02112726771111,76.23056797808948,81,41.1191210877733,41.1191210877733,0.0,41.1191210877733,41.1191210877733,81,cases/granite_good_dense.yaml,granite_good_dense,good,dense,favorable_or_mixed,moderate
granite_good_dense,49,40,40.5,33.308094401261776,31.72853906519885,39.3822058246841,39.38220582468411,36.79201496204941,43.56345202551643,1.104596814180269,3.483920560787631,0.04320378632028099,1.1061709498814207,4.181246200832334,102,100.0,100.0,100.0,98.71844965207121,98.669834966602,1.2857142857142858,9,100.0,0.5,99.87908957257498,5,1.4,P32_derived_Jv_proxy,100.0,100.0,-1.2815503479287855,-1.3301650333980035,-1.2815503479287855,-1.3301650333980035,1.2815503479287855,1.3301650333980035,1.2815503479287855,1.3301650333980035,102,9,2,100,0.9803921568627451,0.0196078431372549,78.53981633974483,7.0,1.298704335629866,1.2857142857142858,1.2857142857142858,0.025464790894703253,1.2732395447351628,0.121557615193985,0.15916327347618853,-0.037605658282203525,1,1,1,1,1,1,100.0,100.0,0.0,100.0,100.0,81,4.0,4.0,0.0,4.0,4.0,81,1.9183605681048483,1.9183605681048483,0.3421096823458462,1.1026849529718854,2.6809220081090164,81,1.2177838492876216,1.2177838492876216,0.2740448729701554,0.75,1.9550936534841226,81,0.8078007719868309,0.8038118371455693,0.10780495577246738,0.43378714797851214,1.0,81,1.0281099087018273,1.0352591536118272,0.2803522715671556,0.5588251103462913,1.7410191032665125,81,33.308094401261776,31.72853906519885,10.298329371130997,15.821300157723275,60.35064864868095,81,39.3822058246841,39.38220582468411,7.105427357601002e-15,39.38220582468411,39.38220582468411,81,cases/granite_good_dense.yaml,granite_good_dense,good,dense,favorable_or_mixed,moderate
granite_good_dense,49,50,50.5,37.21728650192616,34.91032661168936,43.31120816880674,43.31120816880675,35.19812134996626,40.43418322796553,0.9457465779549672,-2.0191651519599034,-0.02422522146314665,0.933573200506716,-2.87702494084121,90,100.0,100.0,100.0,99.12554730897448,98.45934387164628,1.2857142857142858,9,100.0,0.2,99.98026467728904,2,1.4,P32_derived_Jv_proxy,100.0,100.0,-0.8744526910255246,-1.5406561283537172,-0.8744526910255246,-1.5406561283537172,0.8744526910255246,1.5406561283537172,0.8744526910255246,1.5406561283537172,90,9,6,84,0.9333333333333333,0.06666666666666667,78.53981633974483,7.0,1.1459155902616465,1.2857142857142858,1.2857142857142858,0.07639437268410976,1.0695212175775366,0.12603668666137746,0.1281808427255855,-0.002144156064208036,1,1,1,1,1,1,100.0,100.0,0.0,100.0,100.0,81,4.0,4.0,0.0,4.0,4.0,81,2.0570429375853703,2.0570429375853703,0.27194341114155396,1.4412192447108165,2.807648640391881,81,1.1873617849495117,1.1873617849495117,0.2538203797869879,0.75,1.940044626092862,81,0.798102691007179,0.8116350744354175,0.0959528741109582,0.5233562620188199,1.0,81,1.0140491393403188,0.9883664598149039,0.27999222552958714,0.5,1.6671270713542141,81,37.21728650192616,34.91032661168936,12.517971799957488,17.682135997851603,72.6098297582971,81,43.31120816880674,43.31120816880675,7.105427357601002e-15,43.31120816880675,43.31120816880675,81,cases/granite_good_dense.yaml,granite_good_dense,good,dense,favorable_or_mixed,moderate
granite_good_dense,49,60,60.5,36.63687905604893,33.250050761074085,41.26909965743772,41.26909965743772,35.487501003386846,43.552580960611905,0.9686278394263957,-1.1493780526620867,-0.01384305301040234,1.0553315027981873,2.2834813031741845,103,100.0,100.0,100.0,98.97529884321894,99.41546718416224,1.0,7,100.0,0.3,99.95588995549635,3,1.4,P32_derived_Jv_proxy,100.0,100.0,-1.024701156781063,-0.5845328158377612,-1.024701156781063,-0.5845328158377612,1.024701156781063,0.5845328158377612,1.024701156781063,0.5845328158377612,103,7,3,100,0.970873786407767,0.02912621359223301,78.53981633974483,7.0,1.3114367310772175,1.0,1.0,0.03819718634205488,1.2732395447351628,0.11325497345329194,0.09482962532134098,0.018425348131950958,1,1,1,1,1,1,100.0,100.0,0.0,100.0,100.0,81,4.0,4.0,0.0,4.0,4.0,81,1.9723973299543627,1.9723973299543627,0.30283516812002226,1.2616681976810358,2.707342952787262,81,1.1948390844037275,1.1948390844037275,0.27326021693914015,0.75,2.105856538786017,81,0.8158225379379701,0.8253953465711736,0.09598350343512235,0.5449674353041102,1.0,81,1.0148003335866194,1.0321918656560003,0.2930315213963172,0.5,1.690232887708877,81,36.63687905604893,33.250050761074085,13.703346929123141,17.30421286287235,78.95332203859468,81,41.26909965743772,41.26909965743772,0.0,41.26909965743772,41.26909965743772,81,cases/granite_good_dense.yaml,granite_good_dense,good,dense,favorable_or_mixed,moderate
granite_good_dense,49,70,70.5,37.449942362607274,35.035005710411255,40.95918411650758,40.95918411650758,40.81744159432969,40.745870720224964,1.0899200110674876,3.3674992317224195,0.03739462635648971,0.9947920496737471,-0.21331339628261503,91,100.0,100.0,100.0,99.80458435497147,98.8703566877639,0.8571428571428571,6,100.0,0.1,99.99503320866597,1,1.4,P32_derived_Jv_proxy,100.0,100.0,-0.19541564502853248,-1.129643312236098,-0.19541564502853248,-1.129643312236098,0.19541564502853248,1.129643312236098,0.19541564502853248,1.129643312236098,91,6,2,89,0.978021978021978,0.02197802197802198,78.53981633974483,7.0,1.158647985708998,0.8571428571428571,0.8571428571428571,0.025464790894703253,1.1331831948142947,0.12608074442946537,0.14354684623779068,-0.017466101808325307,1,1,1,1,1,1,100.0,100.0,0.0,100.0,100.0,81,4.0,4.0,0.0,4.0,4.0,81,2.021755989770844,2.021755989770844,0.325397079945739,1.1765849108802051,2.904801283578133,81,1.2340065075637248,1.2340065075637248,0.2717308266901649,0.75,1.915130575335397,81,0.8047353331915218,0.8013749957062574,0.09427592358966462,0.5571607811470304,1.0,81,0.9530808022619482,0.9240469948446344,0.259513988253164,0.5,1.5148708932821469,81,37.449942362607274,35.035005710411255,12.163577361950333,18.90379078978066,73.09879396657631,81,40.95918411650758,40.95918411650758,0.0,40.95918411650758,40.95918411650758,81,cases/granite_good_dense.yaml,granite_good_dense,good,dense,favorable_or_mixed,moderate
granite_good_dense,49,80,80.5,37.08600341808781,34.171230469819314,43.62922347074321,43.629223470743206,36.410757983049606,43.09418674783889,0.9817924453215988,-0.6752454350382067,-0.007980314024461865,0.987736735143519,-0.5350367229043229,102,100.0,100.0,100.0,99.22411563683602,99.61598890532413,0.5714285714285714,4,100.0,0.1,99.99503320866597,1,1.4,P32_derived_Jv_proxy,100.0,100.0,-0.775884363163982,-0.3840110946758699,-0.775884363163982,-0.3840110946758699,0.775884363163982,0.3840110946758699,0.775884363163982,0.3840110946758699,102,4,1,101,0.9901960784313726,0.00980392156862745,78.53981633974483,7.0,1.298704335629866,0.5714285714285714,0.5714285714285714,0.012732395447351627,1.2859719401825143,0.09428831705060192,0.0661661206413039,0.028122196409298028,1,1,1,1,1,1,100.0,100.0,0.0,100.0,100.0,81,4.0,4.0,0.0,4.0,4.0,81,2.0290390957174314,2.0290390957174314,0.29613955841455375,1.1472648182151157,2.787283526528899,81,1.1626605600017499,1.1626605600017499,0.2771300361190979,0.75,1.926005740074836,81,0.7936181600077753,0.7955307687519819,0.1017476596307102,0.5886710297266916,1.0,81,1.0098610894183522,1.0249860229469183,0.2660035296284057,0.5,1.6155016396162434,81,37.08600341808781,34.171230469819314,12.306109671248954,19.477382669509595,80.9392368547342,81,43.62922347074321,43.629223470743206,7.105427357601002e-15,43.629223470743206,43.629223470743206,81,cases/granite_good_dense.yaml,granite_good_dense,good,dense,favorable_or_mixed,moderate
granite_good_dense,50,10,10.5,35.54359286288119,31.7938454659252,41.254618573718865,41.254618573718865,28.122689560101268,42.18063707900508,0.7912168493655658,-7.420903302779923,-0.10170447279033556,1.0224464202385362,0.9260185052862155,106,100.0,100.0,100.0,98.49348706516408,99.61598890532413,0.5714285714285714,4,100.0,0.1,99.99503320866597,1,1.4,P32_derived_Jv_proxy,100.0,100.0,-1.506512934835925,-0.3840110946758699,-1.506512934835925,-0.3840110946758699,1.506512934835925,0.3840110946758699,1.506512934835925,0.3840110946758699,106,4,0,106,1.0,0.0,78.53981633974483,7.0,1.3496339174192724,0.5714285714285714,0.5714285714285714,0.0,1.3496339174192724,0.09963015017148924,0.056992379468762455,0.042637770702726785,0,1,1,1,1,1,100.0,100.0,0.0,100.0,100.0,81,4.0,4.0,0.0,4.0,4.0,81,1.995119871172635,1.995119871172635,0.26321062301137177,1.2939940080858248,2.7176823149232057,81,1.209028188933263,1.209028188933263,0.25579025045040393,0.75,1.953402756917707,81,0.7955343864600936,0.7809868200684269,0.09177243480029444,0.5537817811934956,0.9840822758677985,81,1.0213685082062083,1.0395604635837303,0.330128132818617,0.5,1.8644055566427016,81,35.54359286288119,31.7938454659252,11.855387599754163,18.01830442986228,67.46045947822566,81,41.254618573718865,41.254618573718865,0.0,41.254618573718865,41.254618573718865,81,cases/granite_good_dense.yaml,granite_good_dense,good,dense,favorable_or_mixed,moderate
granite_good_dense,50,20,20.5,38.1875270999112,37.85246393210912,44.049402077576815,44.049402077576815,37.65449521140533,47.8675516699438,0.9860417280461424,-0.5330318885058674,-0.006104705873475114,1.0866788063466268,3.8181495923669857,81,100.0,100.0,100.0,98.11715813299496,98.74415504701619,1.2857142857142858,9,100.0,0.2,99.98026467728904,2,1.4,P32_derived_Jv_proxy,100.0,100.0,-1.882841867005041,-1.2558449529838072,-1.882841867005041,-1.2558449529838072,1.882841867005041,1.2558449529838072,1.882841867005041,1.2558449529838072,81,9,3,78,0.9629629629629629,0.037037037037037035,78.53981633974483,7.0,1.0313240312354817,1.2857142857142858,1.2857142857142858,0.03819718634205488,0.9931268448934268,0.13509732362416504,0.03341158889609064,0.1016857347280744,1,1,1,1,1,1,100.0,100.0,0.0,100.0,100.0,81,4.0,4.0,0.0,4.0,4.0,81,2.0400633972162323,2.0400633972162323,0.2957558680691701,1.4913745857111018,2.872394648939023,81,1.1578269516708826,1.1578269516708826,0.27179977226753105,0.75,1.715658605387397,81,0.7933618928165986,0.7918102767390782,0.11005258019205046,0.5248795410418331,1.0,81,0.9900331527042265,0.9735808827074941,0.2853629792595352,0.5,1.8140894592506938,81,38.1875270999112,37.85246393210912,11.701953468942204,18.53700723600372,70.5711109789068,81,44.049402077576815,44.049402077576815,0.0,44.049402077576815,44.049402077576815,81,cases/granite_good_dense.yaml,granite_good_dense,good,dense,favorable_or_mixed,moderate
granite_good_dense,50,30,30.5,35.26080484752601,32.92859121199431,41.38247693632333,41.382476936323336,30.962570631677217,42.03022242219612,0.8781016419099018,-4.298234215848794,-0.056455210784430276,1.0156526514077322,0.6477454858727896,98,100.0,100.0,100.0,97.52518287358895,98.56066567350224,1.4285714285714286,10,100.0,0.1,99.99503320866597,1,1.4,P32_derived_Jv_proxy,100.0,100.0,-2.474817126411054,-1.4393343264977574,-2.474817126411054,-1.4393343264977574,2.474817126411054,1.4393343264977574,2.474817126411054,1.4393343264977574,98,10,3,95,0.9693877551020408,0.030612244897959183,78.53981633974483,7.0,1.2477747538404593,1.4285714285714286,1.4285714285714286,0.03819718634205488,1.2095775674984046,0.10514592414115975,0.11707512359821881,-0.011929199457059059,1,1,1,1,1,1,100.0,100.0,0.0,100.0,100.0,81,4.0,4.0,0.0,4.0,4.0,81,2.0148791960097,2.0148791960097,0.28590077177069745,1.2201049212729607,2.5860242589976763,81,1.2172296979166237,1.2172296979166237,0.26298178959873586,0.75,1.9842379256009055,81,0.7872961158187808,0.7972223219889195,0.10384230147324675,0.5615071323303882,1.0,81,1.0167259208804145,1.018968127164253,0.2896808416069519,0.5,1.9387880917179439,81,35.26080484752601,32.92859121199431,13.456252996727232,15.915088134044861,79.00041186977613,81,41.38247693632333,41.382476936323336,7.105427357601002e-15,41.382476936323336,41.382476936323336,81,cases/granite_good_dense.yaml,granite_good_dense,good,dense,favorable_or_mixed,moderate
granite_good_dense,50,40,40.5,34.0822623255625,30.74010971638377,41.78734823540865,41.78734823540865,45.223340785118744,44.56696901248397,1.326887879482113,11.14107845955624,0.12283422702462121,1.0665182380422025,2.7796207770753227,109,100.0,100.0,100.0,96.82394699031688,99.18216958457558,1.0,7,100.0,0.2,99.98026467728904,2,1.4,P32_derived_Jv_proxy,100.0,100.0,-3.176053009683116,-0.8178304154244245,-3.176053009683116,-0.8178304154244245,3.176053009683116,0.8178304154244245,3.176053009683116,0.8178304154244245,109,7,5,104,0.9541284403669725,0.045871559633027525,78.53981633974483,7.0,1.3878311037613273,1.0,1.0,0.06366197723675814,1.3241691265245692,0.09897016243186196,0.07372680674455279,0.025243355687309177,0,1,1,1,1,1,100.0,100.0,0.0,100.0,100.0,81,4.0,4.0,0.0,4.0,4.0,81,2.006331841956772,2.006331841956772,0.3024990433011672,1.3211262705109232,2.8215137928727154,81,1.2003225417978904,1.2003225417978904,0.2574624521368679,0.75,1.8203345858731235,81,0.7892632851811698,0.7904588545357104,0.09678555341746373,0.5450880953344516,1.0,81,1.0582551932642357,1.0546872355950234,0.3003887592593481,0.5,1.8401142922808147,81,34.0822623255625,30.74010971638377,11.68058281692569,15.555540858426552,69.96065626638317,81,41.78734823540865,41.78734823540865,0.0,41.78734823540865,41.78734823540865,81,cases/granite_good_dense.yaml,granite_good_dense,good,dense,favorable_or_mixed,moderate
granite_good_dense,50,50,50.5,34.891001689288146,31.54465679550074,42.41644954837472,42.41644954837472,30.205784457955932,37.16515999874631,0.8657184659513338,-4.685217231332214,-0.06262331879409277,0.8761968621716094,-5.25128954962841,124,99.54363016238614,99.54363016238614,99.54363016238614,97.20068324524297,98.83799734217858,1.2857142857142858,9,99.54363016238614,0.2,99.98026467728904,2,1.4,P32_derived_Jv_proxy,100.0,99.54363016238614,-2.3429469171431663,-0.7056328202075548,-2.7993167547570295,-1.162002657821418,2.3429469171431663,0.7056328202075548,2.7993167547570295,1.162002657821418,124,9,5,119,0.9596774193548387,0.04032258064516129,78.53981633974483,7.0,1.5788170354716018,1.2857142857142858,1.2857142857142858,0.06366197723675814,1.5151550582348436,0.10805012536099545,0.04917258236469024,0.05887754299630521,1,1,1,1,1,1,99.54363016238614,99.54363016238614,0.0,99.54363016238614,99.54363016238614,81,4.0,4.0,0.0,4.0,4.0,81,2.0206041723684667,2.0206041723684667,0.27207444955015464,1.3270270120004577,2.637843293014707,81,1.18549688022231,1.18549688022231,0.27231251988176775,0.75,2.030793122288232,81,0.7893542837799735,0.7914503017375882,0.09093508364992649,0.5214981345946683,1.0,81,1.0636705114418306,1.0421842854706984,0.3342966007719294,0.5,1.9263354491396614,81,34.891001689288146,31.54465679550074,12.618718485379537,15.19600711571675,75.29309561313917,81,42.41644954837472,42.41644954837472,0.0,42.41644954837472,42.41644954837472,81,cases/granite_good_dense.yaml,granite_good_dense,good,dense,favorable_or_mixed,moderate
granite_good_dense,50,60,60.5,32.68344077985166,31.246329055823562,40.99744484020682,40.99744484020682,36.773687015041865,38.63622409502765,1.1251473571201145,4.090246235190207,0.051209404396933556,0.9424056607824621,-2.3612207451791676,96,100.0,100.0,100.0,94.11635098552911,97.41371954528299,1.7142857142857142,12,100.0,0.4,99.92210167184162,4,1.4,P32_derived_Jv_proxy,100.0,100.0,-5.88364901447089,-2.586280454717013,-5.88364901447089,-2.586280454717013,5.88364901447089,2.586280454717013,5.88364901447089,2.586280454717013,96,12,2,94,0.9791666666666666,0.020833333333333332,78.53981633974483,7.0,1.2223099629457561,1.7142857142857142,1.7142857142857142,0.025464790894703253,1.196845172051053,0.1058082051646867,0.12018224792235632,-0.014374042757669625,1,1,1,1,1,1,100.0,100.0,0.0,100.0,100.0,81,4.0,4.0,0.0,4.0,4.0,81,1.972335760952162,1.972335760952162,0.3215843534950326,1.1906889612963416,2.8977982814001213,81,1.2027187112755513,1.2027187112755513,0.28666349005525754,0.75,1.876284165674038,81,0.7874601381764889,0.7843495387742621,0.09695425210959312,0.5481788268996802,1.0,81,1.055896049145417,1.0567827711880764,0.262994875293279,0.5,1.7275956147172196,81,32.68344077985166,31.246329055823562,9.84310300946046,18.69448919721938,62.468224061128254,81,40.99744484020682,40.99744484020682,0.0,40.99744484020682,40.99744484020682,81,cases/granite_good_dense.yaml,granite_good_dense,good,dense,favorable_or_mixed,moderate
granite_good_dense,50,70,70.5,37.364010438426384,36.666223055877964,43.821401633914554,43.82140163391456,44.41236689230002,44.34980785781685,1.1886402549182695,7.048356453873637,0.07505043414433143,1.0120581771508959,0.5284062239022944,83,100.0,100.0,100.0,96.20960260567021,98.47101859515065,1.5714285714285714,11,100.0,0.1,99.99503320866597,1,1.4,P32_derived_Jv_proxy,100.0,100.0,-3.790397394329787,-1.5289814048493469,-3.790397394329787,-1.5289814048493469,3.790397394329787,1.5289814048493469,3.790397394329787,1.5289814048493469,83,11,4,79,0.9518072289156626,0.04819277108433735,78.53981633974483,7.0,1.056788822130185,1.5714285714285714,1.5714285714285714,0.05092958178940651,1.0058592403407784,0.11430216084704947,0.14851101396565614,-0.034208853118606664,1,1,1,1,1,1,100.0,100.0,0.0,100.0,100.0,81,4.0,4.0,0.0,4.0,4.0,81,2.066942126389601,2.066942126389601,0.2830889948649952,1.3484560987716259,2.8977982814001213,81,1.1791853120405094,1.1791853120405094,0.30165813061301183,0.75,2.139953479541858,81,0.7906703835997104,0.8031802299317032,0.09232205502845092,0.5855439423010901,1.0,81,1.005069477355901,1.0085529256467987,0.28649813452047623,0.5,1.766908609332754,81,37.364010438426384,36.666223055877964,11.327130712809453,16.76688381675882,65.1718238121526,81,43.821401633914554,43.82140163391456,7.105427357601002e-15,43.82140163391456,43.82140163391456,81,cases/granite_good_dense.yaml,granite_good_dense,good,dense,favorable_or_mixed,moderate
granite_good_dense,50,80,80.5,37.253788802501056,34.33174308679495,42.468069867718505,42.46806986771851,32.13173608413323,35.440125101839634,0.8625092136125506,-5.122052718367826,-0.0642362569506687,0.8345122632657939,-7.027944765878871,88,100.0,100.0,100.0,97.41681028367347,97.98568569861884,2.0,14,100.0,0.2,99.98026467728904,2,1.4,P32_derived_Jv_proxy,100.0,100.0,-2.5831897163265296,-2.0143143013811624,-2.5831897163265296,-2.0143143013811624,2.5831897163265296,2.0143143013811624,2.5831897163265296,2.0143143013811624,88,14,4,84,0.9545454545454546,0.045454545454545456,78.53981633974483,7.0,1.1204507993669433,2.0,2.0,0.05092958178940651,1.0695212175775366,0.11335373605826538,0.07096432028930122,0.042389415768964156,1,1,1,1,1,1,100.0,100.0,0.0,100.0,100.0,81,4.0,4.0,0.0,4.0,4.0,81,2.0156835001511166,2.0156835001511166,0.3372073995374607,1.1702952864718503,2.7401138594110654,81,1.1865876565792017,1.1865876565792017,0.2793432876283342,0.75,1.7490101856623068,81,0.7938390319979844,0.7991128798108118,0.10819846485450738,0.5738170559431729,1.0,81,1.0118141904934224,1.0057213680815007,0.3164670787012683,0.5,1.8821514771085883,81,37.253788802501056,34.33174308679495,14.534598130554222,16.329492418877717,79.40540089171492,81,42.468069867718505,42.46806986771851,7.105427357601002e-15,42.46806986771851,42.46806986771851,81,cases/granite_good_dense.yaml,granite_good_dense,good,dense,favorable_or_mixed,moderate
granite_good_dense,51,10,10.5,37.80559413580589,34.52973930540756,41.12921594948882,41.12921594948882,47.99853342708214,38.189392382716186,1.269614577532124,10.192939291276247,0.10367190028224837,0.9285222560434155,-2.939823566772631,97,99.50876622143042,99.50876622143042,99.50876622143042,98.3283938574617,99.48230775788286,0.8571428571428571,6,99.50876622143042,0.3,99.95588995549635,3,1.4,P32_derived_Jv_proxy,100.0,99.50876622143042,-1.180372363968715,-0.026458463547555766,-1.6716061425382946,-0.5176922421171355,1.180372363968715,0.026458463547555766,1.6716061425382946,0.5176922421171355,97,6,2,95,0.979381443298969,0.020618556701030927,78.53981633974483,7.0,1.2350423583931078,0.8571428571428571,0.8571428571428571,0.025464790894703253,1.2095775674984046,0.10765546566451811,0.164073714029923,-0.05641824836540488,0,1,1,1,1,1,99.50876622143042,99.50876622143042,0.0,99.50876622143042,99.50876622143042,81,4.0,4.0,0.0,4.0,4.0,81,2.000657653882262,2.000657653882262,0.3028254475382658,1.0164320987210695,2.7111796062400577,81,1.2101067949713724,1.2101067949713724,0.2804782126953479,0.75,1.8918938309074875,81,0.8069341623113596,0.8050898115906931,0.09220232731602251,0.5303740571999812,1.0,81,0.9772009866085334,0.9338746072220193,0.3038260494765155,0.5,1.6612061864765497,81,37.80559413580589,34.52973930540756,14.027989471307281,19.15809920208976,80.38520758189965,81,41.12921594948882,41.12921594948882,0.0,41.12921594948882,41.12921594948882,81,cases/granite_good_dense.yaml,granite_good_dense,good,dense,favorable_or_mixed,moderate
granite_good_dense,51,20,20.5,38.07342715567927,33.7449612202047,41.52638503781992,41.52638503781992,52.017096315175074,47.39073663067779,1.3662309962925383,13.943669159495805,0.13552413414335085,1.1412198915825913,5.864351592857872,92,100.0,100.0,100.0,97.9587529836789,99.11532901085492,1.1428571428571428,8,100.0,0.2,99.98026467728904,2,1.4,P32_derived_Jv_proxy,100.0,100.0,-2.041247016321094,-0.8846709891450786,-2.041247016321094,-0.8846709891450786,2.041247016321094,0.8846709891450786,2.041247016321094,0.8846709891450786,92,8,5,87,0.9456521739130435,0.05434782608695652,78.53981633974483,7.0,1.1713803811563497,1.1428571428571428,1.1428571428571428,0.06366197723675814,1.1077184039195915,0.12040777139703662,0.07308920404443953,0.047318567352597096,0,1,1,1,1,1,100.0,100.0,0.0,100.0,100.0,81,4.0,4.0,0.0,4.0,4.0,81,2.0228358681874807,2.0228358681874807,0.2579113880793638,1.4419814349008189,2.668289402668328,81,1.2178015654054613,1.2178015654054613,0.2724470531161253,0.75,2.0017926282362293,81,0.815941136305098,0.8072649511295511,0.10039738939437683,0.5145903613530548,1.0,81,0.9912417643209227,1.0167203311381006,0.29466277594248785,0.5,1.670831042112046,81,38.07342715567927,33.7449612202047,14.407025856546747,14.146449504871951,83.05277007563984,81,41.52638503781992,41.52638503781992,0.0,41.52638503781992,41.52638503781992,81,cases/granite_good_dense.yaml,granite_good_dense,good,dense,favorable_or_mixed,moderate
granite_good_dense,51,30,30.5,34.24016772566881,32.71722417551598,41.53892379343127,41.53892379343127,37.42659187225716,41.162301596064275,1.0930609970172427,3.186424146588351,0.03864439793217911,0.9909332702204828,-0.37662219736699853,103,100.0,100.0,100.0,97.79822867265318,98.22068864791605,1.8571428571428572,13,100.0,0.6,99.82704055993037,6,1.4,P32_derived_Jv_proxy,100.0,100.0,-2.201771327346819,-1.7793113520839512,-2.201771327346819,-1.7793113520839512,2.201771327346819,1.7793113520839512,2.201771327346819,1.7793113520839512,103,13,5,98,0.9514563106796117,0.04854368932038835,78.53981633974483,7.0,1.3114367310772175,1.8571428571428572,1.8571428571428572,0.06366197723675814,1.2477747538404593,0.11614058499137403,0.12749058761997456,-0.01135000262860053,1,1,1,1,1,1,100.0,100.0,0.0,100.0,100.0,81,4.0,4.0,0.0,4.0,4.0,81,2.021203144137352,2.021203144137352,0.2965793953665906,1.5204826163328187,2.653990355986703,81,1.2164513181591947,1.2164513181591947,0.264866522035973,0.75,1.8356063740412332,81,0.7858091298014285,0.7845142905262456,0.08985074709213502,0.5715791235736324,1.0,81,1.0310814505311707,1.0169442276015848,0.2911337577769954,0.5,1.9044562340043607,81,34.24016772566881,32.71722417551598,10.25472161312955,14.887622946396633,62.74295205987401,81,41.53892379343127,41.53892379343127,0.0,41.53892379343127,41.53892379343127,81,cases/granite_good_dense.yaml,granite_good_dense,good,dense,favorable_or_mixed,moderate
granite_good_dense,51,40,40.5,35.55871187635412,31.68408375442276,42.523717167641614,42.52371716764161,41.41420484473215,37.45062395255487,1.1646711216294598,5.85549296837803,0.06620330714252542,0.8806996764867229,-5.073093215086743,90,100.0,100.0,100.0,97.3503553540548,99.02148671569255,1.1428571428571428,8,100.0,0.2,99.98026467728904,2,1.4,P32_derived_Jv_proxy,100.0,100.0,-2.6496446459452017,-0.9785132843074535,-2.6496446459452017,-0.9785132843074535,2.6496446459452017,0.9785132843074535,2.6496446459452017,0.9785132843074535,90,8,3,87,0.9666666666666667,0.03333333333333333,78.53981633974483,7.0,1.1459155902616465,1.1428571428571428,1.1428571428571428,0.03819718634205488,1.1077184039195915,0.10345218320381488,0.11182431269340365,-0.008372129489588764,1,1,1,1,1,1,100.0,100.0,0.0,100.0,100.0,81,4.0,4.0,0.0,4.0,4.0,81,2.026675638454535,2.026675638454535,0.3172662060960244,0.7309266782065613,2.7151018315098345,81,1.1914972240460275,1.1914972240460275,0.26689847897796665,0.75,1.9028550017857553,81,0.807218682264119,0.789772509678702,0.10283430440142691,0.5538072656124634,1.0,81,1.0463773473319053,1.0966182589559417,0.2587405606464073,0.5,1.6718416434034427,81,35.55871187635412,31.68408375442276,12.749648590015386,17.507704537461926,78.2879103924741,81,42.523717167641614,42.52371716764161,7.105427357601002e-15,42.52371716764161,42.52371716764161,81,cases/granite_good_dense.yaml,granite_good_dense,good,dense,favorable_or_mixed,moderate
granite_good_dense,51,50,50.5,34.71479317488753,32.608036719241774,41.69693011222216,41.69693011222216,24.741889381660922,39.78033002795984,0.7127189050793208,-9.97290379322661,-0.14708172126094343,0.9540349834123513,-1.9166000842623205,102,100.0,100.0,100.0,96.77166681499303,99.3486266104416,1.1428571428571428,8,100.0,0.3,99.95588995549635,3,1.4,P32_derived_Jv_proxy,100.0,100.0,-3.2283331850069743,-0.6513733895584011,-3.2283331850069743,-0.6513733895584011,3.2283331850069743,0.6513733895584011,3.2283331850069743,0.6513733895584011,102,8,4,98,0.9607843137254902,0.0392156862745098,78.53981633974483,7.0,1.298704335629866,1.1428571428571428,1.1428571428571428,0.05092958178940651,1.2477747538404593,0.12669093985081992,0.12859168596601178,-0.0019007461151918648,0,1,1,1,1,1,100.0,100.0,0.0,100.0,100.0,81,4.0,4.0,0.0,4.0,4.0,81,1.9929736059592054,1.9929736059592054,0.2828444840811562,1.363696464782462,2.7539034796209463,81,1.194916268772882,1.194916268772882,0.2781486004266425,0.75,1.956009607527756,81,0.7970853688359029,0.7941504334039503,0.09886732986393418,0.536069052069871,1.0,81,1.0434167522196485,1.0320528664875812,0.29676652321174823,0.5,1.9662893953373841,81,34.71479317488753,32.608036719241774,11.365796185841594,15.83644552309118,71.15223017364484,81,41.69693011222216,41.69693011222216,0.0,41.69693011222216,41.69693011222216,81,cases/granite_good_dense.yaml,granite_good_dense,good,dense,favorable_or_mixed,moderate
granite_good_dense,51,60,60.5,34.769882101363436,33.05081393316562,40.94910354635995,40.94910354635996,57.092718241457355,40.88142259668076,1.642016446159263,22.32283614009392,0.21537750262535083,0.99834719337378,-0.06768094967919325,91,100.0,100.0,100.0,98.2409566762088,99.43249953181018,0.7142857142857143,5,100.0,0.1,99.99503320866597,1,1.4,P32_derived_Jv_proxy,100.0,100.0,-1.7590433237912038,-0.5675004681898201,-1.7590433237912038,-0.5675004681898201,1.7590433237912038,0.5675004681898201,1.7590433237912038,0.5675004681898201,91,5,1,90,0.989010989010989,0.01098901098901099,78.53981633974483,7.0,1.158647985708998,0.7142857142857143,0.7142857142857143,0.012732395447351627,1.1459155902616465,0.12798307395937025,0.09759399051856066,0.030389083440809594,0,0,1,1,1,1,100.0,100.0,0.0,100.0,100.0,81,4.0,4.0,0.0,4.0,4.0,81,1.9550986386434412,1.9550986386434412,0.2973786730259157,1.2234896473314993,2.619956038292964,81,1.193615042408684,1.193615042408684,0.26054591758852547,0.75,1.7591132215522354,81,0.8131424001623218,0.818556709405455,0.09702222170858028,0.5086314498032902,1.0,81,1.0559840633695008,1.0668078586324339,0.31574060399209253,0.5,1.689659858254578,81,34.769882101363436,33.05081393316562,12.20971253257487,16.598190875230745,71.86529469252386,81,40.94910354635995,40.94910354635996,7.105427357601002e-15,40.94910354635996,40.94910354635996,81,cases/granite_good_dense.yaml,granite_good_dense,good,dense,favorable_or_mixed,moderate
granite_good_dense,51,70,70.5,35.72247949030074,31.066401052409397,39.201752130632656,39.20175213063267,29.233748644437924,35.36441492219965,0.8183572098452847,-6.488730845862818,-0.08705708703527892,0.9021131199532668,-3.8373372084330057,109,100.0,100.0,100.0,98.88006102829766,98.4195050193674,1.5714285714285714,11,100.0,0.3,99.95588995549635,3,1.4,P32_derived_Jv_proxy,100.0,100.0,-1.1199389717023394,-1.5804949806325936,-1.1199389717023394,-1.5804949806325936,1.1199389717023394,1.5804949806325936,1.1199389717023394,1.5804949806325936,109,11,4,105,0.963302752293578,0.03669724770642202,78.53981633974483,7.0,1.3878311037613273,1.5714285714285714,1.5714285714285714,0.05092958178940651,1.336901521971921,0.11556874136259243,0.0873661219129086,0.02820261944968383,1,1,1,1,1,1,100.0,100.0,0.0,100.0,100.0,81,4.0,4.0,0.0,4.0,4.0,81,1.9989353558426235,1.9989353558426235,0.28932245611543844,1.3189048250041555,2.783247651233477,81,1.2747742429863447,1.2747742429863447,0.2887589065330035,0.75,2.083617241142895,81,0.8023404130066586,0.8042982252052315,0.0945332022242995,0.5760668787595602,1.0,81,0.9797225629969077,0.9885438605895746,0.2973216732079027,0.5,1.7695815526314984,81,35.72247949030074,31.066401052409397,13.204762863486113,17.38579551360123,75.05541980502164,81,39.201752130632656,39.20175213063267,1.4210854715202004e-14,39.20175213063267,39.20175213063267,81,cases/granite_good_dense.yaml,granite_good_dense,good,dense,favorable_or_mixed,moderate
granite_good_dense,51,80,80.5,35.369556222067736,33.57176291128669,40.00041942190274,40.00041942190274,39.495249187269664,43.135683569279145,1.116645313254675,4.125692965201928,0.047915247459570764,1.0783807818189939,3.135264147376404,83,100.0,100.0,100.0,99.65788815354871,99.29881838436891,1.0,7,100.0,0.2,99.98026467728904,2,1.4,P32_derived_Jv_proxy,100.0,100.0,-0.34211184645128867,-0.7011816156310857,-0.34211184645128867,-0.7011816156310857,0.34211184645128867,0.7011816156310857,0.34211184645128867,0.7011816156310857,83,7,3,80,0.963855421686747,0.03614457831325301,78.53981633974483,7.0,1.056788822130185,1.0,1.0,0.03819718634205488,1.0185916357881302,0.12275725415448047,0.06911258639029272,0.05364466776418775,1,1,1,1,1,1,100.0,100.0,0.0,100.0,100.0,81,4.0,4.0,0.0,4.0,4.0,81,2.0362364842955443,2.0362364842955443,0.2728297671661376,1.515128345992701,2.896660440381668,81,1.272634458415564,1.272634458415564,0.2803815347075795,0.75,1.9404365064514055,81,0.805383436447178,0.8076600411866947,0.1002509035550152,0.5610539298096725,1.0,81,0.9952001961939748,0.9894195621814642,0.28467629427346325,0.5,1.7737852241566043,81,35.369556222067736,33.57176291128669,11.945142490358434,15.31358212501026,74.78178037121005,81,40.00041942190274,40.00041942190274,0.0,40.00041942190274,40.00041942190274,81,cases/granite_good_dense.yaml,granite_good_dense,good,dense,favorable_or_mixed,moderate
granite_medium,42,10,10.5,15.85490196635796,14.723106039888297,18.32494518754669,18.32494518754669,15.898767088730368,17.33929271282378,1.0027666599557339,0.04386512237240758,0.0011998860780073617,0.9462125280793342,-0.9856524747229081,83,99.80581347465449,99.80581347465449,99.80581347465449,97.49384993280182,98.72134854238526,1.2857142857142858,9,99.80581347465449,0.7,99.76613872993647,7,1.1,P32_derived_Jv_proxy,100.0,99.80581347465449,-2.3119635418526627,-1.0844649322692277,-2.5061500671981776,-1.2786514576147425,2.3119635418526627,1.0844649322692277,2.5061500671981776,1.2786514576147425,83,9,2,81,0.9759036144578314,0.024096385542168676,78.53981633974483,7.0,1.056788822130185,1.2857142857142858,1.2857142857142858,0.025464790894703253,1.0313240312354817,0.3784892694498654,0.22812414374527146,0.15036512570459393,1,1,1,1,1,1,99.80581347465449,99.80581347465449,0.0,99.80581347465449,99.80581347465449,81,4.0,4.0,0.0,4.0,4.0,81,1.4962359418542859,1.4962359418542859,0.2774421009531901,0.8976679419433615,2.244052640991914,81,2.0372918417822463,2.0372918417822463,0.5210649505602837,0.7746461822726713,3.70075008802144,81,0.8058327165278021,0.8181410398520713,0.09698859505082212,0.5852422834053733,1.0,81,1.0105751285485172,1.0472893591873296,0.2692197399597699,0.5,1.590837079968735,81,15.85490196635796,14.723106039888297,5.312286530319716,8.101554199134108,36.391266600916936,81,18.32494518754669,18.32494518754669,0.0,18.32494518754669,18.32494518754669,81,cases/granite_medium.yaml,granite_medium,medium,medium,mixed,moderate
granite_medium,42,20,20.5,16.593504546842244,14.608369118150026,19.05535984702837,19.05535984702837,17.76101131515152,17.185523843664438,1.070359264073089,1.167506768309277,0.029529572280138527,0.9018734876499576,-1.8698360033639325,96,99.33084283939634,99.33084283939634,99.33084283939634,100.0,99.73263770511745,0.5714285714285714,4,99.33084283939634,0.7,99.76613872993647,7,1.1,P32_derived_Jv_proxy,100.0,99.33084283939634,0.6691571606036604,0.401794865721115,0.0,-0.26736229488254537,0.6691571606036604,0.401794865721115,0.0,0.26736229488254537,96,4,1,95,0.9895833333333334,0.010416666666666666,78.53981633974483,7.0,1.2223099629457561,0.5714285714285714,0.5714285714285714,0.012732395447351627,1.2095775674984046,0.4426370459636666,0.34534867647256695,0.09728836949109965,1,1,1,1,1,1,99.33084283939634,99.33084283939634,0.0,99.33084283939634,99.33084283939634,81,4.0,4.0,0.0,4.0,4.0,81,1.5059681492220285,1.5059681492220285,0.2871934786829382,0.7228739432364981,2.4789695188014664,81,1.962559179574322,1.962559179574322,0.5409803423152704,0.75,3.2524121153230716,81,0.798630632879434,0.8018718996317244,0.08741301252741472,0.5433440278598597,1.0,81,1.0092073471858596,0.9800795884711129,0.29175180259474975,0.5,1.818773120744136,81,16.593504546842244,14.608369118150026,6.0595255743661856,8.369149822018443,36.42316178430114,81,19.05535984702837,19.05535984702837,0.0,19.05535984702837,19.05535984702837,81,cases/granite_medium.yaml,granite_medium,medium,medium,mixed,moderate
granite_medium,42,30,30.5,15.901294156079395,14.393206350291061,18.758740716440883,18.758740716440887,15.738684787342853,19.807421632118974,0.9897738280205091,-0.16260936873654153,-0.004464034154432861,1.0559035881741776,1.0486809156780907,79,100.0,100.0,100.0,99.65666607911649,99.33865723664779,0.7142857142857143,5,100.0,0.5,99.87908957257498,5,1.1,P32_derived_Jv_proxy,100.0,100.0,-0.34333392088350934,-0.6613427633522093,-0.34333392088350934,-0.6613427633522093,0.34333392088350934,0.6613427633522093,0.34333392088350934,0.6613427633522093,79,5,2,77,0.9746835443037974,0.02531645569620253,78.53981633974483,7.0,1.0058592403407784,0.7142857142857143,0.7142857142857143,0.025464790894703253,0.9803944494460752,0.43542665885847054,0.33181415247139023,0.1036125063870803,1,1,1,1,1,1,100.0,100.0,0.0,100.0,100.0,81,4.0,4.0,0.0,4.0,4.0,81,1.5261454716503404,1.5261454716503404,0.2836708215670138,0.6174695453346843,2.358337616580056,81,2.0339124767484624,2.0339124767484624,0.45238151189259246,1.0407683875485347,3.2052037385137884,81,0.7859828510482846,0.7902061459452242,0.09814277936060319,0.41211259942630074,1.0,81,0.9982078557519091,1.0207631939712856,0.25956750463695677,0.5,1.4964035952855428,81,15.901294156079395,14.393206350291061,4.852226654099163,8.48144381533107,28.441456358086644,81,18.758740716440883,18.758740716440887,3.552713678800501e-15,18.758740716440887,18.758740716440887,81,cases/granite_medium.yaml,granite_medium,medium,medium,mixed,moderate
granite_medium,42,40,40.5,16.220864772727207,15.010725412844598,18.69190658844327,18.691906588443274,17.73174077057093,22.07797318331259,1.0931439857869982,1.5108759978437227,0.03867736973954883,1.1811514828007346,3.3860665948693196,81,99.49889260002249,99.49889260002249,99.49889260002249,100.0,99.73263770511747,0.5714285714285714,4,99.49889260002249,0.8,99.69656540975667,8,1.1,P32_derived_Jv_proxy,100.0,99.49889260002249,0.5011073999775135,0.23374510509498236,0.0,-0.26736229488253116,0.5011073999775135,0.23374510509498236,0.0,0.26736229488253116,81,4,1,80,0.9876543209876543,0.012345679012345678,78.53981633974483,7.0,1.0313240312354817,0.5714285714285714,0.5714285714285714,0.012732395447351627,1.0185916357881302,0.4313885501351056,0.15106341993919303,0.28032513019591254,1,1,1,1,1,1,99.49889260002249,99.49889260002249,0.0,99.49889260002249,99.49889260002249,81,4.0,4.0,0.0,4.0,4.0,81,1.518092277837356,1.518092277837356,0.27616184475622907,0.7145311090637994,2.222005521722759,81,2.0202393452315346,2.0202393452315346,0.4746077501419293,0.8536302373555824,3.3295700574525444,81,0.80108886078776,0.7830120710909552,0.10261550287205679,0.5791784315829681,1.0,81,0.9914101247756762,0.9808340827685149,0.2531766761769635,0.5,1.7645533590169384,81,16.220864772727207,15.010725412844598,5.249792561701203,8.563210153956364,34.51929788126735,81,18.69190658844327,18.691906588443274,3.552713678800501e-15,18.691906588443274,18.691906588443274,81,cases/granite_medium.yaml,granite_medium,medium,medium,mixed,moderate
granite_medium,42,50,50.5,16.328319054170283,14.511113874459708,18.220577561813574,18.220577561813577,18.635773145381275,19.598832030177675,1.1413160830307063,2.3074540912109924,0.057405937236511884,1.0756427431396371,1.3782544683641014,113,99.53233938012305,99.53233938012305,99.53233938012305,100.0,99.18216958457558,1.0,7,99.53233938012305,1.0,99.53211598395555,10,1.1,P32_derived_Jv_proxy,100.0,99.53233938012305,0.46766061987695196,-0.3501697955474725,0.0,-0.8178304154244245,0.46766061987695196,0.3501697955474725,0.0,0.8178304154244245,113,7,2,111,0.9823008849557522,0.017699115044247787,78.53981633974483,7.0,1.4387606855507338,1.0,1.0,0.025464790894703253,1.4132958946560306,0.4575846304650084,0.2675838633570209,0.19000076710798752,1,1,1,1,1,1,99.53233938012305,99.53233938012305,0.0,99.53233938012305,99.53233938012305,81,4.0,4.0,0.0,4.0,4.0,81,1.4731563676247734,1.4731563676247734,0.3196278660738519,0.8034068907264641,2.2319429134868844,81,2.0118283715895533,2.0118283715895533,0.5340259008823194,0.75,3.286501051489928,81,0.801977084343542,0.8126918194318841,0.09422359011018473,0.575396349393484,1.0,81,1.0039593712621988,1.0038870558080872,0.3151960495864051,0.5,1.850565605707763,81,16.328319054170283,14.511113874459708,6.494083730696685,8.236635901489466,35.12951961701371,81,18.220577561813574,18.220577561813577,3.552713678800501e-15,18.220577561813577,18.220577561813577,81,cases/granite_medium.yaml,granite_medium,medium,medium,mixed,moderate
granite_medium,42,60,60.5,16.720063952220798,15.44637834817224,18.525773522924762,18.52577352292476,13.775429107866106,16.236342152837828,0.8238861494328448,-2.9446348443546917,-0.08413279811991292,0.8764191213255483,-2.289431370086934,91,100.0,100.0,100.0,100.0,99.73263770511745,0.5714285714285714,4,100.0,0.2,99.98026467728904,2,1.1,P32_derived_Jv_proxy,100.0,100.0,0.0,-0.26736229488254537,0.0,-0.26736229488254537,0.0,0.26736229488254537,0.0,0.26736229488254537,91,4,1,90,0.989010989010989,0.01098901098901099,78.53981633974483,7.0,1.158647985708998,0.5714285714285714,0.5714285714285714,0.012732395447351627,1.1459155902616465,0.3950287042595285,0.2971308110849692,0.09789789317455933,1,1,1,1,1,1,100.0,100.0,0.0,100.0,100.0,81,4.0,4.0,0.0,4.0,4.0,81,1.4916342479101152,1.4916342479101152,0.33767422395652363,0.560683486030395,2.468246437218701,81,2.0129176334584478,2.0129176334584478,0.482616592724966,0.8364157409990702,3.086959428127223,81,0.796531347629674,0.8009249700722829,0.08300327805529423,0.5657463866024023,1.0,81,0.9485468535984315,0.9675484791222612,0.23298584419055413,0.5,1.5727726683934522,81,16.720063952220798,15.44637834817224,5.2944717888093695,8.033595265346412,35.67031805861811,81,18.525773522924762,18.52577352292476,3.552713678800501e-15,18.52577352292476,18.52577352292476,81,cases/granite_medium.yaml,granite_medium,medium,medium,mixed,moderate
granite_medium,42,70,70.5,16.823554727303453,15.458604116974815,19.21409235253225,19.214092352532255,15.934761300785606,20.196508123339406,0.9471697009981251,-0.8887934265178465,-0.023572203040692852,1.0511299598639474,0.9824157708071546,93,100.0,100.0,100.0,99.24407736843182,99.73263770511745,0.5714285714285714,4,100.0,0.8,99.69656540975667,8,1.1,P32_derived_Jv_proxy,100.0,100.0,-0.7559226315681826,-0.26736229488254537,-0.7559226315681826,-0.26736229488254537,0.7559226315681826,0.26736229488254537,0.7559226315681826,0.26736229488254537,93,4,1,92,0.989247311827957,0.010752688172043012,78.53981633974483,7.0,1.1841127766037014,0.5714285714285714,0.5714285714285714,0.012732395447351627,1.1713803811563497,0.45241620042964337,0.25718349932991724,0.19523270109972612,1,1,1,1,1,1,100.0,100.0,0.0,100.0,100.0,81,4.0,4.0,0.0,4.0,4.0,81,1.4836897797242048,1.4836897797242048,0.30401197224132115,0.7177586385441665,2.2183641604697235,81,1.9304708134296373,1.9304708134296373,0.5107842886062419,0.75,3.10610119883688,81,0.8058055492208281,0.8141794615669642,0.0996122281003249,0.5807036689543598,1.0,81,0.9987298165939238,1.0016184826170826,0.27952843148427436,0.5,1.7536793343175698,81,16.823554727303453,15.458604116974815,5.366548808935956,8.600979089920614,32.64829422509711,81,19.21409235253225,19.214092352532255,3.552713678800501e-15,19.214092352532255,19.214092352532255,81,cases/granite_medium.yaml,granite_medium,medium,medium,mixed,moderate
granite_medium,42,80,80.5,17.27379320742413,14.74616100752918,19.401784874809458,19.401784874809454,16.333966393991908,18.697020919581778,0.9455923315656984,-0.939826813432223,-0.024296058430042677,0.9636753030829283,-0.7047639552276799,106,100.0,100.0,100.0,97.65080672843295,99.43249953181018,0.7142857142857143,5,100.0,0.8,99.69656540975667,8,1.1,P32_derived_Jv_proxy,100.0,100.0,-2.349193271567046,-0.5675004681898201,-2.349193271567046,-0.5675004681898201,2.349193271567046,0.5675004681898201,2.349193271567046,0.5675004681898201,106,5,3,103,0.9716981132075472,0.02830188679245283,78.53981633974483,7.0,1.3496339174192724,0.7142857142857143,0.7142857142857143,0.03819718634205488,1.3114367310772175,0.43881671190415417,0.12246168570931881,0.31635502619483535,1,1,1,1,1,1,100.0,100.0,0.0,100.0,100.0,81,4.0,4.0,0.0,4.0,4.0,81,1.485290032521802,1.485290032521802,0.31552558859742674,0.8573405818437609,2.280953561360127,81,1.9138574647972806,1.9138574647972806,0.5255699269427776,0.75,3.035563140656058,81,0.8352915629243561,0.840021308278835,0.10435776269106348,0.6032036668355003,1.0,81,1.0498513137319603,1.058428281550172,0.3124754782145494,0.5,1.715070482424471,81,17.27379320742413,14.74616100752918,6.9168119011768745,7.688033778005417,38.21496312239048,81,19.401784874809458,19.401784874809454,3.552713678800501e-15,19.401784874809454,19.401784874809454,81,cases/granite_medium.yaml,granite_medium,medium,medium,mixed,moderate
granite_medium,43,10,10.5,16.40811899837793,14.83928877317201,19.195903885347843,19.195903885347843,25.77598588014184,26.512434897215872,1.5709287507416296,9.36786688176391,0.19615648811989006,1.3811506379469167,7.31653101186803,91,100.0,100.0,100.0,99.48123782139201,99.48230775788285,0.8571428571428571,6,100.0,0.7,99.76613872993647,7,1.1,P32_derived_Jv_proxy,100.0,100.0,-0.5187621786079859,-0.5176922421171497,-0.5187621786079859,-0.5176922421171497,0.5187621786079859,0.5176922421171497,0.5187621786079859,0.5176922421171497,91,6,1,90,0.989010989010989,0.01098901098901099,78.53981633974483,7.0,1.158647985708998,0.8571428571428571,0.8571428571428571,0.012732395447351627,1.1459155902616465,0.456186033576923,0.3246292910597991,0.1315567425171239,0,0,1,0,1,1,100.0,100.0,0.0,100.0,100.0,81,4.0,4.0,0.0,4.0,4.0,81,1.5396846218765246,1.5396846218765246,0.2810233277045645,0.6503721493343957,2.3784327244753998,81,2.0052254781445322,2.0052254781445322,0.5204577808562704,0.9226594713808949,3.1395325427400396,81,0.8014014062393723,0.8140371538245594,0.10213771782066143,0.5231364227270517,1.0,81,1.0438481419175636,1.0508647323810545,0.3231129883238189,0.5,1.7828850917918175,81,16.40811899837793,14.83928877317201,6.162658879406257,7.675490177863846,33.360029896361674,81,19.195903885347843,19.195903885347843,0.0,19.195903885347843,19.195903885347843,81,cases/granite_medium.yaml,granite_medium,medium,medium,mixed,moderate
granite_medium,43,20,20.5,14.394844890456678,13.648908694805636,17.666079365734483,17.666079365734486,14.500915589729315,17.329843970755945,1.0073686587163546,0.10607069927263701,0.0031884349490509667,0.9809671751146604,-0.33623539497853727,92,100.0,100.0,100.0,97.54220950972687,98.6943468209435,1.1428571428571428,8,100.0,0.4,99.92210167184162,4,1.1,P32_derived_Jv_proxy,100.0,100.0,-2.4577904902731262,-1.305653179056506,-2.4577904902731262,-1.305653179056506,2.4577904902731262,1.305653179056506,2.4577904902731262,1.305653179056506,92,8,2,90,0.9782608695652174,0.021739130434782608,78.53981633974483,7.0,1.1713803811563497,1.1428571428571428,1.1428571428571428,0.025464790894703253,1.1459155902616465,0.415210700500774,0.2700885880867332,0.14512211241404083,1,1,1,1,1,1,100.0,100.0,0.0,100.0,100.0,81,4.0,4.0,0.0,4.0,4.0,81,1.4857621887435573,1.4857621887435573,0.266654788969774,0.8721455974157591,2.2487931794203373,81,2.1025635597808052,2.1025635597808052,0.45119278603421964,0.75,3.687925429986425,81,0.7779195492674149,0.7792094108697226,0.10401566941795344,0.5525150982087609,1.0,81,1.0283543124605499,1.0457797336449728,0.25305032988175064,0.5,1.525670655885865,81,14.394844890456678,13.648908694805636,4.860391902827075,7.222591159512992,30.548996406705374,81,17.666079365734483,17.666079365734486,3.552713678800501e-15,17.666079365734486,17.666079365734486,81,cases/granite_medium.yaml,granite_medium,medium,medium,mixed,moderate
granite_medium,43,30,30.5,17.42108503331932,17.001248007249412,19.178903037915426,19.178903037915422,16.590180465987974,19.990321230127652,0.9523046603732105,-0.8309045673313449,-0.021224090321335654,1.0423078520501463,0.8114181922122263,90,100.0,100.0,100.0,100.0,99.61598890532413,0.5714285714285714,4,100.0,0.6,99.82704055993037,6,1.1,P32_derived_Jv_proxy,100.0,100.0,0.0,-0.3840110946758699,0.0,-0.3840110946758699,0.0,0.3840110946758699,0.0,0.3840110946758699,90,4,0,90,1.0,0.0,78.53981633974483,7.0,1.1459155902616465,0.5714285714285714,0.5714285714285714,0.0,1.1459155902616465,0.44675530795999197,0.27124859152044556,0.1755067164395464,1,1,1,1,1,1,100.0,100.0,0.0,100.0,100.0,81,4.0,4.0,0.0,4.0,4.0,81,1.5537700576382412,1.5537700576382412,0.3043393336890593,0.6785461790894789,2.304351186494517,81,2.0253635655888926,2.0253635655888926,0.4625040075844856,1.073413240232962,3.2974048186460334,81,0.8041682561944393,0.8144260509696161,0.09695893638668682,0.5622243506084872,1.0,81,0.9413077924833457,0.9200045478104086,0.24226814047056236,0.5,1.542426758971279,81,17.42108503331932,17.001248007249412,4.662532646587149,10.181679461877655,28.807515425160435,81,19.178903037915426,19.178903037915422,3.552713678800501e-15,19.178903037915422,19.178903037915422,81,cases/granite_medium.yaml,granite_medium,medium,medium,mixed,moderate
granite_medium,43,40,40.5,15.508935686237077,14.323293497971877,17.68080628473996,17.68080628473996,19.763872351691862,20.930098721468234,1.2743538790499143,4.254936665454785,0.1052900452502481,1.1837751279212132,3.2492924367282754,79,100.0,100.0,100.0,100.0,99.61598890532414,0.5714285714285714,4,100.0,0.5,99.87908957257498,5,1.1,P32_derived_Jv_proxy,100.0,100.0,0.0,-0.3840110946758557,0.0,-0.3840110946758557,0.0,0.3840110946758557,0.0,0.3840110946758557,79,4,1,78,0.9873417721518988,0.012658227848101266,78.53981633974483,7.0,1.0058592403407784,0.5714285714285714,0.5714285714285714,0.012732395447351627,0.9931268448934268,0.3709669788353337,0.31046395112433556,0.060503027710998136,0,1,1,1,1,1,100.0,100.0,0.0,100.0,100.0,81,4.0,4.0,0.0,4.0,4.0,81,1.4879082462945041,1.4879082462945041,0.3326057108780152,0.8357225148472188,2.381867982976172,81,2.1038467114176456,2.1038467114176456,0.508711077310857,0.9255614025795573,3.465116022367363,81,0.8212137045184241,0.8103209676572208,0.09453284979587645,0.5624051435040069,1.0,81,1.039693594951147,1.0296064113542802,0.3119081093139165,0.5,1.6864390077401887,81,15.508935686237077,14.323293497971877,5.621064904587519,6.131937746279208,33.99002426135216,81,17.68080628473996,17.68080628473996,0.0,17.68080628473996,17.68080628473996,81,cases/granite_medium.yaml,granite_medium,medium,medium,mixed,moderate
granite_medium,43,50,50.5,16.257660516160747,14.912602350730038,17.91166390215165,17.91166390215165,11.215978385405334,17.027193921644503,0.6898888295924382,-5.041682130755413,-0.161220886921269,0.9506204456861823,-0.884469980507145,100,99.44344320385842,99.44344320385842,99.44344320385842,98.76777267396757,99.61598890532413,0.5714285714285714,4,99.44344320385842,0.8,99.69656540975667,8,1.1,P32_derived_Jv_proxy,100.0,99.44344320385842,-0.6756705298908514,0.17254570146570813,-1.2322273260324295,-0.3840110946758699,0.6756705298908514,0.17254570146570813,1.2322273260324295,0.3840110946758699,100,4,0,100,1.0,0.0,78.53981633974483,7.0,1.2732395447351628,0.5714285714285714,0.5714285714285714,0.0,1.2732395447351628,0.48746239397895497,0.3173978736970303,0.17006452028192465,0,1,1,1,1,1,99.44344320385842,99.44344320385842,0.0,99.44344320385842,99.44344320385842,81,4.0,4.0,0.0,4.0,4.0,81,1.4609194807807888,1.4609194807807888,0.31541704538460213,0.5449041370521958,2.089885673948501,81,2.027713117637594,2.027713117637594,0.46226217332261893,0.75,3.474580933945413,81,0.8051613844720689,0.7960782226200256,0.1060132896310704,0.5904212735944454,1.0,81,0.9806098738886923,0.9504404521207237,0.2829555166867192,0.5,1.6995552875297946,81,16.257660516160747,14.912602350730038,6.209924169264541,8.536191994909919,35.69093200870836,81,17.91166390215165,17.91166390215165,0.0,17.91166390215165,17.91166390215165,81,cases/granite_medium.yaml,granite_medium,medium,medium,mixed,moderate
granite_medium,43,60,60.5,17.024728928789973,15.700123059140555,19.058161021851053,19.058161021851056,19.60062965368898,19.292579441983438,1.1513034795251855,2.5759007248990073,0.06118981720989036,1.0123001594888204,0.23441842013238556,88,99.02838152013894,99.02838152013894,99.02838152013894,98.76439710103526,99.73263770511747,0.5714285714285714,4,99.02838152013894,0.5,99.87908957257498,5,1.1,P32_derived_Jv_proxy,100.0,99.02838152013894,-0.26398441910367865,0.7042561849785329,-1.2356028989647427,-0.26736229488253116,0.26398441910367865,0.7042561849785329,1.2356028989647427,0.26736229488253116,88,4,2,86,0.9772727272727273,0.022727272727272728,78.53981633974483,7.0,1.1204507993669433,0.5714285714285714,0.5714285714285714,0.025464790894703253,1.0949860084722398,0.4664541897391259,0.3634189440384239,0.103035245700702,1,1,1,1,1,1,99.02838152013894,99.02838152013894,0.0,99.02838152013894,99.02838152013894,81,4.0,4.0,0.0,4.0,4.0,81,1.5461803406851273,1.5461803406851273,0.27287566811802,0.8635639081778259,2.336427491862813,81,2.0085324142863388,2.0085324142863388,0.4359497979610041,1.170023545182511,2.955585703679514,81,0.7921876350666046,0.788707062658949,0.0841171521556752,0.5897703572237968,1.0,81,0.9686067130123986,0.9176043750931344,0.2849335024448595,0.5,1.7716145996211208,81,17.024728928789973,15.700123059140555,5.540554045478301,7.971292961617535,33.19179193334841,81,19.058161021851053,19.058161021851056,3.552713678800501e-15,19.058161021851056,19.058161021851056,81,cases/granite_medium.yaml,granite_medium,medium,medium,mixed,moderate
granite_medium,43,70,70.5,16.606832216825303,15.177489377552922,17.972828863693277,17.972828863693273,14.918209508637545,18.75,0.8983175908481257,-1.6886227081877578,-0.046570095884507445,1.0432414475317615,0.7771711363067233,88,100.0,100.0,100.0,100.0,100.0,0.0,0,100.0,0.5,99.87908957257498,5,1.1,P32_derived_Jv_proxy,100.0,100.0,0.0,0.0,0.0,0.0,0.0,0.0,0.0,0.0,88,0,0,88,1.0,0.0,78.53981633974483,7.0,1.1204507993669433,0.0,0.0,0.0,1.1204507993669433,0.4535217171365825,0.0,0.4535217171365825,1,1,1,1,1,1,100.0,100.0,0.0,100.0,100.0,81,4.0,4.0,0.0,4.0,4.0,81,1.4796613981693447,1.4796613981693447,0.327856971584914,0.8180849627250864,2.488852714211971,81,2.058192131844077,2.058192131844077,0.5254753338345445,0.8818561222306731,2.9747179202967455,81,0.821639142022217,0.8203952367382287,0.08161854996409543,0.6409272034825164,1.0,81,0.9715214717592067,0.9598117094899175,0.2713572503655,0.5,1.5982698200873018,81,16.606832216825303,15.177489377552922,5.7835054466139395,8.310333077128254,35.578112464441666,81,17.972828863693277,17.972828863693273,3.552713678800501e-15,17.972828863693273,17.972828863693273,81,cases/granite_medium.yaml,granite_medium,medium,medium,mixed,moderate
granite_medium,43,80,80.5,15.19007245959979,14.372951066417137,18.16098742364661,18.160987423646606,14.153324421819798,18.58873383125126,0.931748315188267,-1.0367480377799918,-0.030701383876081678,1.0235530369371713,0.4277464076046513,92,99.53230597915568,99.53230597915568,99.53230597915568,99.57258766783505,99.47233838408904,0.42857142857142855,3,99.53230597915568,0.8,99.69656540975667,8,1.1,P32_derived_Jv_proxy,100.0,99.53230597915568,0.04028168867937154,-0.05996759506663807,-0.42741233216494834,-0.527661615910958,0.04028168867937154,0.05996759506663807,0.42741233216494834,0.527661615910958,92,3,3,89,0.967391304347826,0.03260869565217391,78.53981633974483,7.0,1.1713803811563497,0.42857142857142855,0.42857142857142855,0.03819718634205488,1.1331831948142947,0.46024615875693153,0.24594179077863065,0.21430436797830088,1,1,1,1,1,1,99.53230597915568,99.53230597915568,0.0,99.53230597915568,99.53230597915568,81,4.0,4.0,0.0,4.0,4.0,81,1.5093505264557905,1.5093505264557905,0.2941820208046593,0.7400245317218982,2.1216895074405726,81,2.068019966708843,2.068019966708843,0.49334918959710944,0.75,3.21404500907438,81,0.7882217612787384,0.7989123157448944,0.10410397492152428,0.5743403119666013,0.9804388142901096,81,1.0303202142754548,1.0055237973194058,0.29940702515844464,0.5,1.9305360718577538,81,15.19007245959979,14.372951066417137,5.319151372243902,7.555347088808066,34.71375315334475,81,18.16098742364661,18.160987423646606,3.552713678800501e-15,18.160987423646606,18.160987423646606,81,cases/granite_medium.yaml,granite_medium,medium,medium,mixed,moderate
granite_medium,44,10,10.5,15.438464517528782,14.547923332136154,18.256778006281717,18.256778006281717,15.572455320171503,19.027623599401185,1.0086790239074999,0.133990802642721,0.003752989504814064,1.0422224333808647,0.7708455931194678,82,100.0,100.0,100.0,100.0,99.4993401055308,0.5714285714285714,4,100.0,0.6,99.82704055993037,6,1.1,P32_derived_Jv_proxy,100.0,100.0,0.0,-0.5006598944691945,0.0,-0.5006598944691945,0.0,0.5006598944691945,0.0,0.5006598944691945,82,4,2,80,0.975609756097561,0.024390243902439025,78.53981633974483,7.0,1.0440564266828334,0.5714285714285714,0.5714285714285714,0.025464790894703253,1.0185916357881302,0.4364478081718688,0.2924448120504213,0.1440029961214475,1,1,1,1,1,1,100.0,100.0,0.0,100.0,100.0,81,4.0,4.0,0.0,4.0,4.0,81,1.448803881922597,1.448803881922597,0.2819236099499645,0.7647789152616392,2.112503573789048,81,1.983926026575032,1.983926026575032,0.5368832188632241,0.75,3.0838948593291615,81,0.8019218153839792,0.8138158416446175,0.09484961835015239,0.6027499718408068,1.0,81,1.0268927339001495,1.020030751678388,0.26052141440214915,0.5,1.623845060872137,81,15.438464517528782,14.547923332136154,5.2305078480993545,7.135691783471838,31.214857169865667,81,18.256778006281717,18.256778006281717,0.0,18.256778006281717,18.256778006281717,81,cases/granite_medium.yaml,granite_medium,medium,medium,mixed,moderate
granite_medium,44,20,20.5,16.29555954952794,15.315404658326642,18.764415967264338,18.764415967264334,15.081129642507483,16.58394968228782,0.9254747955521639,-1.2144299070204578,-0.03363540435750334,0.8837978070417714,-2.180466284976518,91,100.0,100.0,100.0,98.49382298031935,99.48230775788286,0.8571428571428571,6,100.0,0.8,99.69656540975667,8,1.1,P32_derived_Jv_proxy,100.0,100.0,-1.5061770196806492,-0.5176922421171355,-1.5061770196806492,-0.5176922421171355,1.5061770196806492,0.5176922421171355,1.5061770196806492,0.5176922421171355,91,6,0,91,1.0,0.0,78.53981633974483,7.0,1.158647985708998,0.8571428571428571,0.8571428571428571,0.0,1.158647985708998,0.41360978841316076,0.4223905713036106,-0.008780782890449812,1,1,1,1,1,1,100.0,100.0,0.0,100.0,100.0,81,4.0,4.0,0.0,4.0,4.0,81,1.474163870231849,1.474163870231849,0.30615461732992955,0.8763768592378031,2.4365137371634096,81,1.9640417703428894,1.9640417703428894,0.5131383807576553,0.75,3.251842785723932,81,0.7926042906262378,0.7976252274649569,0.10425846163476121,0.5764582731527997,1.0,81,1.0009358353484568,0.9539375018243822,0.30665608675251504,0.5,1.9169707032654026,81,16.29555954952794,15.315404658326642,5.399137678740299,6.130801571367801,34.26247380310031,81,18.764415967264338,18.764415967264334,3.552713678800501e-15,18.764415967264334,18.764415967264334,81,cases/granite_medium.yaml,granite_medium,medium,medium,mixed,moderate
granite_medium,44,30,30.5,16.967238242925422,15.27837170997709,18.31672031427677,18.316720314276765,21.19584890934279,22.017604279287088,1.249222095303607,4.228610666417367,0.09663965710120448,1.2020494882004453,3.70088396501032,82,100.0,100.0,100.0,98.7079890089641,99.27181666292714,0.8571428571428571,6,100.0,0.5,99.87908957257498,5,1.1,P32_derived_Jv_proxy,100.0,100.0,-1.2920109910358946,-0.7281833370728634,-1.2920109910358946,-0.7281833370728634,1.2920109910358946,0.7281833370728634,1.2920109910358946,0.7281833370728634,82,6,2,80,0.975609756097561,0.024390243902439025,78.53981633974483,7.0,1.0440564266828334,0.8571428571428571,0.8571428571428571,0.025464790894703253,1.0185916357881302,0.4394154271414282,0.25073257725110576,0.18868284989032247,1,1,1,1,1,1,100.0,100.0,0.0,100.0,100.0,81,4.0,4.0,0.0,4.0,4.0,81,1.4690758257378533,1.4690758257378533,0.30946999073425036,0.7380288376352404,2.228515239771968,81,2.0051021696728077,2.0051021696728077,0.4970159630674795,0.9127827641399398,3.427499342274172,81,0.7956167862063868,0.8009992977554642,0.09185406114537087,0.5710365993698773,1.0,81,0.9480729027409732,0.96018036513672,0.28992481050192753,0.5,1.6458730853860284,81,16.967238242925422,15.27837170997709,5.788472286581383,8.739772197761516,30.667582283349173,81,18.31672031427677,18.316720314276765,3.552713678800501e-15,18.316720314276765,18.316720314276765,81,cases/granite_medium.yaml,granite_medium,medium,medium,mixed,moderate
granite_medium,44,40,40.5,14.597860602285422,13.422458331676026,18.124581248204155,18.124581248204155,17.656708544175167,16.212811341366358,1.2095408378821522,3.058847941889745,0.08262053608563069,0.894520602674491,-1.9117699068377974,91,100.0,100.0,100.0,100.0,99.79947827883811,0.42857142857142855,3,100.0,0.4,99.92210167184162,4,1.1,P32_derived_Jv_proxy,100.0,100.0,0.0,-0.20052172116189126,0.0,-0.20052172116189126,0.0,0.20052172116189126,0.0,0.20052172116189126,91,3,2,89,0.978021978021978,0.02197802197802198,78.53981633974483,7.0,1.158647985708998,0.42857142857142855,0.42857142857142855,0.025464790894703253,1.1331831948142947,0.40962392861140107,0.047917246738736985,0.3617066818726641,1,1,1,1,1,1,100.0,100.0,0.0,100.0,100.0,81,4.0,4.0,0.0,4.0,4.0,81,1.4580073213616807,1.4580073213616807,0.281996416929878,0.6408053028638349,2.1133880110160295,81,2.0110910445257115,2.0110910445257115,0.4864469557271593,0.8171650881279537,3.2937452088419,81,0.7819141109825277,0.7872261924736107,0.11007218480666231,0.5459817076251031,1.0,81,1.0683914209201355,1.0688220218304751,0.308429715746079,0.5,1.8192772382454212,81,14.597860602285422,13.422458331676026,5.520564805243427,6.904812352037957,34.86632763970774,81,18.124581248204155,18.124581248204155,0.0,18.124581248204155,18.124581248204155,81,cases/granite_medium.yaml,granite_medium,medium,medium,mixed,moderate
granite_medium,44,50,50.5,16.255853994633192,16.068128320083517,18.126694137293843,18.126694137293846,17.078105533519754,17.42153493605243,1.050581872792289,0.8222515388865617,0.02142990302125014,0.9610983008870538,-0.7051592012414112,85,100.0,100.0,100.0,99.92427665459093,99.61598890532413,0.5714285714285714,4,100.0,0.6,99.82704055993037,6,1.1,P32_derived_Jv_proxy,100.0,100.0,-0.07572334540907377,-0.3840110946758699,-0.07572334540907377,-0.3840110946758699,0.07572334540907377,0.3840110946758699,0.07572334540907377,0.3840110946758699,85,4,1,84,0.9882352941176471,0.011764705882352941,78.53981633974483,7.0,1.0822536130248883,0.5714285714285714,0.5714285714285714,0.012732395447351627,1.0695212175775366,0.41402425130636455,0.3448907011892661,0.06913355011709843,1,1,1,1,1,1,100.0,100.0,0.0,100.0,100.0,81,4.0,4.0,0.0,4.0,4.0,81,1.4838818624162444,1.4838818624162444,0.3184159014994856,0.8854949140300692,2.2600909540921137,81,2.0465423137516665,2.0465423137516665,0.4835405590224168,0.8165905487414098,2.9514457379901056,81,0.796950083535922,0.8000829031191969,0.10243365635177933,0.5689731793404341,0.9948789404152094,81,0.9811189233089843,0.9780559887053968,0.28227813051316036,0.5,1.5754214518439624,81,16.255853994633192,16.068128320083517,5.900661241866219,6.546567448447565,33.601974186726714,81,18.126694137293843,18.126694137293846,3.552713678800501e-15,18.126694137293846,18.126694137293846,81,cases/granite_medium.yaml,granite_medium,medium,medium,mixed,moderate
granite_medium,44,60,60.5,17.343449196412358,15.914758961530051,19.225111639246624,19.225111639246624,16.989957721630105,17.502936902123782,0.9796181560669388,-0.3534914747822526,-0.008943174336815352,0.9104205598677955,-1.7221747371228417,100,99.15147338152615,99.15147338152615,99.15147338152615,99.0776985242205,99.61598890532413,0.5714285714285714,4,99.15147338152615,0.8,99.69656540975667,8,1.1,P32_derived_Jv_proxy,100.0,99.15147338152615,-0.0737748573056507,0.464515523797985,-0.9223014757795056,-0.3840110946758699,0.0737748573056507,0.464515523797985,0.9223014757795056,0.3840110946758699,100,4,1,99,0.99,0.01,78.53981633974483,7.0,1.2732395447351628,0.5714285714285714,0.5714285714285714,0.012732395447351627,1.260507149287811,0.4904693082234822,0.4343399116715816,0.056129396551900634,1,1,1,1,1,1,99.15147338152615,99.15147338152615,0.0,99.15147338152615,99.15147338152615,81,4.0,4.0,0.0,4.0,4.0,81,1.480725948819027,1.480725948819027,0.2872430550257066,0.9058517761871879,2.3134490107658023,81,1.9091717418164509,1.9091717418164509,0.5198827166952334,0.8636126550989018,3.1030641506805816,81,0.8082960877965973,0.791513377950939,0.09470225914104023,0.5894084851840085,1.0,81,0.9744390879034227,0.9637395905353442,0.2592359924869427,0.5,1.550239651642467,81,17.343449196412358,15.914758961530051,6.041841638728074,8.603328653389871,38.45022327849325,81,19.225111639246624,19.225111639246624,0.0,19.225111639246624,19.225111639246624,81,cases/granite_medium.yaml,granite_medium,medium,medium,mixed,moderate
granite_medium,44,70,70.5,15.093069871210034,13.884085897660725,17.736034944462336,17.736034944462332,15.915239053950355,16.637521332047378,1.0544732907059953,0.8221691827403212,0.02303558374747494,0.9380631795181513,-1.0985136124149584,88,100.0,100.0,100.0,98.91606151113557,99.61598890532413,0.5714285714285714,4,100.0,0.3,99.95588995549635,3,1.1,P32_derived_Jv_proxy,100.0,100.0,-1.0839384888644332,-0.3840110946758699,-1.0839384888644332,-0.3840110946758699,1.0839384888644332,0.3840110946758699,1.0839384888644332,0.3840110946758699,88,4,0,88,1.0,0.0,78.53981633974483,7.0,1.1204507993669433,0.5714285714285714,0.5714285714285714,0.0,1.1204507993669433,0.46268483295936746,0.21233415951689472,0.25035067344247275,1,1,1,1,1,1,100.0,100.0,0.0,100.0,100.0,81,4.0,4.0,0.0,4.0,4.0,81,1.4642476580901223,1.4642476580901223,0.30028889198771513,0.7758528629547362,2.1806297316498062,81,2.063944481778465,2.063944481778465,0.430109751400538,0.9636656480414747,2.841247617377171,81,0.806467414278489,0.8119519209104149,0.10023291980877076,0.48292539730768297,1.0,81,1.0315315158795177,1.0160469517703485,0.27705113913975227,0.5,1.6485630276569154,81,15.093069871210034,13.884085897660725,5.214166968839408,6.831396192155413,30.580791237285588,81,17.736034944462336,17.736034944462332,3.552713678800501e-15,17.736034944462332,17.736034944462332,81,cases/granite_medium.yaml,granite_medium,medium,medium,mixed,moderate
granite_medium,44,80,80.5,17.172754686850602,14.59807071774059,19.315784639933998,19.315784639933995,19.78533508849463,19.923584632851924,1.1521351960873532,2.6125804016440277,0.06150344390460449,1.0314664925214243,0.6077999929179256,80,100.0,100.0,100.0,100.0,99.68282947904478,0.42857142857142855,3,100.0,0.9,99.61849919456388,9,1.1,P32_derived_Jv_proxy,100.0,100.0,0.0,-0.3171705209552158,0.0,-0.3171705209552158,0.0,0.3171705209552158,0.0,0.3171705209552158,80,3,2,78,0.975,0.025,78.53981633974483,7.0,1.0185916357881302,0.42857142857142855,0.42857142857142855,0.025464790894703253,0.9931268448934268,0.44209485864316067,0.25907584910972237,0.1830190095334383,1,1,1,1,1,1,100.0,100.0,0.0,100.0,100.0,81,4.0,4.0,0.0,4.0,4.0,81,1.500092745119017,1.500092745119017,0.29288291001368155,0.5,2.2594498899027218,81,1.941537417560666,1.941537417560666,0.5151296087102292,0.8743703047353304,3.7444399401595234,81,0.7925276088811809,0.7846327871923381,0.10392435573907845,0.4298937420596059,1.0,81,0.9978866316750348,0.9864483128072908,0.3025527133525175,0.5,1.9854061122953384,81,17.172754686850602,14.59807071774059,6.86687700384561,6.059382816897796,35.200934513349644,81,19.315784639933998,19.315784639933995,3.552713678800501e-15,19.315784639933995,19.315784639933995,81,cases/granite_medium.yaml,granite_medium,medium,medium,mixed,moderate
granite_medium,45,10,10.5,16.166856373245032,14.86644503047581,17.992672691761587,17.992672691761587,20.80979058087842,21.982009249353172,1.2871884366658384,4.642934207633388,0.10964212966557252,1.2217200649361117,3.989336557591585,81,100.0,100.0,100.0,100.0,99.48230775788286,0.8571428571428571,6,100.0,0.5,99.87908957257498,5,1.1,P32_derived_Jv_proxy,100.0,100.0,0.0,-0.5176922421171355,0.0,-0.5176922421171355,0.0,0.5176922421171355,0.0,0.5176922421171355,81,6,2,79,0.9753086419753086,0.024691358024691357,78.53981633974483,7.0,1.0313240312354817,0.8571428571428571,0.8571428571428571,0.025464790894703253,1.0058592403407784,0.40133683582779556,0.500310478364453,-0.09897364253665741,0,1,1,1,1,1,100.0,100.0,0.0,100.0,100.0,81,4.0,4.0,0.0,4.0,4.0,81,1.5137612879435436,1.5137612879435436,0.2848519356171742,0.8854342868985859,2.276612045775892,81,2.103302430211853,2.103302430211853,0.48630746634572064,0.75,3.215806892817012,81,0.8060270265934809,0.8060997719780476,0.0981289942653053,0.6094251075947832,1.0,81,0.9690743200934044,0.9860881172679428,0.23514955213022293,0.5,1.4521896965602994,81,16.166856373245032,14.86644503047581,5.60004796676021,9.252002162252406,35.985345383523175,81,17.992672691761587,17.992672691761587,0.0,17.992672691761587,17.992672691761587,81,cases/granite_medium.yaml,granite_medium,medium,medium,mixed,moderate
granite_medium,45,20,20.5,15.24552617693482,13.882147913925161,17.64439067742148,17.644390677421477,14.306956750123614,18.400362907390818,0.938436403183566,-0.9385694268112061,-0.027595153711044818,1.0428449042979258,0.7559722299693377,86,99.30590282278126,99.30590282278126,99.30590282278126,100.0,99.79947827883811,0.42857142857142855,3,99.30590282278126,0.6,99.82704055993037,6,1.1,P32_derived_Jv_proxy,100.0,99.30590282278126,0.6940971772187368,0.4935754560568455,0.0,-0.20052172116189126,0.6940971772187368,0.4935754560568455,0.0,0.20052172116189126,86,3,0,86,1.0,0.0,78.53981633974483,7.0,1.0949860084722398,0.42857142857142855,0.42857142857142855,0.0,1.0949860084722398,0.41019622669528477,0.19444689612897526,0.21574933056630952,1,1,1,1,1,1,99.30590282278126,99.30590282278126,0.0,99.30590282278126,99.30590282278126,81,4.0,4.0,0.0,4.0,4.0,81,1.452065600705526,1.452065600705526,0.2898809227843268,0.7633213823094482,2.0988446968585444,81,2.0431236203085397,2.0431236203085397,0.5329093518571546,0.8810239010518335,3.445933137848481,81,0.8059195876569065,0.8137254506699874,0.09750199308083524,0.5453001289969084,1.0,81,1.0263776499748374,1.01128190463088,0.2983743671138117,0.5,1.7066015557977483,81,15.24552617693482,13.882147913925161,5.4808236616100094,6.6347676092733,30.911946220721507,81,17.64439067742148,17.644390677421477,3.552713678800501e-15,17.644390677421477,17.644390677421477,81,cases/granite_medium.yaml,granite_medium,medium,medium,mixed,moderate
granite_medium,45,30,30.5,15.251754967297211,14.233890685978764,17.649365718372366,17.649365718372366,15.860066924912875,18.380188849050235,1.039884718769742,0.6083119576156637,0.016985196243766154,1.0414078977306878,0.7308231306778694,84,100.0,100.0,100.0,97.20813421439131,99.27181666292714,0.8571428571428571,6,100.0,0.5,99.87908957257498,5,1.1,P32_derived_Jv_proxy,100.0,100.0,-2.7918657856086924,-0.7281833370728634,-2.7918657856086924,-0.7281833370728634,2.7918657856086924,0.7281833370728634,2.7918657856086924,0.7281833370728634,84,6,1,83,0.9880952380952381,0.011904761904761904,78.53981633974483,7.0,1.0695212175775366,0.8571428571428571,0.8571428571428571,0.012732395447351627,1.056788822130185,0.4423180576339174,0.5061112900989932,-0.06379323246507584,1,1,1,1,1,1,100.0,100.0,0.0,100.0,100.0,81,4.0,4.0,0.0,4.0,4.0,81,1.441234667358874,1.441234667358874,0.3266476974894165,0.6463895975221131,2.3450598000976277,81,2.0414822412833225,2.0414822412833225,0.4586308275051756,1.1492080956299195,3.4270360300253966,81,0.7908354427875979,0.792088044165405,0.1050643729298537,0.49350796437265254,1.0,81,0.9944747912067878,0.9589063323497966,0.29134249139654106,0.5,1.87351623010259,81,15.251754967297211,14.233890685978764,4.939922450729647,5.890883302402062,31.37570785608535,81,17.649365718372366,17.649365718372366,0.0,17.649365718372366,17.649365718372366,81,cases/granite_medium.yaml,granite_medium,medium,medium,mixed,moderate
granite_medium,45,40,40.5,15.757929306813352,15.370963124063373,18.777318196856417,18.77731819685642,16.22937258164697,18.603463836852324,1.0299178442582413,0.4714432748336179,0.012802582755328418,0.9907412571815927,-0.1738543600040927,100,100.0,100.0,100.0,100.0,99.93315942627937,0.14285714285714285,1,100.0,0.6,99.82704055993037,6,1.1,P32_derived_Jv_proxy,100.0,100.0,0.0,-0.06684057372062568,0.0,-0.06684057372062568,0.0,0.06684057372062568,0.0,0.06684057372062568,100,1,1,99,0.99,0.01,78.53981633974483,7.0,1.2732395447351628,0.14285714285714285,0.14285714285714285,0.012732395447351627,1.260507149287811,0.4660521845207598,0.1380090357396646,0.3280431487810952,1,1,1,1,1,1,100.0,100.0,0.0,100.0,100.0,81,4.0,4.0,0.0,4.0,4.0,81,1.49424646431703,1.49424646431703,0.31646680741203814,0.785898269177247,2.323359998161829,81,1.9894300781556593,1.9894300781556593,0.5177990338497175,0.75,3.539511006592307,81,0.7980556662498804,0.8048286824789156,0.08837937275988537,0.5793810201562046,1.0,81,1.02545014036247,0.9982230999857405,0.27418813598053193,0.5,1.7355619195179905,81,15.757929306813352,15.370963124063373,5.052553005036148,7.592433168951823,34.535270000815316,81,18.777318196856417,18.77731819685642,3.552713678800501e-15,18.77731819685642,18.77731819685642,81,cases/granite_medium.yaml,granite_medium,medium,medium,mixed,moderate
granite_medium,45,50,50.5,16.049164186628563,15.027689899719192,18.7120948781895,18.7120948781895,13.985403394303207,19.64278016577157,0.8714100766664978,-2.063760792325356,-0.05977742234913652,1.049737097510491,0.9306852875820688,84,99.19309871810268,99.19309871810268,99.19309871810268,99.94610005194507,99.48230775788286,0.8571428571428571,6,99.19309871810268,0.4,99.92210167184162,4,1.1,P32_derived_Jv_proxy,100.0,99.19309871810268,0.7530013338423913,0.2892090397801894,-0.05389994805493359,-0.5176922421171355,0.7530013338423913,0.2892090397801894,0.05389994805493359,0.5176922421171355,84,6,0,84,1.0,0.0,78.53981633974483,7.0,1.0695212175775366,0.8571428571428571,0.8571428571428571,0.0,1.0695212175775366,0.4366082807849845,0.3551247461923531,0.08148353459263136,1,1,1,1,1,1,99.19309871810268,99.19309871810268,0.0,99.19309871810268,99.19309871810268,81,4.0,4.0,0.0,4.0,4.0,81,1.5534828647281742,1.5534828647281742,0.2682675830419882,0.9404747407469659,2.1575112890534696,81,2.0587590561208753,2.0587590561208753,0.44418117852332784,1.1870958739495283,3.070709634964061,81,0.8012127382367588,0.8098271675870993,0.09117407903712385,0.5847014180299401,1.0,81,1.019414050630217,1.012616248173167,0.2886762777256382,0.5,1.8167993444256842,81,16.049164186628563,15.027689899719192,5.4107099976323205,7.950565170534119,33.373022379798044,81,18.7120948781895,18.7120948781895,0.0,18.7120948781895,18.7120948781895,81,cases/granite_medium.yaml,granite_medium,medium,medium,mixed,moderate
granite_medium,45,60,60.5,17.043000157963277,15.424141115618742,19.578410032800374,19.57841003280037,19.043459781120976,17.491741749340278,1.1173771991208363,2.000459623157699,0.04819980502572574,0.8934199314467196,-2.086668283460096,78,99.16182781198654,99.16182781198654,99.16182781198654,100.0,99.86631885255873,0.2857142857142857,2,99.16182781198654,1.0,99.53211598395555,10,1.1,P32_derived_Jv_proxy,100.0,99.16182781198654,0.8381721880134592,0.7044910405721936,0.0,-0.13368114744126558,0.8381721880134592,0.7044910405721936,0.0,0.13368114744126558,78,2,1,77,0.9871794871794872,0.01282051282051282,78.53981633974483,7.0,0.9931268448934268,0.2857142857142857,0.2857142857142857,0.012732395447351627,0.9803944494460752,0.4282765907464695,0.15663481701079873,0.2716417737356708,1,1,1,1,1,1,99.16182781198654,99.16182781198654,0.0,99.16182781198654,99.16182781198654,81,4.0,4.0,0.0,4.0,4.0,81,1.5057435140530924,1.5057435140530924,0.3127382917990301,0.8450833500270968,2.452132562212271,81,1.9065935234194245,1.9065935234194245,0.5599953136145877,0.7988763688481371,3.447254825102017,81,0.8029253311314399,0.8042359229241599,0.10626158553941549,0.4225862346985866,1.0,81,1.0107282763038845,1.034360213404987,0.29056271041244996,0.5,1.6279070758444838,81,17.043000157963277,15.424141115618742,5.838838669930705,8.46063141216679,34.597191616735024,81,19.578410032800374,19.57841003280037,3.552713678800501e-15,19.57841003280037,19.57841003280037,81,cases/granite_medium.yaml,granite_medium,medium,medium,mixed,moderate
granite_medium,45,70,70.5,15.198158892349753,13.91924030048906,17.21736943235012,17.21736943235012,20.58110297749743,19.711822146316926,1.3541839589436897,5.3829440851476775,0.13167766503406808,1.1448800133939112,2.4944527139668047,84,99.3074180907299,99.3074180907299,99.3074180907299,100.0,99.86631885255873,0.2857142857142857,2,99.3074180907299,0.5,99.87908957257498,5,1.1,P32_derived_Jv_proxy,100.0,99.3074180907299,0.6925819092701033,0.5589007618288377,0.0,-0.13368114744126558,0.6925819092701033,0.5589007618288377,0.0,0.13368114744126558,84,2,2,82,0.9761904761904762,0.023809523809523808,78.53981633974483,7.0,1.0695212175775366,0.2857142857142857,0.2857142857142857,0.025464790894703253,1.0440564266828334,0.4053943572868778,0.25084784016699124,0.15454651711988654,0,1,1,1,1,1,99.3074180907299,99.3074180907299,0.0,99.3074180907299,99.3074180907299,81,4.0,4.0,0.0,4.0,4.0,81,1.4358703599865212,1.4358703599865212,0.3104535188416742,0.6937556818205979,2.4025703256374813,81,2.0704756717270025,2.0704756717270025,0.47193445045645194,0.9515596289489812,3.076940559716644,81,0.7887138922376852,0.7892155986468893,0.08964824332112947,0.5842022247712462,0.9729645670902034,81,0.9861262284072244,1.0064117337161205,0.28744346021374323,0.5,1.8309649498877223,81,15.198158892349753,13.91924030048906,5.621213479000519,6.68851834544091,31.103175332745714,81,17.21736943235012,17.21736943235012,0.0,17.21736943235012,17.21736943235012,81,cases/granite_medium.yaml,granite_medium,medium,medium,mixed,moderate
granite_medium,45,80,80.5,16.533439826049246,16.006038627981724,19.142297722644063,19.142297722644063,17.377895706721652,18.09022673837141,1.051075631541715,0.8444558806724061,0.021633967388322572,0.9450394618495499,-1.0520709842726532,95,99.69557720870885,99.69557720870885,99.69557720870885,100.0,99.93315942627937,0.14285714285714285,1,99.69557720870885,0.5,99.87908957257498,5,1.1,P32_derived_Jv_proxy,100.0,99.69557720870885,0.30442279129114524,0.23758221757051956,0.0,-0.06684057372062568,0.30442279129114524,0.23758221757051956,0.0,0.06684057372062568,95,1,0,95,1.0,0.0,78.53981633974483,7.0,1.2095775674984046,0.14285714285714285,0.14285714285714285,0.0,1.2095775674984046,0.4214320607554347,0.38035129147902713,0.04108076927640758,1,1,1,1,1,1,99.69557720870885,99.69557720870885,0.0,99.69557720870885,99.69557720870885,81,4.0,4.0,0.0,4.0,4.0,81,1.4743540390224184,1.4743540390224184,0.24474539730331638,0.8142899804948148,1.9581417095867233,81,1.9196569171063504,1.9196569171063504,0.5006574331361282,0.75,3.332566629657111,81,0.7991908657177667,0.8017910978610264,0.09011572875482018,0.5553439965846448,0.9724056862387129,81,0.9902659152233316,0.9531798228796081,0.264592291677036,0.5,1.8746699564544593,81,16.533439826049246,16.006038627981724,4.774604907566129,8.336331227237004,31.678094916243886,81,19.142297722644063,19.142297722644063,0.0,19.142297722644063,19.142297722644063,81,cases/granite_medium.yaml,granite_medium,medium,medium,mixed,moderate
granite_medium,46,10,10.5,16.388352859155322,15.062400567055985,18.478204451811575,18.47820445181158,16.280484775485128,18.5998291618601,0.9934180033468138,-0.10786808367019418,-0.0028679737113124215,1.0065820632283675,0.12162471004852549,79,99.90422402608928,99.90422402608928,99.90422402608928,100.0,99.86631885255873,0.2857142857142857,2,99.90422402608928,0.5,99.87908957257498,5,1.1,P32_derived_Jv_proxy,100.0,99.90422402608928,0.0957759739107189,-0.037905173530546676,0.0,-0.13368114744126558,0.0957759739107189,0.037905173530546676,0.0,0.13368114744126558,79,2,0,79,1.0,0.0,78.53981633974483,7.0,1.0058592403407784,0.2857142857142857,0.2857142857142857,0.0,1.0058592403407784,0.40240720066221336,0.3809140210625529,0.02149317959966046,1,1,1,1,1,1,99.90422402608928,99.90422402608928,0.0,99.90422402608928,99.90422402608928,81,4.0,4.0,0.0,4.0,4.0,81,1.5290669137659376,1.5290669137659376,0.28638466415722985,0.9495217094610439,2.256871722913375,81,2.0667625458703154,2.0667625458703154,0.5257394389894868,0.8378659653972735,3.2387567166508955,81,0.8038887247741698,0.8052836183359674,0.09326406989458003,0.5526421459574864,0.9868796435660293,81,0.9904978810249957,0.9888418379729597,0.2726169822972747,0.5,1.6033001160395262,81,16.388352859155322,15.062400567055985,5.614228220146293,8.444757293959743,29.881141519895735,81,18.478204451811575,18.47820445181158,3.552713678800501e-15,18.47820445181158,18.47820445181158,81,cases/granite_medium.yaml,granite_medium,medium,medium,mixed,moderate
granite_medium,46,20,20.5,16.24625999668389,14.783068261664429,18.59509696518894,18.59509696518894,18.168078392943674,18.27333033921638,1.1182929730690052,1.9218183962597841,0.048555595964435705,0.9826961576712977,-0.3217666259725611,87,100.0,100.0,100.0,98.97895969303967,99.24901015829622,0.8571428571428571,6,100.0,0.5,99.87908957257498,5,1.1,P32_derived_Jv_proxy,100.0,100.0,-1.0210403069603302,-0.7509898417037846,-1.0210403069603302,-0.7509898417037846,1.0210403069603302,0.7509898417037846,1.0210403069603302,0.7509898417037846,87,6,1,86,0.9885057471264368,0.011494252873563218,78.53981633974483,7.0,1.1077184039195915,0.8571428571428571,0.8571428571428571,0.012732395447351627,1.0949860084722398,0.44176492360293307,0.32887918164370655,0.11288574195922652,1,1,1,1,1,1,100.0,100.0,0.0,100.0,100.0,81,4.0,4.0,0.0,4.0,4.0,81,1.509998926885947,1.509998926885947,0.25937569149398654,0.5,2.0334512218097904,81,2.03010359358807,2.03010359358807,0.3990230007542685,0.893282162984727,2.7961933891945914,81,0.8087695502334036,0.8029047295225257,0.08617360811198777,0.5981627773466084,1.0,81,1.011191035743194,1.0183557388348117,0.2691877677920203,0.5,1.5640752255381538,81,16.24625999668389,14.783068261664429,5.692908905586466,7.999293623709511,33.42929925204973,81,18.59509696518894,18.59509696518894,0.0,18.59509696518894,18.59509696518894,81,cases/granite_medium.yaml,granite_medium,medium,medium,mixed,moderate
granite_medium,46,30,30.5,15.510777907006204,14.189915033628969,18.432700948684833,18.43270094868483,16.2520363163742,18.360076854056086,1.047789892538734,0.7412584093679939,0.02027420472862329,0.9960600405317199,-0.07262409462874686,76,100.0,100.0,100.0,100.0,99.93315942627937,0.14285714285714285,1,100.0,0.7,99.76613872993647,7,1.1,P32_derived_Jv_proxy,100.0,100.0,0.0,-0.06684057372062568,0.0,-0.06684057372062568,0.0,0.06684057372062568,0.0,0.06684057372062568,76,1,0,76,1.0,0.0,78.53981633974483,7.0,0.9676620539987236,0.14285714285714285,0.14285714285714285,0.0,0.9676620539987236,0.46500332410637235,0.4174501147046167,0.04755320940175567,1,1,1,1,1,1,100.0,100.0,0.0,100.0,100.0,81,4.0,4.0,0.0,4.0,4.0,81,1.4960236972093073,1.4960236972093073,0.27287600912197096,0.7905739829342363,2.080911985185377,81,2.0290348405452328,2.0290348405452328,0.5359855829325167,0.8378455638622591,3.170983638568048,81,0.7800158918433447,0.791890722205356,0.08803516757297734,0.5717943937834866,1.0,81,1.0219497284457337,0.9774296978570125,0.30847397153423206,0.5,1.914428715240052,81,15.510777907006204,14.189915033628969,5.518590836880472,7.014390128255839,36.00871424120098,81,18.432700948684833,18.43270094868483,3.552713678800501e-15,18.43270094868483,18.43270094868483,81,cases/granite_medium.yaml,granite_medium,medium,medium,mixed,moderate
granite_medium,46,40,40.5,17.182110721718477,16.17043310242228,19.187314644545786,19.18731464454579,15.532755452060906,19.214463863053368,0.9040074123388835,-1.6493552696575708,-0.04382800854601121,1.0014149566528998,0.027149218507581452,95,100.0,100.0,100.0,99.16230250135622,99.86631885255873,0.2857142857142857,2,100.0,0.5,99.87908957257498,5,1.1,P32_derived_Jv_proxy,100.0,100.0,-0.8376974986437773,-0.13368114744126558,-0.8376974986437773,-0.13368114744126558,0.8376974986437773,0.13368114744126558,0.8376974986437773,0.13368114744126558,95,2,0,95,1.0,0.0,78.53981633974483,7.0,1.2095775674984046,0.2857142857142857,0.2857142857142857,0.0,1.2095775674984046,0.42355174705917453,0.18042751874482876,0.24312422831434577,1,1,1,1,1,1,100.0,100.0,0.0,100.0,100.0,81,4.0,4.0,0.0,4.0,4.0,81,1.5269251270824853,1.5269251270824853,0.2826390239340244,0.8288333947180165,2.3325025471771803,81,1.9894982119299989,1.9894982119299989,0.5695205634540819,0.75,3.292397188669786,81,0.7918976228246617,0.7849144313646687,0.09819728648385748,0.5745079920732349,1.0,81,0.9630660207461456,0.9697475098775562,0.2607866047277147,0.5,1.6192382087571746,81,17.182110721718477,16.17043310242228,5.8511030241104995,8.85773384740002,33.358624448683535,81,19.187314644545786,19.18731464454579,3.552713678800501e-15,19.18731464454579,19.18731464454579,81,cases/granite_medium.yaml,granite_medium,medium,medium,mixed,moderate
granite_medium,46,50,50.5,17.139706181596363,16.363645313610117,20.455744096634334,20.455744096634334,17.460904403858088,19.638354062500557,1.0187400074924626,0.32119822226172445,0.008063361907868938,0.9600410510479418,-0.8173900341337763,84,100.0,100.0,100.0,99.86162022856986,99.68282947904477,0.42857142857142855,3,100.0,0.5,99.87908957257498,5,1.1,P32_derived_Jv_proxy,100.0,100.0,-0.13837977143013802,-0.31717052095523,-0.13837977143013802,-0.31717052095523,0.13837977143013802,0.31717052095523,0.13837977143013802,0.31717052095523,84,3,1,83,0.9880952380952381,0.011904761904761904,78.53981633974483,7.0,1.0695212175775366,0.42857142857142855,0.42857142857142855,0.012732395447351627,1.056788822130185,0.445357187711067,0.4334181286533153,0.011939059057751722,1,1,1,1,1,1,100.0,100.0,0.0,100.0,100.0,81,4.0,4.0,0.0,4.0,4.0,81,1.5237613219777106,1.5237613219777106,0.29312005425825816,0.5,2.3469113762367395,81,1.8622658197855797,1.8622658197855797,0.5271384100673797,0.75,2.9742081845662964,81,0.7951165162978675,0.7862781796205821,0.10408543729640782,0.5175855933623318,1.0,81,1.0215992832998593,1.0142125739765817,0.26320936718732524,0.5,1.5722320277783246,81,17.139706181596363,16.363645313610117,5.32542106066771,8.74551037737949,31.950890739926212,81,20.455744096634334,20.455744096634334,0.0,20.455744096634334,20.455744096634334,81,cases/granite_medium.yaml,granite_medium,medium,medium,mixed,moderate
granite_medium,46,60,60.5,16.066122986352994,14.360019798771313,19.07683848643683,19.07683848643683,15.924504968774656,19.51836150829854,0.991185302284899,-0.14161801757833814,-0.0038451464866040563,1.0231444545790762,0.441523021861709,96,100.0,100.0,100.0,98.49806927641704,99.43249953181018,0.7142857142857143,5,100.0,0.2,99.98026467728904,2,1.1,P32_derived_Jv_proxy,100.0,100.0,-1.5019307235829586,-0.5675004681898201,-1.5019307235829586,-0.5675004681898201,1.5019307235829586,0.5675004681898201,1.5019307235829586,0.5675004681898201,96,5,1,95,0.9895833333333334,0.010416666666666666,78.53981633974483,7.0,1.2223099629457561,0.7142857142857143,0.7142857142857143,0.012732395447351627,1.2095775674984046,0.4306010622553398,0.4013540199056044,0.029247042349735408,1,1,1,1,1,1,100.0,100.0,0.0,100.0,100.0,81,4.0,4.0,0.0,4.0,4.0,81,1.514291503542947,1.514291503542947,0.3082858060151383,0.7036485736454129,2.0851306864970875,81,1.9844633908018505,1.9844633908018505,0.4975409094400203,0.75,2.862520596515135,81,0.7957570376926351,0.802935152889684,0.1033861917044928,0.5654754441669947,1.0,81,1.0408239444103646,1.0459493450807615,0.2914762145419057,0.5,1.647019783977109,81,16.066122986352994,14.360019798771313,5.961247812704009,7.762901030443487,33.2622076485968,81,19.07683848643683,19.07683848643683,0.0,19.07683848643683,19.07683848643683,81,cases/granite_medium.yaml,granite_medium,medium,medium,mixed,moderate
granite_medium,46,70,70.5,15.90190523798659,14.25328754616843,17.94394821677816,17.943948216778164,17.11960457086194,19.793662644105655,1.076575687922382,1.2176993328753518,0.03204456801136746,1.103082911574497,1.8497144273274948,75,100.0,100.0,100.0,99.22526752528309,99.66579713139683,0.7142857142857143,5,100.0,0.3,99.95588995549635,3,1.1,P32_derived_Jv_proxy,100.0,100.0,-0.7747324747169131,-0.33420286860317105,-0.7747324747169131,-0.33420286860317105,0.7747324747169131,0.33420286860317105,0.7747324747169131,0.33420286860317105,75,5,2,73,0.9733333333333334,0.02666666666666667,78.53981633974483,7.0,0.954929658551372,0.7142857142857143,0.7142857142857143,0.025464790894703253,0.9294648676566688,0.46722341654533517,0.31768449648876473,0.14953892005657043,1,1,1,1,1,1,100.0,100.0,0.0,100.0,100.0,81,4.0,4.0,0.0,4.0,4.0,81,1.4476707850095583,1.4476707850095583,0.30115960450744644,0.556977134701499,2.220790639242464,81,2.016934578054483,2.016934578054483,0.4624677553166684,0.9588066977022607,3.1812001312254727,81,0.8000907603125308,0.8063975937763108,0.10318413823005129,0.5888109468335544,1.0,81,0.9991560793918962,1.0087301645870042,0.2936155999178232,0.5,1.6276252409054266,81,15.90190523798659,14.25328754616843,5.8943803525055465,8.408159854986982,35.88789643355633,81,17.94394821677816,17.943948216778164,3.552713678800501e-15,17.943948216778164,17.943948216778164,81,cases/granite_medium.yaml,granite_medium,medium,medium,mixed,moderate
granite_medium,46,80,80.5,17.316171086612542,15.716038706168959,20.034819290060426,20.034819290060433,18.964159267854605,18.75,1.095170472328964,1.647988181242063,0.03948172596097055,0.9358706823625884,-1.284819290060426,83,100.0,100.0,100.0,100.0,100.0,0.0,0,100.0,0.5,99.87908957257498,5,1.1,P32_derived_Jv_proxy,100.0,100.0,0.0,0.0,0.0,0.0,0.0,0.0,0.0,0.0,83,0,0,83,1.0,0.0,78.53981633974483,7.0,1.056788822130185,0.0,0.0,0.0,1.056788822130185,0.3999879350890414,0.0,0.3999879350890414,1,1,1,1,1,1,100.0,100.0,0.0,100.0,100.0,81,4.0,4.0,0.0,4.0,4.0,81,1.550602731863373,1.550602731863373,0.30695069483674575,0.6799653801742569,2.1029773375413288,81,1.9348848489896908,1.9348848489896908,0.495439902159233,0.9794022755350096,2.9983716209559046,81,0.7783586508369653,0.778739810876117,0.10682066825708778,0.5189807029041008,1.0,81,0.9934450014940739,1.0075975264683361,0.287922604049271,0.5,1.6299028307777899,81,17.316171086612542,15.716038706168959,6.473596992116062,8.100915446931191,40.069638580120866,81,20.034819290060426,20.034819290060433,7.105427357601002e-15,20.034819290060433,20.034819290060433,81,cases/granite_medium.yaml,granite_medium,medium,medium,mixed,moderate
granite_medium,47,10,10.5,15.154766806375454,14.58664871939768,16.960776039354954,16.96077603935496,13.190520604707716,17.037217799741402,0.8703875667132404,-1.9642462016677378,-0.06028732139865056,1.0045069730423346,0.07644176038644801,78,100.0,100.0,100.0,99.2458053082421,99.79947827883811,0.42857142857142855,3,100.0,0.1,99.99503320866597,1,1.1,P32_derived_Jv_proxy,100.0,100.0,-0.7541946917579025,-0.20052172116189126,-0.7541946917579025,-0.20052172116189126,0.7541946917579025,0.20052172116189126,0.7541946917579025,0.20052172116189126,78,3,1,77,0.9871794871794872,0.01282051282051282,78.53981633974483,7.0,0.9931268448934268,0.42857142857142855,0.42857142857142855,0.012732395447351627,0.9803944494460752,0.4513402560128966,0.2870922406352707,0.1642480153776259,1,1,1,1,1,1,100.0,100.0,0.0,100.0,100.0,81,4.0,4.0,0.0,4.0,4.0,81,1.4536033172375507,1.4536033172375507,0.3188049066806565,0.7914684519802607,2.2483284012183025,81,2.1425955302173088,2.1425955302173088,0.45039264424424974,1.26073933123175,3.423807924022462,81,0.8089080293811967,0.7949763224522894,0.09826888455299249,0.5318379943918443,1.0,81,1.0083009705827928,0.922535566224743,0.3309949397890558,0.5,1.8902504458979594,81,15.154766806375454,14.58664871939768,5.449388170472395,6.512781742457931,32.671835640023986,81,16.960776039354954,16.96077603935496,7.105427357601002e-15,16.96077603935496,16.96077603935496,81,cases/granite_medium.yaml,granite_medium,medium,medium,mixed,moderate
granite_medium,47,20,20.5,15.10742749570059,13.44170765739846,18.67082640848608,18.67082640848607,18.449853086615295,22.335793267869978,1.2212438611316139,3.342425590914706,0.08680239364935471,1.1962937675708953,3.664966859383899,108,100.0,100.0,100.0,99.70778416655995,99.36565895808953,0.8571428571428571,6,100.0,0.6,99.82704055993037,6,1.1,P32_derived_Jv_proxy,100.0,100.0,-0.29221583344005353,-0.6343410419104742,-0.29221583344005353,-0.6343410419104742,0.29221583344005353,0.6343410419104742,0.29221583344005353,0.6343410419104742,108,6,0,108,1.0,0.0,78.53981633974483,7.0,1.3750987083139756,0.8571428571428571,0.8571428571428571,0.0,1.3750987083139756,0.434575697262212,0.25929451818224214,0.17528117907996987,1,1,1,1,1,1,100.0,100.0,0.0,100.0,100.0,81,4.0,4.0,0.0,4.0,4.0,81,1.522859441108049,1.522859441108049,0.32313712229649705,0.7072234672929822,2.3563357720928857,81,2.0390894968846887,2.0390894968846887,0.48583517666138354,0.8999545725690932,3.6663742783650535,81,0.7952708205609522,0.7890438151584972,0.09100439780163969,0.5883143569511564,1.0,81,1.0718930519267948,1.0797772457288954,0.2807788641735918,0.5,1.667658798918481,81,15.10742749570059,13.44170765739846,5.278656993107891,6.586668231762252,30.64385999755312,81,18.67082640848608,18.67082640848607,7.105427357601002e-15,18.67082640848607,18.67082640848607,81,cases/granite_medium.yaml,granite_medium,medium,medium,mixed,moderate
granite_medium,47,30,30.5,16.124857825569258,14.492091662105075,18.523311728728174,18.523311728728174,16.225005220589473,18.899980749558058,1.006210745924309,0.10014739502021541,0.002688951104130144,1.0203348637838718,0.3766690208298833,93,100.0,100.0,100.0,99.54118934987477,99.43249953181018,0.7142857142857143,5,100.0,0.1,99.99503320866597,1,1.1,P32_derived_Jv_proxy,100.0,100.0,-0.4588106501252298,-0.5675004681898201,-0.4588106501252298,-0.5675004681898201,0.4588106501252298,0.5675004681898201,0.4588106501252298,0.5675004681898201,93,5,3,90,0.967741935483871,0.03225806451612903,78.53981633974483,7.0,1.1841127766037014,0.7142857142857143,0.7142857142857143,0.03819718634205488,1.1459155902616465,0.46368446230198335,0.2536368354377446,0.21004762686423872,1,1,1,1,1,1,100.0,100.0,0.0,100.0,100.0,81,4.0,4.0,0.0,4.0,4.0,81,1.458414933052493,1.458414933052493,0.3320845108951447,0.5,2.2054691591540307,81,1.9683506848165386,1.9683506848165386,0.4630177645204408,0.75,3.1149013433178334,81,0.7873844413289043,0.7657799896578825,0.08929412439927069,0.6371549749684965,1.0,81,0.9911139555059092,0.9983837533221154,0.27417052103122,0.5,1.5806110025729119,81,16.124857825569258,14.492091662105075,5.878707179857993,7.798025443972182,34.7898608834132,81,18.523311728728174,18.523311728728174,0.0,18.523311728728174,18.523311728728174,81,cases/granite_medium.yaml,granite_medium,medium,medium,mixed,moderate
granite_medium,47,40,40.5,17.024584412144215,15.272740550301146,19.274172821965184,19.274172821965188,17.26261143432454,18.46359050745985,1.0139813704944558,0.2380270221803258,0.006029975938360854,0.957944638040104,-0.8105823145053357,116,100.0,100.0,100.0,99.89189885801385,99.27181666292714,0.8571428571428571,6,100.0,0.8,99.69656540975667,8,1.1,P32_derived_Jv_proxy,100.0,100.0,-0.10810114198615395,-0.7281833370728634,-0.10810114198615395,-0.7281833370728634,0.10810114198615395,0.7281833370728634,0.10810114198615395,0.7281833370728634,116,6,2,114,0.9827586206896551,0.017241379310344827,78.53981633974483,7.0,1.4769578718927887,0.8571428571428571,0.8571428571428571,0.025464790894703253,1.4514930809980855,0.42903073135552616,0.29694914326012,0.13208158809540615,1,1,1,1,1,1,100.0,100.0,0.0,100.0,100.0,81,4.0,4.0,0.0,4.0,4.0,81,1.5233597734315785,1.5233597734315785,0.29038393290788433,0.7531479831087824,2.2875652874735484,81,1.9759081070596332,1.9759081070596332,0.5107254597015548,0.75,3.1454172499733533,81,0.7972690592383376,0.7760565735779124,0.10247842924309968,0.5298984474827102,1.0,81,0.9969798289085633,0.9854340984229107,0.2974810228355977,0.5,1.7376234100160857,81,17.024584412144215,15.272740550301146,6.242140644217842,7.776665226400995,37.53161187138337,81,19.274172821965184,19.274172821965188,3.552713678800501e-15,19.274172821965188,19.274172821965188,81,cases/granite_medium.yaml,granite_medium,medium,medium,mixed,moderate
granite_medium,47,50,50.5,17.356050976669536,16.305126772884364,19.90539856299414,19.905398562994137,19.774378045362372,18.784878143884676,1.1393362506219655,2.418327068692836,0.056651915684423404,0.9437077124799396,-1.1205204191094644,86,100.0,100.0,100.0,98.97729192000845,99.68282947904478,0.42857142857142855,3,100.0,0.3,99.95588995549635,3,1.1,P32_derived_Jv_proxy,100.0,100.0,-1.0227080799915456,-0.3171705209552158,-1.0227080799915456,-0.3171705209552158,1.0227080799915456,0.3171705209552158,1.0227080799915456,0.3171705209552158,86,3,2,84,0.9767441860465116,0.023255813953488372,78.53981633974483,7.0,1.0949860084722398,0.42857142857142855,0.42857142857142855,0.025464790894703253,1.0695212175775366,0.38924192596813767,0.30228723472735775,0.08695469124077992,1,1,1,1,1,1,100.0,100.0,0.0,100.0,100.0,81,4.0,4.0,0.0,4.0,4.0,81,1.5165159070067578,1.5165159070067578,0.3063628121316607,0.7510098602831503,2.3006706106255375,81,1.9046540341901173,1.9046540341901173,0.5521423775004203,0.75,3.231205791259654,81,0.8011436671212637,0.8065709509784248,0.10632814008608729,0.48720500436414005,1.0,81,0.9904353285678427,0.965021836205072,0.2514883160570266,0.5,1.6537488025322318,81,17.356050976669536,16.305126772884364,5.6889078472481325,7.862114795998501,36.4006118699058,81,19.90539856299414,19.905398562994137,3.552713678800501e-15,19.905398562994137,19.905398562994137,81,cases/granite_medium.yaml,granite_medium,medium,medium,mixed,moderate
granite_medium,47,60,60.5,16.745503497872406,14.748046450889658,19.296727844076646,19.296727844076642,13.390119585676738,18.663236776362258,0.7996247821021335,-3.355383912195668,-0.09711375461967253,0.9671710627401088,-0.6334910677143881,100,100.0,100.0,100.0,100.0,99.33865723664779,0.7142857142857143,5,100.0,0.7,99.76613872993647,7,1.1,P32_derived_Jv_proxy,100.0,100.0,0.0,-0.6613427633522093,0.0,-0.6613427633522093,0.0,0.6613427633522093,0.0,0.6613427633522093,100,5,1,99,0.99,0.01,78.53981633974483,7.0,1.2732395447351628,0.7142857142857143,0.7142857142857143,0.012732395447351627,1.260507149287811,0.36854536903026225,0.3398085128066173,0.02873685622364497,0,1,1,1,1,1,100.0,100.0,0.0,100.0,100.0,81,4.0,4.0,0.0,4.0,4.0,81,1.5077218626445483,1.5077218626445483,0.27922434413949354,0.8765183719587873,2.2339406072455277,81,1.953338766587001,1.953338766587001,0.5146567434705562,0.75,3.1700721405322243,81,0.8055026222190359,0.8233368231270509,0.09253181657882649,0.6226365094750156,0.9833824178432364,81,1.056291675092586,1.0656433780789318,0.3639442485228021,0.5,1.9858802752006142,81,16.745503497872406,14.748046450889658,6.719493233794866,8.016719670696885,34.385873266964374,81,19.296727844076646,19.296727844076642,3.552713678800501e-15,19.296727844076642,19.296727844076642,81,cases/granite_medium.yaml,granite_medium,medium,medium,mixed,moderate
granite_medium,47,70,70.5,14.596646905560537,13.23198681224989,17.714676493415194,17.71467649341519,18.84859969628499,19.770927411955736,1.2912965435304657,4.251952790724452,0.11102598853283108,1.116076120233123,2.0562509185405418,103,99.54077731487267,99.54077731487267,99.54077731487267,98.89543517817005,99.61598890532413,0.5714285714285714,4,99.54077731487267,1.0,99.53211598395555,10,1.1,P32_derived_Jv_proxy,100.0,99.54077731487267,-0.6453421367026237,0.07521159045145964,-1.1045648218299533,-0.3840110946758699,0.6453421367026237,0.07521159045145964,1.1045648218299533,0.3840110946758699,103,4,2,101,0.9805825242718447,0.019417475728155338,78.53981633974483,7.0,1.3114367310772175,0.5714285714285714,0.5714285714285714,0.025464790894703253,1.2859719401825143,0.45799474432587284,0.32141734763493623,0.1365773966909366,0,1,1,1,1,1,99.54077731487267,99.54077731487267,0.0,99.54077731487267,99.54077731487267,81,4.0,4.0,0.0,4.0,4.0,81,1.4903211936333245,1.4903211936333245,0.2927564308783689,0.5,2.2456569018460293,81,2.0935709737379775,2.0935709737379775,0.5330297674751302,0.75,3.7849402866698796,81,0.7951112059850274,0.7912591037104985,0.09887478501839339,0.4778871707931277,1.0,81,1.0543787868975942,1.0726662240570644,0.3055231633599356,0.5,1.8795831270211694,81,14.596646905560537,13.23198681224989,4.890817064558847,7.250400192107235,27.517678043635463,81,17.714676493415194,17.71467649341519,3.552713678800501e-15,17.71467649341519,17.71467649341519,81,cases/granite_medium.yaml,granite_medium,medium,medium,mixed,moderate
granite_medium,47,80,80.5,15.04497662036511,13.765333744452853,17.96050118280334,17.96050118280334,14.16472544306971,17.734500667098118,0.9414920209245204,-0.8802511772954009,-0.026183356245442102,0.9874168034953494,-0.2260005157052234,94,100.0,100.0,100.0,98.99428501591248,99.33865723664778,0.7142857142857143,5,100.0,0.6,99.82704055993037,6,1.1,P32_derived_Jv_proxy,100.0,100.0,-1.0057149840875184,-0.6613427633522235,-1.0057149840875184,-0.6613427633522235,1.0057149840875184,0.6613427633522235,1.0057149840875184,0.6613427633522235,94,5,3,91,0.9680851063829787,0.031914893617021274,78.53981633974483,7.0,1.196845172051053,0.7142857142857143,0.7142857142857143,0.03819718634205488,1.158647985708998,0.4353862099713244,0.27549458179927755,0.15989162817204683,1,1,1,1,1,1,100.0,100.0,0.0,100.0,100.0,81,4.0,4.0,0.0,4.0,4.0,81,1.4688246075287035,1.4688246075287035,0.33468379580867924,0.5179148113507945,2.2859700001530796,81,2.044520629712522,2.044520629712522,0.4716268242488877,1.0069705164443998,3.0753120565386554,81,0.7869883218048704,0.7987146868052973,0.10615854019025994,0.4942880289569222,1.0,81,1.024699905267018,0.9994715446461165,0.29239274319330255,0.5,2.0600190888708036,81,15.04497662036511,13.765333744452853,5.086156748354832,7.312909441550933,29.85353552168902,81,17.96050118280334,17.96050118280334,0.0,17.96050118280334,17.96050118280334,81,cases/granite_medium.yaml,granite_medium,medium,medium,mixed,moderate
granite_medium,48,10,10.5,15.13445956318009,14.369073130371962,17.978363300127143,17.978363300127143,17.308185792243737,18.846425648479233,1.1436276082399401,2.1737262290636465,0.058284631087432315,1.048283724934291,0.8680623483520904,80,100.0,100.0,100.0,98.27177617079268,99.7994782788381,0.42857142857142855,3,100.0,0.7,99.76613872993647,7,1.1,P32_derived_Jv_proxy,100.0,100.0,-1.728223829207323,-0.20052172116190548,-1.728223829207323,-0.20052172116190548,1.728223829207323,0.20052172116190548,1.728223829207323,0.20052172116190548,80,3,0,80,1.0,0.0,78.53981633974483,7.0,1.0185916357881302,0.42857142857142855,0.42857142857142855,0.0,1.0185916357881302,0.4531302173268781,0.3235615812040503,0.12956863612282776,1,1,1,1,1,1,100.0,100.0,0.0,100.0,100.0,81,4.0,4.0,0.0,4.0,4.0,81,1.4576906140732215,1.4576906140732215,0.3043872133516215,0.9482254494647793,2.08094195866746,81,2.0270068383573503,2.0270068383573503,0.45829490406507223,1.1266117705106002,3.004470681615877,81,0.7875461193518724,0.7820669830548206,0.10691670802820216,0.48071902895720164,1.0,81,1.0206610949738373,1.0005949930088611,0.30885139687871277,0.5,1.8149665430266715,81,15.13445956318009,14.369073130371962,4.930310228346158,7.025372491320869,31.686030535070003,81,17.978363300127143,17.978363300127143,0.0,17.978363300127143,17.978363300127143,81,cases/granite_medium.yaml,granite_medium,medium,medium,mixed,moderate
granite_medium,48,20,20.5,16.250758461508227,15.385997361604412,18.52425017663129,18.524250176631295,14.403481061133476,17.092407343062103,0.8863266963969566,-1.8472774003747503,-0.05240616943281551,0.9227044107094016,-1.4318428335691884,105,100.0,100.0,100.0,97.81603911845768,99.5491483316035,0.7142857142857143,5,100.0,0.6,99.82704055993037,6,1.1,P32_derived_Jv_proxy,100.0,100.0,-2.183960881542319,-0.4508516683964956,-2.183960881542319,-0.4508516683964956,2.183960881542319,0.4508516683964956,2.183960881542319,0.4508516683964956,105,5,1,104,0.9904761904761905,0.009523809523809525,78.53981633974483,7.0,1.336901521971921,0.7142857142857143,0.7142857142857143,0.012732395447351627,1.3241691265245692,0.3975520602985071,0.3234397961006882,0.07411226419781891,1,1,1,1,1,1,100.0,100.0,0.0,100.0,100.0,81,4.0,4.0,0.0,4.0,4.0,81,1.5138623993554197,1.5138623993554197,0.28482499547711393,0.8011229061616955,2.232182384053758,81,2.043081885799063,2.043081885799063,0.5308023955591692,0.8468955510867291,3.3770373305124304,81,0.8146611604917224,0.8057933674923249,0.09921872831806995,0.5364609462276558,1.0,81,1.009229992700725,0.9931543087050523,0.28472271507375246,0.5,1.6839235638184176,81,16.250758461508227,15.385997361604412,5.3050800029464815,8.14265154825975,36.00613301954222,81,18.52425017663129,18.524250176631295,3.552713678800501e-15,18.524250176631295,18.524250176631295,81,cases/granite_medium.yaml,granite_medium,medium,medium,mixed,moderate
granite_medium,48,30,30.5,16.19968588627847,15.441831524934292,18.544505910246013,18.544505910246013,14.690743511015652,18.02109886645351,0.9068536028503535,-1.5089423752628175,-0.04246281724633394,0.9717756274378108,-0.5234070437925027,90,100.0,100.0,100.0,100.0,99.93315942627937,0.14285714285714285,1,100.0,0.6,99.82704055993037,6,1.1,P32_derived_Jv_proxy,100.0,100.0,0.0,-0.06684057372062568,0.0,-0.06684057372062568,0.0,0.06684057372062568,0.0,0.06684057372062568,90,1,0,90,1.0,0.0,78.53981633974483,7.0,1.1459155902616465,0.14285714285714285,0.14285714285714285,0.0,1.1459155902616465,0.34471833130795526,0.407382760465153,-0.06266442915719772,1,1,1,1,1,1,100.0,100.0,0.0,100.0,100.0,81,4.0,4.0,0.0,4.0,4.0,81,1.4501473813660697,1.4501473813660697,0.2487895860730991,0.7828178826167483,2.062596547086726,81,1.954955538293487,1.954955538293487,0.5492193325447102,0.75,3.537123252455248,81,0.8236881799105977,0.824487554205073,0.08112997677413807,0.6209282483534614,1.0,81,1.0077241836143125,1.000064816020931,0.2536195219434247,0.5037102629839664,1.5794418630247624,81,16.19968588627847,15.441831524934292,4.670425786468982,8.776904541248689,30.793766854739644,81,18.544505910246013,18.544505910246013,0.0,18.544505910246013,18.544505910246013,81,cases/granite_medium.yaml,granite_medium,medium,medium,mixed,moderate
granite_medium,48,40,40.5,16.622543289076788,15.274507104887336,19.295146336876833,19.295146336876837,17.421433633055702,18.029261298773374,1.0480606565485013,0.7988903439789148,0.020386418183962807,0.9343936026189082,-1.265885038103459,88,100.0,100.0,100.0,98.68629770706943,99.61598890532413,0.5714285714285714,4,100.0,0.2,99.98026467728904,2,1.1,P32_derived_Jv_proxy,100.0,100.0,-1.3137022929305715,-0.3840110946758699,-1.3137022929305715,-0.3840110946758699,1.3137022929305715,0.3840110946758699,1.3137022929305715,0.3840110946758699,88,4,1,87,0.9886363636363636,0.011363636363636364,78.53981633974483,7.0,1.1204507993669433,0.5714285714285714,0.5714285714285714,0.012732395447351627,1.1077184039195915,0.4141028799639046,0.22088812116765533,0.19321475879624928,1,1,1,1,1,1,100.0,100.0,0.0,100.0,100.0,81,4.0,4.0,0.0,4.0,4.0,81,1.522006759241868,1.522006759241868,0.30592075085787235,0.5995311135387111,2.2905048625234903,81,1.972007276686226,1.972007276686226,0.5524638536652678,0.75,3.0939847559609035,81,0.8004156201957708,0.7917339926443703,0.11104536389192048,0.5447106566197294,1.0,81,1.0135912357751853,0.981133211571501,0.27587179029104913,0.5,1.6486961258274384,81,16.622543289076788,15.274507104887336,5.895245747483243,7.732113138384837,35.49072728858666,81,19.295146336876833,19.295146336876837,3.552713678800501e-15,19.295146336876837,19.295146336876837,81,cases/granite_medium.yaml,granite_medium,medium,medium,mixed,moderate
granite_medium,48,50,50.5,14.322838467758862,13.567676527527954,17.24750953884571,17.24750953884571,11.002217039960504,15.731490987073292,0.7681589836209369,-3.3206214277983577,-0.11454888600533897,0.9121021763543331,-1.516018551772417,96,99.82009976113292,99.82009976113292,99.82009976113292,99.75348018410548,99.41546718416224,1.0,7,99.82009976113292,0.9,99.61849919456388,9,1.1,P32_derived_Jv_proxy,100.0,99.82009976113292,-0.06661957702743848,-0.404632576970684,-0.24651981589451566,-0.5845328158377612,0.06661957702743848,0.404632576970684,0.24651981589451566,0.5845328158377612,96,7,4,92,0.9583333333333334,0.041666666666666664,78.53981633974483,7.0,1.2223099629457561,1.0,1.0,0.05092958178940651,1.1713803811563497,0.4749338216072526,0.4771722080612768,-0.0022383864540241882,0,1,1,1,1,1,99.82009976113292,99.82009976113292,0.0,99.82009976113292,99.82009976113292,81,4.0,4.0,0.0,4.0,4.0,81,1.4393148779070033,1.4393148779070033,0.26751134087665485,0.779445986473611,2.1358330387956164,81,2.082511599381542,2.082511599381542,0.5189096002305648,0.9486389018492978,3.3921903858895375,81,0.8036090976929678,0.7980159393577346,0.08949790371933214,0.5128447149712022,1.0,81,1.0604292125073718,1.0153370415711023,0.30366640902774217,0.5,2.082679152367628,81,14.322838467758862,13.567676527527954,5.008881418824405,6.542418876270593,28.806220341156507,81,17.24750953884571,17.24750953884571,0.0,17.24750953884571,17.24750953884571,81,cases/granite_medium.yaml,granite_medium,medium,medium,mixed,moderate
granite_medium,48,60,60.5,15.980099991990896,14.751352703872028,19.120692266223163,19.120692266223166,16.124158675229303,20.664874045377292,1.009014879963868,0.14405868323840743,0.003897570834084707,1.0807597213350866,1.5441817791541297,88,99.9320369955041,99.9320369955041,99.9320369955041,98.57236265825954,99.27181666292714,0.8571428571428571,6,99.9320369955041,0.6,99.82704055993037,6,1.1,P32_derived_Jv_proxy,100.0,99.9320369955041,-1.35967433724457,-0.6602203325769693,-1.4276373417404642,-0.7281833370728634,1.35967433724457,0.6602203325769693,1.4276373417404642,0.7281833370728634,88,6,3,85,0.9659090909090909,0.03409090909090909,78.53981633974483,7.0,1.1204507993669433,0.8571428571428571,0.8571428571428571,0.03819718634205488,1.0822536130248883,0.43587750484062204,0.33027304532341273,0.10560445951720931,1,1,1,1,1,1,99.9320369955041,99.9320369955041,0.0,99.9320369955041,99.9320369955041,81,4.0,4.0,0.0,4.0,4.0,81,1.5005147073178784,1.5005147073178784,0.26540207415826145,0.5899880893747997,2.137969983343368,81,1.9605656682848644,1.9605656682848644,0.45930144879712,1.0441248324667405,3.236160156057437,81,0.7870191075962926,0.7907279909506533,0.09379029182290412,0.5058599638772637,1.0,81,1.0268729671828085,0.9824971075870756,0.29267007206574336,0.5,1.7489648712033357,81,15.980099991990896,14.751352703872028,5.326967407333787,7.721331308168462,32.808603995916485,81,19.120692266223163,19.120692266223166,3.552713678800501e-15,19.120692266223166,19.120692266223166,81,cases/granite_medium.yaml,granite_medium,medium,medium,mixed,moderate
granite_medium,48,70,70.5,14.524756952748152,13.085221597698974,17.560187382568255,17.560187382568255,11.971483851874535,18.621989681619606,0.8242123355881334,-2.553273100873618,-0.08396088988693728,1.0604664560758268,1.061802299051351,97,99.76649058594704,99.76649058594704,99.76649058594704,99.6432174649827,99.40549781036842,0.5714285714285714,4,99.76649058594704,0.8,99.69656540975667,8,1.1,P32_derived_Jv_proxy,100.0,99.76649058594704,-0.12327312096434184,-0.3609927755786231,-0.3567825350173024,-0.5945021896315836,0.12327312096434184,0.3609927755786231,0.3567825350173024,0.5945021896315836,97,4,0,97,1.0,0.0,78.53981633974483,7.0,1.2350423583931078,0.5714285714285714,0.5714285714285714,0.0,1.2350423583931078,0.45503669847171846,0.2788666276926728,0.17617007077904567,1,1,1,1,1,1,99.76649058594704,99.76649058594704,0.0,99.76649058594704,99.76649058594704,81,4.0,4.0,0.0,4.0,4.0,81,1.4530495714205423,1.4530495714205423,0.2578900826239043,0.904807006958464,2.096609896049291,81,2.063839827414758,2.063839827414758,0.4579410939606504,0.75,3.2351045648256234,81,0.7866498877159113,0.7816879119059458,0.10077375140992606,0.5661051228465592,1.0,81,1.0397662402094812,1.048825337302501,0.3005318555970452,0.5,2.073632273561048,81,14.524756952748152,13.085221597698974,4.93974026357553,5.419246723576787,27.005444891471367,81,17.560187382568255,17.560187382568255,0.0,17.560187382568255,17.560187382568255,81,cases/granite_medium.yaml,granite_medium,medium,medium,mixed,moderate
granite_medium,48,80,80.5,16.379622140746125,15.336221626894835,19.066778666423712,19.06677866642371,11.552562758190618,17.02524443473541,0.7053009317872075,-4.8270593825555075,-0.15162554239986825,0.8929271552680573,-2.0415342316883027,87,99.46872965826002,99.46872965826002,99.46872965826002,100.0,99.86631885255873,0.2857142857142857,2,99.46872965826002,0.7,99.76613872993647,7,1.1,P32_derived_Jv_proxy,100.0,99.46872965826002,0.5312703417399831,0.39758919429871753,0.0,-0.13368114744126558,0.5312703417399831,0.39758919429871753,0.0,0.13368114744126558,87,2,1,86,0.9885057471264368,0.011494252873563218,78.53981633974483,7.0,1.1077184039195915,0.2857142857142857,0.2857142857142857,0.012732395447351627,1.0949860084722398,0.44239235495406815,0.24947601621880033,0.1929163387352678,0,1,1,1,1,1,99.46872965826002,99.46872965826002,0.0,99.46872965826002,99.46872965826002,81,4.0,4.0,0.0,4.0,4.0,81,1.4868221331009814,1.4868221331009814,0.25946048913233066,0.6661975349982259,2.1085962619517034,81,1.9391360149863046,1.9391360149863046,0.4523374549656555,0.7644798675089339,2.9964144966159583,81,0.7973902434697542,0.7957002868520555,0.09032120288040073,0.5715826576870513,1.0,81,1.0066636378845086,0.9956263445757828,0.26787819651952116,0.5,1.6857531196525006,81,16.379622140746125,15.336221626894835,5.439756733734589,7.766499628617319,38.13355733284742,81,19.066778666423712,19.06677866642371,3.552713678800501e-15,19.06677866642371,19.06677866642371,81,cases/granite_medium.yaml,granite_medium,medium,medium,mixed,moderate
granite_medium,49,10,10.5,16.083952837903794,15.485984387844306,19.45971100416014,19.459711004160138,15.308174245393758,17.916220378912733,0.9517669194675938,-0.7757785925100364,-0.02146939403437287,0.920682757060604,-1.5434906252474079,112,100.0,100.0,100.0,98.8146176734923,99.73263770511747,0.5714285714285714,4,100.0,0.4,99.92210167184162,4,1.1,P32_derived_Jv_proxy,100.0,100.0,-1.1853823265077068,-0.26736229488253116,-1.1853823265077068,-0.26736229488253116,1.1853823265077068,0.26736229488253116,1.1853823265077068,0.26736229488253116,112,4,2,110,0.9821428571428571,0.017857142857142856,78.53981633974483,7.0,1.4260282901033823,0.5714285714285714,0.5714285714285714,0.025464790894703253,1.4005634992086788,0.4668179740039984,0.5571509631028876,-0.0903329890988892,1,1,1,1,1,1,100.0,100.0,0.0,100.0,100.0,81,4.0,4.0,0.0,4.0,4.0,81,1.5088642012792188,1.5088642012792188,0.2983349715862204,0.6521500636878271,2.2696697324418227,81,1.9384463121737145,1.9384463121737145,0.4761615732145356,0.8854571205698154,3.3899741508171326,81,0.8120884137393153,0.8263962332537989,0.10275519926631112,0.5561934259416487,1.0,81,1.0584977019402422,1.041526649128181,0.2810619135789203,0.5,1.7948564452614986,81,16.083952837903794,15.485984387844306,5.093931853072593,7.694870513616382,35.52542298203088,81,19.45971100416014,19.459711004160138,3.552713678800501e-15,19.459711004160138,19.459711004160138,81,cases/granite_medium.yaml,granite_medium,medium,medium,mixed,moderate
granite_medium,49,20,20.5,15.41997198930588,14.024429849909858,18.011761061074967,18.01176106107497,20.74437901039816,19.683038972382555,1.3452929113480157,5.324407021092279,0.1288168538048935,1.0927881457921051,1.6712779113075875,75,100.0,100.0,100.0,100.0,99.86631885255873,0.2857142857142857,2,100.0,0.2,99.98026467728904,2,1.1,P32_derived_Jv_proxy,100.0,100.0,0.0,-0.13368114744126558,0.0,-0.13368114744126558,0.0,0.13368114744126558,0.0,0.13368114744126558,75,2,2,73,0.9733333333333334,0.02666666666666667,78.53981633974483,7.0,0.954929658551372,0.2857142857142857,0.2857142857142857,0.025464790894703253,0.9294648676566688,0.4061495756063219,0.276867442142562,0.12928213346375994,0,1,1,1,1,1,100.0,100.0,0.0,100.0,100.0,81,4.0,4.0,0.0,4.0,4.0,81,1.5068825150409415,1.5068825150409415,0.3249149314428414,0.7652304879181081,2.357692057468167,81,2.0915257951892468,2.0915257951892468,0.5062832268781746,1.1222241516653786,3.3611949052062413,81,0.8026806372678075,0.8033954083239402,0.09584258282879426,0.6100266111428901,1.0,81,1.0182730122477035,0.9792060697134359,0.28131329178959874,0.5,1.6351497209584223,81,15.41997198930588,14.024429849909858,5.166689490825289,8.105527577141117,34.10310631106882,81,18.011761061074967,18.01176106107497,3.552713678800501e-15,18.01176106107497,18.01176106107497,81,cases/granite_medium.yaml,granite_medium,medium,medium,mixed,moderate
granite_medium,49,30,30.5,15.70803760261675,14.958436369293443,19.374611702557704,19.374611702557708,19.66272871071615,19.96731615293651,1.2517622638897044,3.9546911080993983,0.09752185500486665,1.0305918105342242,0.5927044503788075,86,99.9557009253785,99.9557009253785,99.9557009253785,99.61407126375924,99.61598890532413,0.5714285714285714,4,99.9557009253785,0.5,99.87908957257498,5,1.1,P32_derived_Jv_proxy,100.0,99.9557009253785,-0.3416296616192511,-0.33971202005436396,-0.3859287362407571,-0.3840110946758699,0.3416296616192511,0.33971202005436396,0.3859287362407571,0.3840110946758699,86,4,2,84,0.9767441860465116,0.023255813953488372,78.53981633974483,7.0,1.0949860084722398,0.5714285714285714,0.5714285714285714,0.025464790894703253,1.0695212175775366,0.41150657761532716,0.18726252294409396,0.2242440546712332,0,1,1,1,1,1,99.9557009253785,99.9557009253785,0.0,99.9557009253785,99.9557009253785,81,4.0,4.0,0.0,4.0,4.0,81,1.515948181047288,1.515948181047288,0.3384791281286359,0.5351616010030547,2.361287505350577,81,1.955234836824247,1.955234836824247,0.5217917444404586,0.75,3.1974071241175603,81,0.8059181062213961,0.8067780888304694,0.09760486076169199,0.5334840383219855,1.0,81,1.0781340564538626,1.0756367145839782,0.28601625896325994,0.5,1.8009480701978726,81,15.70803760261675,14.958436369293443,5.3223874142188645,7.548875356225934,35.91851224855285,81,19.374611702557704,19.374611702557708,3.552713678800501e-15,19.374611702557708,19.374611702557708,81,cases/granite_medium.yaml,granite_medium,medium,medium,mixed,moderate
granite_medium,49,40,40.5,15.890497270083667,15.136929099738165,18.788310931510665,18.788310931510665,15.517781969661263,18.211207664419778,0.9765447679775195,-0.37271530042240464,-0.010307842452990323,0.9692839197097274,-0.5771032670908873,91,100.0,100.0,100.0,99.89402166272359,99.86631885255873,0.2857142857142857,2,100.0,1.0,99.53211598395555,10,1.1,P32_derived_Jv_proxy,100.0,100.0,-0.1059783372764116,-0.13368114744126558,-0.1059783372764116,-0.13368114744126558,0.1059783372764116,0.13368114744126558,0.1059783372764116,0.13368114744126558,91,2,2,89,0.978021978021978,0.02197802197802198,78.53981633974483,7.0,1.158647985708998,0.2857142857142857,0.2857142857142857,0.025464790894703253,1.1331831948142947,0.44881445157155897,0.3284147368860426,0.12039971468551636,1,1,1,1,1,1,100.0,100.0,0.0,100.0,100.0,81,4.0,4.0,0.0,4.0,4.0,81,1.5262903238463943,1.5262903238463943,0.29222867443180217,0.5,2.2983114884158358,81,2.030904120932165,2.030904120932165,0.45190666864273016,1.2433420397503012,3.3044542039667535,81,0.8078007719868309,0.8038118371455693,0.10780495577246738,0.43378714797851214,1.0,81,1.0281099087018273,1.0352591536118272,0.2803522715671556,0.5588251103462913,1.7410191032665125,81,15.890497270083667,15.136929099738165,4.91308727503127,7.5479648861554836,28.79185479801313,81,18.788310931510665,18.788310931510665,0.0,18.788310931510665,18.788310931510665,81,cases/granite_medium.yaml,granite_medium,medium,medium,mixed,moderate
granite_medium,49,50,50.5,15.989054190067668,14.997952737859437,18.60708610265051,18.60708610265051,17.99871804194958,20.839123562040697,1.1256899769049695,2.0096638518819123,0.05141879916690395,1.1199563137976905,2.232037459390188,98,100.0,100.0,100.0,97.63684301839658,98.9546461419719,1.2857142857142858,9,100.0,0.8,99.69656540975667,8,1.1,P32_derived_Jv_proxy,100.0,100.0,-2.3631569816034244,-1.0453538580280934,-2.3631569816034244,-1.0453538580280934,2.3631569816034244,1.0453538580280934,2.3631569816034244,1.0453538580280934,98,9,2,96,0.9795918367346939,0.02040816326530612,78.53981633974483,7.0,1.2477747538404593,1.2857142857142858,1.2857142857142858,0.025464790894703253,1.2223099629457561,0.4223132327017953,0.30633213891989297,0.11598109378190236,1,1,1,1,1,1,100.0,100.0,0.0,100.0,100.0,81,4.0,4.0,0.0,4.0,4.0,81,1.5128913815138958,1.5128913815138958,0.28889816720992234,0.8866152508267064,2.196402184712447,81,2.0326817605503398,2.0326817605503398,0.4619374572182625,1.03772409382095,3.5090747312752404,81,0.798102691007179,0.8116350744354175,0.0959528741109582,0.5233562620188199,1.0,81,1.0140491393403188,0.9883664598149039,0.27999222552958714,0.5,1.6671270713542141,81,15.989054190067668,14.997952737859437,5.377891519546986,7.596486934939856,31.194173779351576,81,18.60708610265051,18.60708610265051,0.0,18.60708610265051,18.60708610265051,81,cases/granite_medium.yaml,granite_medium,medium,medium,mixed,moderate
granite_medium,49,60,60.5,15.277268160832822,13.864989456692381,17.20886490517578,17.208864905175783,13.483374874265795,16.93033216587404,0.8825776135051338,-1.7938932865670267,-0.054247092586188206,0.9838145780772579,-0.2785327393017383,81,100.0,100.0,100.0,100.0,99.73263770511747,0.5714285714285714,4,100.0,0.5,99.87908957257498,5,1.1,P32_derived_Jv_proxy,100.0,100.0,0.0,-0.26736229488253116,0.0,-0.26736229488253116,0.0,0.26736229488253116,0.0,0.26736229488253116,81,4,1,80,0.9876543209876543,0.012345679012345678,78.53981633974483,7.0,1.0313240312354817,0.5714285714285714,0.5714285714285714,0.012732395447351627,1.0185916357881302,0.42490966292172916,0.11429089395477077,0.3106187689669584,1,1,1,1,1,1,100.0,100.0,0.0,100.0,100.0,81,4.0,4.0,0.0,4.0,4.0,81,1.4663797471161215,1.4663797471161215,0.28298861985383883,0.662817007642949,2.146201789063874,81,2.1302679682770496,2.1302679682770496,0.49654487379244516,0.75,3.19069477473166,81,0.8158225379379701,0.8253953465711736,0.09598350343512235,0.5449674353041102,1.0,81,1.0148003335866194,1.0321918656560003,0.2930315213963172,0.5,1.690232887708877,81,15.277268160832822,13.864989456692381,5.714179567993921,7.215710154071823,32.92286635897429,81,17.20886490517578,17.208864905175783,3.552713678800501e-15,17.208864905175783,17.208864905175783,81,cases/granite_medium.yaml,granite_medium,medium,medium,mixed,moderate
granite_medium,49,70,70.5,16.17953973577281,15.136212001239567,17.695641305433814,17.695641305433817,20.2551090564664,22.000644584517847,1.2518964931791319,4.075569320693589,0.09756842288445444,1.2432804330048266,4.305003279084033,103,99.06573570674585,99.06573570674585,99.06573570674585,99.66217624225237,99.5491483316035,0.7142857142857143,5,99.06573570674585,0.5,99.87908957257498,5,1.1,P32_derived_Jv_proxy,100.0,99.06573570674585,0.5964405355065168,0.4834126248576496,-0.3378237577476284,-0.4508516683964956,0.5964405355065168,0.4834126248576496,0.3378237577476284,0.4508516683964956,103,5,1,102,0.9902912621359223,0.009708737864077669,78.53981633974483,7.0,1.3114367310772175,0.7142857142857143,0.7142857142857143,0.012732395447351627,1.298704335629866,0.42879854110819327,0.3322908877898664,0.09650765331832689,0,1,1,1,1,1,99.06573570674585,99.06573570674585,0.0,99.06573570674585,99.06573570674585,81,4.0,4.0,0.0,4.0,4.0,81,1.4886743723562745,1.4886743723562745,0.31251771948499385,0.7178366207789525,2.5654892969456333,81,2.0835162085926586,2.0835162085926586,0.5269337445623736,0.9389494150702178,3.383520004738756,81,0.8047353331915218,0.8013749957062574,0.09427592358966462,0.5571607811470304,1.0,81,0.9530808022619482,0.9240469948446344,0.259513988253164,0.5,1.5148708932821469,81,16.17953973577281,15.136212001239567,5.255043688754043,8.167025499760973,31.580952252684618,81,17.695641305433814,17.695641305433817,3.552713678800501e-15,17.695641305433817,17.695641305433817,81,cases/granite_medium.yaml,granite_medium,medium,medium,mixed,moderate
granite_medium,49,80,80.5,16.133713351997223,14.86568479946293,18.980243767757656,18.980243767757656,15.580579507065524,18.914803520335646,0.9657156518859792,-0.5531338449316987,-0.01515072968758302,0.9965521914142549,-0.0654402474220106,91,99.28441221411266,99.28441221411266,99.28441221411266,100.0,99.93315942627937,0.14285714285714285,1,99.28441221411266,0.5,99.87908957257498,5,1.1,P32_derived_Jv_proxy,100.0,99.28441221411266,0.7155877858873367,0.648747212166711,0.0,-0.06684057372062568,0.7155877858873367,0.648747212166711,0.0,0.06684057372062568,91,1,0,91,1.0,0.0,78.53981633974483,7.0,1.158647985708998,0.14285714285714285,0.14285714285714285,0.0,1.158647985708998,0.37481887878997977,0.505737890448207,-0.13091901165822728,1,1,1,1,1,1,99.28441221411266,99.28441221411266,0.0,99.28441221411266,99.28441221411266,81,4.0,4.0,0.0,4.0,4.0,81,1.5037463526481305,1.5037463526481305,0.30818309011401435,0.6300535836349224,2.1733280078621124,81,1.9664996741954872,1.9664996741954872,0.5346045826282753,0.7706945367186899,3.3744459801454694,81,0.7936181600077753,0.7955307687519819,0.1017476596307102,0.5886710297266916,1.0,81,1.0098610894183522,1.0249860229469183,0.2660035296284057,0.5,1.6155016396162434,81,16.133713351997223,14.86568479946293,5.353589700025123,8.473345194261672,35.211409318556925,81,18.980243767757656,18.980243767757656,0.0,18.980243767757656,18.980243767757656,81,cases/granite_medium.yaml,granite_medium,medium,medium,mixed,moderate
granite_medium,50,10,10.5,14.989058815344286,13.40775597709482,17.397450690806206,17.397450690806203,15.437517142502715,22.781326093051717,1.0299190451303948,0.4484583271584288,0.012803089137316759,1.3094634666842686,5.383875402245511,87,99.97675530067373,99.97675530067373,99.97675530067373,100.0,99.86631885255873,0.2857142857142857,2,99.97675530067373,1.0,99.53211598395555,10,1.1,P32_derived_Jv_proxy,100.0,99.97675530067373,0.023244699326269824,-0.11043644811499576,0.0,-0.13368114744126558,0.023244699326269824,0.11043644811499576,0.0,0.13368114744126558,87,2,0,87,1.0,0.0,78.53981633974483,7.0,1.1077184039195915,0.2857142857142857,0.2857142857142857,0.0,1.1077184039195915,0.46368029898168217,0.14861878109833437,0.3150615178833478,1,1,1,0,1,1,99.97675530067373,99.97675530067373,0.0,99.97675530067373,99.97675530067373,81,4.0,4.0,0.0,4.0,4.0,81,1.4712994018979797,1.4712994018979797,0.3211546449886029,0.7254301460664648,2.2441328427929124,81,2.1137542346263936,2.1137542346263936,0.44638211020299945,1.0748522490165593,3.051305557294534,81,0.7955343864600936,0.7809868200684269,0.09177243480029444,0.5537817811934956,0.9840822758677985,81,1.0213685082062083,1.0395604635837303,0.330128132818617,0.5,1.8644055566427016,81,14.989058815344286,13.40775597709482,4.999525588112249,7.5984840894920005,28.448693938458195,81,17.397450690806206,17.397450690806203,3.552713678800501e-15,17.397450690806203,17.397450690806203,81,cases/granite_medium.yaml,granite_medium,medium,medium,mixed,moderate
granite_medium,50,20,20.5,15.48542742562192,15.349555931392327,17.862476856113094,17.862476856113094,14.30999657600338,18.001266860000246,0.9240943877549229,-1.1754308496185395,-0.03428366732148547,1.0077699193121503,0.13879000388715212,86,99.8351027642598,99.8351027642598,99.8351027642598,98.13752468350422,98.83799734217858,1.2857142857142858,9,99.8351027642598,0.9,99.61849919456388,9,1.1,P32_derived_Jv_proxy,100.0,99.8351027642598,-1.6975780807555765,-0.9971054220812192,-1.8624753164957752,-1.162002657821418,1.6975780807555765,0.9971054220812192,1.8624753164957752,1.162002657821418,86,9,3,83,0.9651162790697675,0.03488372093023256,78.53981633974483,7.0,1.0949860084722398,1.2857142857142858,1.2857142857142858,0.03819718634205488,1.056788822130185,0.44917111424616796,0.23523243362003576,0.2139386806261322,1,1,1,1,1,1,99.8351027642598,99.8351027642598,0.0,99.8351027642598,99.8351027642598,81,4.0,4.0,0.0,4.0,4.0,81,1.5115892593332991,1.5115892593332991,0.30311871452727923,0.8929081438206824,2.280255261283378,81,2.112104472667872,2.112104472667872,0.4901821515959895,0.7588189537206786,3.1128104690859373,81,0.7933618928165986,0.7918102767390782,0.11005258019205046,0.5248795410418331,1.0,81,0.9900331527042265,0.9735808827074941,0.2853629792595352,0.5,1.8140894592506938,81,15.48542742562192,15.349555931392327,4.745260165896696,7.51694341166259,28.617297332455788,81,17.862476856113094,17.862476856113094,0.0,17.862476856113094,17.862476856113094,81,cases/granite_medium.yaml,granite_medium,medium,medium,mixed,moderate
granite_medium,50,30,30.5,15.502511794952715,14.477147525772777,18.19392210653758,18.19392210653758,15.069030870831481,20.552444653989767,0.972038020041219,-0.43348092412123407,-0.012316747860579236,1.1296324417374912,2.3585225474521856,74,100.0,100.0,100.0,100.0,99.7994782788381,0.42857142857142855,3,100.0,0.5,99.87908957257498,5,1.1,P32_derived_Jv_proxy,100.0,100.0,0.0,-0.20052172116190548,0.0,-0.20052172116190548,0.0,0.20052172116190548,0.0,0.20052172116190548,74,3,0,74,1.0,0.0,78.53981633974483,7.0,0.9421972631040204,0.42857142857142855,0.42857142857142855,0.0,0.9421972631040204,0.45094485875369117,0.46923742441660776,-0.018292565662916593,1,1,1,1,1,1,100.0,100.0,0.0,100.0,100.0,81,4.0,4.0,0.0,4.0,4.0,81,1.4785901538304314,1.4785901538304314,0.30443476453573515,0.9148278513416879,2.2482612994100037,81,2.0317089206663317,2.0317089206663317,0.5439920911745624,0.8166244190922312,3.569839200991332,81,0.7872961158187808,0.7972223219889195,0.10384230147324675,0.5615071323303882,1.0,81,1.0167259208804145,1.018968127164253,0.2896808416069519,0.5,1.9387880917179439,81,15.502511794952715,14.477147525772777,5.916079388989556,6.997113156736499,34.73275275800334,81,18.19392210653758,18.19392210653758,0.0,18.19392210653758,18.19392210653758,81,cases/granite_medium.yaml,granite_medium,medium,medium,mixed,moderate
granite_medium,50,40,40.5,16.29787666236592,14.699684896488172,19.98238969826908,19.982389698269078,21.060815910449712,21.73317983101896,1.2922429311961898,4.762939248083793,0.11134416517643975,1.0876166544235464,1.7507901327498772,89,100.0,100.0,100.0,98.64910054908714,99.68282947904477,0.42857142857142855,3,100.0,0.9,99.61849919456388,9,1.1,P32_derived_Jv_proxy,100.0,100.0,-1.3508994509128627,-0.31717052095523,-1.3508994509128627,-0.31717052095523,1.3508994509128627,0.31717052095523,1.3508994509128627,0.31717052095523,89,3,2,87,0.9775280898876404,0.02247191011235955,78.53981633974483,7.0,1.1331831948142947,0.42857142857142855,0.42857142857142855,0.025464790894703253,1.1077184039195915,0.41281446910099273,0.41480759558262814,-0.00199312648163541,0,1,1,1,1,1,100.0,100.0,0.0,100.0,100.0,81,4.0,4.0,0.0,4.0,4.0,81,1.51898180127115,1.51898180127115,0.27169737462861226,0.9212813394018776,2.185037187568563,81,1.900400582972726,1.900400582972726,0.5692201110560597,0.8513732668115157,3.323419242955853,81,0.7892632851811698,0.7904588545357104,0.09678555341746373,0.5450880953344516,1.0,81,1.0582551932642357,1.0546872355950234,0.3003887592593481,0.5,1.8401142922808147,81,16.29787666236592,14.699684896488172,5.585565191546118,7.438540432126243,33.454649698899416,81,19.98238969826908,19.982389698269078,3.552713678800501e-15,19.982389698269078,19.982389698269078,81,cases/granite_medium.yaml,granite_medium,medium,medium,mixed,moderate
granite_medium,50,50,50.5,16.049563634202684,14.510273481598128,19.511205560274558,19.511205560274558,16.128623528472836,20.579369257930665,1.004925984037452,0.07905989427015214,0.0021340757785390796,1.054746165958649,1.0681636976561073,89,100.0,100.0,100.0,100.0,99.86631885255873,0.2857142857142857,2,100.0,0.3,99.95588995549635,3,1.1,P32_derived_Jv_proxy,100.0,100.0,0.0,-0.13368114744126558,0.0,-0.13368114744126558,0.0,0.13368114744126558,0.0,0.13368114744126558,89,2,1,88,0.9887640449438202,0.011235955056179775,78.53981633974483,7.0,1.1331831948142947,0.2857142857142857,0.2857142857142857,0.012732395447351627,1.1204507993669433,0.40265291450989893,0.2937609741426487,0.10889194036725025,1,1,1,1,1,1,100.0,100.0,0.0,100.0,100.0,81,4.0,4.0,0.0,4.0,4.0,81,1.5157851175043,1.5157851175043,0.2765570455286297,0.8669429264785995,2.195855361181955,81,1.942198180452887,1.942198180452887,0.4929648742848572,0.7773766519400742,3.0184611899799805,81,0.7893542837799735,0.7914503017375882,0.09093508364992649,0.5214981345946683,1.0,81,1.0636705114418306,1.0421842854706984,0.3342966007719294,0.5,1.9263354491396614,81,16.049563634202684,14.510273481598128,5.804503038253716,6.9900338591989755,34.634182762089644,81,19.511205560274558,19.511205560274558,0.0,19.511205560274558,19.511205560274558,81,cases/granite_medium.yaml,granite_medium,medium,medium,mixed,moderate
granite_medium,50,60,60.5,14.278876943702109,13.6510256229073,17.911133464271234,17.91113346427123,17.940670875891165,18.75,1.2564483149918972,3.661793932189056,0.0991446282445616,1.0468349218323967,0.8388665357287657,103,99.24862086945019,99.24862086945019,99.24862086945019,100.0,100.0,0.0,0,99.24862086945019,0.8,99.69656540975667,8,1.1,P32_derived_Jv_proxy,100.0,99.24862086945019,0.7513791305498074,0.7513791305498074,0.0,0.0,0.7513791305498074,0.7513791305498074,0.0,0.0,103,0,0,103,1.0,0.0,78.53981633974483,7.0,1.3114367310772175,0.0,0.0,0.0,1.3114367310772175,0.46705161152759633,0.0,0.46705161152759633,0,1,1,1,1,1,99.24862086945019,99.24862086945019,0.0,99.24862086945019,99.24862086945019,81,4.0,4.0,0.0,4.0,4.0,81,1.4865288481919605,1.4865288481919605,0.2620984408849514,0.7095538008473731,2.0464928578471793,81,2.059276962566413,2.059276962566413,0.5142795960627992,0.9217439937107379,3.4528353412189685,81,0.7874601381764889,0.7843495387742621,0.09695425210959312,0.5481788268996802,1.0,81,1.055896049145417,1.0567827711880764,0.262994875293279,0.5,1.7275956147172196,81,14.278876943702109,13.6510256229073,4.300295601156951,8.167325850741577,27.29137639664724,81,17.911133464271234,17.91113346427123,3.552713678800501e-15,17.91113346427123,17.91113346427123,81,cases/granite_medium.yaml,granite_medium,medium,medium,mixed,moderate
granite_medium,50,70,70.5,16.390523761243607,16.08442437470148,19.223196768861783,19.223196768861783,18.373098400769123,18.335019285299655,1.1209585897562002,1.9825746395255166,0.04958956926530522,0.9537965774245821,-0.8881774835621279,68,100.0,100.0,100.0,100.0,99.73263770511747,0.5714285714285714,4,100.0,0.6,99.82704055993037,6,1.1,P32_derived_Jv_proxy,100.0,100.0,0.0,-0.26736229488253116,0.0,-0.26736229488253116,0.0,0.26736229488253116,0.0,0.26736229488253116,68,4,2,66,0.9705882352941176,0.029411764705882353,78.53981633974483,7.0,0.8658028904199107,0.5714285714285714,0.5714285714285714,0.025464790894703253,0.8403380995252073,0.5233863492860997,0.43954989266137334,0.08383645662472639,1,1,1,1,1,1,100.0,100.0,0.0,100.0,100.0,81,4.0,4.0,0.0,4.0,4.0,81,1.4820823867277677,1.4820823867277677,0.3093072414457521,0.7002805534649071,2.448261552865089,81,1.9274660772453855,1.9274660772453855,0.46273941828876197,0.75,3.4426134884956703,81,0.7906703835997104,0.8031802299317032,0.09232205502845092,0.5855439423010901,1.0,81,1.005069477355901,1.0085529256467987,0.28649813452047623,0.5,1.766908609332754,81,16.390523761243607,16.08442437470148,4.9688885886853065,7.355152842960465,28.58901692357136,81,19.223196768861783,19.223196768861783,0.0,19.223196768861783,19.223196768861783,81,cases/granite_medium.yaml,granite_medium,medium,medium,mixed,moderate
granite_medium,50,80,80.5,16.078526753800848,14.817388176329352,18.328981279470664,18.328981279470664,16.68356548268517,20.51340992006821,1.037630234296267,0.605038728884324,0.016042617660384284,1.1191789443881537,2.1844286405975453,80,100.0,100.0,100.0,98.6710278632755,99.68282947904478,0.42857142857142855,3,100.0,0.4,99.92210167184162,4,1.1,P32_derived_Jv_proxy,100.0,100.0,-1.3289721367245022,-0.3171705209552158,-1.3289721367245022,-0.3171705209552158,1.3289721367245022,0.3171705209552158,1.3289721367245022,0.3171705209552158,80,3,0,80,1.0,0.0,78.53981633974483,7.0,1.0185916357881302,0.42857142857142855,0.42857142857142855,0.0,1.0185916357881302,0.4222695852053283,0.15943143228426582,0.2628381529210625,1,1,1,1,1,1,100.0,100.0,0.0,100.0,100.0,81,4.0,4.0,0.0,4.0,4.0,81,1.4753298284945764,1.4753298284945764,0.28863747463445893,0.8320839964186968,2.373072113130663,81,2.0122910897222317,2.0122910897222317,0.5185853110857662,1.1421947740593148,3.403788348366275,81,0.7938390319979844,0.7991128798108118,0.10819846485450738,0.5738170559431729,1.0,81,1.0118141904934224,1.0057213680815007,0.3164670787012683,0.5,1.8821514771085883,81,16.078526753800848,14.817388176329352,6.273051209281849,7.047717538874509,34.27092662714635,81,18.328981279470664,18.328981279470664,0.0,18.328981279470664,18.328981279470664,81,cases/granite_medium.yaml,granite_medium,medium,medium,mixed,moderate
granite_medium,51,10,10.5,17.62023263207418,16.09343942858226,19.169288820101766,19.169288820101766,25.823744284972488,19.8432049148202,1.4655734021334894,8.203511652898307,0.16600757462926485,1.0351560300980875,0.6739160947184324,90,100.0,100.0,100.0,99.49830661514027,99.15516786313381,0.8571428571428571,6,100.0,0.8,99.69656540975667,8,1.1,P32_derived_Jv_proxy,100.0,100.0,-0.5016933848597347,-0.844832136866188,-0.5016933848597347,-0.844832136866188,0.5016933848597347,0.844832136866188,0.5016933848597347,0.844832136866188,90,6,1,89,0.9888888888888889,0.011111111111111112,78.53981633974483,7.0,1.1459155902616465,0.8571428571428571,0.8571428571428571,0.012732395447351627,1.1331831948142947,0.45293016308569156,0.21433525950979837,0.2385949035758932,0,1,1,1,1,1,100.0,100.0,0.0,100.0,100.0,81,4.0,4.0,0.0,4.0,4.0,81,1.5293219623100571,1.5293219623100571,0.27012390307710693,0.7006314852755327,2.241512286832619,81,1.9944949140553696,1.9944949140553696,0.4909767367884266,0.75,2.911115498292296,81,0.8069341623113596,0.8050898115906931,0.09220232731602251,0.5303740571999812,1.0,81,0.9772009866085334,0.9338746072220193,0.3038260494765155,0.5,1.6612061864765497,81,17.62023263207418,16.09343942858226,6.538091610379412,8.929106193029293,37.46551509500439,81,19.169288820101766,19.169288820101766,0.0,19.169288820101766,19.169288820101766,81,cases/granite_medium.yaml,granite_medium,medium,medium,mixed,moderate
granite_medium,51,20,20.5,17.2953780082114,15.329112816386342,18.863931623673032,18.86393162367303,18.819219095299076,17.464504161203813,1.0881068390852282,1.5238410870876749,0.036671539982700896,0.92581464509164,-1.3994274624692196,89,99.3993335068941,99.3993335068941,99.3993335068941,99.41881648796786,99.79947827883811,0.42857142857142855,3,99.3993335068941,0.5,99.87908957257498,5,1.1,P32_derived_Jv_proxy,100.0,99.3993335068941,0.01948298107376445,0.40014477194401366,-0.5811835120321405,-0.20052172116189126,0.01948298107376445,0.40014477194401366,0.5811835120321405,0.20052172116189126,89,3,2,87,0.9775280898876404,0.02247191011235955,78.53981633974483,7.0,1.1331831948142947,0.42857142857142855,0.42857142857142855,0.025464790894703253,1.1077184039195915,0.4266297255186223,0.31333894967183296,0.11329077584678937,1,1,1,1,1,1,99.3993335068941,99.3993335068941,0.0,99.3993335068941,99.3993335068941,81,4.0,4.0,0.0,4.0,4.0,81,1.4947832451752807,1.4947832451752807,0.2864809799746487,0.6067992685329755,2.225634875074564,81,1.9691077829347647,1.9691077829347647,0.536291441566951,0.75,3.221535567359737,81,0.815941136305098,0.8072649511295511,0.10039738939437683,0.5145903613530548,1.0,81,0.9912417643209227,1.0167203311381006,0.29466277594248785,0.5,1.670831042112046,81,17.2953780082114,15.329112816386342,6.544589672586992,6.426219280455271,37.72786324734606,81,18.863931623673032,18.86393162367303,3.552713678800501e-15,18.86393162367303,18.86393162367303,81,cases/granite_medium.yaml,granite_medium,medium,medium,mixed,moderate
granite_medium,51,30,30.5,15.368523875952981,14.684958465299166,18.644533146435407,18.644533146435407,15.158367407424027,17.05413380117429,0.986325526756816,-0.21015646852895387,-0.0059797269025789745,0.914698891478268,-1.5903993452611154,88,99.86590178983982,99.86590178983982,99.86590178983982,98.57848395430834,99.27181666292714,0.8571428571428571,6,99.86590178983982,0.6,99.82704055993037,6,1.1,P32_derived_Jv_proxy,100.0,99.86590178983982,-1.2874178355314854,-0.5940851269126881,-1.4215160456916607,-0.7281833370728634,1.2874178355314854,0.5940851269126881,1.4215160456916607,0.7281833370728634,88,6,2,86,0.9772727272727273,0.022727272727272728,78.53981633974483,7.0,1.1204507993669433,0.8571428571428571,0.8571428571428571,0.025464790894703253,1.0949860084722398,0.4688786042669474,0.2703653614247409,0.1985132428422065,1,1,1,1,1,1,99.86590178983982,99.86590178983982,0.0,99.86590178983982,99.86590178983982,81,4.0,4.0,0.0,4.0,4.0,81,1.4884502602055234,1.4884502602055234,0.272555871741445,0.8564738895058894,2.3691267161538945,81,1.993150302253149,1.993150302253149,0.5404794836831064,0.8203581578051784,3.3619219163105276,81,0.7858091298014285,0.7845142905262456,0.08985074709213502,0.5715791235736324,1.0,81,1.0310814505311707,1.0169442276015848,0.2911337577769954,0.5,1.9044562340043607,81,15.368523875952981,14.684958465299166,4.602779262511753,6.682233292226462,28.161852608480825,81,18.644533146435407,18.644533146435407,0.0,18.644533146435407,18.644533146435407,81,cases/granite_medium.yaml,granite_medium,medium,medium,mixed,moderate
granite_medium,51,40,40.5,14.97438439951038,13.342711938913304,17.907467772694044,17.90746777269404,22.8236737149675,20.614571287319816,1.5241811019432474,7.849289315457122,0.18303657258217187,1.1511717652650846,2.7071035146257714,79,99.11690083340086,99.11690083340086,99.11690083340086,99.29632785449664,99.4054978103684,0.5714285714285714,4,99.11690083340086,0.5,99.87908957257498,5,1.1,P32_derived_Jv_proxy,100.0,99.11690083340086,0.17942702109577624,0.28859697696753983,-0.7036721455033614,-0.5945021896315978,0.17942702109577624,0.28859697696753983,0.7036721455033614,0.5945021896315978,79,4,1,78,0.9873417721518988,0.012658227848101266,78.53981633974483,7.0,1.0058592403407784,0.5714285714285714,0.5714285714285714,0.012732395447351627,0.9931268448934268,0.49225922667746236,0.19518628104321523,0.29707294563424713,0,0,1,1,1,1,99.11690083340086,99.11690083340086,0.0,99.11690083340086,99.11690083340086,81,4.0,4.0,0.0,4.0,4.0,81,1.455094529165159,1.455094529165159,0.2898299392714254,0.6402098136811992,2.066135904760024,81,2.013468095841081,2.013468095841081,0.5021225716045016,0.8142522338975544,3.259900515041665,81,0.807218682264119,0.789772509678702,0.10283430440142691,0.5538072656124634,1.0,81,1.0463773473319053,1.0966182589559417,0.2587405606464073,0.5,1.6718416434034427,81,14.97438439951038,13.342711938913304,5.369096035014782,7.372795128479982,32.96838389781204,81,17.907467772694044,17.90746777269404,3.552713678800501e-15,17.90746777269404,17.90746777269404,81,cases/granite_medium.yaml,granite_medium,medium,medium,mixed,moderate
granite_medium,51,50,50.5,15.0446680778335,14.131643724315195,18.070580753360215,18.070580753360215,11.07982293188625,17.658116921988267,0.7364617733382254,-3.9648451459472493,-0.13284979065315405,0.9771748436311185,-0.412463831371948,97,98.8955656872109,98.8955656872109,98.8955656872109,99.04223699533773,99.33865723664778,0.7142857142857143,5,98.8955656872109,0.9,99.61849919456388,9,1.1,P32_derived_Jv_proxy,100.0,98.8955656872109,0.14667130812682672,0.4430915494368719,-0.9577630046622687,-0.6613427633522235,0.14667130812682672,0.4430915494368719,0.9577630046622687,0.6613427633522235,97,5,4,93,0.9587628865979382,0.041237113402061855,78.53981633974483,7.0,1.2350423583931078,0.7142857142857143,0.7142857142857143,0.05092958178940651,1.1841127766037014,0.39293456899700663,0.3329230816490627,0.060011487347943926,0,1,1,1,1,1,98.8955656872109,98.8955656872109,0.0,98.8955656872109,98.8955656872109,81,4.0,4.0,0.0,4.0,4.0,81,1.507726032475359,1.507726032475359,0.30370944724941557,0.7242294515477748,2.2052747169701767,81,2.062847632266305,2.062847632266305,0.47900908433999245,0.7521355323942003,3.2436619197154135,81,0.7970853688359029,0.7941504334039503,0.09886732986393418,0.536069052069871,1.0,81,1.0434167522196485,1.0320528664875812,0.29676652321174823,0.5,1.9662893953373841,81,15.0446680778335,14.131643724315195,4.925699260106473,6.86318553670516,30.835894097576286,81,18.070580753360215,18.070580753360215,0.0,18.070580753360215,18.070580753360215,81,cases/granite_medium.yaml,granite_medium,medium,medium,mixed,moderate
granite_medium,51,60,60.5,16.477943810569567,15.663252849020644,19.406365122637418,19.406365122637414,26.115332766598463,19.65463433469593,1.5848659921905497,9.637388956028897,0.1999925464827299,1.0127931846324436,0.2482692120585135,108,99.47039187517092,99.47039187517092,99.47039187517092,99.94929276488197,99.86631885255873,0.2857142857142857,2,99.47039187517092,0.7,99.76613872993647,7,1.1,P32_derived_Jv_proxy,100.0,99.47039187517092,0.47890088971105627,0.39592697738781624,-0.05070723511802555,-0.13368114744126558,0.47890088971105627,0.39592697738781624,0.05070723511802555,0.13368114744126558,108,2,1,107,0.9907407407407407,0.009259259259259259,78.53981633974483,7.0,1.3750987083139756,0.2857142857142857,0.2857142857142857,0.012732395447351627,1.3623663128666241,0.40026771652525284,0.25837169806329596,0.14189601846195687,0,0,1,1,1,1,99.47039187517092,99.47039187517092,0.0,99.47039187517092,99.47039187517092,81,4.0,4.0,0.0,4.0,4.0,81,1.5508586569151188,1.5508586569151188,0.30641743386632264,0.6324130007728672,2.113161448133333,81,1.987292795063402,1.987292795063402,0.4826499270246185,0.75,3.1572247222868546,81,0.8131424001623218,0.818556709405455,0.09702222170858028,0.5086314498032902,1.0,81,1.0559840633695008,1.0668078586324339,0.31574060399209253,0.5,1.689659858254578,81,16.477943810569567,15.663252849020644,5.786357183163597,7.86611975852618,34.057989740120384,81,19.406365122637418,19.406365122637414,3.552713678800501e-15,19.406365122637414,19.406365122637414,81,cases/granite_medium.yaml,granite_medium,medium,medium,mixed,moderate
granite_medium,51,70,70.5,17.610361415191544,15.315021751241002,19.325562866279764,19.325562866279764,16.00341966735511,19.28750455171927,0.9087502118809323,-1.6069417478364336,-0.04155547487435385,0.9980306749757389,-0.038058314560494466,83,100.0,100.0,100.0,96.33223992966512,99.04848843713431,1.2857142857142858,9,100.0,0.4,99.92210167184162,4,1.1,P32_derived_Jv_proxy,100.0,100.0,-3.6677600703348787,-0.95151156286569,-3.6677600703348787,-0.95151156286569,3.6677600703348787,0.95151156286569,3.6677600703348787,0.95151156286569,83,9,2,81,0.9759036144578314,0.024096385542168676,78.53981633974483,7.0,1.056788822130185,1.2857142857142858,1.2857142857142858,0.025464790894703253,1.0313240312354817,0.453497831516365,0.40131717702309144,0.05218065449327358,1,1,1,1,1,1,100.0,100.0,0.0,100.0,100.0,81,4.0,4.0,0.0,4.0,4.0,81,1.6061503168660909,1.6061503168660909,0.2798363838032064,0.9204979143175875,2.2954514327830897,81,2.077753605392504,2.077753605392504,0.5545157078896324,0.75,3.159761891059836,81,0.8023404130066586,0.8042982252052315,0.0945332022242995,0.5760668787595602,1.0,81,0.9797225629969077,0.9885438605895746,0.2973216732079027,0.5,1.7695815526314984,81,17.610361415191544,15.315021751241002,6.509644620022213,8.57079762809476,37.000597041261784,81,19.325562866279764,19.325562866279764,0.0,19.325562866279764,19.325562866279764,81,cases/granite_medium.yaml,granite_medium,medium,medium,mixed,moderate
granite_medium,51,80,80.5,16.291865545916053,15.463769012425542,18.42492597052411,18.424925970524114,18.46302521901898,19.571382338947693,1.1332664860868056,2.1711596731029275,0.05433204563449712,1.0622231193904206,1.146456368423582,92,99.57267868521083,99.57267868521083,99.57267868521083,98.32082693855423,99.73263770511747,0.5714285714285714,4,99.57267868521083,0.7,99.76613872993647,7,1.1,P32_derived_Jv_proxy,100.0,99.57267868521083,-1.2518517466565982,0.15995901990663697,-1.6791730614457663,-0.26736229488253116,1.2518517466565982,0.15995901990663697,1.6791730614457663,0.26736229488253116,92,4,2,90,0.9782608695652174,0.021739130434782608,78.53981633974483,7.0,1.1713803811563497,0.5714285714285714,0.5714285714285714,0.025464790894703253,1.1459155902616465,0.4410566309674917,0.1740763099385062,0.2669803210289855,1,1,1,1,1,1,99.57267868521083,99.57267868521083,0.0,99.57267868521083,99.57267868521083,81,4.0,4.0,0.0,4.0,4.0,81,1.5080611554933694,1.5080611554933694,0.2936089112055362,0.7873981031725942,2.281037992741145,81,2.0374802199180495,2.0374802199180495,0.48790336191123335,0.8913555901160111,3.24685511458571,81,0.805383436447178,0.8076600411866947,0.1002509035550152,0.5610539298096725,1.0,81,0.9952001961939748,0.9894195621814642,0.28467629427346325,0.5,1.7737852241566043,81,16.291865545916053,15.463769012425542,5.50215145923455,7.053716462841879,34.445857998405884,81,18.42492597052411,18.424925970524114,3.552713678800501e-15,18.424925970524114,18.424925970524114,81,cases/granite_medium.yaml,granite_medium,medium,medium,mixed,moderate
granite_sparse,42,10,10.5,16.5977057243571,15.412885044454477,19.183470719859685,19.183470719859685,17.785913350139868,19.230873349162543,1.0715886668624977,1.1882076257827698,0.030028111855630923,1.0024710142390336,0.047402629302858657,14,100.0,100.0,100.0,100.0,99.93315942627937,0.14285714285714285,1,100.0,0.2,99.98026467728904,2,0.25,P32_derived_Jv_proxy,100.0,100.0,0.0,-0.06684057372062568,0.0,-0.06684057372062568,0.0,0.06684057372062568,0.0,0.06684057372062568,14,1,0,14,1.0,0.0,78.53981633974483,7.0,0.17825353626292278,0.14285714285714285,0.14285714285714285,0.0,0.17825353626292278,0.44058207443727915,0.19931707115155006,0.24126500328572908,1,1,1,1,1,1,100.0,100.0,0.0,100.0,100.0,81,4.0,4.0,0.0,4.0,4.0,81,1.5697278248389182,1.5697278248389182,0.2628797527493817,1.1691953759442886,2.225911553982422,81,2.0456775624207792,2.0456775624207792,0.5510239367640357,1.2993313293497852,2.890532319635625,81,0.8058327165278021,0.8181410398520713,0.09698859505082212,0.5852422834053733,1.0,81,1.0105751285485172,1.0472893591873296,0.2692197399597699,0.5,1.590837079968735,81,16.5977057243571,15.412885044454477,5.561167690648713,8.48111283138044,38.096201115609425,81,19.183470719859685,19.183470719859685,0.0,19.183470719859685,19.183470719859685,81,cases/granite_sparse.yaml,granite_sparse,good_to_medium,sparse,mixed,moderate
granite_sparse,42,20,20.5,17.015763939937525,14.980112233688313,19.54026673704092,19.54026673704092,18.71299502019613,18.713365958173885,1.0997446301117901,1.6972310802586037,0.041291850059210544,0.9576822164203345,-0.8269007788670351,14,100.0,100.0,100.0,100.0,99.68282947904477,0.42857142857142855,3,100.0,0.2,99.98026467728904,2,0.25,P32_derived_Jv_proxy,100.0,100.0,0.0,-0.31717052095523,0.0,-0.31717052095523,0.0,0.31717052095523,0.0,0.31717052095523,14,3,2,12,0.8571428571428571,0.14285714285714285,78.53981633974483,7.0,0.17825353626292278,0.42857142857142855,0.42857142857142855,0.025464790894703253,0.15278874536821951,0.31141034127140177,0.18121556025293317,0.1301947810184686,1,1,1,1,1,1,100.0,100.0,0.0,100.0,100.0,81,4.0,4.0,0.0,4.0,4.0,81,1.5286016921698824,1.5286016921698824,0.30123946467829515,1.0497216859407268,2.225911553982422,81,1.9557073001365872,1.9557073001365872,0.47830831713650956,0.75,2.7038152098254487,81,0.798630632879434,0.8018718996317244,0.08741301252741472,0.5433440278598597,1.0,81,1.0092073471858596,0.9800795884711129,0.29175180259474975,0.5,1.818773120744136,81,17.015763939937525,14.980112233688313,6.213723958695077,8.58212183854412,37.35003182228701,81,19.54026673704092,19.54026673704092,0.0,19.54026673704092,19.54026673704092,81,cases/granite_sparse.yaml,granite_sparse,good_to_medium,sparse,mixed,moderate
granite_sparse,42,30,30.5,16.033146892184714,14.512554097712538,18.914287256557397,18.914287256557397,15.141967851212396,18.75,0.9444164612870404,-0.8911790409723181,-0.024836451724799424,0.9913141185639739,-0.1642872565573974,16,99.6549751317874,99.6549751317874,99.6549751317874,100.0,100.0,0.0,0,99.6549751317874,0.1,99.99503320866597,1,0.25,P32_derived_Jv_proxy,100.0,99.6549751317874,0.3450248682126045,0.3450248682126045,0.0,0.0,0.3450248682126045,0.3450248682126045,0.0,0.0,16,0,0,16,1.0,0.0,78.53981633974483,7.0,0.20371832715762603,0.0,0.0,0.0,0.20371832715762603,0.4424459979394616,0.0,0.4424459979394616,1,1,1,1,1,1,99.6549751317874,99.6549751317874,0.0,99.6549751317874,99.6549751317874,81,4.0,4.0,0.0,4.0,4.0,81,1.4658769845906363,1.4658769845906363,0.2837808703797092,0.9639452124257596,1.954152775461802,81,1.9308411211079892,1.9308411211079892,0.4786641956072939,1.2213884681631249,2.752350048273971,81,0.7859828510482846,0.7902061459452242,0.09814277936060319,0.41211259942630074,1.0,81,0.9982078557519091,1.0207631939712856,0.25956750463695677,0.5,1.4964035952855428,81,16.033146892184714,14.512554097712538,4.89246107491211,8.551771523390444,28.67729149218484,81,18.914287256557397,18.914287256557397,0.0,18.914287256557397,18.914287256557397,81,cases/granite_sparse.yaml,granite_sparse,good_to_medium,sparse,mixed,moderate
granite_sparse,42,40,40.5,15.685531525849335,14.51533010033567,18.075022150743422,18.07502215074342,15.22032217088404,18.584252627985865,0.9703414988393194,-0.46520935496529425,-0.01307539464058638,1.0281731592357413,0.5092304772424434,17,100.0,100.0,100.0,100.0,99.93315942627937,0.14285714285714285,1,100.0,0.3,99.95588995549635,3,0.25,P32_derived_Jv_proxy,100.0,100.0,0.0,-0.06684057372062568,0.0,-0.06684057372062568,0.0,0.06684057372062568,0.0,0.06684057372062568,17,1,1,16,0.9411764705882353,0.058823529411764705,78.53981633974483,7.0,0.21645072260497766,0.14285714285714285,0.14285714285714285,0.012732395447351627,0.20371832715762603,0.3606694767509969,0.4558287398968667,-0.09515926314586975,1,1,1,1,1,1,100.0,100.0,0.0,100.0,100.0,81,4.0,4.0,0.0,4.0,4.0,81,1.390504998235186,1.390504998235186,0.2678082984277103,0.9300097821904493,1.9124601812573254,81,1.9232410707972425,1.9232410707972425,0.4105944034314531,1.1443111877551533,2.904415922294087,81,0.80108886078776,0.7830120710909552,0.10261550287205679,0.5791784315829681,1.0,81,0.9914101247756762,0.9808340827685149,0.2531766761769635,0.5,1.7645533590169384,81,15.685531525849335,14.51533010033567,5.07653493722387,8.280600616200857,33.38006590605273,81,18.075022150743422,18.07502215074342,3.552713678800501e-15,18.07502215074342,18.07502215074342,81,cases/granite_sparse.yaml,granite_sparse,good_to_medium,sparse,mixed,moderate
granite_sparse,42,50,50.5,16.186682799544194,14.385240548931673,18.062527345228645,18.062527345228645,20.135728243370085,19.767149809456537,1.2439687916746656,3.9490454438258915,0.09480948503848552,1.0943734191593173,1.7046224642278922,16,100.0,100.0,100.0,100.0,99.93315942627937,0.14285714285714285,1,100.0,0.2,99.98026467728904,2,0.25,P32_derived_Jv_proxy,100.0,100.0,0.0,-0.06684057372062568,0.0,-0.06684057372062568,0.0,0.06684057372062568,0.0,0.06684057372062568,16,1,1,15,0.9375,0.0625,78.53981633974483,7.0,0.20371832715762603,0.14285714285714285,0.14285714285714285,0.012732395447351627,0.1909859317102744,0.4540902459171978,0.2765891496983125,0.17750109621888532,1,1,1,1,1,1,100.0,100.0,0.0,100.0,100.0,81,4.0,4.0,0.0,4.0,4.0,81,1.3967561246893405,1.3967561246893405,0.3434909641578327,0.5963564781247945,2.050743184550997,81,1.9332235434072633,1.9332235434072633,0.5021460085377311,1.0396922490451312,2.8815925157313003,81,0.801977084343542,0.8126918194318841,0.09422359011018473,0.575396349393484,1.0,81,1.0039593712621988,1.0038870558080872,0.3151960495864051,0.5,1.850565605707763,81,16.186682799544194,14.385240548931673,6.437752292427221,8.165189094507346,34.82479666489227,81,18.062527345228645,18.062527345228645,0.0,18.062527345228645,18.062527345228645,81,cases/granite_sparse.yaml,granite_sparse,good_to_medium,sparse,mixed,moderate
granite_sparse,42,60,60.5,17.199640132611375,15.889421816800855,19.057142286243703,19.0571422862437,15.216291107163755,17.78908181604319,0.884686597501125,-1.9833490254476196,-0.05321055199314295,0.9334600932734886,-1.2680604702005134,15,100.0,100.0,100.0,100.0,99.93315942627937,0.14285714285714285,1,100.0,0.1,99.99503320866597,1,0.25,P32_derived_Jv_proxy,100.0,100.0,0.0,-0.06684057372062568,0.0,-0.06684057372062568,0.0,0.06684057372062568,0.0,0.06684057372062568,15,1,0,15,1.0,0.0,78.53981633974483,7.0,0.1909859317102744,0.14285714285714285,0.14285714285714285,0.0,0.1909859317102744,0.32465644069168065,0.10604931917522786,0.21860712151645278,1,1,1,1,1,1,100.0,100.0,0.0,100.0,100.0,81,4.0,4.0,0.0,4.0,4.0,81,1.513339587457134,1.513339587457134,0.3337384902071863,0.7285652092030718,2.3462544742299984,81,1.9852656352226672,1.9852656352226672,0.5307892966244566,0.8698867787773237,2.9936142141130877,81,0.796531347629674,0.8009249700722829,0.08300327805529423,0.5657463866024023,1.0,81,0.9485468535984315,0.9675484791222612,0.23298584419055413,0.5,1.5727726683934522,81,17.199640132611375,15.889421816800855,5.446331408779641,8.264020277066953,36.693438241456704,81,19.057142286243703,19.0571422862437,3.552713678800501e-15,19.0571422862437,19.0571422862437,81,cases/granite_sparse.yaml,granite_sparse,good_to_medium,sparse,mixed,moderate
granite_sparse,42,70,70.5,15.898748307013808,14.608830298788076,18.157875859901143,18.157875859901146,15.06552140321463,18.49295304604795,0.9475916664815937,-0.8332269037991775,-0.023378767300236136,1.0184535453778916,0.33507718614680826,10,100.0,100.0,100.0,100.0,99.93315942627937,0.14285714285714285,1,100.0,0.0,100.0,0,0.25,P32_derived_Jv_proxy,100.0,100.0,0.0,-0.06684057372062568,0.0,-0.06684057372062568,0.0,0.06684057372062568,0.0,0.06684057372062568,10,1,1,9,0.9,0.1,78.53981633974483,7.0,0.12732395447351627,0.14285714285714285,0.14285714285714285,0.012732395447351627,0.11459155902616464,0.2674728500825341,0.06731035030312227,0.2001624997794118,1,1,1,1,1,1,100.0,100.0,0.0,100.0,100.0,81,4.0,4.0,0.0,4.0,4.0,81,1.4032523632084994,1.4032523632084994,0.23378271116999272,1.103158177295345,1.796108919081888,81,1.9320161317813676,1.9320161317813676,0.38729470229973056,1.2526731925279786,2.6999214073555597,81,0.8058055492208281,0.8141794615669642,0.0996122281003249,0.5807036689543598,1.0,81,0.9987298165939238,1.0016184826170826,0.27952843148427436,0.5,1.7536793343175698,81,15.898748307013808,14.608830298788076,5.071544639261454,8.128175285251059,30.85358718486183,81,18.157875859901143,18.157875859901146,3.552713678800501e-15,18.157875859901146,18.157875859901146,81,cases/granite_sparse.yaml,granite_sparse,good_to_medium,sparse,mixed,moderate
granite_sparse,42,80,80.5,15.859498240139184,13.53881638731232,17.813260201896572,17.81326020189657,15.296177482018473,18.037968687337663,0.9644805434830852,-0.5633207581207103,-0.015706528977237566,1.012614674848637,0.22470848544109145,14,100.0,100.0,100.0,99.20825331634533,99.93315942627937,0.14285714285714285,1,100.0,0.0,100.0,0,0.25,P32_derived_Jv_proxy,100.0,100.0,-0.7917466836546652,-0.06684057372062568,-0.7917466836546652,-0.06684057372062568,0.7917466836546652,0.06684057372062568,0.7917466836546652,0.06684057372062568,14,1,0,14,1.0,0.0,78.53981633974483,7.0,0.17825353626292278,0.14285714285714285,0.14285714285714285,0.0,0.17825353626292278,0.24451367099677856,0.6545194890958868,-0.4100058180991082,1,1,1,1,1,1,100.0,100.0,0.0,100.0,100.0,81,4.0,4.0,0.0,4.0,4.0,81,1.4083976867123322,1.4083976867123322,0.25319060842405244,0.8832095164980469,1.9888553652879835,81,1.9766141497253558,1.9766141497253558,0.6120785961335494,0.7811642574188318,2.800456619120087,81,0.8352915629243561,0.840021308278835,0.10435776269106348,0.6032036668355003,1.0,81,1.0498513137319603,1.058428281550172,0.3124754782145494,0.5,1.715070482424471,81,15.859498240139184,13.53881638731232,6.350496666067618,7.058574611163212,35.08610605145207,81,17.813260201896572,17.81326020189657,3.552713678800501e-15,17.81326020189657,17.81326020189657,81,cases/granite_sparse.yaml,granite_sparse,good_to_medium,sparse,mixed,moderate
granite_sparse,43,10,10.5,15.775209203739808,14.266893411404308,18.455460962720963,18.455460962720963,17.018235524585435,17.996447759874567,1.078796186141921,1.2430263208456278,0.032939402426342745,0.9751285972334379,-0.45901320284639624,24,100.0,100.0,100.0,100.0,99.93315942627937,0.14285714285714285,1,100.0,0.2,99.98026467728904,2,0.25,P32_derived_Jv_proxy,100.0,100.0,0.0,-0.06684057372062568,0.0,-0.06684057372062568,0.0,0.06684057372062568,0.0,0.06684057372062568,24,1,1,23,0.9583333333333334,0.041666666666666664,78.53981633974483,7.0,0.30557749073643903,0.14285714285714285,0.14285714285714285,0.012732395447351627,0.2928450952890874,0.4013785435066386,0.13105643173950754,0.27032211176713106,1,1,1,1,1,1,100.0,100.0,0.0,100.0,100.0,81,4.0,4.0,0.0,4.0,4.0,81,1.5530907663751872,1.5530907663751872,0.37044335689882435,0.799833025713013,2.304421640139562,81,2.1038363245333547,2.1038363245333547,0.37149185503696075,1.330470966800703,2.9363510399830233,81,0.8014014062393723,0.8140371538245594,0.10213771782066143,0.5231364227270517,1.0,81,1.0438481419175636,1.0508647323810545,0.3231129883238189,0.5,1.7828850917918175,81,15.775209203739808,14.266893411404308,5.924946856097834,7.3794237663087525,32.073234641347064,81,18.455460962720963,18.455460962720963,0.0,18.455460962720963,18.455460962720963,81,cases/granite_sparse.yaml,granite_sparse,good_to_medium,sparse,mixed,moderate
granite_sparse,43,20,20.5,17.874843328617047,16.948574742058906,21.93690889318088,21.936908893180878,15.289137955164039,18.75,0.8553438860460736,-2.585705373453008,-0.06785924458647252,0.8547238852702927,-3.186908893180881,16,100.0,100.0,100.0,100.0,100.0,0.0,0,100.0,0.0,100.0,0,0.25,P32_derived_Jv_proxy,100.0,100.0,0.0,0.0,0.0,0.0,0.0,0.0,0.0,0.0,16,0,0,16,1.0,0.0,78.53981633974483,7.0,0.20371832715762603,0.0,0.0,0.0,0.20371832715762603,0.42699756571425285,0.0,0.42699756571425285,1,1,1,1,1,1,100.0,100.0,0.0,100.0,100.0,81,4.0,4.0,0.0,4.0,4.0,81,1.5942130730726545,1.5942130730726545,0.28857696426457713,1.0732696322063318,2.0002066665893046,81,1.81681598902047,1.81681598902047,0.34039081459192433,1.3093022447090648,2.6369531340772046,81,0.7779195492674149,0.7792094108697226,0.10401566941795344,0.5525150982087609,1.0,81,1.0283543124605499,1.0457797336449728,0.25305032988175064,0.5,1.525670655885865,81,17.874843328617047,16.948574742058906,6.035406733441825,8.96867499340269,37.9343111212239,81,21.93690889318088,21.936908893180878,3.552713678800501e-15,21.936908893180878,21.936908893180878,81,cases/granite_sparse.yaml,granite_sparse,good_to_medium,sparse,mixed,moderate
granite_sparse,43,30,30.5,18.84536579671707,18.391204513641938,20.746896225924615,20.746896225924615,15.042648941890103,17.44198698789436,0.7982147496712739,-3.802716854826965,-0.0978802514434256,0.8407034381412409,-3.3049092380302554,11,100.0,100.0,100.0,99.96424401885174,99.68282947904477,0.42857142857142855,3,100.0,0.2,99.98026467728904,2,0.25,P32_derived_Jv_proxy,100.0,100.0,-0.035755981148255955,-0.31717052095523,-0.035755981148255955,-0.31717052095523,0.035755981148255955,0.31717052095523,0.035755981148255955,0.31717052095523,11,3,3,8,0.7272727272727273,0.2727272727272727,78.53981633974483,7.0,0.1400563499208679,0.42857142857142855,0.42857142857142855,0.03819718634205488,0.10185916357881301,0.37931963896261955,0.28826059946729343,0.09105903949532612,0,1,1,1,1,1,100.0,100.0,0.0,100.0,100.0,81,4.0,4.0,0.0,4.0,4.0,81,1.533673281403643,1.533673281403643,0.3510499341325876,0.9078021392295588,2.357199469630652,81,1.8480755683917878,1.8480755683917878,0.28889372364945437,1.4329540216151573,2.3205571849885875,81,0.8041682561944393,0.8144260509696161,0.09695893638668682,0.5622243506084872,1.0,81,0.9413077924833457,0.9200045478104086,0.24226814047056236,0.5,1.542426758971279,81,18.84536579671707,18.391204513641938,5.043723344212875,11.014094329774736,31.16270684882128,81,20.746896225924615,20.746896225924615,0.0,20.746896225924615,20.746896225924615,81,cases/granite_sparse.yaml,granite_sparse,good_to_medium,sparse,mixed,moderate
granite_sparse,43,40,40.5,16.54821200156347,15.283118207485675,18.86562280467116,18.865622804671162,18.160776663577046,18.75,1.0974464589806572,1.6125646620135754,0.04038334154608858,0.9938712436971585,-0.11562280467115826,17,100.0,100.0,100.0,100.0,100.0,0.0,0,100.0,0.1,99.99503320866597,1,0.25,P32_derived_Jv_proxy,100.0,100.0,0.0,0.0,0.0,0.0,0.0,0.0,0.0,0.0,17,0,0,17,1.0,0.0,78.53981633974483,7.0,0.21645072260497766,0.0,0.0,0.0,0.21645072260497766,0.5035146974081877,0.0,0.5035146974081877,1,1,1,1,1,1,100.0,100.0,0.0,100.0,100.0,81,4.0,4.0,0.0,4.0,4.0,81,1.5197307484391414,1.5197307484391414,0.31298625062923746,1.0031116661272583,1.9981715783234038,81,2.013888918714697,2.013888918714697,0.3478916883030468,1.23113447116047,2.4863269428779153,81,0.8212137045184241,0.8103209676572208,0.09453284979587645,0.5624051435040069,1.0,81,1.039693594951147,1.0296064113542802,0.3119081093139165,0.5,1.6864390077401887,81,16.54821200156347,15.283118207485675,5.997740631435389,6.542847804563813,36.26774517572418,81,18.86562280467116,18.865622804671162,3.552713678800501e-15,18.865622804671162,18.865622804671162,81,cases/granite_sparse.yaml,granite_sparse,good_to_medium,sparse,mixed,moderate
granite_sparse,43,50,50.5,17.385384672340123,15.947025592973198,19.154119176681682,19.15411917668168,11.818464843744412,18.039537088262968,0.6797931174078308,-5.5669198285957116,-0.1676232367622732,0.9418097967263558,-1.1145820884187145,13,100.0,100.0,100.0,100.0,99.93315942627937,0.14285714285714285,1,100.0,0.0,100.0,0,0.25,P32_derived_Jv_proxy,100.0,100.0,0.0,-0.06684057372062568,0.0,-0.06684057372062568,0.0,0.06684057372062568,0.0,0.06684057372062568,13,1,0,13,1.0,0.0,78.53981633974483,7.0,0.16552114081557115,0.14285714285714285,0.14285714285714285,0.0,0.16552114081557115,0.33036720862134117,0.24437946174580172,0.08598774687553945,0,1,1,1,1,1,100.0,100.0,0.0,100.0,100.0,81,4.0,4.0,0.0,4.0,4.0,81,1.4342785138742078,1.4342785138742078,0.3040132880944342,1.0248510461023665,2.2100963626821364,81,1.8720235849063551,1.8720235849063551,0.45887983138802557,1.095150562906734,2.552111860726928,81,0.8051613844720689,0.7960782226200256,0.1060132896310704,0.5904212735944454,1.0,81,0.9806098738886923,0.9504404521207237,0.2829555166867192,0.5,1.6995552875297946,81,17.385384672340123,15.947025592973198,6.640679965079101,9.128311008889565,38.166658829474876,81,19.154119176681682,19.15411917668168,3.552713678800501e-15,19.15411917668168,19.15411917668168,81,cases/granite_sparse.yaml,granite_sparse,good_to_medium,sparse,mixed,moderate
granite_sparse,43,60,60.5,16.07764228971179,14.826724319965908,17.997954439726133,17.997954439726133,24.601882338497568,22.81490339068306,1.530192169671576,8.524240048785778,0.1847459752536582,1.2676386901127317,4.816948950956927,24,100.0,100.0,100.0,100.0,99.79947827883811,0.42857142857142855,3,100.0,0.3,99.95588995549635,3,0.25,P32_derived_Jv_proxy,100.0,100.0,0.0,-0.20052172116189126,0.0,-0.20052172116189126,0.0,0.20052172116189126,0.0,0.20052172116189126,24,3,2,22,0.9166666666666666,0.08333333333333333,78.53981633974483,7.0,0.30557749073643903,0.42857142857142855,0.42857142857142855,0.025464790894703253,0.2801126998417358,0.380669983806342,0.3012201544225124,0.0794498293838296,0,0,1,0,1,1,100.0,100.0,0.0,100.0,100.0,81,4.0,4.0,0.0,4.0,4.0,81,1.4069042613982383,1.4069042613982383,0.22922059262421604,1.0252837080972435,1.9114049952573853,81,1.9542557823860767,1.9542557823860767,0.48949501816107654,0.8406149634362488,2.828643444860332,81,0.7921876350666046,0.788707062658949,0.0841171521556752,0.5897703572237968,1.0,81,0.9686067130123986,0.9176043750931344,0.2849335024448595,0.5,1.7716145996211208,81,16.07764228971179,14.826724319965908,5.232332708650472,7.52784948056691,31.345330659361387,81,17.997954439726133,17.997954439726133,0.0,17.997954439726133,17.997954439726133,81,cases/granite_sparse.yaml,granite_sparse,good_to_medium,sparse,mixed,moderate
granite_sparse,43,70,70.5,17.6816144121705,16.1597655359468,19.136017376136532,19.136017376136536,14.158605109591251,17.56676296318206,0.8007529617796487,-3.523009302579249,-0.09650144631736657,0.9179947226160339,-1.5692544129544714,17,100.0,100.0,100.0,100.0,99.68282947904477,0.42857142857142855,3,100.0,0.2,99.98026467728904,2,0.25,P32_derived_Jv_proxy,100.0,100.0,0.0,-0.31717052095523,0.0,-0.31717052095523,0.0,0.31717052095523,0.0,0.31717052095523,17,3,2,15,0.8823529411764706,0.11764705882352941,78.53981633974483,7.0,0.21645072260497766,0.42857142857142855,0.42857142857142855,0.025464790894703253,0.1909859317102744,0.36438687728430763,0.32195495374726846,0.04243192353703917,1,1,1,1,1,1,100.0,100.0,0.0,100.0,100.0,81,4.0,4.0,0.0,4.0,4.0,81,1.4924738231944525,1.4924738231944525,0.24852237149714554,1.034915348926053,1.9761238759827975,81,1.9498229358001546,1.9498229358001546,0.5862378853372318,0.8406149634362488,2.8751891431039436,81,0.821639142022217,0.8203952367382287,0.08161854996409543,0.6409272034825164,1.0,81,0.9715214717592067,0.9598117094899175,0.2713572503655,0.5,1.5982698200873018,81,17.6816144121705,16.1597655359468,6.157809744961995,8.848171836023912,37.880702225180585,81,19.136017376136532,19.136017376136536,3.552713678800501e-15,19.136017376136536,19.136017376136536,81,cases/granite_sparse.yaml,granite_sparse,good_to_medium,sparse,mixed,moderate
granite_sparse,43,80,80.5,14.798015713430388,14.001984275907175,17.692251171368984,17.692251171368987,14.69744523689434,19.292781238027477,0.993203786339761,-0.10057047653604734,-0.0029616334757793794,1.090465031903266,1.600530066658493,15,100.0,100.0,100.0,100.0,99.86631885255873,0.2857142857142857,2,100.0,0.0,100.0,0,0.25,P32_derived_Jv_proxy,100.0,100.0,0.0,-0.13368114744126558,0.0,-0.13368114744126558,0.0,0.13368114744126558,0.0,0.13368114744126558,15,2,0,15,1.0,0.0,78.53981633974483,7.0,0.1909859317102744,0.2857142857142857,0.2857142857142857,0.0,0.1909859317102744,0.4008798768510794,0.30160015997043665,0.09927971688064274,1,1,1,1,1,1,100.0,100.0,0.0,100.0,100.0,81,4.0,4.0,0.0,4.0,4.0,81,1.4413378985679084,1.4413378985679084,0.2358374658588256,1.068377068640955,1.827496805870172,81,2.0366796240441074,2.0366796240441074,0.4907149364522998,1.0703343530970764,2.635201719918608,81,0.7882217612787384,0.7989123157448944,0.10410397492152428,0.5743403119666013,0.9804388142901096,81,1.0303202142754548,1.0055237973194058,0.29940702515844464,0.5,1.9305360718577538,81,14.798015713430388,14.001984275907175,5.181863733562066,7.360343095002458,33.817788954041205,81,17.692251171368984,17.692251171368987,3.552713678800501e-15,17.692251171368987,17.692251171368987,81,cases/granite_sparse.yaml,granite_sparse,good_to_medium,sparse,mixed,moderate
granite_sparse,44,10,10.5,14.619403929324431,13.776108840608044,17.28819675161333,17.288196751613334,15.274470259250005,18.75,1.044808005380548,0.6550663299255746,0.019036491533676925,1.0845549868149351,1.4618032483866692,15,100.0,100.0,100.0,100.0,100.0,0.0,0,100.0,0.2,99.98026467728904,2,0.25,P32_derived_Jv_proxy,100.0,100.0,0.0,0.0,0.0,0.0,0.0,0.0,0.0,0.0,15,0,0,15,1.0,0.0,78.53981633974483,7.0,0.1909859317102744,0.0,0.0,0.0,0.1909859317102744,0.39714921571587836,0.0,0.39714921571587836,1,1,1,1,1,1,100.0,100.0,0.0,100.0,100.0,81,4.0,4.0,0.0,4.0,4.0,81,1.4843969436261477,1.4843969436261477,0.24885464138821217,1.047798722937037,1.9458367610617806,81,2.1465468101634486,2.1465468101634486,0.4176680006663203,1.454292237865668,3.0076978931812537,81,0.8019218153839792,0.8138158416446175,0.09484961835015239,0.6027499718408068,1.0,81,1.0268927339001495,1.020030751678388,0.26052141440214915,0.5,1.623845060872137,81,14.619403929324431,13.776108840608044,4.953012451467937,6.757120203197162,29.55880781047268,81,17.28819675161333,17.288196751613334,3.552713678800501e-15,17.288196751613334,17.288196751613334,81,cases/granite_sparse.yaml,granite_sparse,good_to_medium,sparse,mixed,moderate
granite_sparse,44,20,20.5,14.470922863597423,13.600517291954278,16.663337961328494,16.66333796132849,17.146876649320937,18.75,1.1849193593903438,2.6759537857235145,0.07368879510267878,1.1252247324944218,2.0866620386715056,23,100.0,100.0,100.0,100.0,100.0,0.0,0,100.0,0.3,99.95588995549635,3,0.25,P32_derived_Jv_proxy,100.0,100.0,0.0,0.0,0.0,0.0,0.0,0.0,0.0,0.0,23,0,0,23,1.0,0.0,78.53981633974483,7.0,0.2928450952890874,0.0,0.0,0.0,0.2928450952890874,0.39603853700212777,0.0,0.39603853700212777,1,1,1,1,1,1,100.0,100.0,0.0,100.0,100.0,81,4.0,4.0,0.0,4.0,4.0,81,1.489190036885229,1.489190036885229,0.2445276841818931,1.0685202581184883,1.9716363162377308,81,2.234231281183387,2.234231281183387,0.5703401431330287,0.9705440875955067,3.8444838586455594,81,0.7926042906262378,0.7976252274649569,0.10425846163476121,0.5764582731527997,1.0,81,1.0009358353484568,0.9539375018243822,0.30665608675251504,0.5,1.9169707032654026,81,14.470922863597423,13.600517291954278,4.794588651069464,5.444327110194589,30.4260564980142,81,16.663337961328494,16.66333796132849,3.552713678800501e-15,16.66333796132849,16.66333796132849,81,cases/granite_sparse.yaml,granite_sparse,good_to_medium,sparse,mixed,moderate
granite_sparse,44,30,30.5,20.735610813422067,18.671652104194195,22.384808793116807,22.38480879311681,19.48816141586453,20.214342455625278,0.9398402386704678,-1.2474493975575385,-0.026945964869102168,0.9030384240691421,-2.170466337491529,14,100.0,100.0,100.0,99.19959809749278,99.86631885255873,0.2857142857142857,2,100.0,0.1,99.99503320866597,1,0.25,P32_derived_Jv_proxy,100.0,100.0,-0.8004019025072182,-0.13368114744126558,-0.8004019025072182,-0.13368114744126558,0.8004019025072182,0.13368114744126558,0.8004019025072182,0.13368114744126558,14,2,0,14,1.0,0.0,78.53981633974483,7.0,0.17825353626292278,0.2857142857142857,0.2857142857142857,0.0,0.17825353626292278,0.31095984333587157,0.26714226138986497,0.0438175819460066,1,1,1,1,1,1,100.0,100.0,0.0,100.0,100.0,81,4.0,4.0,0.0,4.0,4.0,81,1.6055055425919824,1.6055055425919824,0.31469296375129974,0.9810948161409003,2.004019376700715,81,1.7930748900183429,1.7930748900183429,0.4657072439847597,1.2364607817043,2.73055200922241,81,0.7956167862063868,0.8009992977554642,0.09185406114537087,0.5710365993698773,1.0,81,0.9480729027409732,0.96018036513672,0.28992481050192753,0.5,1.6458730853860284,81,20.735610813422067,18.671652104194195,7.074074567726245,10.680849310659717,37.47876004990219,81,22.384808793116807,22.38480879311681,3.552713678800501e-15,22.38480879311681,22.38480879311681,81,cases/granite_sparse.yaml,granite_sparse,good_to_medium,sparse,mixed,moderate
granite_sparse,44,40,40.5,13.9693026267067,12.84451109227526,17.344168939307345,17.344168939307348,23.822624661460193,22.823849228497473,1.7053553278970262,9.853322034753493,0.2318148823707955,1.3159378986889045,5.479680289190128,22,100.0,100.0,100.0,100.0,99.86631885255873,0.2857142857142857,2,100.0,0.1,99.99503320866597,1,0.25,P32_derived_Jv_proxy,100.0,100.0,0.0,-0.13368114744126558,0.0,-0.13368114744126558,0.0,0.13368114744126558,0.0,0.13368114744126558,22,2,1,21,0.9545454545454546,0.045454545454545456,78.53981633974483,7.0,0.2801126998417358,0.2857142857142857,0.2857142857142857,0.012732395447351627,0.26738030439438415,0.4008592216255916,0.10917530995891733,0.2916839116666743,0,0,1,0,1,1,100.0,100.0,0.0,100.0,100.0,81,4.0,4.0,0.0,4.0,4.0,81,1.508021915804779,1.508021915804779,0.21558873697041964,1.2352079155142843,1.9770352609015323,81,2.173672778848352,2.173672778848352,0.3729631811445522,1.3213487639436294,2.850116539899559,81,0.7819141109825277,0.7872261924736107,0.11007218480666231,0.5459817076251031,1.0,81,1.0683914209201355,1.0688220218304751,0.308429715746079,0.5,1.8192772382454212,81,13.9693026267067,12.84451109227526,5.282859080235222,6.6075033838273365,33.365045437187725,81,17.344168939307345,17.344168939307348,3.552713678800501e-15,17.344168939307348,17.344168939307348,81,cases/granite_sparse.yaml,granite_sparse,good_to_medium,sparse,mixed,moderate
granite_sparse,44,50,50.5,16.500488058494298,16.309937303535357,18.39948244190322,18.39948244190322,17.710761973023242,18.171934205701373,1.073347764638144,1.210273914528944,0.03074045616304355,0.9876329001687773,-0.22754823620184794,13,100.0,100.0,100.0,100.0,99.93315942627937,0.14285714285714285,1,100.0,0.2,99.98026467728904,2,0.25,P32_derived_Jv_proxy,100.0,100.0,0.0,-0.06684057372062568,0.0,-0.06684057372062568,0.0,0.06684057372062568,0.0,0.06684057372062568,13,1,0,13,1.0,0.0,78.53981633974483,7.0,0.16552114081557115,0.14285714285714285,0.14285714285714285,0.0,0.16552114081557115,0.38230515044014934,0.48785781148152585,-0.1055526610413765,1,1,1,1,1,1,100.0,100.0,0.0,100.0,100.0,81,4.0,4.0,0.0,4.0,4.0,81,1.4704844783824322,1.4704844783824322,0.2516619655879969,1.0827827772461602,2.1223501644145375,81,1.9979970673434975,1.9979970673434975,0.3920574615814892,1.4164894786145805,2.8821064669396264,81,0.796950083535922,0.8000829031191969,0.10243365635177933,0.5689731793404341,0.9948789404152094,81,0.9811189233089843,0.9780559887053968,0.28227813051316036,0.5,1.5754214518439624,81,16.500488058494298,16.309937303535357,5.989460190204586,6.645086628047929,34.10764971148038,81,18.39948244190322,18.39948244190322,0.0,18.39948244190322,18.39948244190322,81,cases/granite_sparse.yaml,granite_sparse,good_to_medium,sparse,mixed,moderate
granite_sparse,44,60,60.5,17.28610030172692,15.862134260105739,19.161540726089218,19.16154072608922,18.121723701520125,18.75,1.0483407700526721,0.8356233997932065,0.020502475870576076,0.9785225660101076,-0.41154072608921766,15,100.0,100.0,100.0,100.0,100.0,0.0,0,100.0,0.1,99.99503320866597,1,0.25,P32_derived_Jv_proxy,100.0,100.0,0.0,0.0,0.0,0.0,0.0,0.0,0.0,0.0,15,0,0,15,1.0,0.0,78.53981633974483,7.0,0.1909859317102744,0.0,0.0,0.0,0.1909859317102744,0.41377962806948454,0.0,0.41377962806948454,1,1,1,1,1,1,100.0,100.0,0.0,100.0,100.0,81,4.0,4.0,0.0,4.0,4.0,81,1.5352323690865672,1.5352323690865672,0.25774022430168786,1.044135469804246,1.9906477359951622,81,2.003012689627152,2.003012689627152,0.42417099801652836,1.2093355074291825,2.6308571420446323,81,0.8082960877965973,0.791513377950939,0.09470225914104023,0.5894084851840085,1.0,81,0.9744390879034227,0.9637395905353442,0.2592359924869427,0.5,1.550239651642467,81,17.28610030172692,15.862134260105739,6.0218633209251085,8.57488036820162,38.32308145217844,81,19.161540726089218,19.16154072608922,3.552713678800501e-15,19.16154072608922,19.16154072608922,81,cases/granite_sparse.yaml,granite_sparse,good_to_medium,sparse,mixed,moderate
granite_sparse,44,70,70.5,15.359005830139786,14.128719873953413,18.048539259410493,18.048539259410493,17.125629553931073,18.11920558662725,1.115022010104622,1.7666237237912874,0.047283440274438204,1.0039153488379904,0.07066632721675603,23,100.0,100.0,100.0,100.0,99.93315942627937,0.14285714285714285,1,100.0,0.1,99.99503320866597,1,0.25,P32_derived_Jv_proxy,100.0,100.0,0.0,-0.06684057372062568,0.0,-0.06684057372062568,0.0,0.06684057372062568,0.0,0.06684057372062568,23,1,1,22,0.9565217391304348,0.043478260869565216,78.53981633974483,7.0,0.2928450952890874,0.14285714285714285,0.14285714285714285,0.012732395447351627,0.2801126998417358,0.40551336828632034,0.07089479657014897,0.3346185717161714,1,1,1,1,1,1,100.0,100.0,0.0,100.0,100.0,81,4.0,4.0,0.0,4.0,4.0,81,1.4981250096733352,1.4981250096733352,0.312084883365587,0.897020382735747,1.942611029762854,81,2.0751333226208515,2.0751333226208515,0.5578684702332208,1.2635860758334778,3.096703250176871,81,0.806467414278489,0.8119519209104149,0.10023291980877076,0.48292539730768297,1.0,81,1.0315315158795177,1.0160469517703485,0.27705113913975227,0.5,1.6485630276569154,81,15.359005830139786,14.128719873953413,5.306039232382238,6.951763613275969,31.119616811665985,81,18.048539259410493,18.048539259410493,0.0,18.048539259410493,18.048539259410493,81,cases/granite_sparse.yaml,granite_sparse,good_to_medium,sparse,mixed,moderate
granite_sparse,44,80,80.5,19.300112794165194,16.406477386259336,21.708620955494403,21.7086209554944,19.22220105403615,18.9527827257542,0.9959631458655207,-0.07791174012904278,-0.0017567317001636606,0.8730532798287813,-2.7558382297402026,14,100.0,100.0,100.0,100.0,99.93315942627937,0.14285714285714285,1,100.0,0.2,99.98026467728904,2,0.25,P32_derived_Jv_proxy,100.0,100.0,0.0,-0.06684057372062568,0.0,-0.06684057372062568,0.0,0.06684057372062568,0.0,0.06684057372062568,14,1,1,13,0.9285714285714286,0.07142857142857142,78.53981633974483,7.0,0.17825353626292278,0.14285714285714285,0.14285714285714285,0.012732395447351627,0.16552114081557115,0.351103909986213,0.13302961542089775,0.21807429456531524,1,1,1,1,1,1,100.0,100.0,0.0,100.0,100.0,81,4.0,4.0,0.0,4.0,4.0,81,1.6140562082903356,1.6140562082903356,0.32386787974887044,1.0719554763033368,2.288608578851885,81,1.8587733089994158,1.8587733089994158,0.3931714232410265,1.1778148122217236,2.419826362473004,81,0.7925276088811809,0.7846327871923381,0.10392435573907845,0.4298937420596059,1.0,81,0.9978866316750348,0.9864483128072908,0.3025527133525175,0.5,1.9854061122953384,81,19.300112794165194,16.406477386259336,7.717544630120436,6.810018192288132,39.56162065762706,81,21.708620955494403,21.7086209554944,3.552713678800501e-15,21.7086209554944,21.7086209554944,81,cases/granite_sparse.yaml,granite_sparse,good_to_medium,sparse,mixed,moderate
granite_sparse,45,10,10.5,16.318446305864594,15.005841543219738,18.161382549634997,18.161382549635,17.683555997694558,18.75,1.0836543912479808,1.3651096918299643,0.03489079520390814,1.0324103877420299,0.5886174503650032,13,99.96990844009652,99.96990844009652,99.96990844009652,100.0,100.0,0.0,0,99.96990844009652,0.1,99.99503320866597,1,0.25,P32_derived_Jv_proxy,100.0,99.96990844009652,0.030091559903482334,0.030091559903482334,0.0,0.0,0.030091559903482334,0.030091559903482334,0.0,0.0,13,0,0,13,1.0,0.0,78.53981633974483,7.0,0.16552114081557115,0.0,0.0,0.0,0.16552114081557115,0.33427257841496005,0.0,0.33427257841496005,1,1,1,1,1,1,99.96990844009652,99.96990844009652,0.0,99.96990844009652,99.96990844009652,81,4.0,4.0,0.0,4.0,4.0,81,1.4837782973699278,1.4837782973699278,0.27684543027112984,0.9803795053132207,1.976148361306356,81,2.0418762190609647,2.0418762190609647,0.45425424962310174,1.323081634796916,2.9244072011541586,81,0.8060270265934809,0.8060997719780476,0.0981289942653053,0.6094251075947832,1.0,81,0.9690743200934044,0.9860881172679428,0.23514955213022293,0.5,1.4521896965602994,81,16.318446305864594,15.005841543219738,5.652557302796151,9.338754363916856,36.32276509927,81,18.161382549634997,18.161382549635,3.552713678800501e-15,18.161382549635,18.161382549635,81,cases/granite_sparse.yaml,granite_sparse,good_to_medium,sparse,mixed,moderate
granite_sparse,45,20,20.5,15.847673349552695,14.430446215946365,18.34128495549819,18.341284955498185,14.571201457079624,18.75,0.9194536722004623,-1.2764718924730705,-0.03647014833408502,1.022283882808292,0.40871504450181106,20,100.0,100.0,100.0,100.0,100.0,0.0,0,100.0,0.2,99.98026467728904,2,0.25,P32_derived_Jv_proxy,100.0,100.0,0.0,0.0,0.0,0.0,0.0,0.0,0.0,0.0,20,0,0,20,1.0,0.0,78.53981633974483,7.0,0.25464790894703254,0.0,0.0,0.0,0.25464790894703254,0.4776675406101414,0.0,0.4776675406101414,1,1,1,1,1,1,100.0,100.0,0.0,100.0,100.0,81,4.0,4.0,0.0,4.0,4.0,81,1.435987439778176,1.435987439778176,0.21936268574050907,0.8605039560186998,1.7398333072803367,81,1.95731575413383,1.95731575413383,0.561206689603656,0.9826961454031682,3.16241689646058,81,0.8059195876569065,0.8137254506699874,0.09750199308083524,0.5453001289969084,1.0,81,1.0263776499748374,1.01128190463088,0.2983743671138117,0.5,1.7066015557977483,81,15.847673349552695,14.430446215946365,5.697297821514614,6.8968186864571654,32.132864462630664,81,18.34128495549819,18.341284955498185,3.552713678800501e-15,18.341284955498185,18.341284955498185,81,cases/granite_sparse.yaml,granite_sparse,good_to_medium,sparse,mixed,moderate
granite_sparse,45,30,30.5,16.804547755912772,15.683053936930653,19.44626108352154,19.446261083521545,16.101361638001386,18.451536313012237,0.9581550108860284,-0.7031861179113861,-0.01856422481855513,0.9488475051200347,-0.9947247705093041,21,100.0,100.0,100.0,100.0,99.93315942627937,0.14285714285714285,1,100.0,0.0,100.0,0,0.25,P32_derived_Jv_proxy,100.0,100.0,0.0,-0.06684057372062568,0.0,-0.06684057372062568,0.0,0.06684057372062568,0.0,0.06684057372062568,21,1,0,21,1.0,0.0,78.53981633974483,7.0,0.26738030439438415,0.14285714285714285,0.14285714285714285,0.0,0.26738030439438415,0.4288170959163311,0.6116475248784039,-0.1828304289620728,1,1,1,1,1,1,100.0,100.0,0.0,100.0,100.0,81,4.0,4.0,0.0,4.0,4.0,81,1.4542605433999347,1.4542605433999347,0.2466833517778256,0.9288523746423668,1.8760435214257616,81,1.8695888854339358,1.8695888854339358,0.41817266528833885,1.0393732171485808,2.4910886174291798,81,0.7908354427875979,0.792088044165405,0.1050643729298537,0.49350796437265254,1.0,81,0.9944747912067878,0.9589063323497966,0.29134249139654106,0.5,1.87351623010259,81,16.804547755912772,15.683053936930653,5.442859717572746,6.490638617784418,34.57009256794987,81,19.44626108352154,19.446261083521545,3.552713678800501e-15,19.446261083521545,19.446261083521545,81,cases/granite_sparse.yaml,granite_sparse,good_to_medium,sparse,mixed,moderate
granite_sparse,45,40,40.5,14.444703057016318,14.089985664007473,17.212463660655313,17.21246366065531,15.48784122073737,17.93209970038593,1.0722159645375584,1.0431381637210517,0.030282269275178075,1.0418090085137306,0.7196360397306165,16,100.0,100.0,100.0,100.0,99.93315942627937,0.14285714285714285,1,100.0,0.1,99.99503320866597,1,0.25,P32_derived_Jv_proxy,100.0,100.0,0.0,-0.06684057372062568,0.0,-0.06684057372062568,0.0,0.06684057372062568,0.0,0.06684057372062568,16,1,0,16,1.0,0.0,78.53981633974483,7.0,0.20371832715762603,0.14285714285714285,0.14285714285714285,0.0,0.20371832715762603,0.36361962579947604,0.32901095558357596,0.034608670215900084,1,1,1,1,1,1,100.0,100.0,0.0,100.0,100.0,81,4.0,4.0,0.0,4.0,4.0,81,1.4368251556452594,1.4368251556452594,0.2555741328224014,0.890141219669438,1.9430592958094737,81,2.0868964257127107,2.0868964257127107,0.3466113432032055,1.3250506820028716,2.6475022150683873,81,0.7980556662498804,0.8048286824789156,0.08837937275988537,0.5793810201562046,1.0,81,1.02545014036247,0.9982230999857405,0.27418813598053193,0.5,1.7355619195179905,81,14.444703057016318,14.089985664007473,4.631485927914825,6.959698858296797,31.65718733996157,81,17.212463660655313,17.21246366065531,3.552713678800501e-15,17.21246366065531,17.21246366065531,81,cases/granite_sparse.yaml,granite_sparse,good_to_medium,sparse,mixed,moderate
granite_sparse,45,50,50.5,18.514562842483286,17.33617438205984,21.586560677433443,21.58656067743344,14.607979265016395,20.40382028637054,0.7889994157192363,-3.9065835774668916,-0.10292331840021918,0.9452094102095968,-1.1827403910629037,20,100.0,100.0,100.0,99.24004460030775,99.86631885255873,0.2857142857142857,2,100.0,0.0,100.0,0,0.25,P32_derived_Jv_proxy,100.0,100.0,-0.7599553996922452,-0.13368114744126558,-0.7599553996922452,-0.13368114744126558,0.7599553996922452,0.13368114744126558,0.7599553996922452,0.13368114744126558,20,2,1,19,0.95,0.05,78.53981633974483,7.0,0.25464790894703254,0.2857142857142857,0.2857142857142857,0.012732395447351627,0.2419155134996809,0.2960307739900956,0.19823958028267086,0.09779119370742473,0,1,1,1,1,1,100.0,100.0,0.0,100.0,100.0,81,4.0,4.0,0.0,4.0,4.0,81,1.5623551383521415,1.5623551383521415,0.28735588034616205,1.0741987831439939,2.039337651520838,81,1.8094072067550637,1.8094072067550637,0.4395219036998002,0.9876982072517633,2.601021755796939,81,0.8012127382367588,0.8098271675870993,0.09117407903712385,0.5847014180299401,1.0,81,1.019414050630217,1.012616248173167,0.2886762777256382,0.5,1.8167993444256842,81,18.514562842483286,17.33617438205984,6.241878337632005,9.171894359816832,38.49963231164197,81,21.586560677433443,21.58656067743344,3.552713678800501e-15,21.58656067743344,21.58656067743344,81,cases/granite_sparse.yaml,granite_sparse,good_to_medium,sparse,mixed,moderate
granite_sparse,45,60,60.5,17.36686154495751,15.717239964917585,19.950450810221934,19.950450810221934,25.14867485680355,22.630123655322542,1.448084030134132,7.78181331184604,0.16079376404669854,1.1343164057088693,2.679672845100608,17,100.0,100.0,100.0,100.0,99.93315942627937,0.14285714285714285,1,100.0,0.1,99.99503320866597,1,0.25,P32_derived_Jv_proxy,100.0,100.0,0.0,-0.06684057372062568,0.0,-0.06684057372062568,0.0,0.06684057372062568,0.0,0.06684057372062568,17,1,0,17,1.0,0.0,78.53981633974483,7.0,0.21645072260497766,0.14285714285714285,0.14285714285714285,0.0,0.21645072260497766,0.4304300952387402,0.15001590852764235,0.28041418671109786,0,1,1,1,1,1,100.0,100.0,0.0,100.0,100.0,81,4.0,4.0,0.0,4.0,4.0,81,1.5163660285554255,1.5163660285554255,0.3419958460284227,0.8432438168652209,2.119603024702792,81,1.9001651177958483,1.9001651177958483,0.5124930457443562,0.7874315972892443,2.8438891752052626,81,0.8029253311314399,0.8042359229241599,0.10626158553941549,0.4225862346985866,1.0,81,1.0107282763038845,1.034360213404987,0.29056271041244996,0.5,1.6279070758444838,81,17.36686154495751,15.717239964917585,5.949791810372692,8.621405442478057,35.25462835670159,81,19.950450810221934,19.950450810221934,0.0,19.950450810221934,19.950450810221934,81,cases/granite_sparse.yaml,granite_sparse,good_to_medium,sparse,mixed,moderate
granite_sparse,45,70,70.5,16.41938926411034,15.037704657072913,18.600851117305545,18.60085111730554,18.943604202831033,17.906388296661124,1.153733789857711,2.524214938720693,0.06210561217065047,0.9626649976248496,-0.6944628206444214,19,100.0,100.0,100.0,98.79919256752021,99.73263770511745,0.5714285714285714,4,100.0,0.3,99.95588995549635,3,0.25,P32_derived_Jv_proxy,100.0,100.0,-1.2008074324797917,-0.26736229488254537,-1.2008074324797917,-0.26736229488254537,1.2008074324797917,0.26736229488254537,1.2008074324797917,0.26736229488254537,19,4,1,18,0.9473684210526315,0.05263157894736842,78.53981633974483,7.0,0.2419155134996809,0.5714285714285714,0.5714285714285714,0.012732395447351627,0.22918311805232927,0.3600559064425828,0.2190173279465888,0.141038578495994,1,1,1,1,1,1,100.0,100.0,0.0,100.0,100.0,81,4.0,4.0,0.0,4.0,4.0,81,1.6033288639604226,1.6033288639604226,0.2760043705683372,1.0145481600434907,2.1447845361477444,81,2.154913307258216,2.154913307258216,0.31673756692357713,1.5700913408630355,2.8624721411401994,81,0.7887138922376852,0.7892155986468893,0.08964824332112947,0.5842022247712462,0.9729645670902034,81,0.9861262284072244,1.0064117337161205,0.28744346021374323,0.5,1.8309649498877223,81,16.41938926411034,15.037704657072913,6.072899546722901,7.225966453687883,33.60243479197295,81,18.600851117305545,18.60085111730554,3.552713678800501e-15,18.60085111730554,18.60085111730554,81,cases/granite_sparse.yaml,granite_sparse,good_to_medium,sparse,mixed,moderate
granite_sparse,45,80,80.5,16.781638301886865,16.24631980561083,19.429660132933577,19.429660132933577,19.54120618641949,20.33105114382915,1.1644397188695426,2.7595678845326255,0.06611701074107268,1.0463925258974398,0.9013910108955727,23,100.0,100.0,100.0,100.0,99.93315942627937,0.14285714285714285,1,100.0,0.4,99.92210167184162,4,0.25,P32_derived_Jv_proxy,100.0,100.0,0.0,-0.06684057372062568,0.0,-0.06684057372062568,0.0,0.06684057372062568,0.0,0.06684057372062568,23,1,1,22,0.9565217391304348,0.043478260869565216,78.53981633974483,7.0,0.2928450952890874,0.14285714285714285,0.14285714285714285,0.012732395447351627,0.2801126998417358,0.41175113738139313,0.35378586258664135,0.057965274794751775,1,1,1,1,1,1,100.0,100.0,0.0,100.0,100.0,81,4.0,4.0,0.0,4.0,4.0,81,1.4549697727649735,1.4549697727649735,0.2847861043761973,0.8702673186889287,2.0836403593302872,81,1.8720988463132933,1.8720988463132933,0.5704555364082566,0.8394051239076159,3.0118206608388935,81,0.7991908657177667,0.8017910978610264,0.09011572875482018,0.5553439965846448,0.9724056862387129,81,0.9902659152233316,0.9531798228796081,0.264592291677036,0.5,1.8746699564544593,81,16.781638301886865,16.24631980561083,4.846280836668168,8.46147546379314,32.15364355938005,81,19.429660132933577,19.429660132933577,0.0,19.429660132933577,19.429660132933577,81,cases/granite_sparse.yaml,granite_sparse,good_to_medium,sparse,mixed,moderate
granite_sparse,46,10,10.5,15.223189563767574,13.991508548072094,17.164458904778545,17.164458904778545,16.04681851246092,17.960884778762598,1.0541035730549957,0.8236289486933455,0.022883285446097856,1.046399707581946,0.7964258739840524,23,99.0226462892841,99.0226462892841,99.0226462892841,99.5679301299184,99.68282947904477,0.42857142857142855,3,99.0226462892841,0.2,99.98026467728904,2,0.25,P32_derived_Jv_proxy,100.0,99.0226462892841,0.5452838406342977,0.6601831897606729,-0.43206987008160525,-0.31717052095523,0.5452838406342977,0.6601831897606729,0.43206987008160525,0.31717052095523,23,3,1,22,0.9565217391304348,0.043478260869565216,78.53981633974483,7.0,0.2928450952890874,0.42857142857142855,0.42857142857142855,0.012732395447351627,0.2801126998417358,0.3646422198919198,0.2725897238703391,0.09205249602158072,1,1,1,1,1,1,99.0226462892841,99.0226462892841,0.0,99.0226462892841,99.0226462892841,81,4.0,4.0,0.0,4.0,4.0,81,1.4017111157584912,1.4017111157584912,0.2941417835017261,0.5687469055081946,1.895221303796797,81,2.0216358812346384,2.0216358812346384,0.5860394454685475,0.766644964940659,2.9805831203697712,81,0.8038887247741698,0.8052836183359674,0.09326406989458003,0.5526421459574864,0.9868796435660293,81,0.9904978810249957,0.9888418379729597,0.2726169822972747,0.5,1.6033001160395262,81,15.223189563767574,13.991508548072094,5.215073240371119,7.844360089802459,27.75668095802668,81,17.164458904778545,17.164458904778545,0.0,17.164458904778545,17.164458904778545,81,cases/granite_sparse.yaml,granite_sparse,good_to_medium,sparse,mixed,moderate
granite_sparse,46,20,20.5,18.20923969857994,16.569255540171245,20.84187855706949,20.84187855706949,18.030683633255045,18.306483092307115,0.9901942053440694,-0.17855606532489432,-0.004279619505705101,0.8783509145867096,-2.5353954647623738,15,100.0,100.0,100.0,98.84706438066178,99.86631885255873,0.2857142857142857,2,100.0,0.1,99.99503320866597,1,0.25,P32_derived_Jv_proxy,100.0,100.0,-1.1529356193382228,-0.13368114744126558,-1.1529356193382228,-0.13368114744126558,1.1529356193382228,0.13368114744126558,1.1529356193382228,0.13368114744126558,15,2,0,15,1.0,0.0,78.53981633974483,7.0,0.1909859317102744,0.2857142857142857,0.2857142857142857,0.0,0.1909859317102744,0.3932923359101689,0.4502273678219201,-0.0569350319117512,1,1,1,1,1,1,100.0,100.0,0.0,100.0,100.0,81,4.0,4.0,0.0,4.0,4.0,81,1.554835073417796,1.554835073417796,0.3414210685385103,0.956144590711321,2.2968601039943963,81,1.8650371044533336,1.8650371044533336,0.40129058954707564,0.7913382485862859,2.4283103826151184,81,0.8087695502334036,0.8029047295225257,0.08617360811198777,0.5981627773466084,1.0,81,1.011191035743194,1.0183557388348117,0.2691877677920203,0.5,1.5640752255381538,81,18.20923969857994,16.569255540171245,6.380763502810104,8.965820751556373,37.46844647078048,81,20.84187855706949,20.84187855706949,0.0,20.84187855706949,20.84187855706949,81,cases/granite_sparse.yaml,granite_sparse,good_to_medium,sparse,mixed,moderate
granite_sparse,46,30,30.5,16.944352135206117,15.501409312930614,20.136332139497938,20.136332139497938,16.715736979175936,18.75,0.9865078845029916,-0.22861515603018034,-0.0058994393702713754,0.9311526980239558,-1.386332139497938,16,100.0,100.0,100.0,100.0,100.0,0.0,0,100.0,0.0,100.0,0,0.25,P32_derived_Jv_proxy,100.0,100.0,0.0,0.0,0.0,0.0,0.0,0.0,0.0,0.0,16,0,0,16,1.0,0.0,78.53981633974483,7.0,0.20371832715762603,0.0,0.0,0.0,0.20371832715762603,0.2976833752919248,0.0,0.2976833752919248,1,1,1,1,1,1,100.0,100.0,0.0,100.0,100.0,81,4.0,4.0,0.0,4.0,4.0,81,1.5199166348820756,1.5199166348820756,0.3114343098283606,0.7919680364797939,2.0010072920677215,81,1.887032633789249,1.887032633789249,0.33313062433349966,1.3270551380504112,2.6865282017139154,81,0.7800158918433447,0.791890722205356,0.08803516757297734,0.5717943937834866,1.0,81,1.0219497284457337,0.9774296978570125,0.30847397153423206,0.5,1.914428715240052,81,16.944352135206117,15.501409312930614,6.02864324348211,7.662690875948534,39.336797786481036,81,20.136332139497938,20.136332139497938,0.0,20.136332139497938,20.136332139497938,81,cases/granite_sparse.yaml,granite_sparse,good_to_medium,sparse,mixed,moderate
granite_sparse,46,40,40.5,15.25216325431971,14.354120373549364,17.032136511651025,17.03213651165102,15.319764763786432,18.41364478143253,1.0044322571388407,0.06760150946672283,0.001920651544318197,1.081111859856012,1.3815082697815058,19,100.0,100.0,100.0,100.0,99.7496700527654,0.2857142857142857,2,100.0,0.3,99.95588995549635,3,0.25,P32_derived_Jv_proxy,100.0,100.0,0.0,-0.25032994723460433,0.0,-0.25032994723460433,0.0,0.25032994723460433,0.0,0.25032994723460433,19,2,2,17,0.8947368421052632,0.10526315789473684,78.53981633974483,7.0,0.2419155134996809,0.2857142857142857,0.2857142857142857,0.025464790894703253,0.21645072260497766,0.4155429684125975,0.38861198362009297,0.026930984792504553,1,1,1,1,1,1,100.0,100.0,0.0,100.0,100.0,81,4.0,4.0,0.0,4.0,4.0,81,1.4321331783694329,1.4321331783694329,0.3115680848828942,0.8406727326677438,2.0205781073487525,81,2.1021044209423847,2.1021044209423847,0.3412854160211484,1.2097839427153978,2.7041769672055818,81,0.7918976228246617,0.7849144313646687,0.09819728648385748,0.5745079920732349,1.0,81,0.9630660207461456,0.9697475098775562,0.2607866047277147,0.5,1.6192382087571746,81,15.25216325431971,14.354120373549364,5.193889155234795,7.862805966736692,29.61168125798081,81,17.032136511651025,17.03213651165102,3.552713678800501e-15,17.03213651165102,17.03213651165102,81,cases/granite_sparse.yaml,granite_sparse,good_to_medium,sparse,mixed,moderate
granite_sparse,46,50,50.5,17.52892665985141,16.735242456961274,20.9202674913763,20.920267491376297,15.611027671699992,17.499567609434738,0.8905866271581698,-1.9178989881514195,-0.0503238304208502,0.8364887120419644,-3.4206998819415624,23,100.0,100.0,100.0,100.0,99.79947827883811,0.42857142857142855,3,100.0,0.3,99.95588995549635,3,0.25,P32_derived_Jv_proxy,100.0,100.0,0.0,-0.20052172116189126,0.0,-0.20052172116189126,0.0,0.20052172116189126,0.0,0.20052172116189126,23,3,0,23,1.0,0.0,78.53981633974483,7.0,0.2928450952890874,0.42857142857142855,0.42857142857142855,0.0,0.2928450952890874,0.3989135939086831,0.5626278537411535,-0.16371425983247045,1,1,1,1,1,1,100.0,100.0,0.0,100.0,100.0,81,4.0,4.0,0.0,4.0,4.0,81,1.6010891001422316,1.6010891001422316,0.3393078738235128,0.7990271742884546,2.1647293619023436,81,1.9133229305053447,1.9133229305053447,0.43640000661345907,1.3263523788067224,2.8815140908608567,81,0.7951165162978675,0.7862781796205821,0.10408543729640782,0.5175855933623318,1.0,81,1.0215992832998593,1.0142125739765817,0.26320936718732524,0.5,1.5722320277783246,81,17.52892665985141,16.735242456961274,5.446354460002655,8.944109565463771,32.67645399303623,81,20.9202674913763,20.920267491376297,3.552713678800501e-15,20.920267491376297,20.920267491376297,81,cases/granite_sparse.yaml,granite_sparse,good_to_medium,sparse,mixed,moderate
granite_sparse,46,60,60.5,16.58647377217726,14.82511318770465,19.694700549729387,19.694700549729387,15.409297765018023,18.75,0.9290279523346382,-1.1771760071592379,-0.03197121887819643,0.9520327538190284,-0.9447005497293866,17,100.0,100.0,100.0,100.0,100.0,0.0,0,100.0,0.3,99.95588995549635,3,0.25,P32_derived_Jv_proxy,100.0,100.0,0.0,0.0,0.0,0.0,0.0,0.0,0.0,0.0,17,0,0,17,1.0,0.0,78.53981633974483,7.0,0.21645072260497766,0.0,0.0,0.0,0.21645072260497766,0.45054116690773094,0.0,0.45054116690773094,1,1,1,1,1,1,100.0,100.0,0.0,100.0,100.0,81,4.0,4.0,0.0,4.0,4.0,81,1.480763045480754,1.480763045480754,0.27126591366448227,0.8318024746035056,2.0185257375149317,81,1.8796465599233245,1.8796465599233245,0.6518918888640141,0.75,3.1799153721736233,81,0.7957570376926351,0.802935152889684,0.1033861917044928,0.5654754441669947,1.0,81,1.0408239444103646,1.0459493450807615,0.2914762145419057,0.5,1.647019783977109,81,16.58647377217726,14.82511318770465,6.154321150090297,8.014326446201755,34.33950650301857,81,19.694700549729387,19.694700549729387,0.0,19.694700549729387,19.694700549729387,81,cases/granite_sparse.yaml,granite_sparse,good_to_medium,sparse,mixed,moderate
granite_sparse,46,70,70.5,15.51996470172028,13.91094439876135,17.51296079092686,17.512960790926865,16.46567588170326,19.217322788258933,1.0609351372995168,0.9457111799829789,0.025688833124726473,1.0973200372957534,1.7043619973320716,17,100.0,100.0,100.0,98.69266389089113,99.86631885255873,0.2857142857142857,2,100.0,0.2,99.98026467728904,2,0.25,P32_derived_Jv_proxy,100.0,100.0,-1.3073361091088742,-0.13368114744126558,-1.3073361091088742,-0.13368114744126558,1.3073361091088742,0.13368114744126558,1.3073361091088742,0.13368114744126558,17,2,2,15,0.8823529411764706,0.11764705882352941,78.53981633974483,7.0,0.21645072260497766,0.2857142857142857,0.2857142857142857,0.025464790894703253,0.1909859317102744,0.47416938588735935,0.4383878821108558,0.035781503776503576,1,1,1,1,1,1,100.0,100.0,0.0,100.0,100.0,81,4.0,4.0,0.0,4.0,4.0,81,1.3066811955698716,1.3066811955698716,0.338072890848799,0.7518952396913307,2.0279374370760457,81,1.8653059456497476,1.8653059456497476,0.3740206361109489,1.2750526372592565,2.6740809717152683,81,0.8000907603125308,0.8063975937763108,0.10318413823005129,0.5888109468335544,1.0,81,0.9991560793918962,1.0087301645870042,0.2936155999178232,0.5,1.6276252409054266,81,15.51996470172028,13.91094439876135,5.752805946225244,8.206208136877436,35.02592158185373,81,17.51296079092686,17.512960790926865,3.552713678800501e-15,17.512960790926865,17.512960790926865,81,cases/granite_sparse.yaml,granite_sparse,good_to_medium,sparse,mixed,moderate
granite_sparse,46,80,80.5,15.549008179672846,14.112173711612394,17.99021085326768,17.99021085326768,18.964159267854605,18.75,1.2196378732790412,3.4151510881817586,0.08623090200091532,1.0422334764683603,0.7597891467323201,17,100.0,100.0,100.0,100.0,100.0,0.0,0,100.0,0.0,100.0,0,0.25,P32_derived_Jv_proxy,100.0,100.0,0.0,0.0,0.0,0.0,0.0,0.0,0.0,0.0,17,0,0,17,1.0,0.0,78.53981633974483,7.0,0.21645072260497766,0.0,0.0,0.0,0.21645072260497766,0.4074297281409416,0.0,0.4074297281409416,1,1,1,1,1,1,100.0,100.0,0.0,100.0,100.0,81,4.0,4.0,0.0,4.0,4.0,81,1.4949847552788664,1.4949847552788664,0.270226391030162,1.0033772821399822,2.164130567084639,81,2.077497545015325,2.077497545015325,0.5120828436082938,1.3747259220207166,2.953769063657118,81,0.7783586508369653,0.778739810876117,0.10682066825708778,0.5189807029041008,1.0,81,0.9934450014940739,1.0075975264683361,0.287922604049271,0.5,1.6299028307777899,81,15.549008179672846,14.112173711612394,5.812948606181118,7.274194734917707,35.98042170653536,81,17.99021085326768,17.99021085326768,0.0,17.99021085326768,17.99021085326768,81,cases/granite_sparse.yaml,granite_sparse,good_to_medium,sparse,mixed,moderate
granite_sparse,47,10,10.5,16.9831893124115,16.346527782331766,19.007093546342094,19.007093546342094,13.74680500338644,17.637901544067084,0.8094360105460359,-3.236384309025061,-0.09181747843030941,0.9279641572270522,-1.3691920022750104,20,100.0,100.0,100.0,99.61949275591319,99.86631885255873,0.2857142857142857,2,100.0,0.2,99.98026467728904,2,0.25,P32_derived_Jv_proxy,100.0,100.0,-0.38050724408681447,-0.13368114744126558,-0.38050724408681447,-0.13368114744126558,0.38050724408681447,0.13368114744126558,0.38050724408681447,0.13368114744126558,20,2,1,19,0.95,0.05,78.53981633974483,7.0,0.25464790894703254,0.2857142857142857,0.2857142857142857,0.012732395447351627,0.2419155134996809,0.42470486627040793,0.5180588181550647,-0.09335395188465678,1,1,1,1,1,1,100.0,100.0,0.0,100.0,100.0,81,4.0,4.0,0.0,4.0,4.0,81,1.5494477730002145,1.5494477730002145,0.3514047247205809,1.0074095282938673,2.327603361855467,81,2.0379861987084356,2.0379861987084356,0.43094047329576074,1.4684641191428047,2.9430816078286215,81,0.8089080293811967,0.7949763224522894,0.09826888455299249,0.5318379943918443,1.0,81,1.0083009705827928,0.922535566224743,0.3309949397890558,0.5,1.8902504458979594,81,16.9831893124115,16.346527782331766,6.1068568139903325,7.298548812776765,36.61369237467195,81,19.007093546342094,19.007093546342094,0.0,19.007093546342094,19.007093546342094,81,cases/granite_sparse.yaml,granite_sparse,good_to_medium,sparse,mixed,moderate
granite_sparse,47,20,20.5,15.363385018017569,13.669443728855763,18.98715680083689,18.987156800836893,16.566378207801797,18.75,1.0783026128924977,1.2029931897842285,0.03274065757286038,0.9875096201435258,-0.23715680083688895,21,100.0,100.0,100.0,100.0,100.0,0.0,0,100.0,0.1,99.99503320866597,1,0.25,P32_derived_Jv_proxy,100.0,100.0,0.0,0.0,0.0,0.0,0.0,0.0,0.0,0.0,21,0,0,21,1.0,0.0,78.53981633974483,7.0,0.26738030439438415,0.0,0.0,0.0,0.26738030439438415,0.3753515207158147,0.0,0.3753515207158147,1,1,1,1,1,1,100.0,100.0,0.0,100.0,100.0,81,4.0,4.0,0.0,4.0,4.0,81,1.4620619273797406,1.4620619273797406,0.28596920069116444,0.8717736223007647,1.8685191334876985,81,1.9250669580441049,1.9250669580441049,0.43061897023034895,1.2262323097387666,2.8307755163568555,81,0.7952708205609522,0.7890438151584972,0.09100439780163969,0.5883143569511564,1.0,81,1.0718930519267948,1.0797772457288954,0.2807788641735918,0.5,1.667658798918481,81,15.363385018017569,13.669443728855763,5.368090615443767,6.698262828619038,31.163043457571995,81,18.98715680083689,18.987156800836893,3.552713678800501e-15,18.987156800836893,18.987156800836893,81,cases/granite_sparse.yaml,granite_sparse,good_to_medium,sparse,mixed,moderate
granite_sparse,47,30,30.5,16.32750974433747,14.674223511828016,18.75610662865071,18.756106628650706,13.75340757266188,16.495087128609963,0.8423456968036224,-2.574102171675589,-0.07450963842596181,0.8794515543760587,-2.261019500040746,18,99.46783792249275,99.46783792249275,99.46783792249275,100.0,99.79947827883811,0.42857142857142855,3,99.46783792249275,0.3,99.95588995549635,3,0.25,P32_derived_Jv_proxy,100.0,99.46783792249275,0.5321620775072518,0.3316403563453605,0.0,-0.20052172116189126,0.5321620775072518,0.3316403563453605,0.0,0.20052172116189126,18,3,1,17,0.9444444444444444,0.05555555555555555,78.53981633974483,7.0,0.22918311805232927,0.42857142857142855,0.42857142857142855,0.012732395447351627,0.21645072260497766,0.4076162658777246,0.38198895350705897,0.025627312370665623,1,1,1,1,1,1,99.46783792249275,99.46783792249275,0.0,99.46783792249275,99.46783792249275,81,4.0,4.0,0.0,4.0,4.0,81,1.6017814815505587,1.6017814815505587,0.2606551021461033,1.1311850831254446,2.0257922270483903,81,2.123651565175376,2.123651565175376,0.5647514287343673,0.8906148856781964,3.305352016945732,81,0.7873844413289043,0.7657799896578825,0.08929412439927069,0.6371549749684965,1.0,81,0.9911139555059092,0.9983837533221154,0.27417052103122,0.5,1.5806110025729119,81,16.32750974433747,14.674223511828016,5.95258884149879,7.896028467373629,35.2270884322058,81,18.75610662865071,18.756106628650706,3.552713678800501e-15,18.756106628650706,18.756106628650706,81,cases/granite_sparse.yaml,granite_sparse,good_to_medium,sparse,mixed,moderate
granite_sparse,47,40,40.5,17.437990448315865,15.64360676233474,19.742205356206206,19.74220535620621,16.960348557766803,18.82796689279454,0.9726091207605179,-0.47764189054906225,-0.012061662099333681,0.9536911683919717,-0.9142384634116674,14,100.0,100.0,100.0,100.0,99.93315942627937,0.14285714285714285,1,100.0,0.3,99.95588995549635,3,0.25,P32_derived_Jv_proxy,100.0,100.0,0.0,-0.06684057372062568,0.0,-0.06684057372062568,0.0,0.06684057372062568,0.0,0.06684057372062568,14,1,0,14,1.0,0.0,78.53981633974483,7.0,0.17825353626292278,0.14285714285714285,0.14285714285714285,0.0,0.17825353626292278,0.37127806321219714,0.4756839022193914,-0.10440583900719425,1,1,1,1,1,1,100.0,100.0,0.0,100.0,100.0,81,4.0,4.0,0.0,4.0,4.0,81,1.5053308721011327,1.5053308721011327,0.2085578069567492,1.1191166955964447,1.791886766388728,81,1.9062344415690025,1.9062344415690025,0.5618422134683418,0.75,3.2802806475271398,81,0.7972690592383376,0.7760565735779124,0.10247842924309968,0.5298984474827102,1.0,81,0.9969798289085633,0.9854340984229107,0.2974810228355977,0.5,1.7376234100160857,81,17.437990448315865,15.64360676233474,6.393717831565292,7.965505098673417,38.4429877099509,81,19.742205356206206,19.74220535620621,3.552713678800501e-15,19.74220535620621,19.74220535620621,81,cases/granite_sparse.yaml,granite_sparse,good_to_medium,sparse,mixed,moderate
granite_sparse,47,50,50.5,17.460679746181118,16.40342017806452,20.025395753661716,20.025395753661716,18.6085977141382,17.867865474088134,1.0657430286016296,1.1479179679570812,0.027652500456166518,0.8922602925747887,-2.1575302795735816,18,100.0,100.0,100.0,98.68855186948237,99.93315942627937,0.14285714285714285,1,100.0,0.1,99.99503320866597,1,0.25,P32_derived_Jv_proxy,100.0,100.0,-1.3114481305176326,-0.06684057372062568,-1.3114481305176326,-0.06684057372062568,1.3114481305176326,0.06684057372062568,1.3114481305176326,0.06684057372062568,18,1,0,18,1.0,0.0,78.53981633974483,7.0,0.22918311805232927,0.14285714285714285,0.14285714285714285,0.0,0.22918311805232927,0.2958537023806246,0.1592180105363311,0.13663569184429347,1,1,1,1,1,1,100.0,100.0,0.0,100.0,100.0,81,4.0,4.0,0.0,4.0,4.0,81,1.5246962436362386,1.5246962436362386,0.3543747022531768,0.908248214465224,2.27741958329173,81,1.9034533229604744,1.9034533229604744,0.63215419727585,0.75,3.12857686624762,81,0.8011436671212637,0.8065709509784248,0.10632814008608729,0.48720500436414005,1.0,81,0.9904353285678427,0.965021836205072,0.2514883160570266,0.5,1.6537488025322318,81,17.460679746181118,16.40342017806452,5.723202712406253,7.909510565806384,36.620048378506546,81,20.025395753661716,20.025395753661716,0.0,20.025395753661716,20.025395753661716,81,cases/granite_sparse.yaml,granite_sparse,good_to_medium,sparse,mixed,moderate
granite_sparse,47,60,60.5,16.775325304323943,14.774311017186673,19.331093086243722,19.331093086243722,12.527002454671768,17.366581313366186,0.7467516860279816,-4.248322849652174,-0.12682378816565243,0.8983755463742756,-1.964511772877536,21,100.0,100.0,100.0,98.98245593397381,99.93315942627937,0.14285714285714285,1,100.0,0.1,99.99503320866597,1,0.25,P32_derived_Jv_proxy,100.0,100.0,-1.0175440660261899,-0.06684057372062568,-1.0175440660261899,-0.06684057372062568,1.0175440660261899,0.06684057372062568,1.0175440660261899,0.06684057372062568,21,1,1,20,0.9523809523809523,0.047619047619047616,78.53981633974483,7.0,0.26738030439438415,0.14285714285714285,0.14285714285714285,0.012732395447351627,0.25464790894703254,0.4720048115638521,0.3394708625266111,0.13253394903724103,0,1,1,1,1,1,100.0,100.0,0.0,100.0,100.0,81,4.0,4.0,0.0,4.0,4.0,81,1.5643283697121186,1.5643283697121186,0.289037017128562,1.0358298274208435,2.27741958329173,81,2.023072832370401,2.023072832370401,0.4632721111900659,1.0536626327997225,2.9399396758167464,81,0.8055026222190359,0.8233368231270509,0.09253181657882649,0.6226365094750156,0.9833824178432364,81,1.056291675092586,1.0656433780789318,0.3639442485228021,0.5,1.9858802752006142,81,16.775325304323943,14.774311017186673,6.7314598746722885,8.030996521937945,34.44711053327678,81,19.331093086243722,19.331093086243722,0.0,19.331093086243722,19.331093086243722,81,cases/granite_sparse.yaml,granite_sparse,good_to_medium,sparse,mixed,moderate
granite_sparse,47,70,70.5,14.67893662697627,13.306583157259913,17.8145443468369,17.8145443468369,16.7420273433925,18.75,1.1405476955752216,2.06309071641623,0.057113451376819,1.052510781917877,0.9354556531630998,12,100.0,100.0,100.0,100.0,100.0,0.0,0,100.0,0.1,99.99503320866597,1,0.25,P32_derived_Jv_proxy,100.0,100.0,0.0,0.0,0.0,0.0,0.0,0.0,0.0,0.0,12,0,0,12,1.0,0.0,78.53981633974483,7.0,0.15278874536821951,0.0,0.0,0.0,0.15278874536821951,0.4338965701021308,0.0,0.4338965701021308,1,1,1,1,1,1,100.0,100.0,0.0,100.0,100.0,81,4.0,4.0,0.0,4.0,4.0,81,1.5197868219859296,1.5197868219859296,0.36603057385077975,0.909927873587815,2.296449721098162,81,2.132789355142528,2.132789355142528,0.6097317939778307,0.8644488727047217,3.0051114948413655,81,0.7951112059850274,0.7912591037104985,0.09887478501839339,0.4778871707931277,1.0,81,1.0543787868975942,1.0726662240570644,0.3055231633599356,0.5,1.8795831270211694,81,14.67893662697627,13.306583157259913,4.918389422535428,7.291274881741181,27.67281107349289,81,17.8145443468369,17.8145443468369,0.0,17.8145443468369,17.8145443468369,81,cases/granite_sparse.yaml,granite_sparse,good_to_medium,sparse,mixed,moderate
granite_sparse,47,80,80.5,15.037622908526242,13.75860549885455,17.95172241541056,17.95172241541056,14.8251156881596,18.75,0.985868297026776,-0.21250722036664094,-0.006181098948147001,1.0444680218486535,0.7982775845894388,23,100.0,100.0,100.0,100.0,100.0,0.0,0,100.0,0.2,99.98026467728904,2,0.25,P32_derived_Jv_proxy,100.0,100.0,0.0,0.0,0.0,0.0,0.0,0.0,0.0,0.0,23,0,0,23,1.0,0.0,78.53981633974483,7.0,0.2928450952890874,0.0,0.0,0.0,0.2928450952890874,0.3380489984443199,0.0,0.3380489984443199,1,1,1,1,1,1,100.0,100.0,0.0,100.0,100.0,81,4.0,4.0,0.0,4.0,4.0,81,1.4257045419087955,1.4257045419087955,0.20736012092995945,0.9343443348613516,1.734075234625622,81,1.9854704035041602,1.9854704035041602,0.4199940144528332,1.303734394556316,3.0473154454184943,81,0.7869883218048704,0.7987146868052973,0.10615854019025994,0.4942880289569222,1.0,81,1.024699905267018,0.9994715446461165,0.29239274319330255,0.5,2.0600190888708036,81,15.037622908526242,13.75860549885455,5.083670727137352,7.30933502398327,29.838943654706608,81,17.95172241541056,17.95172241541056,0.0,17.95172241541056,17.95172241541056,81,cases/granite_sparse.yaml,granite_sparse,good_to_medium,sparse,mixed,moderate
granite_sparse,48,10,10.5,14.228119798750061,13.508569172388365,16.901713982703424,16.901713982703424,16.669500313427562,18.241081565294696,1.171588414295751,2.441380514677501,0.06877506834218083,1.0792444827762397,1.3393675825912723,19,100.0,100.0,100.0,100.0,99.93315942627937,0.14285714285714285,1,100.0,0.2,99.98026467728904,2,0.25,P32_derived_Jv_proxy,100.0,100.0,0.0,-0.06684057372062568,0.0,-0.06684057372062568,0.0,0.06684057372062568,0.0,0.06684057372062568,19,1,0,19,1.0,0.0,78.53981633974483,7.0,0.2419155134996809,0.14285714285714285,0.14285714285714285,0.0,0.2419155134996809,0.4114486406552934,0.08542820221985137,0.32602043843544204,1,1,1,1,1,1,100.0,100.0,0.0,100.0,100.0,81,4.0,4.0,0.0,4.0,4.0,81,1.3659344245602099,1.3659344245602099,0.2786121366276457,0.8629343320672002,1.8958183726776598,81,2.0204081461176893,2.0204081461176893,0.4574082386235272,1.304795551449303,3.174890439898197,81,0.7875461193518724,0.7820669830548206,0.10691670802820216,0.48071902895720164,1.0,81,1.0206610949738373,1.0005949930088611,0.30885139687871277,0.5,1.8149665430266715,81,14.228119798750061,13.508569172388365,4.63505447823021,6.604652185965015,29.788486104693018,81,16.901713982703424,16.901713982703424,0.0,16.901713982703424,16.901713982703424,81,cases/granite_sparse.yaml,granite_sparse,good_to_medium,sparse,mixed,moderate
granite_sparse,48,20,20.5,18.257568392136644,17.28601774348539,20.81181412633625,20.811814126336248,15.84743118236933,18.40081368969576,0.8679924315219689,-2.4101372097673135,-0.0614840616467518,0.8841523174287099,-2.4110004366404922,22,100.0,100.0,100.0,100.0,99.93315942627937,0.14285714285714285,1,100.0,0.2,99.98026467728904,2,0.25,P32_derived_Jv_proxy,100.0,100.0,0.0,-0.06684057372062568,0.0,-0.06684057372062568,0.0,0.06684057372062568,0.0,0.06684057372062568,22,1,0,22,1.0,0.0,78.53981633974483,7.0,0.2801126998417358,0.14285714285714285,0.14285714285714285,0.0,0.2801126998417358,0.3944713554346986,0.1065585137470545,0.2879128416876441,1,1,1,1,1,1,100.0,100.0,0.0,100.0,100.0,81,4.0,4.0,0.0,4.0,4.0,81,1.585297669807374,1.585297669807374,0.3077265119682799,0.9587008946069483,2.068538096727304,81,1.9043242220307741,1.9043242220307741,0.4025968338733322,1.0170319697872716,2.7378559622729224,81,0.8146611604917224,0.8057933674923249,0.09921872831806995,0.5364609462276558,1.0,81,1.009229992700725,0.9931543087050523,0.28472271507375246,0.5,1.6839235638184176,81,18.257568392136644,17.28601774348539,5.960205562649322,9.148189476067826,40.45253873520744,81,20.81181412633625,20.811814126336248,3.552713678800501e-15,20.811814126336248,20.811814126336248,81,cases/granite_sparse.yaml,granite_sparse,good_to_medium,sparse,mixed,moderate
granite_sparse,48,30,30.5,16.44616977166169,15.676784391207015,18.8266670522186,18.8266670522186,18.463074203391272,21.51296713111118,1.1226367269541933,2.016904431729582,0.05023924601890539,1.142685907783981,2.686300078892579,22,100.0,100.0,100.0,100.0,99.93315942627937,0.14285714285714285,1,100.0,0.1,99.99503320866597,1,0.25,P32_derived_Jv_proxy,100.0,100.0,0.0,-0.06684057372062568,0.0,-0.06684057372062568,0.0,0.06684057372062568,0.0,0.06684057372062568,22,1,0,22,1.0,0.0,78.53981633974483,7.0,0.2801126998417358,0.14285714285714285,0.14285714285714285,0.0,0.2801126998417358,0.3390492873569305,0.7071009884922246,-0.36805170113529406,1,1,1,1,1,1,100.0,100.0,0.0,100.0,100.0,81,4.0,4.0,0.0,4.0,4.0,81,1.5339226062497724,1.5339226062497724,0.3385219545108676,0.8770043707009568,2.0883573470060526,81,2.0369014361320654,2.0369014361320654,0.5855388548776426,0.759831173162919,3.648462438344179,81,0.8236881799105977,0.824487554205073,0.08112997677413807,0.6209282483534614,1.0,81,1.0077241836143125,1.000064816020931,0.2536195219434247,0.5037102629839664,1.5794418630247624,81,16.44616977166169,15.676784391207015,4.7414879479407634,8.91044821290698,31.26230478524176,81,18.8266670522186,18.8266670522186,0.0,18.8266670522186,18.8266670522186,81,cases/granite_sparse.yaml,granite_sparse,good_to_medium,sparse,mixed,moderate
granite_sparse,48,40,40.5,14.923933665189054,13.713649399944384,17.323431137092772,17.323431137092776,17.616741748156137,17.98441815888448,1.1804355435623661,2.6928080829670833,0.07204227787011241,1.0381556642307659,0.6609870217917084,19,100.0,100.0,100.0,98.85015919968032,99.93315942627937,0.14285714285714285,1,100.0,0.1,99.99503320866597,1,0.25,P32_derived_Jv_proxy,100.0,100.0,-1.14984080031968,-0.06684057372062568,-1.14984080031968,-0.06684057372062568,1.14984080031968,0.06684057372062568,1.14984080031968,0.06684057372062568,19,1,1,18,0.9473684210526315,0.05263157894736842,78.53981633974483,7.0,0.2419155134996809,0.14285714285714285,0.14285714285714285,0.012732395447351627,0.22918311805232927,0.4197635694484949,0.672937415371261,-0.25317384592276604,1,1,1,1,1,1,100.0,100.0,0.0,100.0,100.0,81,4.0,4.0,0.0,4.0,4.0,81,1.4478811062565828,1.4478811062565828,0.26910446901476176,0.9485369694994323,1.9595317900152596,81,2.0894837385250904,2.0894837385250904,0.4273007866296974,1.2440094645651785,2.9518960685696713,81,0.8004156201957708,0.7917339926443703,0.11104536389192048,0.5447106566197294,1.0,81,1.0135912357751853,0.981133211571501,0.27587179029104913,0.5,1.6486961258274384,81,14.923933665189054,13.713649399944384,5.29282763445967,6.94199085917381,31.86403251133295,81,17.323431137092772,17.323431137092776,3.552713678800501e-15,17.323431137092776,17.323431137092776,81,cases/granite_sparse.yaml,granite_sparse,good_to_medium,sparse,mixed,moderate
granite_sparse,48,50,50.5,13.784376005907712,13.05760413363354,16.59909501766029,16.599095017660282,13.582511462253112,18.92629476438614,0.985355554464846,-0.20186454365459916,-0.0064070309447965546,1.140200399133198,2.3271997467258494,22,100.0,100.0,100.0,100.0,99.93315942627937,0.14285714285714285,1,100.0,0.1,99.99503320866597,1,0.25,P32_derived_Jv_proxy,100.0,100.0,0.0,-0.06684057372062568,0.0,-0.06684057372062568,0.0,0.06684057372062568,0.0,0.06684057372062568,22,1,0,22,1.0,0.0,78.53981633974483,7.0,0.2801126998417358,0.14285714285714285,0.14285714285714285,0.0,0.2801126998417358,0.3562731400393494,0.02381852406642415,0.33245461597292525,1,1,1,1,1,1,100.0,100.0,0.0,100.0,100.0,81,4.0,4.0,0.0,4.0,4.0,81,1.401199718715542,1.401199718715542,0.21879362078361037,0.9443893133684019,1.8142026285052382,81,2.1103555905077402,2.1103555905077402,0.5986108166555544,0.9839837105690257,3.710616940738606,81,0.8036090976929678,0.7980159393577346,0.08949790371933214,0.5128447149712022,1.0,81,1.0604292125073718,1.0153370415711023,0.30366640902774217,0.5,2.082679152367628,81,13.784376005907712,13.05760413363354,4.8205741481690865,6.296458762812067,27.723259840244506,81,16.59909501766029,16.599095017660282,7.105427357601002e-15,16.599095017660282,16.599095017660282,81,cases/granite_sparse.yaml,granite_sparse,good_to_medium,sparse,mixed,moderate
granite_sparse,48,60,60.5,14.844201301174053,13.702795921842897,17.76155375497479,17.761553754974795,14.655195131324435,18.617639759086632,0.9872673398847893,-0.18900616984961793,-0.0055652297867605505,1.048198824039933,0.856086004111841,16,100.0,100.0,100.0,98.67930301621449,99.7496700527654,0.2857142857142857,2,100.0,0.3,99.95588995549635,3,0.25,P32_derived_Jv_proxy,100.0,100.0,-1.3206969837855098,-0.25032994723460433,-1.3206969837855098,-0.25032994723460433,1.3206969837855098,0.25032994723460433,1.3206969837855098,0.25032994723460433,16,2,2,14,0.875,0.125,78.53981633974483,7.0,0.20371832715762603,0.2857142857142857,0.2857142857142857,0.025464790894703253,0.17825353626292278,0.45401633463392876,0.1963037511101523,0.25771258352377646,1,1,1,1,1,1,100.0,100.0,0.0,100.0,100.0,81,4.0,4.0,0.0,4.0,4.0,81,1.4017597880571746,1.4017597880571746,0.30410343198897866,0.8314430871905373,1.8046535169596252,81,1.9730252873633856,1.9730252873633856,0.5029177825155143,1.0017043298518404,2.6678845428324696,81,0.7870191075962926,0.7907279909506533,0.09379029182290412,0.5058599638772637,1.0,81,1.0268729671828085,0.9824971075870756,0.29267007206574336,0.5,1.7489648712033357,81,14.844201301174053,13.702795921842897,4.948315502336504,7.172483045097052,30.476500295365938,81,17.76155375497479,17.761553754974795,3.552713678800501e-15,17.761553754974795,17.761553754974795,81,cases/granite_sparse.yaml,granite_sparse,good_to_medium,sparse,mixed,moderate
granite_sparse,48,70,70.5,16.958077036416217,15.277377557107556,20.50203052459022,20.502030524590218,12.154740806075683,18.75,0.716752305109493,-4.803336230340534,-0.14463090166752846,0.9145435608200452,-1.7520305245902215,9,100.0,100.0,100.0,100.0,100.0,0.0,0,100.0,0.0,100.0,0,0.25,P32_derived_Jv_proxy,100.0,100.0,0.0,0.0,0.0,0.0,0.0,0.0,0.0,0.0,9,0,0,9,1.0,0.0,78.53981633974483,7.0,0.11459155902616464,0.0,0.0,0.0,0.11459155902616464,0.31925054272333364,0.0,0.31925054272333364,0,1,1,1,1,1,100.0,100.0,0.0,100.0,100.0,81,4.0,4.0,0.0,4.0,4.0,81,1.517941248116178,1.517941248116178,0.27659110442841195,1.136330890015291,2.0266100581287856,81,1.850964525557058,1.850964525557058,0.3765279008105118,1.2838129157215086,2.4383912297821695,81,0.7866498877159113,0.7816879119059458,0.10077375140992606,0.5661051228465592,1.0,81,1.0397662402094812,1.048825337302501,0.3005318555970452,0.5,2.073632273561048,81,16.958077036416217,15.277377557107556,5.767290716265748,6.327128482543968,31.529643928782995,81,20.50203052459022,20.502030524590218,3.552713678800501e-15,20.502030524590218,20.502030524590218,81,cases/granite_sparse.yaml,granite_sparse,good_to_medium,sparse,mixed,moderate
granite_sparse,48,80,80.5,15.9171613896841,14.903220150359898,18.52844898417342,18.52844898417342,12.883802315140644,18.75,0.809428389881793,-3.0333590745434567,-0.09182156723778245,1.011957342787614,0.22155101582658077,20,100.0,100.0,100.0,100.0,100.0,0.0,0,100.0,0.2,99.98026467728904,2,0.25,P32_derived_Jv_proxy,100.0,100.0,0.0,0.0,0.0,0.0,0.0,0.0,0.0,0.0,20,0,0,20,1.0,0.0,78.53981633974483,7.0,0.25464790894703254,0.0,0.0,0.0,0.25464790894703254,0.40298841587698553,0.0,0.40298841587698553,1,1,1,1,1,1,100.0,100.0,0.0,100.0,100.0,81,4.0,4.0,0.0,4.0,4.0,81,1.522145167495451,1.522145167495451,0.35058331042335134,0.9580177476997314,2.3292918121062827,81,2.053794638714272,2.053794638714272,0.39891154590811073,1.1514792191001895,2.6433866377088235,81,0.7973902434697542,0.7957002868520555,0.09032120288040073,0.5715826576870513,1.0,81,1.0066636378845086,0.9956263445757828,0.26787819651952116,0.5,1.6857531196525006,81,15.9171613896841,14.903220150359898,5.2861711404247425,7.547220989555277,37.05689796834684,81,18.52844898417342,18.52844898417342,0.0,18.52844898417342,18.52844898417342,81,cases/granite_sparse.yaml,granite_sparse,good_to_medium,sparse,mixed,moderate
granite_sparse,49,10,10.5,15.83725224303357,15.248455616208705,19.1612319965983,19.161231996598296,16.192030723590445,18.75,1.02240151732842,0.35477848055687566,0.009621485343737302,0.9785383321557138,-0.4112319965982998,14,100.0,100.0,100.0,100.0,100.0,0.0,0,100.0,0.2,99.98026467728904,2,0.25,P32_derived_Jv_proxy,100.0,100.0,0.0,0.0,0.0,0.0,0.0,0.0,0.0,0.0,14,0,0,14,1.0,0.0,78.53981633974483,7.0,0.17825353626292278,0.0,0.0,0.0,0.17825353626292278,0.40442511636765766,0.0,0.40442511636765766,1,1,1,1,1,1,100.0,100.0,0.0,100.0,100.0,81,4.0,4.0,0.0,4.0,4.0,81,1.4173062116211579,1.4173062116211579,0.24090300728293498,1.103425741788572,1.7964974171431474,81,1.849184608631602,1.849184608631602,0.45952891423850517,0.9884721300808665,2.779070825079666,81,0.8120884137393153,0.8263962332537989,0.10275519926631112,0.5561934259416487,1.0,81,1.0584977019402422,1.041526649128181,0.2810619135789203,0.5,1.7948564452614986,81,15.83725224303357,15.248455616208705,5.015799566125079,7.576844232869968,34.98052316349687,81,19.1612319965983,19.161231996598296,3.552713678800501e-15,19.161231996598296,19.161231996598296,81,cases/granite_sparse.yaml,granite_sparse,good_to_medium,sparse,mixed,moderate
granite_sparse,49,20,20.5,15.636814312026686,14.221647454818513,18.265050243927202,18.265050243927206,19.09753110314793,18.75,1.2213185321552047,3.460716791121243,0.086828947086518,1.0265506937893059,0.48494975607279756,20,100.0,100.0,100.0,100.0,100.0,0.0,0,100.0,0.3,99.95588995549635,3,0.25,P32_derived_Jv_proxy,100.0,100.0,0.0,0.0,0.0,0.0,0.0,0.0,0.0,0.0,20,0,0,20,1.0,0.0,78.53981633974483,7.0,0.25464790894703254,0.0,0.0,0.0,0.25464790894703254,0.43690597410394016,0.0,0.43690597410394016,1,1,1,1,1,1,100.0,100.0,0.0,100.0,100.0,81,4.0,4.0,0.0,4.0,4.0,81,1.5420175680828097,1.5420175680828097,0.2790425183560703,0.6662962664811416,1.9487603049766375,81,2.110612272467608,2.110612272467608,0.4139115396586395,1.431118861975597,2.9663852972306017,81,0.8026806372678075,0.8033954083239402,0.09584258282879426,0.6100266111428901,1.0,81,1.0182730122477035,0.9792060697134359,0.28131329178959874,0.5,1.6351497209584223,81,15.636814312026686,14.221647454818513,5.239345715541178,8.219511015497801,34.582678958127794,81,18.265050243927202,18.265050243927206,3.552713678800501e-15,18.265050243927206,18.265050243927206,81,cases/granite_sparse.yaml,granite_sparse,good_to_medium,sparse,mixed,moderate
granite_sparse,49,30,30.5,14.032533781536232,13.362889049622792,17.308011356873603,17.3080113568736,17.620040120110932,17.986844868245225,1.2556563479145213,3.5875063385747,0.0988707965463631,1.0392207687743418,0.6788335113716215,23,100.0,100.0,100.0,99.06094267669349,99.93315942627937,0.14285714285714285,1,100.0,0.1,99.99503320866597,1,0.25,P32_derived_Jv_proxy,100.0,100.0,-0.939057323306514,-0.06684057372062568,-0.939057323306514,-0.06684057372062568,0.939057323306514,0.06684057372062568,0.939057323306514,0.06684057372062568,23,1,0,23,1.0,0.0,78.53981633974483,7.0,0.2928450952890874,0.14285714285714285,0.14285714285714285,0.0,0.2928450952890874,0.3922308761708442,0.26416658404742654,0.12806429212341763,0,1,1,1,1,1,100.0,100.0,0.0,100.0,100.0,81,4.0,4.0,0.0,4.0,4.0,81,1.4834344070839558,1.4834344070839558,0.27711835816916,0.9160363628633564,2.11207307425471,81,2.142699089596497,2.142699089596497,0.4295087900391881,1.4226221239607588,3.1130934236090297,81,0.8059181062213961,0.8067780888304694,0.09760486076169199,0.5334840383219855,1.0,81,1.0781340564538626,1.0756367145839782,0.28601625896325994,0.5,1.8009480701978726,81,14.032533781536232,13.362889049622792,4.754672931010027,6.743671687620628,32.08725044217977,81,17.308011356873603,17.3080113568736,3.552713678800501e-15,17.3080113568736,17.3080113568736,81,cases/granite_sparse.yaml,granite_sparse,good_to_medium,sparse,mixed,moderate
granite_sparse,49,40,40.5,17.259084137428317,16.4406140647663,20.40647524464786,20.40647524464786,17.223533392240146,20.56225805472022,0.9979401719752281,-0.03555074518817136,-0.0008954945441577156,1.0076339891237815,0.15578281007235972,19,100.0,100.0,100.0,100.0,99.93315942627937,0.14285714285714285,1,100.0,0.1,99.99503320866597,1,0.25,P32_derived_Jv_proxy,100.0,100.0,0.0,-0.06684057372062568,0.0,-0.06684057372062568,0.0,0.06684057372062568,0.0,0.06684057372062568,19,1,1,18,0.9473684210526315,0.05263157894736842,78.53981633974483,7.0,0.2419155134996809,0.14285714285714285,0.14285714285714285,0.012732395447351627,0.22918311805232927,0.4224551043784246,0.1825805405053832,0.2398745638730414,1,1,1,1,1,1,100.0,100.0,0.0,100.0,100.0,81,4.0,4.0,0.0,4.0,4.0,81,1.4548853203798984,1.4548853203798984,0.3088309705236295,0.711605368415343,2.043618518328965,81,1.7823819436449229,1.7823819436449229,0.46419441965997055,0.91595499936673,2.691363245637438,81,0.8078007719868309,0.8038118371455693,0.10780495577246738,0.43378714797851214,1.0,81,1.0281099087018273,1.0352591536118272,0.2803522715671556,0.5588251103462913,1.7410191032665125,81,17.259084137428317,16.4406140647663,5.336232416963666,8.19804181218214,31.271585525964564,81,20.40647524464786,20.40647524464786,0.0,20.40647524464786,20.40647524464786,81,cases/granite_sparse.yaml,granite_sparse,good_to_medium,sparse,mixed,moderate
granite_sparse,49,50,50.5,13.683821516650102,12.835612784870657,15.924396912218644,15.924396912218644,15.991653656022603,18.454787779167983,1.1686540661586673,2.3078321393725005,0.06768597447057689,1.1589002635954015,2.5303908669493396,14,100.0,100.0,100.0,100.0,99.93315942627937,0.14285714285714285,1,100.0,0.0,100.0,0,0.25,P32_derived_Jv_proxy,100.0,100.0,0.0,-0.06684057372062568,0.0,-0.06684057372062568,0.0,0.06684057372062568,0.0,0.06684057372062568,14,1,1,13,0.9285714285714286,0.07142857142857142,78.53981633974483,7.0,0.17825353626292278,0.14285714285714285,0.14285714285714285,0.012732395447351627,0.16552114081557115,0.4724000937791718,0.105611885504862,0.3667882082743098,1,1,1,1,1,1,100.0,100.0,0.0,100.0,100.0,81,4.0,4.0,0.0,4.0,4.0,81,1.3529666053704557,1.3529666053704557,0.28071789919987983,0.6664926939817758,2.003347803645054,81,2.124046852179904,2.124046852179904,0.5027598791927687,1.3625576477499537,3.1895510536676683,81,0.798102691007179,0.8116350744354175,0.0959528741109582,0.5233562620188199,1.0,81,1.0140491393403188,0.9883664598149039,0.27999222552958714,0.5,1.6671270713542141,81,13.683821516650102,12.835612784870657,4.6025303820097765,6.501258306814298,26.69673273239479,81,15.924396912218644,15.924396912218644,0.0,15.924396912218644,15.924396912218644,81,cases/granite_sparse.yaml,granite_sparse,good_to_medium,sparse,mixed,moderate
granite_sparse,49,60,60.5,17.356136476390773,15.751680648705305,19.55057702421846,19.55057702421846,16.641724715629916,20.49833600786153,0.9588380880887485,-0.7144117607608571,-0.018254722742027996,1.0484772895689485,0.9477589836430695,17,100.0,100.0,100.0,100.0,99.86631885255873,0.2857142857142857,2,100.0,0.1,99.99503320866597,1,0.25,P32_derived_Jv_proxy,100.0,100.0,0.0,-0.13368114744126558,0.0,-0.13368114744126558,0.0,0.13368114744126558,0.0,0.13368114744126558,17,2,0,17,1.0,0.0,78.53981633974483,7.0,0.21645072260497766,0.2857142857142857,0.2857142857142857,0.0,0.21645072260497766,0.38745502736143855,0.1167339434306719,0.27072108393076666,1,1,1,1,1,1,100.0,100.0,0.0,100.0,100.0,81,4.0,4.0,0.0,4.0,4.0,81,1.5802258188771936,1.5802258188771936,0.3024748428114167,0.8605587828375746,2.099253091834359,81,2.020689487731838,2.020689487731838,0.3009028786065602,1.537037513403287,2.7174075378196827,81,0.8158225379379701,0.8253953465711736,0.09598350343512235,0.5449674353041102,1.0,81,1.0148003335866194,1.0321918656560003,0.2930315213963172,0.5,1.690232887708877,81,17.356136476390773,15.751680648705305,6.491741808065486,8.197594549608409,37.4028756780808,81,19.55057702421846,19.55057702421846,0.0,19.55057702421846,19.55057702421846,81,cases/granite_sparse.yaml,granite_sparse,good_to_medium,sparse,mixed,moderate
granite_sparse,49,70,70.5,19.8876909858226,18.605245383525343,21.751264363863353,21.75126436386335,18.88212706846893,18.75,0.949437875011709,-1.0055639173536726,-0.022533447380148175,0.8620188549200143,-3.0012643638633527,8,100.0,100.0,100.0,100.0,100.0,0.0,0,100.0,0.0,100.0,0,0.25,P32_derived_Jv_proxy,100.0,100.0,0.0,0.0,0.0,0.0,0.0,0.0,0.0,0.0,8,0,0,8,1.0,0.0,78.53981633974483,7.0,0.10185916357881301,0.0,0.0,0.0,0.10185916357881301,0.3633663424798994,0.0,0.3633663424798994,1,1,1,1,1,1,100.0,100.0,0.0,100.0,100.0,81,4.0,4.0,0.0,4.0,4.0,81,1.7863414302604173,1.7863414302604173,0.20262051488029728,1.5183036458941732,2.0909981556243937,81,2.0531466589456877,2.0531466589456877,0.3088242077163279,1.3621332415870029,2.4041001246600056,81,0.8047353331915218,0.8013749957062574,0.09427592358966462,0.5571607811470304,1.0,81,0.9530808022619482,0.9240469948446344,0.259513988253164,0.5,1.5148708932821469,81,19.8876909858226,18.605245383525343,6.459434984288557,10.038807164178055,38.8189175771637,81,21.751264363863353,21.75126436386335,3.552713678800501e-15,21.75126436386335,21.75126436386335,81,cases/granite_sparse.yaml,granite_sparse,good_to_medium,sparse,mixed,moderate
granite_sparse,49,80,80.5,15.779379821053444,14.539200098144068,18.56339386806791,18.56339386806791,17.635987629671614,21.084058870118866,1.1176603789041832,1.85660780861817,0.04830985545097266,1.1357868620342595,2.520665002050958,23,100.0,100.0,100.0,100.0,99.86631885255873,0.2857142857142857,2,100.0,0.1,99.99503320866597,1,0.25,P32_derived_Jv_proxy,100.0,100.0,0.0,-0.13368114744126558,0.0,-0.13368114744126558,0.0,0.13368114744126558,0.0,0.13368114744126558,23,2,0,23,1.0,0.0,78.53981633974483,7.0,0.2928450952890874,0.2857142857142857,0.2857142857142857,0.0,0.2928450952890874,0.34076915142363895,0.144962737061186,0.19580641436245294,1,1,1,1,1,1,100.0,100.0,0.0,100.0,100.0,81,4.0,4.0,0.0,4.0,4.0,81,1.372350887539923,1.372350887539923,0.1556872073582894,0.9657204660070627,1.6101055859817472,81,1.8481950246993792,1.8481950246993792,0.4510931188089631,0.9836533961067309,2.45416645606755,81,0.7936181600077753,0.7955307687519819,0.1017476596307102,0.5886710297266916,1.0,81,1.0098610894183522,1.0249860229469183,0.2660035296284057,0.5,1.6155016396162434,81,15.779379821053444,14.539200098144068,5.236012531009701,8.287251004035058,34.438085613025336,81,18.56339386806791,18.56339386806791,0.0,18.56339386806791,18.56339386806791,81,cases/granite_sparse.yaml,granite_sparse,good_to_medium,sparse,mixed,moderate
granite_sparse,50,10,10.5,16.410473761409946,14.679215711413438,19.047253839889667,19.04725383988967,12.016227139866134,18.139380822960977,0.7322291430807376,-4.394246621543813,-0.1353529899760999,0.952335752725289,-0.9078730169286899,13,100.0,100.0,100.0,100.0,99.93315942627937,0.14285714285714285,1,100.0,0.1,99.99503320866597,1,0.25,P32_derived_Jv_proxy,100.0,100.0,0.0,-0.06684057372062568,0.0,-0.06684057372062568,0.0,0.06684057372062568,0.0,0.06684057372062568,13,1,0,13,1.0,0.0,78.53981633974483,7.0,0.16552114081557115,0.14285714285714285,0.14285714285714285,0.0,0.16552114081557115,0.3981271946827858,0.41298997551914596,-0.014862780836360168,0,1,1,1,1,1,100.0,100.0,0.0,100.0,100.0,81,4.0,4.0,0.0,4.0,4.0,81,1.5329068036578208,1.5329068036578208,0.3193922238914757,1.0969350736779646,2.290564917627537,81,2.01197875628603,2.01197875628603,0.4804010704226705,1.1735083948760565,2.836937563151926,81,0.7955343864600936,0.7809868200684269,0.09177243480029444,0.5537817811934956,0.9840822758677985,81,1.0213685082062083,1.0395604635837303,0.330128132818617,0.5,1.8644055566427016,81,16.410473761409946,14.679215711413438,5.473631433030655,8.319049602330571,31.14648832690748,81,19.047253839889667,19.04725383988967,3.552713678800501e-15,19.04725383988967,19.04725383988967,81,cases/granite_sparse.yaml,granite_sparse,good_to_medium,sparse,mixed,moderate
granite_sparse,50,20,20.5,18.363031012721375,18.201910987183393,21.18179934317501,21.181799343175005,15.12222286057096,18.75,0.8235145303678201,-3.240808152150416,-0.08432873358846837,0.8851939203192122,-2.4317993431750082,13,100.0,100.0,100.0,100.0,100.0,0.0,0,100.0,0.0,100.0,0,0.25,P32_derived_Jv_proxy,100.0,100.0,0.0,0.0,0.0,0.0,0.0,0.0,0.0,0.0,13,0,0,13,1.0,0.0,78.53981633974483,7.0,0.16552114081557115,0.0,0.0,0.0,0.16552114081557115,0.4619869455188147,0.0,0.4619869455188147,1,1,1,1,1,1,100.0,100.0,0.0,100.0,100.0,81,4.0,4.0,0.0,4.0,4.0,81,1.557547003615523,1.557547003615523,0.3505751069598968,0.816484939391457,2.022586634518441,81,1.8383081842824898,1.8383081842824898,0.3972255124187426,0.9005349971486176,2.396994743767568,81,0.7933618928165986,0.7918102767390782,0.11005258019205046,0.5248795410418331,1.0,81,0.9900331527042265,0.9735808827074941,0.2853629792595352,0.5,1.8140894592506938,81,18.363031012721375,18.201910987183393,5.627055501588317,8.913791088571655,33.93515102764749,81,21.18179934317501,21.181799343175005,3.552713678800501e-15,21.181799343175005,21.181799343175005,81,cases/granite_sparse.yaml,granite_sparse,good_to_medium,sparse,mixed,moderate
granite_sparse,50,30,30.5,15.629509655422892,14.595745517233935,18.34296822317035,18.34296822317035,15.290087847583376,20.39217336977966,0.9782832721356841,-0.3394218078395159,-0.009535372500423245,1.1117161149535661,2.04920514660931,22,100.0,100.0,100.0,99.73549782458811,99.68282947904478,0.42857142857142855,3,100.0,0.1,99.99503320866597,1,0.25,P32_derived_Jv_proxy,100.0,100.0,-0.26450217541189147,-0.3171705209552158,-0.26450217541189147,-0.3171705209552158,0.26450217541189147,0.3171705209552158,0.26450217541189147,0.3171705209552158,22,3,1,21,0.9545454545454546,0.045454545454545456,78.53981633974483,7.0,0.2801126998417358,0.42857142857142855,0.42857142857142855,0.012732395447351627,0.26738030439438415,0.3859329153590234,0.3155558207991511,0.07037709455987229,1,1,1,1,1,1,100.0,100.0,0.0,100.0,100.0,81,4.0,4.0,0.0,4.0,4.0,81,1.4674034470007848,1.4674034470007848,0.2711244510779683,0.9640245193913868,1.9137397865870558,81,1.9999536459251999,1.9999536459251999,0.4181082366131472,1.2950634719162175,2.7727790534102326,81,0.7872961158187808,0.7972223219889195,0.10384230147324675,0.5615071323303882,1.0,81,1.0167259208804145,1.018968127164253,0.2896808416069519,0.5,1.9387880917179439,81,15.629509655422892,14.595745517233935,5.9645444012863384,7.054434087184854,35.01728634500195,81,18.34296822317035,18.34296822317035,0.0,18.34296822317035,18.34296822317035,81,cases/granite_sparse.yaml,granite_sparse,good_to_medium,sparse,mixed,moderate
granite_sparse,50,40,40.5,15.954763407300545,14.39021778995914,19.561707733655254,19.561707733655247,18.60263733707105,18.75,1.1659613409597098,2.6478739297705065,0.06668415103516634,0.9585052724073401,-0.8117077336552541,19,100.0,100.0,100.0,100.0,100.0,0.0,0,100.0,0.1,99.99503320866597,1,0.25,P32_derived_Jv_proxy,100.0,100.0,0.0,0.0,0.0,0.0,0.0,0.0,0.0,0.0,19,0,0,19,1.0,0.0,78.53981633974483,7.0,0.2419155134996809,0.0,0.0,0.0,0.2419155134996809,0.3070959142795394,0.0,0.3070959142795394,1,1,1,1,1,1,100.0,100.0,0.0,100.0,100.0,81,4.0,4.0,0.0,4.0,4.0,81,1.4486774342491788,1.4486774342491788,0.2732252583519804,0.857050535144985,1.8807927553328274,81,1.8514199449938349,1.8514199449938349,0.4759576526832363,1.0340779533323068,2.712781482180596,81,0.7892632851811698,0.7904588545357104,0.09678555341746373,0.5450880953344516,1.0,81,1.0582551932642357,1.0546872355950234,0.3003887592593481,0.5,1.8401142922808147,81,15.954763407300545,14.39021778995914,5.46797432410038,7.281939552546893,32.75034115656228,81,19.561707733655254,19.561707733655247,7.105427357601002e-15,19.561707733655247,19.561707733655247,81,cases/granite_sparse.yaml,granite_sparse,good_to_medium,sparse,mixed,moderate
granite_sparse,50,50,50.5,15.65451473822195,14.153113146904166,19.03095074515836,19.03095074515836,15.186957588324319,18.978822031834774,0.9701327599279684,-0.4675571498976314,-0.013168829693690931,0.997260845555136,-0.052128713323586595,19,100.0,100.0,100.0,100.0,99.93315942627937,0.14285714285714285,1,100.0,0.1,99.99503320866597,1,0.25,P32_derived_Jv_proxy,100.0,100.0,0.0,-0.06684057372062568,0.0,-0.06684057372062568,0.0,0.06684057372062568,0.0,0.06684057372062568,19,1,1,18,0.9473684210526315,0.05263157894736842,78.53981633974483,7.0,0.2419155134996809,0.14285714285714285,0.14285714285714285,0.012732395447351627,0.22918311805232927,0.3735385324840187,0.16823571944665083,0.20530281303736786,1,1,1,1,1,1,100.0,100.0,0.0,100.0,100.0,81,4.0,4.0,0.0,4.0,4.0,81,1.527947360763462,1.527947360763462,0.21650064751088233,1.0400078626284794,1.835421596909006,81,2.007187372328449,2.007187372328449,0.32850433068940393,1.3527627014711159,2.498382800378411,81,0.7893542837799735,0.7914503017375882,0.09093508364992649,0.5214981345946683,1.0,81,1.0636705114418306,1.0421842854706984,0.3342966007719294,0.5,1.9263354491396614,81,15.65451473822195,14.153113146904166,5.661629215061895,6.817979015722747,33.78168633444841,81,19.03095074515836,19.03095074515836,0.0,19.03095074515836,19.03095074515836,81,cases/granite_sparse.yaml,granite_sparse,good_to_medium,sparse,mixed,moderate
granite_sparse,50,60,60.5,14.046574712940917,13.42893786930576,17.619738260319505,17.6197382603195,17.881566368037205,18.663519795178193,1.2730197029147017,3.834991655096289,0.10483512541399587,1.0592393325847147,1.043781534858688,21,100.0,100.0,100.0,100.0,99.93315942627937,0.14285714285714285,1,100.0,0.1,99.99503320866597,1,0.25,P32_derived_Jv_proxy,100.0,100.0,0.0,-0.06684057372062568,0.0,-0.06684057372062568,0.0,0.06684057372062568,0.0,0.06684057372062568,21,1,0,21,1.0,0.0,78.53981633974483,7.0,0.26738030439438415,0.14285714285714285,0.14285714285714285,0.0,0.26738030439438415,0.3724602302707605,0.0765331116748511,0.29592711859590937,0,1,1,1,1,1,100.0,100.0,0.0,100.0,100.0,81,4.0,4.0,0.0,4.0,4.0,81,1.4154914982714488,1.4154914982714488,0.30516415922244966,0.7465491642477526,2.0864318761394762,81,2.008388940514519,2.008388940514519,0.6191113418333335,0.77967560240337,3.0216787569525954,81,0.7874601381764889,0.7843495387742621,0.09695425210959312,0.5481788268996802,1.0,81,1.055896049145417,1.0567827711880764,0.262994875293279,0.5,1.7275956147172196,81,14.046574712940917,13.42893786930576,4.230334338445605,8.034452094495805,26.847374557953554,81,17.619738260319505,17.6197382603195,3.552713678800501e-15,17.6197382603195,17.6197382603195,81,cases/granite_sparse.yaml,granite_sparse,good_to_medium,sparse,mixed,moderate
granite_sparse,50,70,70.5,15.65824615767646,15.365822339316022,18.3643641489984,18.364364148998405,18.96542517333382,19.12510491106433,1.2112100539456658,3.3071790156573595,0.08321946713866102,1.041424835398258,0.7607407620659288,23,100.0,100.0,100.0,97.79848148206666,99.86631885255873,0.2857142857142857,2,100.0,0.3,99.95588995549635,3,0.25,P32_derived_Jv_proxy,100.0,100.0,-2.201518517933337,-0.13368114744126558,-2.201518517933337,-0.13368114744126558,2.201518517933337,0.13368114744126558,2.201518517933337,0.13368114744126558,23,2,2,21,0.9130434782608695,0.08695652173913043,78.53981633974483,7.0,0.2928450952890874,0.2857142857142857,0.2857142857142857,0.025464790894703253,0.26738030439438415,0.3296201685143706,0.44850994783898446,-0.11888977932461386,1,1,1,1,1,1,100.0,100.0,0.0,100.0,100.0,81,4.0,4.0,0.0,4.0,4.0,81,1.5683924312797124,1.5683924312797124,0.24315030125090636,1.1189185133882409,2.031481919885655,81,2.135103097709556,2.135103097709556,0.34284502651402315,1.5741019307130624,2.7074747032837183,81,0.7906703835997104,0.8031802299317032,0.09232205502845092,0.5855439423010901,1.0,81,1.005069477355901,1.0085529256467987,0.28649813452047623,0.5,1.766908609332754,81,15.65824615767646,15.365822339316022,4.746894106927602,7.0265474990330965,27.31174860035672,81,18.3643641489984,18.364364148998405,3.552713678800501e-15,18.364364148998405,18.364364148998405,81,cases/granite_sparse.yaml,granite_sparse,good_to_medium,sparse,mixed,moderate
granite_sparse,50,80,80.5,16.72099957676667,15.409467870967813,19.061378751267977,19.06137875126798,15.53024188371098,18.75,0.9287866919923728,-1.190757693055689,-0.03208401596078714,0.9836644161300628,-0.3113787512679771,21,100.0,100.0,100.0,100.0,100.0,0.0,0,100.0,0.0,100.0,0,0.25,P32_derived_Jv_proxy,100.0,100.0,0.0,0.0,0.0,0.0,0.0,0.0,0.0,0.0,21,0,0,21,1.0,0.0,78.53981633974483,7.0,0.26738030439438415,0.0,0.0,0.0,0.26738030439438415,0.43336338904451543,0.0,0.43336338904451543,1,1,1,1,1,1,100.0,100.0,0.0,100.0,100.0,81,4.0,4.0,0.0,4.0,4.0,81,1.5378205091472006,1.5378205091472006,0.25283519517039243,0.8409051182031397,1.8416971274417941,81,2.0169324176574888,2.0169324176574888,0.4602046387129789,1.0627981844170034,2.6566478798653015,81,0.7938390319979844,0.7991128798108118,0.10819846485450738,0.5738170559431729,1.0,81,1.0118141904934224,1.0057213680815007,0.3164670787012683,0.5,1.8821514771085883,81,16.72099957676667,15.409467870967813,6.523712540431718,7.329333326937683,35.64033934218832,81,19.061378751267977,19.06137875126798,3.552713678800501e-15,19.06137875126798,19.06137875126798,81,cases/granite_sparse.yaml,granite_sparse,good_to_medium,sparse,mixed,moderate
granite_sparse,51,10,10.5,17.855447775893342,16.308273179576464,19.425182548685335,19.42518254868533,24.231117873979038,18.964234790567243,1.3570714203366825,6.3756700980856955,0.13260270443343258,0.9762706086821672,-0.46094775811809185,22,100.0,100.0,100.0,100.0,99.93315942627937,0.14285714285714285,1,100.0,0.3,99.95588995549635,3,0.25,P32_derived_Jv_proxy,100.0,100.0,0.0,-0.06684057372062568,0.0,-0.06684057372062568,0.0,0.06684057372062568,0.0,0.06684057372062568,22,1,0,22,1.0,0.0,78.53981633974483,7.0,0.2801126998417358,0.14285714285714285,0.14285714285714285,0.0,0.2801126998417358,0.5529623131255281,0.3523183482683614,0.20064396485716673,0,1,1,1,1,1,100.0,100.0,0.0,100.0,100.0,81,4.0,4.0,0.0,4.0,4.0,81,1.5541628435712587,1.5541628435712587,0.3474182810101375,0.9063228169429904,2.1079750752297426,81,2.000190782861449,2.000190782861449,0.45268947085872463,1.1961156244406534,3.0608935514712865,81,0.8069341623113596,0.8050898115906931,0.09220232731602251,0.5303740571999812,1.0,81,0.9772009866085334,0.9338746072220193,0.3038260494765155,0.5,1.6612061864765497,81,17.855447775893342,16.308273179576464,6.625369581706469,9.048302178759176,37.96564790853428,81,19.425182548685335,19.42518254868533,3.552713678800501e-15,19.42518254868533,19.42518254868533,81,cases/granite_sparse.yaml,granite_sparse,good_to_medium,sparse,mixed,moderate
granite_sparse,51,20,20.5,16.653930544797362,14.76058979666452,18.164309962656066,18.16430996265607,22.278946260889917,20.612100445220182,1.3377590473889538,5.625015716092555,0.12637789683022915,1.1347582422671998,2.447790482564116,18,98.85620720871259,98.85620720871259,98.85620720871259,100.0,99.93315942627937,0.14285714285714285,1,98.85620720871259,0.3,99.95588995549635,3,0.25,P32_derived_Jv_proxy,100.0,98.85620720871259,1.1437927912874102,1.0769522175667845,0.0,-0.06684057372062568,1.1437927912874102,1.0769522175667845,0.0,0.06684057372062568,18,1,0,18,1.0,0.0,78.53981633974483,7.0,0.22918311805232927,0.14285714285714285,0.14285714285714285,0.0,0.22918311805232927,0.4955308455994577,0.1438116055350125,0.3517192400644452,0,1,1,1,1,1,98.85620720871259,98.85620720871259,0.0,98.85620720871259,98.85620720871259,81,4.0,4.0,0.0,4.0,4.0,81,1.464145080603462,1.464145080603462,0.2688754584975143,0.9315518711793273,1.9618848992584255,81,1.9920909433020446,1.9920909433020446,0.4595825761896731,1.3082244348079022,2.959701703009885,81,0.815941136305098,0.8072649511295511,0.10039738939437683,0.5145903613530548,1.0,81,0.9912417643209227,1.0167203311381006,0.29466277594248785,0.5,1.670831042112046,81,16.653930544797362,14.76058979666452,6.301865261326736,6.187884966233668,36.32861992531214,81,18.164309962656066,18.16430996265607,3.552713678800501e-15,18.16430996265607,18.16430996265607,81,cases/granite_sparse.yaml,granite_sparse,good_to_medium,sparse,mixed,moderate
granite_sparse,51,30,30.5,17.100639071018495,16.340032166713666,20.74587218384122,20.745872183841225,18.227481488184505,22.065972883972766,1.0658947547215203,1.12684241716601,0.027714325046869437,1.063631969214568,1.320100700131544,15,100.0,100.0,100.0,99.60774874293932,99.79947827883811,0.42857142857142855,3,100.0,0.1,99.99503320866597,1,0.25,P32_derived_Jv_proxy,100.0,100.0,-0.3922512570606784,-0.20052172116189126,-0.3922512570606784,-0.20052172116189126,0.3922512570606784,0.20052172116189126,0.3922512570606784,0.20052172116189126,15,3,1,14,0.9333333333333333,0.06666666666666667,78.53981633974483,7.0,0.1909859317102744,0.42857142857142855,0.42857142857142855,0.012732395447351627,0.17825353626292278,0.3572409490118954,0.2236133778879018,0.1336275711239936,1,1,1,1,1,1,100.0,100.0,0.0,100.0,100.0,81,4.0,4.0,0.0,4.0,4.0,81,1.5277179619624441,1.5277179619624441,0.31198041332592996,0.8636264554778019,2.2288812231012147,81,1.8409902804090952,1.8409902804090952,0.5005979142949876,0.821601352985948,2.710897578131306,81,0.7858091298014285,0.7845142905262456,0.08985074709213502,0.5715791235736324,1.0,81,1.0310814505311707,1.0169442276015848,0.2911337577769954,0.5,1.9044562340043607,81,17.100639071018495,16.340032166713666,5.121537209890396,7.435356878841601,31.335844672915197,81,20.74587218384122,20.745872183841225,3.552713678800501e-15,20.745872183841225,20.745872183841225,81,cases/granite_sparse.yaml,granite_sparse,good_to_medium,sparse,mixed,moderate
granite_sparse,51,40,40.5,16.034177958307986,14.287025894832226,19.17484668414347,19.174846684143475,21.625964256602323,18.96287262155453,1.3487416887123294,5.591786298294338,0.12992878146668962,0.9889452016967504,-0.21197406258893992,20,100.0,100.0,100.0,99.33480409444893,99.79947827883811,0.42857142857142855,3,100.0,0.1,99.99503320866597,1,0.25,P32_derived_Jv_proxy,100.0,100.0,-0.665195905551073,-0.20052172116189126,-0.665195905551073,-0.20052172116189126,0.665195905551073,0.20052172116189126,0.665195905551073,0.20052172116189126,20,3,1,19,0.95,0.05,78.53981633974483,7.0,0.25464790894703254,0.42857142857142855,0.42857142857142855,0.012732395447351627,0.2419155134996809,0.37036262966594713,0.33233268353704026,0.038029946128906866,0,1,1,1,1,1,100.0,100.0,0.0,100.0,100.0,81,4.0,4.0,0.0,4.0,4.0,81,1.4090505438150196,1.4090505438150196,0.21777006909473473,0.9566389265405033,1.7476543187758835,81,1.8371079662663294,1.8371079662663294,0.3425807799044978,1.3397227098416586,2.6433446821519024,81,0.807218682264119,0.789772509678702,0.10283430440142691,0.5538072656124634,1.0,81,1.0463773473319053,1.0966182589559417,0.2587405606464073,0.5,1.6718416434034427,81,16.034177958307986,14.287025894832226,5.749087174728044,7.894595596468031,35.30168054405082,81,19.17484668414347,19.174846684143475,3.552713678800501e-15,19.174846684143475,19.174846684143475,81,cases/granite_sparse.yaml,granite_sparse,good_to_medium,sparse,mixed,moderate
granite_sparse,51,50,50.5,17.996517673852093,16.904352740086683,21.616131656887298,21.6161316568873,10.729553803913456,16.942254442132736,0.5962016651423003,-7.266963869938637,-0.22460681535286353,0.7837782777722221,-4.673877214754562,17,99.23065166218609,99.23065166218609,99.23065166218609,100.0,99.68282947904478,0.42857142857142855,3,99.23065166218609,0.3,99.95588995549635,3,0.25,P32_derived_Jv_proxy,100.0,99.23065166218609,0.7693483378139092,0.4521778168586934,0.0,-0.3171705209552158,0.7693483378139092,0.4521778168586934,0.0,0.3171705209552158,17,3,2,15,0.8823529411764706,0.11764705882352941,78.53981633974483,7.0,0.21645072260497766,0.42857142857142855,0.42857142857142855,0.025464790894703253,0.1909859317102744,0.5273949373655848,0.22618273050402904,0.3012122068615558,0,0,1,0,1,1,99.23065166218609,99.23065166218609,0.0,99.23065166218609,99.23065166218609,81,4.0,4.0,0.0,4.0,4.0,81,1.499888762835739,1.499888762835739,0.3704310877567179,0.7627934953907393,2.118860755220405,81,1.7213410535177656,1.7213410535177656,0.49347579289257665,0.75,2.467044134427584,81,0.7970853688359029,0.7941504334039503,0.09886732986393418,0.536069052069871,1.0,81,1.0434167522196485,1.0320528664875812,0.29676652321174823,0.5,1.9662893953373841,81,17.996517673852093,16.904352740086683,5.89214951981524,8.209781642987696,36.8860722114367,81,21.616131656887298,21.6161316568873,3.552713678800501e-15,21.6161316568873,21.6161316568873,81,cases/granite_sparse.yaml,granite_sparse,good_to_medium,sparse,mixed,moderate
granite_sparse,51,60,60.5,16.332844129648578,15.525327084938363,19.235478668629437,19.235478668629437,25.395106520276947,18.75,1.5548490096821463,9.06226239062837,0.1916882213720541,0.9747612899583732,-0.4854786686294368,22,100.0,100.0,100.0,100.0,100.0,0.0,0,100.0,0.3,99.95588995549635,3,0.25,P32_derived_Jv_proxy,100.0,100.0,0.0,0.0,0.0,0.0,0.0,0.0,0.0,0.0,22,0,0,22,1.0,0.0,78.53981633974483,7.0,0.2801126998417358,0.0,0.0,0.0,0.2801126998417358,0.33886166366473613,0.0,0.33886166366473613,0,0,1,1,1,1,100.0,100.0,0.0,100.0,100.0,81,4.0,4.0,0.0,4.0,4.0,81,1.45819517899585,1.45819517899585,0.27782003741162065,0.8982545903107932,1.8720258287283857,81,1.8951896182521006,1.8951896182521006,0.3509189176260362,1.3508046483687823,2.6423064841282162,81,0.8131424001623218,0.818556709405455,0.09702222170858028,0.5086314498032902,1.0,81,1.0559840633695008,1.0668078586324339,0.31574060399209253,0.5,1.689659858254578,81,16.332844129648578,15.525327084938363,5.735404310000297,7.796853138845372,33.75808560760769,81,19.235478668629437,19.235478668629437,0.0,19.235478668629437,19.235478668629437,81,cases/granite_sparse.yaml,granite_sparse,good_to_medium,sparse,mixed,moderate
granite_sparse,51,70,70.5,17.47102095781229,15.193842969881622,19.172651026175455,19.17265102617545,15.599744136227047,18.75,0.8928925318043026,-1.8712768215852424,-0.04920080947989858,0.977955525002858,-0.4226510261754548,23,100.0,100.0,100.0,100.0,100.0,0.0,0,100.0,0.3,99.95588995549635,3,0.25,P32_derived_Jv_proxy,100.0,100.0,0.0,0.0,0.0,0.0,0.0,0.0,0.0,0.0,23,0,0,23,1.0,0.0,78.53981633974483,7.0,0.2928450952890874,0.0,0.0,0.0,0.2928450952890874,0.44446666010841784,0.0,0.44446666010841784,1,1,1,1,1,1,100.0,100.0,0.0,100.0,100.0,81,4.0,4.0,0.0,4.0,4.0,81,1.505303108017898,1.505303108017898,0.317891100247133,0.6695334498304335,2.1965905808242456,81,1.9628259883867698,1.9628259883867698,0.42773510327442993,0.9044328720053005,2.874827323850642,81,0.8023404130066586,0.8042982252052315,0.0945332022242995,0.5760668787595602,1.0,81,0.9797225629969077,0.9885438605895746,0.2973216732079027,0.5,1.7695815526314984,81,17.47102095781229,15.193842969881622,6.458137621537343,8.502981935194018,36.707833026175344,81,19.172651026175455,19.17265102617545,3.552713678800501e-15,19.17265102617545,19.17265102617545,81,cases/granite_sparse.yaml,granite_sparse,good_to_medium,sparse,mixed,moderate
granite_sparse,51,80,80.5,19.32925800770373,18.346774356214503,21.85999797588415,21.859997975884152,17.54014386522115,19.258007291502047,0.9074401023686723,-1.7891141424825783,-0.04218203193292536,0.8809702229957841,-2.601990684382102,16,100.0,100.0,100.0,100.0,99.93315942627937,0.14285714285714285,1,100.0,0.5,99.87908957257498,5,0.25,P32_derived_Jv_proxy,100.0,100.0,0.0,-0.06684057372062568,0.0,-0.06684057372062568,0.0,0.06684057372062568,0.0,0.06684057372062568,16,1,0,16,1.0,0.0,78.53981633974483,7.0,0.20371832715762603,0.14285714285714285,0.14285714285714285,0.0,0.20371832715762603,0.4228250031864462,0.19204590521235898,0.23077909797408724,1,1,1,1,1,1,100.0,100.0,0.0,100.0,100.0,81,4.0,4.0,0.0,4.0,4.0,81,1.4581284493503892,1.4581284493503892,0.26788084629325,0.8623816010400658,1.9711109631272477,81,1.667576148633442,1.667576148633442,0.6638558409964541,0.75,2.716616384158575,81,0.805383436447178,0.8076600411866947,0.1002509035550152,0.5610539298096725,1.0,81,0.9952001961939748,0.9894195621814642,0.28467629427346325,0.5,1.7737852241566043,81,19.32925800770373,18.346774356214503,6.527951317378016,8.368784105122675,40.86781066731885,81,21.85999797588415,21.859997975884152,3.552713678800501e-15,21.859997975884152,21.859997975884152,81,cases/granite_sparse.yaml,granite_sparse,good_to_medium,sparse,mixed,moderate
granite_dense_unfavorable,42,10,10.5,9.899094115368234,9.192451184413093,11.441279009822752,11.441279009822754,10.33368432213282,10.827886546715886,1.043902017871503,0.43459020676458593,0.018659737081266226,0.9463877716311047,-0.6133924631068659,187,97.6413442556088,97.6413442556088,97.6413442556088,100.0,99.86631885255873,0.2857142857142857,2,97.6413442556088,2.4,97.54185477225263,24,2.2,P32_derived_Jv_proxy,100.0,97.6413442556088,2.3586557443912,2.2249745969499344,0.0,-0.13368114744126558,2.3586557443912,2.2249745969499344,0.0,0.13368114744126558,187,2,1,186,0.9946524064171123,0.0053475935828877,78.53981633974483,7.0,2.3809579486547543,0.2857142857142857,0.2857142857142857,0.012732395447351627,2.368225553207403,0.8908592905900214,0.8619923933249299,0.028866897265091507,1,1,1,1,1,1,97.6413442556088,97.6413442556088,0.0,97.6413442556088,97.6413442556088,81,4.0,4.0,0.0,4.0,4.0,81,1.1644221459709816,1.1644221459709816,0.3204171370491603,0.5,1.9192132080435826,81,2.484332029574566,2.484332029574566,0.48955030700767777,1.073426901929234,4.307606045568007,81,0.8058327165278021,0.8181410398520713,0.09698859505082212,0.5852422834053733,1.0,81,1.0105751285485172,1.0472893591873296,0.2692197399597699,0.5,1.590837079968735,81,9.899094115368234,9.192451184413093,3.3167549344057896,5.058249345732637,22.72108486222854,81,11.441279009822752,11.441279009822754,1.7763568394002505e-15,11.441279009822754,11.441279009822754,81,cases/granite_dense_unfavorable.yaml,granite_dense_unfavorable,medium_to_poor,dense,unfavorable,high
granite_dense_unfavorable,42,20,20.5,9.77695763075548,8.607308089704858,11.22749238036333,11.227492380363332,12.692285543187808,12.257026191544742,1.2981835477389767,2.9153279124323284,0.11333610088857804,1.0916975738039285,1.0295338111814125,181,100.0,100.0,100.0,100.0,99.93315942627937,0.14285714285714285,1,100.0,1.1,99.43758901791463,11,2.2,P32_derived_Jv_proxy,100.0,100.0,0.0,-0.06684057372062568,0.0,-0.06684057372062568,0.0,0.06684057372062568,0.0,0.06684057372062568,181,1,0,181,1.0,0.0,78.53981633974483,7.0,2.3045635759706444,0.14285714285714285,0.14285714285714285,0.0,2.3045635759706444,0.8891460140566586,0.9473485287279009,-0.05820251467124227,0,1,1,1,1,1,100.0,100.0,0.0,100.0,100.0,81,4.0,4.0,0.0,4.0,4.0,81,1.1537763730569555,1.1537763730569555,0.2982962279084699,0.5,1.940601914834916,81,2.5690874105487884,2.5690874105487884,0.48306772053427166,0.75,3.8822117195934993,81,0.798630632879434,0.8018718996317244,0.08741301252741472,0.5433440278598597,1.0,81,1.0092073471858596,0.9800795884711129,0.29175180259474975,0.5,1.818773120744136,81,9.77695763075548,8.607308089704858,3.5702961141099987,4.931135733523537,21.460669055050943,81,11.22749238036333,11.227492380363332,1.7763568394002505e-15,11.227492380363332,11.227492380363332,81,cases/granite_dense_unfavorable.yaml,granite_dense_unfavorable,medium_to_poor,dense,unfavorable,high
granite_dense_unfavorable,42,30,30.5,9.733870305493802,8.810704494789766,11.483037005413268,11.48303700541327,9.40848251055994,11.924000526414021,0.9665715912867451,-0.32538779493386194,-0.014765973451962955,1.0384012975655201,0.44096352100075364,181,98.11650345253786,98.11650345253786,98.11650345253786,100.0,99.86631885255873,0.2857142857142857,2,98.11650345253786,2.1,98.08069376239264,21,2.2,P32_derived_Jv_proxy,100.0,98.11650345253786,1.8834965474621441,1.7498154000208785,0.0,-0.13368114744126558,1.8834965474621441,1.7498154000208785,0.0,0.13368114744126558,181,2,1,180,0.994475138121547,0.0055248618784530384,78.53981633974483,7.0,2.3045635759706444,0.2857142857142857,0.2857142857142857,0.012732395447351627,2.291831180523293,0.8860894565672214,0.8814245098099143,0.004664946757307109,1,1,1,1,1,1,98.11650345253786,98.11650345253786,0.0,98.11650345253786,98.11650345253786,81,4.0,4.0,0.0,4.0,4.0,81,1.188686840975946,1.188686840975946,0.32197817163927034,0.5,1.9606688282806888,81,2.5391757529306433,2.5391757529306433,0.5311243012811688,1.3778524154753606,4.08235674694029,81,0.7859828510482846,0.7902061459452242,0.09814277936060319,0.41211259942630074,1.0,81,0.9982078557519091,1.0207631939712856,0.25956750463695677,0.5,1.4964035952855428,81,9.733870305493802,8.810704494789766,2.970257922422246,5.191858806674663,17.41024628383053,81,11.483037005413268,11.48303700541327,1.7763568394002505e-15,11.48303700541327,11.48303700541327,81,cases/granite_dense_unfavorable.yaml,granite_dense_unfavorable,medium_to_poor,dense,unfavorable,high
granite_dense_unfavorable,42,40,40.5,10.329705042595632,9.559069023914299,11.903303827981192,11.903303827981194,9.845956667847668,12.0,0.9531691976921726,-0.4837483747479645,-0.02083000061897733,1.008123473400007,0.09669617201880776,158,98.32655671403168,98.32655671403168,98.32655671403168,100.0,100.0,0.0,0,98.32655671403168,2.2,97.90729335142237,22,2.2,P32_derived_Jv_proxy,100.0,98.32655671403168,1.6734432859683182,1.6734432859683182,0.0,0.0,1.6734432859683182,1.6734432859683182,0.0,0.0,158,0,0,158,1.0,0.0,78.53981633974483,7.0,2.011718480681557,0.0,0.0,0.0,2.011718480681557,0.8819251305875319,0.0,0.8819251305875319,1,1,1,1,1,1,98.32655671403168,98.32655671403168,0.0,98.32655671403168,98.32655671403168,81,4.0,4.0,0.0,4.0,4.0,81,1.2001668785152868,1.2001668785152868,0.2914345677131849,0.5,1.9151077936833503,81,2.4784773696449025,2.4784773696449025,0.576078461232558,0.7732855411543524,3.8664047423448515,81,0.80108886078776,0.7830120710909552,0.10261550287205679,0.5791784315829681,1.0,81,0.9914101247756762,0.9808340827685149,0.2531766761769635,0.5,1.7645533590169384,81,10.329705042595632,9.559069023914299,3.34315151855301,5.453188615248977,21.982438691586324,81,11.903303827981192,11.903303827981194,1.7763568394002505e-15,11.903303827981194,11.903303827981194,81,cases/granite_dense_unfavorable.yaml,granite_dense_unfavorable,medium_to_poor,dense,unfavorable,high
granite_dense_unfavorable,42,50,50.5,10.605217347468313,9.424945463274954,11.834236249204421,11.834236249204421,11.546786078003839,11.95591850737672,1.0887835392416825,0.9415687305355256,0.0369415463700169,1.0102822231709696,0.12168225817229938,173,98.82235237708493,98.82235237708493,98.82235237708493,100.0,99.93315942627937,0.14285714285714285,1,98.82235237708493,1.7,98.70878354177688,17,2.2,P32_derived_Jv_proxy,100.0,98.82235237708493,1.1776476229150745,1.1108070491944488,0.0,-0.06684057372062568,1.1776476229150745,1.1108070491944488,0.0,0.06684057372062568,173,1,1,172,0.9942196531791907,0.005780346820809248,78.53981633974483,7.0,2.2027044123918316,0.14285714285714285,0.14285714285714285,0.012732395447351627,2.1899720169444796,0.8911948930675598,0.8253065550397751,0.06588833802778471,1,1,1,1,1,1,98.82235237708493,98.82235237708493,0.0,98.82235237708493,98.82235237708493,81,4.0,4.0,0.0,4.0,4.0,81,1.1917468874394126,1.1917468874394126,0.31116124142220686,0.5,2.118887745476324,81,2.4879347592614858,2.4879347592614858,0.48350857157575344,1.1603678204293069,3.4331049849124664,81,0.801977084343542,0.8126918194318841,0.09422359011018473,0.575396349393484,1.0,81,1.0039593712621988,1.0038870558080872,0.3151960495864051,0.5,1.850565605707763,81,10.605217347468313,9.424945463274954,4.217897090827998,5.349681964044345,22.816567315631346,81,11.834236249204421,11.834236249204421,0.0,11.834236249204421,11.834236249204421,81,cases/granite_dense_unfavorable.yaml,granite_dense_unfavorable,medium_to_poor,dense,unfavorable,high
granite_dense_unfavorable,42,60,60.5,10.722412278154295,9.90561024926345,11.880396035095918,11.88039603509592,10.784691126145178,12.56825768188916,1.0058082870137133,0.06227884799088379,0.00251520952064177,1.0578988818858586,0.687861646793241,176,98.96840246214987,98.96840246214987,98.96840246214987,98.95734833401265,99.7496700527654,0.2857142857142857,2,98.96840246214987,2.2,97.90729335142237,22,2.2,P32_derived_Jv_proxy,100.0,98.96840246214987,-0.011054128137217845,0.7812675906155278,-1.04265166598735,-0.25032994723460433,0.011054128137217845,0.7812675906155278,1.04265166598735,0.25032994723460433,176,2,1,175,0.9943181818181818,0.005681818181818182,78.53981633974483,7.0,2.2409015987338865,0.2857142857142857,0.2857142857142857,0.012732395447351627,2.2281692032865346,0.8851094976002911,0.8490474817607478,0.03606201583954327,1,1,1,1,1,1,98.96840246214987,98.96840246214987,0.0,98.96840246214987,98.96840246214987,81,4.0,4.0,0.0,4.0,4.0,81,1.185114049861877,1.185114049861877,0.3068116614434286,0.5,2.1789496362622827,81,2.468117306523183,2.468117306523183,0.538726552993343,1.0384613330939545,4.107604739369504,81,0.796531347629674,0.8009249700722829,0.08300327805529423,0.5657463866024023,1.0,81,0.9485468535984315,0.9675484791222612,0.23298584419055413,0.5,1.5727726683934522,81,10.722412278154295,9.90561024926345,3.395292594388125,5.151865492681404,22.875023529236852,81,11.880396035095918,11.88039603509592,1.7763568394002505e-15,11.88039603509592,11.88039603509592,81,cases/granite_dense_unfavorable.yaml,granite_dense_unfavorable,medium_to_poor,dense,unfavorable,high
granite_dense_unfavorable,42,70,70.5,9.869245533138063,9.068521017285452,11.27161281888763,11.271612818887629,9.743459952593183,11.745730121598156,0.9872547926665186,-0.1257855805448802,-0.0055707492869659925,1.0420629514452497,0.47411730271052477,201,96.54591209339148,96.54591209339148,96.54591209339148,99.51098223298702,99.33865723664778,0.7142857142857143,5,96.54591209339148,3.0,96.30636868862332,30,2.2,P32_derived_Jv_proxy,100.0,96.54591209339148,2.9650701395955394,2.7927451432562975,-0.4890177670129816,-0.6613427633522235,2.9650701395955394,2.7927451432562975,0.4890177670129816,0.6613427633522235,201,5,2,199,0.9900497512437811,0.009950248756218905,78.53981633974483,7.0,2.559211484917677,0.7142857142857143,0.7142857142857143,0.025464790894703253,2.5337466940229736,0.8864021365108353,0.824628959201817,0.06177317730901832,1,1,1,1,1,1,96.54591209339148,96.54591209339148,0.0,96.54591209339148,96.54591209339148,81,4.0,4.0,0.0,4.0,4.0,81,1.1845295760252634,1.1845295760252634,0.2716415049465,0.5652030139245636,1.8537032463453562,81,2.5364934494406155,2.5364934494406155,0.4783550254827258,1.4058531720718788,3.8256666518484845,81,0.8058055492208281,0.8141794615669642,0.0996122281003249,0.5807036689543598,1.0,81,0.9987298165939238,1.0016184826170826,0.27952843148427436,0.5,1.7536793343175698,81,9.869245533138063,9.068521017285452,3.148192443241621,5.045614665850029,19.152553498261938,81,11.27161281888763,11.271612818887629,1.7763568394002505e-15,11.271612818887629,11.271612818887629,81,cases/granite_dense_unfavorable.yaml,granite_dense_unfavorable,medium_to_poor,dense,unfavorable,high
granite_dense_unfavorable,42,80,80.5,10.639239500734845,9.082425428600782,11.949907790728615,11.949907790728613,10.907633080347313,12.535733876423308,1.0252267635853043,0.2683935796124679,0.010819934934855002,1.0490234816831983,0.5858260856946931,181,95.57441151816931,95.57441151816931,95.57441151816931,100.0,99.93315942627937,0.14285714285714285,1,95.57441151816931,2.4,97.54185477225263,24,2.2,P32_derived_Jv_proxy,100.0,95.57441151816931,4.425588481830687,4.358747908110061,0.0,-0.06684057372062568,4.425588481830687,4.358747908110061,0.0,0.06684057372062568,181,1,0,181,1.0,0.0,78.53981633974483,7.0,2.3045635759706444,0.14285714285714285,0.14285714285714285,0.0,2.3045635759706444,0.886063709316285,0.5841117255030779,0.3019519838132071,1,1,1,1,1,1,95.57441151816931,95.57441151816931,0.0,95.57441151816931,95.57441151816931,81,4.0,4.0,0.0,4.0,4.0,81,1.2453813287320297,1.2453813287320297,0.29620415914836035,0.5,2.126268252156388,81,2.49011518945834,2.49011518945834,0.49180070321543706,1.097835074447658,3.8294206522629617,81,0.8352915629243561,0.840021308278835,0.10435776269106348,0.6032036668355003,1.0,81,1.0498513137319603,1.058428281550172,0.3124754782145494,0.5,1.715070482424471,81,10.639239500734845,9.082425428600782,4.260188686670493,4.735198092957617,23.53728218745367,81,11.949907790728615,11.949907790728613,1.7763568394002505e-15,11.949907790728613,11.949907790728613,81,cases/granite_dense_unfavorable.yaml,granite_dense_unfavorable,medium_to_poor,dense,unfavorable,high
granite_dense_unfavorable,43,10,10.5,9.509317550753694,8.600102740928246,11.124976954248368,11.124976954248368,12.030866860070722,12.219435670774956,1.2651661694815495,2.5215493093170274,0.10214757037305722,1.0983785153917682,1.0944587165265887,184,94.87816482171843,94.87816482171843,94.87816482171843,100.0,99.68282947904478,0.42857142857142855,3,94.87816482171843,2.5,97.35009788392561,25,2.2,P32_derived_Jv_proxy,100.0,94.87816482171843,5.121835178281572,4.804664657326356,0.0,-0.3171705209552158,5.121835178281572,4.804664657326356,0.0,0.3171705209552158,184,3,1,183,0.9945652173913043,0.005434782608695652,78.53981633974483,7.0,2.3427607623126994,0.42857142857142855,0.42857142857142855,0.012732395447351627,2.330028366865348,0.8894271077308247,0.8154484105761963,0.07397869715462835,0,1,1,1,1,1,94.87816482171843,94.87816482171843,0.0,94.87816482171843,94.87816482171843,81,4.0,4.0,0.0,4.0,4.0,81,1.172807953348847,1.172807953348847,0.266197878074743,0.5016114435914398,1.8308687296464723,81,2.5005415013368024,2.5005415013368024,0.5151943246926391,1.2677086406706393,3.8745636783134247,81,0.8014014062393723,0.8140371538245594,0.10213771782066143,0.5231364227270517,1.0,81,1.0438481419175636,1.0508647323810545,0.3231129883238189,0.5,1.7828850917918175,81,9.509317550753694,8.600102740928246,3.5715660184472906,4.4483266769465635,19.333789437930136,81,11.124976954248368,11.124976954248368,0.0,11.124976954248368,11.124976954248368,81,cases/granite_dense_unfavorable.yaml,granite_dense_unfavorable,medium_to_poor,dense,unfavorable,high
granite_dense_unfavorable,43,20,20.5,9.33676069312137,8.852932780828375,11.45854343542839,11.458543435428389,9.842376902605618,12.092473806220271,1.054153279290616,0.5056162094842485,0.02290376411199302,1.0553238179323776,0.6339303707918802,163,97.73276010928585,97.73276010928585,97.73276010928585,100.0,99.7496700527654,0.2857142857142857,2,97.73276010928585,2.8,96.74031890633287,28,2.2,P32_derived_Jv_proxy,100.0,97.73276010928585,2.2672398907141513,2.016909943479547,0.0,-0.25032994723460433,2.2672398907141513,2.016909943479547,0.0,0.25032994723460433,163,2,1,162,0.9938650306748467,0.006134969325153374,78.53981633974483,7.0,2.0753804579183153,0.2857142857142857,0.2857142857142857,0.012732395447351627,2.0626480624709633,0.8871988429907871,0.8145991737273083,0.07259966926347883,1,1,1,1,1,1,97.73276010928585,97.73276010928585,0.0,97.73276010928585,97.73276010928585,81,4.0,4.0,0.0,4.0,4.0,81,1.2075952535122014,1.2075952535122014,0.30728219603929513,0.5,2.1721864089133556,81,2.5749698878766756,2.5749698878766756,0.4515658940873179,1.2053204219968516,3.774355358638725,81,0.7779195492674149,0.7792094108697226,0.10401566941795344,0.5525150982087609,1.0,81,1.0283543124605499,1.0457797336449728,0.25305032988175064,0.5,1.525670655885865,81,9.33676069312137,8.852932780828375,3.1525394276090406,4.684705236756976,19.81463996555671,81,11.45854343542839,11.458543435428389,1.7763568394002505e-15,11.458543435428389,11.458543435428389,81,cases/granite_dense_unfavorable.yaml,granite_dense_unfavorable,medium_to_poor,dense,unfavorable,high
granite_dense_unfavorable,43,30,30.5,11.213175107021241,10.942944746470848,12.344604122729065,12.344604122729063,10.286460735940716,12.047071499492366,0.9173548649480865,-0.926714371080525,-0.037462631531481216,0.9758977590306945,-0.29753262323669816,182,98.0824015338882,98.0824015338882,98.0824015338882,98.91909549007961,99.43249953181018,0.7142857142857143,5,98.0824015338882,1.8,98.56188494653009,18,2.2,P32_derived_Jv_proxy,100.0,98.0824015338882,0.8366939561914108,1.3500979979219778,-1.0809045099203871,-0.5675004681898201,0.8366939561914108,1.3500979979219778,1.0809045099203871,0.5675004681898201,182,5,4,178,0.978021978021978,0.02197802197802198,78.53981633974483,7.0,2.317295971417996,0.7142857142857143,0.7142857142857143,0.05092958178940651,2.2663663896285895,0.8854245550150429,0.835155649783174,0.05026890523186889,1,1,1,1,1,1,98.0824015338882,98.0824015338882,0.0,98.0824015338882,98.0824015338882,81,4.0,4.0,0.0,4.0,4.0,81,1.261766225997926,1.261766225997926,0.2916223263363775,0.5,2.1343117011366046,81,2.5062987113609427,2.5062987113609427,0.47071533305823055,1.4235518598243981,3.785382026592666,81,0.8041682561944393,0.8144260509696161,0.09695893638668682,0.5622243506084872,1.0,81,0.9413077924833457,0.9200045478104086,0.24226814047056236,0.5,1.542426758971279,81,11.213175107021241,10.942944746470848,3.001064222371423,6.553492763007471,18.542112287651936,81,12.344604122729065,12.344604122729063,1.7763568394002505e-15,12.344604122729063,12.344604122729063,81,cases/granite_dense_unfavorable.yaml,granite_dense_unfavorable,medium_to_poor,dense,unfavorable,high
granite_dense_unfavorable,43,40,40.5,10.827906549893642,10.000124226472204,12.344246056022358,12.34424605602236,11.465694341353721,11.887641533265988,1.0589022253305598,0.6377877914600791,0.024855860995325774,0.9630107403332577,-0.4566045227563702,175,98.17633543589336,98.17633543589336,98.17633543589336,100.0,99.93315942627937,0.14285714285714285,1,98.17633543589336,2.1,98.08069376239264,21,2.2,P32_derived_Jv_proxy,100.0,98.17633543589336,1.823664564106636,1.7568239903860103,0.0,-0.06684057372062568,1.823664564106636,1.7568239903860103,0.0,0.06684057372062568,175,1,1,174,0.9942857142857143,0.005714285714285714,78.53981633974483,7.0,2.2281692032865346,0.14285714285714285,0.14285714285714285,0.012732395447351627,2.215436807839183,0.8826769323080408,0.8422150861201197,0.040461846187921036,1,1,1,1,1,1,98.17633543589336,98.17633543589336,0.0,98.17633543589336,98.17633543589336,81,4.0,4.0,0.0,4.0,4.0,81,1.2300844651949463,1.2300844651949463,0.27598551314625336,0.520858887930468,2.13110635009391,81,2.445778877895566,2.445778877895566,0.48559939799486856,1.1758774411287733,3.662489306317438,81,0.8212137045184241,0.8103209676572208,0.09453284979587645,0.5624051435040069,1.0,81,1.039693594951147,1.0296064113542802,0.3119081093139165,0.5,1.6864390077401887,81,10.827906549893642,10.000124226472204,3.92447081663848,4.2811479929856056,23.730887391398834,81,12.344246056022358,12.34424605602236,1.7763568394002505e-15,12.34424605602236,12.34424605602236,81,cases/granite_dense_unfavorable.yaml,granite_dense_unfavorable,medium_to_poor,dense,unfavorable,high
granite_dense_unfavorable,43,50,50.5,10.788978185816173,9.89636493490836,11.886614984972072,11.886614984972073,7.8812602599163215,12.041851229057565,0.7304918152747302,-2.907717925899852,-0.136384645713167,1.0130597520220648,0.15523624408549352,178,95.75073554238276,95.75073554238276,95.75073554238276,100.0,99.93315942627937,0.14285714285714285,1,95.75073554238276,2.4,97.54185477225263,24,2.2,P32_derived_Jv_proxy,100.0,95.75073554238276,4.249264457617244,4.182423883896618,0.0,-0.06684057372062568,4.249264457617244,4.182423883896618,0.0,0.06684057372062568,178,1,1,177,0.9943820224719101,0.0056179775280898875,78.53981633974483,7.0,2.2663663896285895,0.14285714285714285,0.14285714285714285,0.012732395447351627,2.253633994181238,0.8956976370214675,0.8267831330379626,0.06891450398350496,0,1,1,1,1,1,95.75073554238276,95.75073554238276,0.0,95.75073554238276,95.75073554238276,81,4.0,4.0,0.0,4.0,4.0,81,1.2153893177677948,1.2153893177677948,0.3160945220598508,0.5,1.9895292412164143,81,2.4475938123206262,2.4475938123206262,0.471882728445729,1.1768045822041777,3.6899802975522578,81,0.8051613844720689,0.7960782226200256,0.1060132896310704,0.5904212735944454,1.0,81,0.9806098738886923,0.9504404521207237,0.2829555166867192,0.5,1.6995552875297946,81,10.788978185816173,9.89636493490836,4.121056429439427,5.664824230489619,23.685368905976937,81,11.886614984972072,11.886614984972073,1.7763568394002505e-15,11.886614984972073,11.886614984972073,81,cases/granite_dense_unfavorable.yaml,granite_dense_unfavorable,medium_to_poor,dense,unfavorable,high
granite_dense_unfavorable,43,60,60.5,10.076077216345059,9.292109901526846,11.27956297342101,11.27956297342101,12.814322225486269,12.38590216582658,1.2717570489336192,2.7382450091412096,0.10440415346241738,1.0980835157366053,1.1063391924055708,173,97.2496072376399,97.2496072376399,97.2496072376399,98.7202147533551,99.7496700527654,0.2857142857142857,2,97.2496072376399,2.1,98.08069376239264,21,2.2,P32_derived_Jv_proxy,100.0,97.2496072376399,1.4706075157151872,2.5000628151254887,-1.2797852466449058,-0.25032994723460433,1.4706075157151872,2.5000628151254887,1.2797852466449058,0.25032994723460433,173,2,1,172,0.9942196531791907,0.005780346820809248,78.53981633974483,7.0,2.2027044123918316,0.2857142857142857,0.2857142857142857,0.012732395447351627,2.1899720169444796,0.8878888006262766,0.8636873360015183,0.024201464624758362,0,1,1,1,1,1,97.2496072376399,97.2496072376399,0.0,97.2496072376399,97.2496072376399,81,4.0,4.0,0.0,4.0,4.0,81,1.161966186716815,1.161966186716815,0.3106856126954108,0.5,2.1663027972228885,81,2.5045463983822263,2.5045463983822263,0.5137517107410439,0.8891803464393921,3.653500434193151,81,0.7921876350666046,0.788707062658949,0.0841171521556752,0.5897703572237968,1.0,81,0.9686067130123986,0.9176043750931344,0.2849335024448595,0.5,1.7716145996211208,81,10.076077216345059,9.292109901526846,3.279174112967228,4.717805712579699,19.644545288689546,81,11.27956297342101,11.27956297342101,0.0,11.27956297342101,11.27956297342101,81,cases/granite_dense_unfavorable.yaml,granite_dense_unfavorable,medium_to_poor,dense,unfavorable,high
granite_dense_unfavorable,43,70,70.5,10.906496914549002,9.967779460020697,11.803611910343063,11.80361191034306,9.445854648888039,11.883678519359561,0.8660759474737941,-1.4606422656609634,-0.06244402239079183,1.0067832295423351,0.08006660901649809,155,98.95947718114446,98.95947718114446,98.95947718114446,100.0,99.93315942627937,0.14285714285714285,1,98.95947718114446,1.5,98.98141728888164,15,2.2,P32_derived_Jv_proxy,100.0,98.95947718114446,1.0405228188555355,0.9736822451349099,0.0,-0.06684057372062568,1.0405228188555355,0.9736822451349099,0.0,0.06684057372062568,155,1,0,155,1.0,0.0,78.53981633974483,7.0,1.9735212943395022,0.14285714285714285,0.14285714285714285,0.0,1.9735212943395022,0.8828999515014676,0.9075704717533915,-0.024670520251923844,1,1,1,1,1,1,98.95947718114446,98.95947718114446,0.0,98.95947718114446,98.95947718114446,81,4.0,4.0,0.0,4.0,4.0,81,1.1971635841089778,1.1971635841089778,0.2938046173879572,0.5,2.32342423955256,81,2.509204031859056,2.509204031859056,0.5238992551475745,1.382289781560172,4.285341182039862,81,0.821639142022217,0.8203952367382287,0.08161854996409543,0.6409272034825164,1.0,81,0.9715214717592067,0.9598117094899175,0.2713572503655,0.5,1.5982698200873018,81,10.906496914549002,9.967779460020697,3.7983032215418358,5.45779115975802,23.365839357717675,81,11.803611910343063,11.80361191034306,3.552713678800501e-15,11.80361191034306,11.80361191034306,81,cases/granite_dense_unfavorable.yaml,granite_dense_unfavorable,medium_to_poor,dense,unfavorable,high
granite_dense_unfavorable,43,80,80.5,9.923091026794243,9.389296998750087,11.863875687269683,11.863875687269683,9.161230903965123,11.908188201755271,0.9232235075973856,-0.7618601228291197,-0.03469314581545602,1.0037350791304342,0.04431251448558804,168,99.46687931021965,99.46687931021965,99.46687931021965,100.0,99.79947827883811,0.42857142857142855,3,99.46687931021965,2.0,98.24769036935783,20,2.2,P32_derived_Jv_proxy,100.0,99.46687931021965,0.5331206897803469,0.3325989686184556,0.0,-0.20052172116189126,0.5331206897803469,0.3325989686184556,0.0,0.20052172116189126,168,3,3,165,0.9821428571428571,0.017857142857142856,78.53981633974483,7.0,2.139042435155073,0.42857142857142855,0.42857142857142855,0.03819718634205488,2.1008452488130183,0.8810928126042935,0.8094291014985127,0.07166371110578085,1,1,1,1,1,1,99.46687931021965,99.46687931021965,0.0,99.46687931021965,99.46687931021965,81,4.0,4.0,0.0,4.0,4.0,81,1.1751538002102853,1.1751538002102853,0.29194066275178704,0.5,1.8491814640774054,81,2.463125969490053,2.463125969490053,0.5234338787123415,1.1806418896980564,4.0709651130353945,81,0.7882217612787384,0.7989123157448944,0.10410397492152428,0.5743403119666013,0.9804388142901096,81,1.0303202142754548,1.0055237973194058,0.29940702515844464,0.5,1.9305360718577538,81,9.923091026794243,9.389296998750087,3.4747973317741767,4.93561812168226,22.67716189889599,81,11.863875687269683,11.863875687269683,0.0,11.863875687269683,11.863875687269683,81,cases/granite_dense_unfavorable.yaml,granite_dense_unfavorable,medium_to_poor,dense,unfavorable,high
granite_dense_unfavorable,44,10,10.5,10.354581001870413,9.75729486443233,12.244824379041932,12.244824379041932,9.246279488695233,11.281991185107769,0.8929651027912205,-1.1083015131751797,-0.04916551307264694,0.9213681499930587,-0.9628331939341628,192,97.93142124742278,97.93142124742278,97.93142124742278,100.0,99.86631885255873,0.2857142857142857,2,97.93142124742278,2.0,98.24769036935783,20,2.2,P32_derived_Jv_proxy,100.0,97.93142124742278,2.068578752577224,1.9348976051359585,0.0,-0.13368114744126558,2.068578752577224,1.9348976051359585,0.0,0.13368114744126558,192,2,1,191,0.9947916666666666,0.005208333333333333,78.53981633974483,7.0,2.4446199258915122,0.2857142857142857,0.2857142857142857,0.012732395447351627,2.4318875304441607,0.8961185551388287,0.7508492261361813,0.14526932900264733,1,1,1,1,1,1,97.93142124742278,97.93142124742278,0.0,97.93142124742278,97.93142124742278,81,4.0,4.0,0.0,4.0,4.0,81,1.2169079068565452,1.2169079068565452,0.28655301273015216,0.5,1.956129622683207,81,2.433140671451025,2.433140671451025,0.4732001452242639,0.9957498708273587,3.6085186770543514,81,0.8019218153839792,0.8138158416446175,0.09484961835015239,0.6027499718408068,1.0,81,1.0268927339001495,1.020030751678388,0.26052141440214915,0.5,1.623845060872137,81,10.354581001870413,9.75729486443233,3.5081025792798832,4.785909796434039,20.935810466138665,81,12.244824379041932,12.244824379041932,0.0,12.244824379041932,12.244824379041932,81,cases/granite_dense_unfavorable.yaml,granite_dense_unfavorable,medium_to_poor,dense,unfavorable,high
granite_dense_unfavorable,44,20,20.5,10.047662108690306,9.443309424080828,11.569931718696141,11.569931718696143,10.974001055565399,12.0,1.0921944763721598,0.9263389468750933,0.038299975818681053,1.037171203059816,0.43006828130385877,180,98.31858303071742,98.31858303071742,98.31858303071742,100.0,100.0,0.0,0,98.31858303071742,1.7,98.70878354177688,17,2.2,P32_derived_Jv_proxy,100.0,98.31858303071742,1.68141696928258,1.68141696928258,0.0,0.0,1.68141696928258,1.68141696928258,0.0,0.0,180,0,0,180,1.0,0.0,78.53981633974483,7.0,2.291831180523293,0.0,0.0,0.0,2.291831180523293,0.8813854271898807,0.0,0.8813854271898807,1,1,1,1,1,1,98.31858303071742,98.31858303071742,0.0,98.31858303071742,98.31858303071742,81,4.0,4.0,0.0,4.0,4.0,81,1.1814324780123842,1.1814324780123842,0.29634121384888024,0.5,2.035901340099563,81,2.509884457592481,2.509884457592481,0.5138364289687586,1.065010929468919,3.808876101119233,81,0.7926042906262378,0.7976252274649569,0.10425846163476121,0.5764582731527997,1.0,81,1.0009358353484568,0.9539375018243822,0.30665608675251504,0.5,1.9169707032654026,81,10.047662108690306,9.443309424080828,3.3290486840540883,3.7801845623837873,21.125863075464494,81,11.569931718696141,11.569931718696143,1.7763568394002505e-15,11.569931718696143,11.569931718696143,81,cases/granite_dense_unfavorable.yaml,granite_dense_unfavorable,medium_to_poor,dense,unfavorable,high
granite_dense_unfavorable,44,30,30.5,10.441062844866385,9.401791670934614,11.271488333874574,11.271488333874576,11.934568277928921,12.0,1.1430415136134207,1.493505433062536,0.05806200362873093,1.0646331384592758,0.7285116661254261,181,98.71318842731291,98.71318842731291,98.71318842731291,100.0,100.0,0.0,0,98.71318842731291,1.9,98.4081369392601,19,2.2,P32_derived_Jv_proxy,100.0,98.71318842731291,1.2868115726870855,1.2868115726870855,0.0,0.0,1.2868115726870855,1.2868115726870855,0.0,0.0,181,0,0,181,1.0,0.0,78.53981633974483,7.0,2.3045635759706444,0.0,0.0,0.0,2.3045635759706444,0.8871164061346325,0.0,0.8871164061346325,1,1,1,1,1,1,98.71318842731291,98.71318842731291,0.0,98.71318842731291,98.71318842731291,81,4.0,4.0,0.0,4.0,4.0,81,1.1715351735169413,1.1715351735169413,0.288395127479192,0.5377734952863035,1.8857573015886588,81,2.5650111348881914,2.5650111348881914,0.47726928961303455,1.2368343749679944,3.8006085881766327,81,0.7956167862063868,0.8009992977554642,0.09185406114537087,0.5710365993698773,1.0,81,0.9480729027409732,0.96018036513672,0.28992481050192753,0.5,1.6458730853860284,81,10.441062844866385,9.401791670934614,3.562029486157743,5.378159336254513,18.871789818479716,81,11.271488333874574,11.271488333874576,1.7763568394002505e-15,11.271488333874576,11.271488333874576,81,cases/granite_dense_unfavorable.yaml,granite_dense_unfavorable,medium_to_poor,dense,unfavorable,high
granite_dense_unfavorable,44,40,40.5,9.588838409735802,8.816756613205595,11.905421319473918,11.90542131947392,13.345240489317016,12.0,1.3917473544832333,3.756402079581214,0.14356040444678597,1.007944169130023,0.09457868052608198,158,98.3480835922647,98.3480835922647,98.3480835922647,100.0,100.0,0.0,0,98.3480835922647,1.7,98.70878354177688,17,2.2,P32_derived_Jv_proxy,100.0,98.3480835922647,1.6519164077352997,1.6519164077352997,0.0,0.0,1.6519164077352997,1.6519164077352997,0.0,0.0,158,0,0,158,1.0,0.0,78.53981633974483,7.0,2.011718480681557,0.0,0.0,0.0,2.011718480681557,0.8942020819797274,0.0,0.8942020819797274,0,1,1,1,1,1,98.3480835922647,98.3480835922647,0.0,98.3480835922647,98.3480835922647,81,4.0,4.0,0.0,4.0,4.0,81,1.196615988659035,1.196615988659035,0.32834703955099676,0.5,1.8573575328975167,81,2.4712457905202374,2.4712457905202374,0.4877737948130962,0.8726567875486548,3.580547929244684,81,0.7819141109825277,0.7872261924736107,0.11007218480666231,0.5459817076251031,1.0,81,1.0683914209201355,1.0688220218304751,0.308429715746079,0.5,1.8192772382454212,81,9.588838409735802,8.816756613205595,3.626271361960139,4.535536521212851,22.902505427796775,81,11.905421319473918,11.90542131947392,1.7763568394002505e-15,11.90542131947392,11.90542131947392,81,cases/granite_dense_unfavorable.yaml,granite_dense_unfavorable,medium_to_poor,dense,unfavorable,high
granite_dense_unfavorable,44,50,50.5,11.035852344951726,10.908408236117419,12.305937299099797,12.305937299099797,11.152503184733163,11.729478288880562,1.0105701703987366,0.1166508397814372,0.004566474762668804,0.9531560257290272,-0.5764590102192351,162,99.04137860018596,99.04137860018596,99.04137860018596,98.71059601723456,99.68282947904478,0.42857142857142855,3,99.04137860018596,2.2,97.90729335142237,22,2.2,P32_derived_Jv_proxy,100.0,99.04137860018596,-0.3307825829514002,0.6414508788588194,-1.2894039827654353,-0.3171705209552158,0.3307825829514002,0.6414508788588194,1.2894039827654353,0.3171705209552158,162,3,2,160,0.9876543209876543,0.012345679012345678,78.53981633974483,7.0,2.0626480624709633,0.42857142857142855,0.42857142857142855,0.025464790894703253,2.0371832715762603,0.897403636903336,0.882059607991329,0.015344028912007035,1,1,1,1,1,1,99.04137860018596,99.04137860018596,0.0,99.04137860018596,99.04137860018596,81,4.0,4.0,0.0,4.0,4.0,81,1.2193876926777996,1.2193876926777996,0.27661678018878444,0.5,1.8236272675324183,81,2.45348719068607,2.45348719068607,0.48498052891772586,1.26397635180834,3.766263334497483,81,0.796950083535922,0.8000829031191969,0.10243365635177933,0.5689731793404341,0.9948789404152094,81,0.9811189233089843,0.9780559887053968,0.28227813051316036,0.5,1.5754214518439624,81,11.035852344951726,10.908408236117419,4.005869284032314,4.444365196143295,22.81186984984132,81,12.305937299099797,12.305937299099797,0.0,12.305937299099797,12.305937299099797,81,cases/granite_dense_unfavorable.yaml,granite_dense_unfavorable,medium_to_poor,dense,unfavorable,high
granite_dense_unfavorable,44,60,60.5,10.301393577023182,9.452802259200615,11.419034317525272,11.419034317525272,11.588489809496588,12.214121859678462,1.1249438945177495,1.2870962324734059,0.05113086297275138,1.069628264531348,0.7950875421531904,182,95.70298854795982,95.70298854795982,95.70298854795982,98.67833544877031,99.73263770511747,0.5714285714285714,4,95.70298854795982,2.5,97.35009788392561,25,2.2,P32_derived_Jv_proxy,100.0,95.70298854795982,2.975346900810493,4.02964915715765,-1.3216645512296878,-0.26736229488253116,2.975346900810493,4.02964915715765,1.3216645512296878,0.26736229488253116,182,4,1,181,0.9945054945054945,0.005494505494505495,78.53981633974483,7.0,2.317295971417996,0.5714285714285714,0.5714285714285714,0.012732395447351627,2.3045635759706444,0.8917376208453814,0.7626148776903741,0.12912274315500738,1,1,1,1,1,1,95.70298854795982,95.70298854795982,0.0,95.70298854795982,95.70298854795982,81,4.0,4.0,0.0,4.0,4.0,81,1.175650301786341,1.175650301786341,0.3076262987538006,0.5,1.9798465805541754,81,2.4632828888950984,2.4632828888950984,0.4750309020607938,0.8622886367152898,3.4951875067481515,81,0.8082960877965973,0.791513377950939,0.09470225914104023,0.5894084851840085,1.0,81,0.9744390879034227,0.9637395905353442,0.2592359924869427,0.5,1.550239651642467,81,10.301393577023182,9.452802259200615,3.5886396036757993,5.110072023584735,22.838068635050544,81,11.419034317525272,11.419034317525272,0.0,11.419034317525272,11.419034317525272,81,cases/granite_dense_unfavorable.yaml,granite_dense_unfavorable,medium_to_poor,dense,unfavorable,high
granite_dense_unfavorable,44,70,70.5,9.833860653414925,9.046149470100659,11.55587946496118,11.55587946496118,11.898221625692187,12.639324330507128,1.209923756806579,2.064360972277262,0.08275800416650159,1.0937570237584324,1.0834448655459479,179,98.4037882811603,98.4037882811603,98.4037882811603,100.0,99.93315942627937,0.14285714285714285,1,98.4037882811603,1.7,98.70878354177688,17,2.2,P32_derived_Jv_proxy,100.0,98.4037882811603,1.5962117188396974,1.5293711451190717,0.0,-0.06684057372062568,1.5962117188396974,1.5293711451190717,0.0,0.06684057372062568,179,1,1,178,0.994413407821229,0.00558659217877095,78.53981633974483,7.0,2.279098785075941,0.14285714285714285,0.14285714285714285,0.012732395447351627,2.2663663896285895,0.8914706978507138,0.8686543507396769,0.02281634711103686,1,1,1,1,1,1,98.4037882811603,98.4037882811603,0.0,98.4037882811603,98.4037882811603,81,4.0,4.0,0.0,4.0,4.0,81,1.1849258106333826,1.1849258106333826,0.28390610725060966,0.5,1.9294123855671435,81,2.5225511600393222,2.5225511600393222,0.5220181942821543,1.189498976956711,3.9370190909199665,81,0.806467414278489,0.8119519209104149,0.10023291980877076,0.48292539730768297,1.0,81,1.0315315158795177,1.0160469517703485,0.27705113913975227,0.5,1.6485630276569154,81,9.833860653414925,9.046149470100659,3.397280462672025,4.4509830534919415,19.924855729467907,81,11.55587946496118,11.55587946496118,0.0,11.55587946496118,11.55587946496118,81,cases/granite_dense_unfavorable.yaml,granite_dense_unfavorable,medium_to_poor,dense,unfavorable,high
granite_dense_unfavorable,44,80,80.5,10.63861862870963,9.043587351765602,11.966237802016352,11.966237802016348,12.215520597931969,12.0,1.1482243159809182,1.5769019692223392,0.06002673969630723,1.0028214547080085,0.033762197983648434,159,99.17853371987995,99.17853371987995,99.17853371987995,100.0,100.0,0.0,0,99.17853371987995,1.6,98.84867952008052,16,2.2,P32_derived_Jv_proxy,100.0,99.17853371987995,0.821466280120049,0.821466280120049,0.0,0.0,0.821466280120049,0.821466280120049,0.0,0.0,159,0,0,159,1.0,0.0,78.53981633974483,7.0,2.024450876128909,0.0,0.0,0.0,2.024450876128909,0.9060102131559773,0.0,0.9060102131559773,1,1,1,1,1,1,99.17853371987995,99.17853371987995,0.0,99.17853371987995,99.17853371987995,81,4.0,4.0,0.0,4.0,4.0,81,1.2177501818219607,1.2177501818219607,0.33063301840319675,0.5,1.973977864512722,81,2.5232382865119973,2.5232382865119973,0.5115326538180721,1.1409676056166742,3.836497731223774,81,0.7925276088811809,0.7846327871923381,0.10392435573907845,0.4298937420596059,1.0,81,0.9978866316750348,0.9864483128072908,0.3025527133525175,0.5,1.9854061122953384,81,10.63861862870963,9.043587351765602,4.254069131384501,3.753821916741896,21.80717796827672,81,11.966237802016352,11.966237802016348,3.552713678800501e-15,11.966237802016348,11.966237802016348,81,cases/granite_dense_unfavorable.yaml,granite_dense_unfavorable,medium_to_poor,dense,unfavorable,high
granite_dense_unfavorable,45,10,10.5,10.502296740989463,9.657524851402274,11.688381674813426,11.688381674813426,12.105730636006266,13.252894900921683,1.1526745943826509,1.6034338950168028,0.06170672116283327,1.1338519967635494,1.5645132261082573,195,98.00770712143466,98.00770712143466,98.00770712143466,100.0,99.68282947904478,0.42857142857142855,3,98.00770712143466,1.5,98.98141728888164,15,2.2,P32_derived_Jv_proxy,100.0,98.00770712143466,1.9922928785653369,1.675122357610121,0.0,-0.3171705209552158,1.9922928785653369,1.675122357610121,0.0,0.3171705209552158,195,3,1,194,0.9948717948717949,0.005128205128205128,78.53981633974483,7.0,2.482817112233567,0.42857142857142855,0.42857142857142855,0.012732395447351627,2.4700847167862157,0.8921381126369747,0.8671631573267431,0.02497495531023164,1,1,1,1,1,1,98.00770712143466,98.00770712143466,0.0,98.00770712143466,98.00770712143466,81,4.0,4.0,0.0,4.0,4.0,81,1.1840520941937431,1.1840520941937431,0.29666102575191666,0.5,1.9790122109232917,81,2.48208507586475,2.48208507586475,0.5070870293273322,1.0249802977005968,3.6479007749438663,81,0.8060270265934809,0.8060997719780476,0.0981289942653053,0.6094251075947832,1.0,81,0.9690743200934044,0.9860881172679428,0.23514955213022293,0.5,1.4521896965602994,81,10.502296740989463,9.657524851402274,3.637897446037949,6.010276204163952,23.376763349626852,81,11.688381674813426,11.688381674813426,0.0,11.688381674813426,11.688381674813426,81,cases/granite_dense_unfavorable.yaml,granite_dense_unfavorable,medium_to_poor,dense,unfavorable,high
granite_dense_unfavorable,45,20,20.5,10.486886715893936,9.549064483380533,12.136985241285787,12.13698524128579,9.279992098535557,11.922437901530186,0.8849139263105409,-1.2068946173583797,-0.05309897014546405,0.9823228474377816,-0.21454733975560103,183,98.70294137549467,98.70294137549467,98.70294137549467,100.0,99.68282947904477,0.42857142857142855,3,98.70294137549467,2.5,97.35009788392561,25,2.2,P32_derived_Jv_proxy,100.0,98.70294137549467,1.2970586245053255,0.9798881035500955,0.0,-0.31717052095523,1.2970586245053255,0.9798881035500955,0.0,0.31717052095523,183,3,1,182,0.994535519125683,0.00546448087431694,78.53981633974483,7.0,2.330028366865348,0.42857142857142855,0.42857142857142855,0.012732395447351627,2.317295971417996,0.8904747896778178,0.8268543969783875,0.06362039269943032,1,1,1,1,1,1,98.70294137549467,98.70294137549467,0.0,98.70294137549467,98.70294137549467,81,4.0,4.0,0.0,4.0,4.0,81,1.1899467711069351,1.1899467711069351,0.29596027725428653,0.5017370508349744,1.8559841837438884,81,2.4192837853382,2.4192837853382,0.5247117566245993,0.9919480574320418,3.595547077757074,81,0.8059195876569065,0.8137254506699874,0.09750199308083524,0.5453001289969084,1.0,81,1.0263776499748374,1.01128190463088,0.2983743671138117,0.5,1.7066015557977483,81,10.486886715893936,9.549064483380533,3.770074983443513,4.5638343667007835,21.263292222406452,81,12.136985241285787,12.13698524128579,3.552713678800501e-15,12.13698524128579,12.13698524128579,81,cases/granite_dense_unfavorable.yaml,granite_dense_unfavorable,medium_to_poor,dense,unfavorable,high
granite_dense_unfavorable,45,30,30.5,10.082999048368134,9.410084711499493,11.66806955161738,11.668069551617382,10.403651792247532,11.980529958061098,1.0318013264050931,0.320652743879398,0.013596081833511908,1.0267791004382902,0.31246040644371753,174,99.22115325838806,99.22115325838806,99.22115325838806,100.0,99.93315942627937,0.14285714285714285,1,99.22115325838806,1.4,99.10683883546386,14,2.2,P32_derived_Jv_proxy,100.0,99.22115325838806,0.7788467416119431,0.7120061678913174,0.0,-0.06684057372062568,0.7788467416119431,0.7120061678913174,0.0,0.06684057372062568,174,1,0,174,1.0,0.0,78.53981633974483,7.0,2.215436807839183,0.14285714285714285,0.14285714285714285,0.0,2.215436807839183,0.8902078772306561,0.7544909539185926,0.13571692331206353,1,1,1,1,1,1,99.22115325838806,99.22115325838806,0.0,99.22115325838806,99.22115325838806,81,4.0,4.0,0.0,4.0,4.0,81,1.1626220870557387,1.1626220870557387,0.29098547412678594,0.5011826863157104,2.0440327923472266,81,2.471632170408046,2.471632170408046,0.4877948039487456,0.9767351806741027,3.551870235295771,81,0.7908354427875979,0.792088044165405,0.1050643729298537,0.49350796437265254,1.0,81,0.9944747912067878,0.9589063323497966,0.29134249139654106,0.5,1.87351623010259,81,10.082999048368134,9.410084711499493,3.265803409281115,3.894487608772127,20.74261179340518,81,11.66806955161738,11.668069551617382,1.7763568394002505e-15,11.668069551617382,11.668069551617382,81,cases/granite_dense_unfavorable.yaml,granite_dense_unfavorable,medium_to_poor,dense,unfavorable,high
granite_dense_unfavorable,45,40,40.5,9.538528022219342,9.304291168763225,11.366212673983894,11.366212673983894,9.627029670026527,11.110080614734002,1.009278333889781,0.08850164780718472,0.004010950382828504,0.9774654877049633,-0.25613205924989124,184,96.33324864204849,96.33324864204849,96.33324864204849,98.72925017148118,99.68282947904478,0.42857142857142855,3,96.33324864204849,2.2,97.90729335142237,22,2.2,P32_derived_Jv_proxy,100.0,96.33324864204849,2.396001529432695,3.349580836996296,-1.2707498285188166,-0.3171705209552158,2.396001529432695,3.349580836996296,1.2707498285188166,0.3171705209552158,184,3,0,184,1.0,0.0,78.53981633974483,7.0,2.3427607623126994,0.42857142857142855,0.42857142857142855,0.0,2.3427607623126994,0.8940468053333964,0.8305920564968723,0.06345474883652413,1,1,1,1,1,1,96.33324864204849,96.33324864204849,0.0,96.33324864204849,96.33324864204849,81,4.0,4.0,0.0,4.0,4.0,81,1.197655685526514,1.197655685526514,0.2898622452045872,0.5,2.2673224070530353,81,2.5376540596822594,2.5376540596822594,0.49744294131515016,1.1243565755529135,3.8488321217178756,81,0.7980556662498804,0.8048286824789156,0.08837937275988537,0.5793810201562046,1.0,81,1.02545014036247,0.9982230999857405,0.27418813598053193,0.5,1.7355619195179905,81,9.538528022219342,9.304291168763225,3.058391587113412,4.595821895682805,20.904754314087224,81,11.366212673983894,11.366212673983894,0.0,11.366212673983894,11.366212673983894,81,cases/granite_dense_unfavorable.yaml,granite_dense_unfavorable,medium_to_poor,dense,unfavorable,high
granite_dense_unfavorable,45,50,50.5,10.623895486301572,9.947720955349302,12.386647553974896,12.3866475539749,8.276586588884097,11.857634216378443,0.7790538413669365,-2.3473088974174754,-0.10843252666565661,0.9572916452743752,-0.529013337596453,195,99.23202522203336,99.23202522203336,99.23202522203336,100.0,99.86631885255873,0.2857142857142857,2,99.23202522203336,1.6,98.84867952008052,16,2.2,P32_derived_Jv_proxy,100.0,99.23202522203336,0.7679747779666428,0.6342936305253772,0.0,-0.13368114744126558,0.7679747779666428,0.6342936305253772,0.0,0.13368114744126558,195,2,0,195,1.0,0.0,78.53981633974483,7.0,2.482817112233567,0.2857142857142857,0.2857142857142857,0.0,2.482817112233567,0.8880616115247423,0.8225994262101303,0.06546218531461201,0,1,1,1,1,1,99.23202522203336,99.23202522203336,0.0,99.23202522203336,99.23202522203336,81,4.0,4.0,0.0,4.0,4.0,81,1.2175453900819795,1.2175453900819795,0.29607876197278366,0.5,2.2673224070530353,81,2.4385027169602123,2.4385027169602123,0.5021102618713865,1.2459867819960342,3.8162321303671405,81,0.8012127382367588,0.8098271675870993,0.09117407903712385,0.5847014180299401,1.0,81,1.019414050630217,1.012616248173167,0.2886762777256382,0.5,1.8167993444256842,81,10.623895486301572,9.947720955349302,3.581670475364997,5.26295154355497,22.091586683397143,81,12.386647553974896,12.3866475539749,3.552713678800501e-15,12.3866475539749,12.3866475539749,81,cases/granite_dense_unfavorable.yaml,granite_dense_unfavorable,medium_to_poor,dense,unfavorable,high
granite_dense_unfavorable,45,60,60.5,10.202916312052658,9.233774542589405,11.720757920334737,11.720757920334739,12.78902623626826,11.6028598027968,1.2534677189462626,2.5861099242156023,0.09811315387937203,0.989941084156905,-0.117898117537937,183,98.5014122146834,98.5014122146834,98.5014122146834,100.0,99.86631885255873,0.2857142857142857,2,98.5014122146834,2.7,96.94919578078034,27,2.2,P32_derived_Jv_proxy,100.0,98.5014122146834,1.4985877853166016,1.364906637875336,0.0,-0.13368114744126558,1.4985877853166016,1.364906637875336,0.0,0.13368114744126558,183,2,1,182,0.994535519125683,0.00546448087431694,78.53981633974483,7.0,2.330028366865348,0.2857142857142857,0.2857142857142857,0.012732395447351627,2.317295971417996,0.890628086515616,0.8013132840907906,0.08931480242482537,0,1,1,1,1,1,98.5014122146834,98.5014122146834,0.0,98.5014122146834,98.5014122146834,81,4.0,4.0,0.0,4.0,4.0,81,1.1700837298926074,1.1700837298926074,0.3071856577183537,0.5,1.99097152306581,81,2.4583499758980256,2.4583499758980256,0.5165833388375041,1.1394937883290068,3.6081436288195423,81,0.8029253311314399,0.8042359229241599,0.10626158553941549,0.4225862346985866,1.0,81,1.0107282763038845,1.034360213404987,0.29056271041244996,0.5,1.6279070758444838,81,10.202916312052658,9.233774542589405,3.4954633431159405,5.065018684819264,20.711861023639255,81,11.720757920334737,11.720757920334739,1.7763568394002505e-15,11.720757920334739,11.720757920334739,81,cases/granite_dense_unfavorable.yaml,granite_dense_unfavorable,medium_to_poor,dense,unfavorable,high
granite_dense_unfavorable,45,70,70.5,10.341695834391048,9.47144653856163,11.715682076947813,11.715682076947813,12.440367438709021,12.0,1.202933023551021,2.098671604317973,0.08024144752940798,1.0242681494073334,0.2843179230521873,189,98.49129633176176,98.49129633176176,98.49129633176176,100.0,100.0,0.0,0,98.49129633176176,2.1,98.08069376239264,21,2.2,P32_derived_Jv_proxy,100.0,98.49129633176176,1.5087036682382404,1.5087036682382404,0.0,0.0,1.5087036682382404,1.5087036682382404,0.0,0.0,189,0,0,189,1.0,0.0,78.53981633974483,7.0,2.4064227395494573,0.0,0.0,0.0,2.4064227395494573,0.901720644818576,0.0,0.901720644818576,1,1,1,1,1,1,98.49129633176176,98.49129633176176,0.0,98.49129633176176,98.49129633176176,81,4.0,4.0,0.0,4.0,4.0,81,1.1976162705430313,1.1976162705430313,0.2785232863205792,0.5005133896668893,1.8775721701825134,81,2.5170275665359045,2.5170275665359045,0.5317583030665172,0.950887060290112,4.1379945010312875,81,0.7887138922376852,0.7892155986468893,0.08964824332112947,0.5842022247712462,0.9729645670902034,81,0.9861262284072244,1.0064117337161205,0.28744346021374323,0.5,1.8309649498877223,81,10.341695834391048,9.47144653856163,3.8249948846938717,4.551250108729456,21.164377939021513,81,11.715682076947813,11.715682076947813,0.0,11.715682076947813,11.715682076947813,81,cases/granite_dense_unfavorable.yaml,granite_dense_unfavorable,medium_to_poor,dense,unfavorable,high
granite_dense_unfavorable,45,80,80.5,10.174645101987027,9.850083481830692,11.78013092336746,11.780130923367459,11.519855532628764,12.0,1.1322120248085144,1.3452104306417372,0.05392776305542135,1.0186644000871332,0.21986907663253952,178,97.92322773940845,97.92322773940845,97.92322773940845,100.0,100.0,0.0,0,97.92322773940845,1.9,98.4081369392601,19,2.2,P32_derived_Jv_proxy,100.0,97.92322773940845,2.0767722605915537,2.0767722605915537,0.0,0.0,2.0767722605915537,2.0767722605915537,0.0,0.0,178,0,0,178,1.0,0.0,78.53981633974483,7.0,2.2663663896285895,0.0,0.0,0.0,2.2663663896285895,0.8895767560948132,0.0,0.8895767560948132,1,1,1,1,1,1,97.92322773940845,97.92322773940845,0.0,97.92322773940845,97.92322773940845,81,4.0,4.0,0.0,4.0,4.0,81,1.1988374670354058,1.1988374670354058,0.3094780747768494,0.5075103003947654,2.0096541697120425,81,2.491356740233186,2.491356740233186,0.5154332200778541,1.206845850510888,3.7156605422837576,81,0.7991908657177667,0.8017910978610264,0.09011572875482018,0.5553439965846448,0.9724056862387129,81,0.9902659152233316,0.9531798228796081,0.264592291677036,0.5,1.8746699564544593,81,10.174645101987027,9.850083481830692,2.938282108732806,5.130161211589595,19.494634913904633,81,11.78013092336746,11.780130923367459,1.7763568394002505e-15,11.780130923367459,11.780130923367459,81,cases/granite_dense_unfavorable.yaml,granite_dense_unfavorable,medium_to_poor,dense,unfavorable,high
granite_dense_unfavorable,46,10,10.5,10.48213939135222,9.634048257879726,11.818827458159646,11.81882745815965,11.191924030738694,13.12014575892485,1.0677137188208017,0.7097846393864735,0.02845482291447543,1.1101055333426313,1.3013183007652032,178,97.62841387360652,97.62841387360652,97.62841387360652,100.0,99.86631885255873,0.2857142857142857,2,97.62841387360652,1.7,98.70878354177688,17,2.2,P32_derived_Jv_proxy,100.0,97.62841387360652,2.371586126393481,2.2379049789522156,0.0,-0.13368114744126558,2.371586126393481,2.2379049789522156,0.0,0.13368114744126558,178,2,1,177,0.9943820224719101,0.0056179775280898875,78.53981633974483,7.0,2.2663663896285895,0.2857142857142857,0.2857142857142857,0.012732395447351627,2.253633994181238,0.8928468105931415,0.8482559144710026,0.04459089612213896,1,1,1,1,1,1,97.62841387360652,97.62841387360652,0.0,97.62841387360652,97.62841387360652,81,4.0,4.0,0.0,4.0,4.0,81,1.1981361995446766,1.1981361995446766,0.2962333276065492,0.5,1.7894308494236624,81,2.474275413110901,2.474275413110901,0.4925461319178961,1.0808386109190622,3.805410683789745,81,0.8038887247741698,0.8052836183359674,0.09326406989458003,0.5526421459574864,0.9868796435660293,81,0.9904978810249957,0.9888418379729597,0.2726169822972747,0.5,1.6033001160395262,81,10.48213939135222,9.634048257879726,3.590911379819405,5.401343493282997,19.112249612644305,81,11.818827458159646,11.81882745815965,3.552713678800501e-15,11.81882745815965,11.81882745815965,81,cases/granite_dense_unfavorable.yaml,granite_dense_unfavorable,medium_to_poor,dense,unfavorable,high
granite_dense_unfavorable,46,20,20.5,10.396117305652872,9.459808707795336,11.899157676877808,11.899157676877808,15.049180983729585,14.787241176764221,1.4475770656749531,4.6530636780767125,0.16064169385470617,1.2427132725115893,2.888083499886413,181,97.9531413178931,97.9531413178931,97.9531413178931,100.0,99.73263770511745,0.5714285714285714,4,97.9531413178931,1.8,98.56188494653009,18,2.2,P32_derived_Jv_proxy,100.0,97.9531413178931,2.046858682106901,1.7794963872243557,0.0,-0.26736229488254537,2.046858682106901,1.7794963872243557,0.0,0.26736229488254537,181,4,1,180,0.994475138121547,0.0055248618784530384,78.53981633974483,7.0,2.3045635759706444,0.5714285714285714,0.5714285714285714,0.012732395447351627,2.291831180523293,0.8850132957453783,0.8377864195286977,0.04722687621668065,0,1,1,1,1,1,97.9531413178931,97.9531413178931,0.0,97.9531413178931,97.9531413178931,81,4.0,4.0,0.0,4.0,4.0,81,1.2327510063055132,1.2327510063055132,0.2882954469172381,0.5,1.8232467499223364,81,2.5369828018385974,2.5369828018385974,0.5239602480493469,0.8937141401916939,3.7994106715970526,81,0.8087695502334036,0.8029047295225257,0.08617360811198777,0.5981627773466084,1.0,81,1.011191035743194,1.0183557388348117,0.2691877677920203,0.5,1.5640752255381538,81,10.396117305652872,9.459808707795336,3.642939901549846,5.118814723599134,21.391687473979857,81,11.899157676877808,11.899157676877808,0.0,11.899157676877808,11.899157676877808,81,cases/granite_dense_unfavorable.yaml,granite_dense_unfavorable,medium_to_poor,dense,unfavorable,high
granite_dense_unfavorable,46,30,30.5,10.027278396799852,9.17337797770044,11.916218846375983,11.916218846375983,10.6980716666726,12.0,1.066896843124135,0.6707932698727479,0.028122430082634597,1.0070308505327172,0.08378115362401672,149,98.04416393741535,98.04416393741535,98.04416393741535,100.0,100.0,0.0,0,98.04416393741535,1.5,98.98141728888164,15,2.2,P32_derived_Jv_proxy,100.0,98.04416393741535,1.9558360625846518,1.9558360625846518,0.0,0.0,1.9558360625846518,1.9558360625846518,0.0,0.0,149,0,0,149,1.0,0.0,78.53981633974483,7.0,1.8971269216553923,0.0,0.0,0.0,1.8971269216553923,0.8790188286574191,0.0,0.8790188286574191,1,1,1,1,1,1,98.04416393741535,98.04416393741535,0.0,98.04416393741535,98.04416393741535,81,4.0,4.0,0.0,4.0,4.0,81,1.2250982685565097,1.2250982685565097,0.29216487558811793,0.5,1.9599112650475723,81,2.519963275060354,2.519963275060354,0.45416712651146907,1.5830904965064183,4.228818428140782,81,0.7800158918433447,0.791890722205356,0.08803516757297734,0.5717943937834866,1.0,81,1.0219497284457337,0.9774296978570125,0.30847397153423206,0.5,1.914428715240052,81,10.027278396799852,9.17337797770044,3.5676125988776977,4.5346044551392595,23.278613398509115,81,11.916218846375983,11.916218846375983,0.0,11.916218846375983,11.916218846375983,81,cases/granite_dense_unfavorable.yaml,granite_dense_unfavorable,medium_to_poor,dense,unfavorable,high
granite_dense_unfavorable,46,40,40.5,10.548113190654492,9.927043392326427,11.779109678274112,11.779109678274114,10.603803604468311,12.420291492475046,1.0052796564472934,0.055690413813819006,0.002286893952448299,1.0544338096608064,0.6411818142009338,191,98.11530094063002,98.11530094063002,98.11530094063002,100.0,99.86631885255873,0.2857142857142857,2,98.11530094063002,2.3,97.72763310791008,23,2.2,P32_derived_Jv_proxy,100.0,98.11530094063002,1.8846990593699786,1.751017911928713,0.0,-0.13368114744126558,1.8846990593699786,1.751017911928713,0.0,0.13368114744126558,191,2,0,191,1.0,0.0,78.53981633974483,7.0,2.4318875304441607,0.2857142857142857,0.2857142857142857,0.0,2.4318875304441607,0.8800565302423788,0.9125390560725493,-0.03248252583017042,1,1,1,1,1,1,98.11530094063002,98.11530094063002,0.0,98.11530094063002,98.11530094063002,81,4.0,4.0,0.0,4.0,4.0,81,1.1978731216106902,1.1978731216106902,0.3013255012482483,0.5,2.0671626145950985,81,2.494451724825635,2.494451724825635,0.4885276289053416,1.428189638114744,4.087342888199187,81,0.7918976228246617,0.7849144313646687,0.09819728648385748,0.5745079920732349,1.0,81,0.9630660207461456,0.9697475098775562,0.2607866047277147,0.5,1.6192382087571746,81,10.548113190654492,9.927043392326427,3.591997397065172,5.437770757522055,20.47888948384426,81,11.779109678274112,11.779109678274114,1.7763568394002505e-15,11.779109678274114,11.779109678274114,81,cases/granite_dense_unfavorable.yaml,granite_dense_unfavorable,medium_to_poor,dense,unfavorable,high
granite_dense_unfavorable,46,50,50.5,9.80579958643969,9.361807299890305,11.70293847968466,11.702938479684656,10.864581131946334,12.300551664560398,1.107975034179856,1.058781545506644,0.04452997461616537,1.0510652248504209,0.5976131848757387,187,98.4468461622813,98.4468461622813,98.4468461622813,100.0,99.93315942627937,0.14285714285714285,1,98.4468461622813,2.0,98.24769036935783,20,2.2,P32_derived_Jv_proxy,100.0,98.4468461622813,1.5531538377186962,1.4863132639980705,0.0,-0.06684057372062568,1.5531538377186962,1.4863132639980705,0.0,0.06684057372062568,187,1,0,187,1.0,0.0,78.53981633974483,7.0,2.3809579486547543,0.14285714285714285,0.14285714285714285,0.0,2.3809579486547543,0.8977064207284757,0.7200544758523904,0.17765194487608538,1,1,1,1,1,1,98.4468461622813,98.4468461622813,0.0,98.4468461622813,98.4468461622813,81,4.0,4.0,0.0,4.0,4.0,81,1.1998548051274198,1.1998548051274198,0.2898129227167725,0.5,1.8597093910155396,81,2.5233389379621003,2.5233389379621003,0.49378524616742836,1.1359236478085204,3.812620023407411,81,0.7951165162978675,0.7862781796205821,0.10408543729640782,0.5175855933623318,1.0,81,1.0215992832998593,1.0142125739765817,0.26320936718732524,0.5,1.5722320277783246,81,9.80579958643969,9.361807299890305,3.0467273523266987,5.0033951068421745,18.279428356849902,81,11.70293847968466,11.702938479684656,3.552713678800501e-15,11.702938479684656,11.702938479684656,81,cases/granite_dense_unfavorable.yaml,granite_dense_unfavorable,medium_to_poor,dense,unfavorable,high
granite_dense_unfavorable,46,60,60.5,10.003707744364945,8.941388124081069,11.878355286267345,11.878355286267343,10.206729498214331,12.332677410744305,1.020294650647281,0.20302175384938614,0.008725609674576473,1.038247898259299,0.45432212447695974,189,99.16098246156847,99.16098246156847,99.16098246156847,97.86571240734193,99.68282947904478,0.42857142857142855,3,99.16098246156847,2.2,97.90729335142237,22,2.2,P32_derived_Jv_proxy,100.0,99.16098246156847,-1.2952700542265347,0.5218470174763183,-2.134287592658069,-0.3171705209552158,1.2952700542265347,0.5218470174763183,2.134287592658069,0.3171705209552158,189,3,1,188,0.9947089947089947,0.005291005291005291,78.53981633974483,7.0,2.4064227395494573,0.42857142857142855,0.42857142857142855,0.012732395447351627,2.393690344102106,0.8873716997162495,0.8920608795086221,-0.0046891797923726,1,1,1,1,1,1,99.16098246156847,99.16098246156847,0.0,99.16098246156847,99.16098246156847,81,4.0,4.0,0.0,4.0,4.0,81,1.207455437522273,1.207455437522273,0.28171371203824197,0.5,1.9287371161391123,81,2.519971506528669,2.519971506528669,0.46644048602243754,1.1620858204035247,3.769419010396934,81,0.7957570376926351,0.802935152889684,0.1033861917044928,0.5654754441669947,1.0,81,1.0408239444103646,1.0459493450807615,0.2914762145419057,0.5,1.647019783977109,81,10.003707744364945,8.941388124081069,3.7118215116790116,4.833636168660652,20.710995710140264,81,11.878355286267345,11.878355286267343,1.7763568394002505e-15,11.878355286267343,11.878355286267343,81,cases/granite_dense_unfavorable.yaml,granite_dense_unfavorable,medium_to_poor,dense,unfavorable,high
granite_dense_unfavorable,46,70,70.5,10.722126561605561,9.610518406555679,12.099008321065314,12.099008321065316,10.370154629420215,12.0,0.9671733093092084,-0.3519719321853465,-0.014495697031147392,0.9918168234587513,-0.09900832106531432,153,98.07491810116619,98.07491810116619,98.07491810116619,100.0,100.0,0.0,0,98.07491810116619,1.8,98.56188494653009,18,2.2,P32_derived_Jv_proxy,100.0,98.07491810116619,1.9250818988338096,1.9250818988338096,0.0,0.0,1.9250818988338096,1.9250818988338096,0.0,0.0,153,0,0,153,1.0,0.0,78.53981633974483,7.0,1.948056503444799,0.0,0.0,0.0,1.948056503444799,0.8908294161200406,0.0,0.8908294161200406,1,1,1,1,1,1,98.07491810116619,98.07491810116619,0.0,98.07491810116619,98.07491810116619,81,4.0,4.0,0.0,4.0,4.0,81,1.2230628731002202,1.2230628731002202,0.2726345888084751,0.6197367300063567,1.864324548274182,81,2.47854592559945,2.47854592559945,0.4348898071747538,1.4579297401188018,3.8375224701618382,81,0.8000907603125308,0.8063975937763108,0.10318413823005129,0.5888109468335544,1.0,81,0.9991560793918962,1.0087301645870042,0.2936155999178232,0.5,1.6276252409054266,81,10.722126561605561,9.610518406555679,3.974384905201946,5.6693429350856945,24.198016642130632,81,12.099008321065314,12.099008321065316,1.7763568394002505e-15,12.099008321065316,12.099008321065316,81,cases/granite_dense_unfavorable.yaml,granite_dense_unfavorable,medium_to_poor,dense,unfavorable,high
granite_dense_unfavorable,46,80,80.5,9.980179078198615,9.057942422891045,11.54707257822932,11.547072578229324,11.79655528309098,11.502285899764024,1.181998358011449,1.8163762048923644,0.0726168732397694,0.9961213824402787,-0.0447866784652966,184,96.866221406088,96.866221406088,96.866221406088,100.0,99.68282947904478,0.42857142857142855,3,96.866221406088,2.1,98.08069376239264,21,2.2,P32_derived_Jv_proxy,100.0,96.866221406088,3.133778593911998,2.8166080729567824,0.0,-0.3171705209552158,3.133778593911998,2.8166080729567824,0.0,0.3171705209552158,184,3,1,183,0.9945652173913043,0.005434782608695652,78.53981633974483,7.0,2.3427607623126994,0.42857142857142855,0.42857142857142855,0.012732395447351627,2.330028366865348,0.9002596016516158,0.8379154816441392,0.06234412000747658,1,1,1,1,1,1,96.866221406088,96.866221406088,0.0,96.866221406088,96.866221406088,81,4.0,4.0,0.0,4.0,4.0,81,1.2094706245286824,1.2094706245286824,0.294634222417174,0.5,2.1270382062843667,81,2.5365054325682648,2.5365054325682648,0.5047742394565937,1.3181856511349057,3.704893972217099,81,0.7783586508369653,0.778739810876117,0.10682066825708778,0.5189807029041008,1.0,81,0.9934450014940739,1.0075975264683361,0.287922604049271,0.5,1.6299028307777899,81,9.980179078198615,9.057942422891045,3.7310590741018728,4.668964429453127,23.094145156458648,81,11.54707257822932,11.547072578229324,3.552713678800501e-15,11.547072578229324,11.547072578229324,81,cases/granite_dense_unfavorable.yaml,granite_dense_unfavorable,medium_to_poor,dense,unfavorable,high
granite_dense_unfavorable,47,10,10.5,9.748221545304837,9.382782667457883,10.909927188214754,10.909927188214757,8.18662579641368,10.806552398097097,0.839807113365895,-1.5615957488911576,-0.07582045110499458,0.9905247039385079,-0.10337479011765716,171,98.12193587776493,98.12193587776493,98.12193587776493,97.70009281859662,99.68282947904477,0.42857142857142855,3,98.12193587776493,1.7,98.70878354177688,17,2.2,P32_derived_Jv_proxy,100.0,98.12193587776493,-0.4218430591683102,1.5608936012798438,-2.299907181403384,-0.31717052095523,0.4218430591683102,1.5608936012798438,2.299907181403384,0.31717052095523,171,3,1,170,0.9941520467836257,0.005847953216374269,78.53981633974483,7.0,2.177239621497128,0.42857142857142855,0.42857142857142855,0.012732395447351627,2.1645072260497766,0.8896422102911581,0.7769282666046549,0.11271394368650323,1,1,1,1,1,1,98.12193587776493,98.12193587776493,0.0,98.12193587776493,98.12193587776493,81,4.0,4.0,0.0,4.0,4.0,81,1.1544767920287973,1.1544767920287973,0.2991505756741724,0.5,2.0066654889483155,81,2.595789499910353,2.595789499910353,0.5080844536472692,1.2638617020408092,3.835347996537609,81,0.8089080293811967,0.7949763224522894,0.09826888455299249,0.5318379943918443,1.0,81,1.0083009705827928,0.922535566224743,0.3309949397890558,0.5,1.8902504458979594,81,9.748221545304837,9.382782667457883,3.5052893819376028,4.189311529029112,21.01598105599051,81,10.909927188214754,10.909927188214757,3.552713678800501e-15,10.909927188214757,10.909927188214757,81,cases/granite_dense_unfavorable.yaml,granite_dense_unfavorable,medium_to_poor,dense,unfavorable,high
granite_dense_unfavorable,47,20,20.5,9.491357434212482,8.44485614369936,11.730090188121537,11.73009018812154,10.809076308273921,12.150544432773595,1.1388335528605844,1.3177188740614394,0.056460254055827885,1.0358440760394008,0.42045424465205805,155,99.90927476771157,99.90927476771157,99.90927476771157,100.0,99.93315942627937,0.14285714285714285,1,99.90927476771157,1.2,99.33508891232165,12,2.2,P32_derived_Jv_proxy,100.0,99.90927476771157,0.09072523228843465,0.02388465856780897,0.0,-0.06684057372062568,0.09072523228843465,0.02388465856780897,0.0,0.06684057372062568,155,1,0,155,1.0,0.0,78.53981633974483,7.0,1.9735212943395022,0.14285714285714285,0.14285714285714285,0.0,1.9735212943395022,0.891240372109699,0.6489763681357082,0.24226400397399073,1,1,1,1,1,1,99.90927476771157,99.90927476771157,0.0,99.90927476771157,99.90927476771157,81,4.0,4.0,0.0,4.0,4.0,81,1.1882302629948118,1.1882302629948118,0.28943861798695164,0.5,1.9245796922138632,81,2.5301430323416363,2.5301430323416363,0.5140424641108129,1.0193751918159406,3.975080999679758,81,0.7952708205609522,0.7890438151584972,0.09100439780163969,0.5883143569511564,1.0,81,1.0718930519267948,1.0797772457288954,0.2807788641735918,0.5,1.667658798918481,81,9.491357434212482,8.44485614369936,3.3163568257038256,4.138124939273702,19.252240560711982,81,11.730090188121537,11.73009018812154,3.552713678800501e-15,11.73009018812154,11.73009018812154,81,cases/granite_dense_unfavorable.yaml,granite_dense_unfavorable,medium_to_poor,dense,unfavorable,high
granite_dense_unfavorable,47,30,30.5,10.049033035493943,9.031490971348083,11.543752726524922,11.543752726524922,8.7357341204965,10.304153837427185,0.869310916746042,-1.3132989149974428,-0.0608248665006742,0.8926173387056863,-1.2395988890977367,176,99.06271243655212,99.06271243655212,99.06271243655212,99.78368066189365,99.86631885255873,0.2857142857142857,2,99.06271243655212,1.6,98.84867952008052,16,2.2,P32_derived_Jv_proxy,100.0,99.06271243655212,0.7209682253415366,0.8036064160066161,-0.21631933810634507,-0.13368114744126558,0.7209682253415366,0.8036064160066161,0.21631933810634507,0.13368114744126558,176,2,0,176,1.0,0.0,78.53981633974483,7.0,2.2409015987338865,0.2857142857142857,0.2857142857142857,0.0,2.2409015987338865,0.8880513421171727,0.8810011387336119,0.007050203383560882,1,1,1,1,1,1,99.06271243655212,99.06271243655212,0.0,99.06271243655212,99.06271243655212,81,4.0,4.0,0.0,4.0,4.0,81,1.1782557090438188,1.1782557090438188,0.27353643760233515,0.6387807432545082,1.8677075962982088,81,2.5278003013165473,2.5278003013165473,0.4992121507840985,0.9907162306136084,3.6650985525146744,81,0.7873844413289043,0.7657799896578825,0.08929412439927069,0.6371549749684965,1.0,81,0.9911139555059092,0.9983837533221154,0.27417052103122,0.5,1.5806110025729119,81,10.049033035493943,9.031490971348083,3.6636182033625375,4.859739921169341,21.68108798846514,81,11.543752726524922,11.543752726524922,0.0,11.543752726524922,11.543752726524922,81,cases/granite_dense_unfavorable.yaml,granite_dense_unfavorable,medium_to_poor,dense,unfavorable,high
granite_dense_unfavorable,47,40,40.5,10.154420234843432,9.109521967236029,11.496201362402733,11.496201362402735,10.369234962122418,11.582627505547796,1.021154799812389,0.21481472727898598,0.009091583035358619,1.007517800047215,0.08642614314506325,164,97.43987625561681,97.43987625561681,97.43987625561681,99.8116956543249,99.4993401055308,0.5714285714285714,4,97.43987625561681,1.9,98.4081369392601,19,2.2,P32_derived_Jv_proxy,100.0,97.43987625561681,2.371819398708084,2.059463849913996,-0.1883043456751068,-0.5006598944691945,2.371819398708084,2.059463849913996,0.1883043456751068,0.5006598944691945,164,4,0,164,1.0,0.0,78.53981633974483,7.0,2.0881128533656668,0.5714285714285714,0.5714285714285714,0.0,2.0881128533656668,0.8953528451852308,0.8793653830513941,0.015987462133836727,1,1,1,1,1,1,97.43987625561681,97.43987625561681,0.0,97.43987625561681,97.43987625561681,81,4.0,4.0,0.0,4.0,4.0,81,1.1490887318258571,1.1490887318258571,0.2764872243397864,0.5,1.8023047416350353,81,2.4348708826989824,2.4348708826989824,0.5069194040956639,0.75,3.8999378275527627,81,0.7972690592383376,0.7760565735779124,0.10247842924309968,0.5298984474827102,1.0,81,0.9969798289085633,0.9854340984229107,0.2974810228355977,0.5,1.7376234100160857,81,10.154420234843432,9.109521967236029,3.7231639687585782,4.638440787913703,22.385965484197392,81,11.496201362402733,11.496201362402735,1.7763568394002505e-15,11.496201362402735,11.496201362402735,81,cases/granite_dense_unfavorable.yaml,granite_dense_unfavorable,medium_to_poor,dense,unfavorable,high
granite_dense_unfavorable,47,50,50.5,10.188921049630034,9.571972888098005,11.685523088886697,11.685523088886697,13.114378782257122,12.132689904440452,1.2871214447905956,2.9254577326270876,0.10961952616941506,1.0382667350149712,0.44716681555375537,173,95.82258061988004,95.82258061988004,95.82258061988004,100.0,99.79947827883811,0.42857142857142855,3,95.82258061988004,2.1,98.08069376239264,21,2.2,P32_derived_Jv_proxy,100.0,95.82258061988004,4.177419380119957,3.976897658958066,0.0,-0.20052172116189126,4.177419380119957,3.976897658958066,0.0,0.20052172116189126,173,3,0,173,1.0,0.0,78.53981633974483,7.0,2.2027044123918316,0.42857142857142855,0.42857142857142855,0.0,2.2027044123918316,0.8913596073317563,0.8105736672274517,0.08078594010430462,0,1,1,1,1,1,95.82258061988004,95.82258061988004,0.0,95.82258061988004,95.82258061988004,81,4.0,4.0,0.0,4.0,4.0,81,1.2016227666562989,1.2016227666562989,0.27930397811439234,0.5,2.1020388170516773,81,2.463359867520838,2.463359867520838,0.5162792757001047,1.0747278597887882,3.8737428805441647,81,0.8011436671212637,0.8065709509784248,0.10632814008608729,0.48720500436414005,1.0,81,0.9904353285678427,0.965021836205072,0.2514883160570266,0.5,1.6537488025322318,81,10.188921049630034,9.571972888098005,3.3396901744612584,4.615477740140202,21.36908683889249,81,11.685523088886697,11.685523088886697,0.0,11.685523088886697,11.685523088886697,81,cases/granite_dense_unfavorable.yaml,granite_dense_unfavorable,medium_to_poor,dense,unfavorable,high
granite_dense_unfavorable,47,60,60.5,10.192238448167563,8.976475750115071,11.745054514557426,11.74505451455743,9.988384287949525,13.460989740654979,0.9799990785876199,-0.2038541602180377,-0.008774332638627924,1.1460985322776267,1.7159352260975531,170,97.89242038402497,97.89242038402497,97.89242038402497,100.0,99.61598890532413,0.5714285714285714,4,97.89242038402497,2.4,97.54185477225263,24,2.2,P32_derived_Jv_proxy,100.0,97.89242038402497,2.107579615975027,1.723568521299157,0.0,-0.3840110946758699,2.107579615975027,1.723568521299157,0.0,0.3840110946758699,170,4,1,169,0.9941176470588236,0.0058823529411764705,78.53981633974483,7.0,2.1645072260497766,0.5714285714285714,0.5714285714285714,0.012732395447351627,2.151774830602425,0.8898369115266547,0.79324978768508,0.09658712384157464,1,1,1,1,1,1,97.89242038402497,97.89242038402497,0.0,97.89242038402497,97.89242038402497,81,4.0,4.0,0.0,4.0,4.0,81,1.183227980957261,1.183227980957261,0.30665044305299205,0.5,1.972030399377424,81,2.4654855960533166,2.4654855960533166,0.49793464811752647,1.3325375854128254,3.707178151528277,81,0.8055026222190359,0.8233368231270509,0.09253181657882649,0.6226365094750156,0.9833824178432364,81,1.056291675092586,1.0656433780789318,0.3639442485228021,0.5,1.9858802752006142,81,10.192238448167563,8.976475750115071,4.089854765990606,4.879418434103186,20.929141941291892,81,11.745054514557426,11.74505451455743,3.552713678800501e-15,11.74505451455743,11.74505451455743,81,cases/granite_dense_unfavorable.yaml,granite_dense_unfavorable,medium_to_poor,dense,unfavorable,high
granite_dense_unfavorable,47,70,70.5,9.451944616907912,8.568269639611387,11.471000306133044,11.471000306133043,10.7148974997712,12.0,1.1336183117920602,1.2629528828632868,0.05446685262932427,1.046116265342973,0.5289996938669557,185,97.7128291152851,97.7128291152851,97.7128291152851,100.0,100.0,0.0,0,97.7128291152851,2.0,98.24769036935783,20,2.2,P32_derived_Jv_proxy,100.0,97.7128291152851,2.2871708847148966,2.2871708847148966,0.0,0.0,2.2871708847148966,2.2871708847148966,0.0,0.0,185,0,0,185,1.0,0.0,78.53981633974483,7.0,2.355493157760051,0.0,0.0,0.0,2.355493157760051,0.8912361317010153,0.0,0.8912361317010153,1,1,1,1,1,1,97.7128291152851,97.7128291152851,0.0,97.7128291152851,97.7128291152851,81,4.0,4.0,0.0,4.0,4.0,81,1.1904849894510268,1.1904849894510268,0.2897869121187412,0.5,2.194984678534388,81,2.535211691092579,2.535211691092579,0.48355493552076406,1.0557840043903717,3.9764056502462424,81,0.7951112059850274,0.7912591037104985,0.09887478501839339,0.4778871707931277,1.0,81,1.0543787868975942,1.0726662240570644,0.3055231633599356,0.5,1.8795831270211694,81,9.451944616907912,8.568269639611387,3.1670103637314186,4.694939975571354,17.818857340123976,81,11.471000306133044,11.471000306133043,1.7763568394002505e-15,11.471000306133043,11.471000306133043,81,cases/granite_dense_unfavorable.yaml,granite_dense_unfavorable,medium_to_poor,dense,unfavorable,high
granite_dense_unfavorable,47,80,80.5,9.291970545680593,8.501646691280468,11.09263591346279,11.092635913462791,9.488074040422143,12.0,1.0211046186357864,0.19610349474154987,0.009070240586988465,1.0817987801651339,0.9073640865372106,189,98.42696063740816,98.42696063740816,98.42696063740816,100.0,100.0,0.0,0,98.42696063740816,1.7,98.70878354177688,17,2.2,P32_derived_Jv_proxy,100.0,98.42696063740816,1.5730393625918424,1.5730393625918424,0.0,0.0,1.5730393625918424,1.5730393625918424,0.0,0.0,189,0,0,189,1.0,0.0,78.53981633974483,7.0,2.4064227395494573,0.0,0.0,0.0,2.4064227395494573,0.8818765931662198,0.0,0.8818765931662198,1,1,1,1,1,1,98.42696063740816,98.42696063740816,0.0,98.42696063740816,98.42696063740816,81,4.0,4.0,0.0,4.0,4.0,81,1.1596132383098983,1.1596132383098983,0.30990073239699534,0.5,2.2418460324546663,81,2.572364392290676,2.572364392290676,0.478841798820784,1.6514751637620566,3.9297658117693417,81,0.7869883218048704,0.7987146868052973,0.10615854019025994,0.4942880289569222,1.0,81,1.024699905267018,0.9994715446461165,0.29239274319330255,0.5,2.0600190888708036,81,9.291970545680593,8.501646691280468,3.1412756489402085,4.516546675263077,18.437926475503676,81,11.09263591346279,11.092635913462791,1.7763568394002505e-15,11.092635913462791,11.092635913462791,81,cases/granite_dense_unfavorable.yaml,granite_dense_unfavorable,medium_to_poor,dense,unfavorable,high
granite_dense_unfavorable,48,10,10.5,9.738673725327006,9.246165306919758,11.568659823261116,11.568659823261118,10.274331439196718,11.43241739187267,1.0550031481675628,0.5356577138697123,0.023253755586091218,0.9882231448179932,-0.13624243138844605,178,99.38237638822338,99.38237638822338,99.38237638822338,98.89668604588908,99.93315942627937,0.14285714285714285,1,99.38237638822338,1.5,98.98141728888164,15,2.2,P32_derived_Jv_proxy,100.0,99.38237638822338,-0.4856903423342942,0.5507830380559966,-1.1033139541109165,-0.06684057372062568,0.4856903423342942,0.5507830380559966,1.1033139541109165,0.06684057372062568,178,1,1,177,0.9943820224719101,0.0056179775280898875,78.53981633974483,7.0,2.2663663896285895,0.14285714285714285,0.14285714285714285,0.012732395447351627,2.253633994181238,0.8809008976185349,0.8431362519563546,0.037764645662180296,1,1,1,1,1,1,99.38237638822338,99.38237638822338,0.0,99.38237638822338,99.38237638822338,81,4.0,4.0,0.0,4.0,4.0,81,1.1784228897152382,1.1784228897152382,0.3016847889475653,0.5,2.0187024041380126,81,2.5308564034075807,2.5308564034075807,0.4751071948736112,1.2515279145174012,3.7266011443865175,81,0.7875461193518724,0.7820669830548206,0.10691670802820216,0.48071902895720164,1.0,81,1.0206610949738373,1.0005949930088611,0.30885139687871277,0.5,1.8149665430266715,81,9.738673725327006,9.246165306919758,3.172540286494165,4.520664263315496,20.389225776024727,81,11.568659823261116,11.568659823261118,1.7763568394002505e-15,11.568659823261118,11.568659823261118,81,cases/granite_dense_unfavorable.yaml,granite_dense_unfavorable,medium_to_poor,dense,unfavorable,high
granite_dense_unfavorable,48,20,20.5,10.663366453124176,10.095930507009863,12.155178379559587,12.155178379559583,9.838304626111674,11.315722218831892,0.9226265147465907,-0.8250618270125027,-0.034974068649638146,0.9309383923036998,-0.8394561607276945,184,97.61384317610349,97.61384317610349,97.61384317610349,99.511140145147,99.68282947904477,0.42857142857142855,3,97.61384317610349,2.0,98.24769036935783,20,2.2,P32_derived_Jv_proxy,100.0,97.61384317610349,1.8972969690435093,2.0689863029412834,-0.4888598548530041,-0.31717052095523,1.8972969690435093,2.0689863029412834,0.4888598548530041,0.31717052095523,184,3,1,183,0.9945652173913043,0.005434782608695652,78.53981633974483,7.0,2.3427607623126994,0.42857142857142855,0.42857142857142855,0.012732395447351627,2.330028366865348,0.8895163387092265,0.7639569907629519,0.12555934794627466,1,1,1,1,1,1,97.61384317610349,97.61384317610349,0.0,97.61384317610349,97.61384317610349,81,4.0,4.0,0.0,4.0,4.0,81,1.228941855896632,1.228941855896632,0.2940868643501792,0.5,2.014598719924458,81,2.4672969381464145,2.4672969381464145,0.4824934469774594,0.75,3.530033082004153,81,0.8146611604917224,0.8057933674923249,0.09921872831806995,0.5364609462276558,1.0,81,1.009229992700725,0.9931543087050523,0.28472271507375246,0.5,1.6839235638184176,81,10.663366453124176,10.095930507009863,3.4810690386268397,5.3430169160937835,23.626379769087976,81,12.155178379559587,12.155178379559583,3.552713678800501e-15,12.155178379559583,12.155178379559583,81,cases/granite_dense_unfavorable.yaml,granite_dense_unfavorable,medium_to_poor,dense,unfavorable,high
granite_dense_unfavorable,48,30,30.5,9.917903179466753,9.45392343117332,11.353467926477261,11.35346792647726,8.338866117378435,10.534250098242568,0.8407892239402546,-1.579037062088318,-0.07531286312309993,0.9278442645419196,-0.8192178282346934,182,96.76197433327629,96.76197433327629,96.76197433327629,100.0,99.86631885255873,0.2857142857142857,2,96.76197433327629,3.0,96.30636868862332,30,2.2,P32_derived_Jv_proxy,100.0,96.76197433327629,3.238025666723715,3.1043445192824493,0.0,-0.13368114744126558,3.238025666723715,3.1043445192824493,0.0,0.13368114744126558,182,2,2,180,0.989010989010989,0.01098901098901099,78.53981633974483,7.0,2.317295971417996,0.2857142857142857,0.2857142857142857,0.025464790894703253,2.291831180523293,0.8911437483841267,0.8125776457628092,0.07856610262131747,1,1,1,1,1,1,96.76197433327629,96.76197433327629,0.0,96.76197433327629,96.76197433327629,81,4.0,4.0,0.0,4.0,4.0,81,1.174336376638219,1.174336376638219,0.3275879499354027,0.5,2.071098610120389,81,2.502123295515341,2.502123295515341,0.4750065267521349,0.974568821314596,3.7487650429175208,81,0.8236881799105977,0.824487554205073,0.08112997677413807,0.6209282483534614,1.0,81,1.0077241836143125,1.000064816020931,0.2536195219434247,0.5037102629839664,1.5794418630247624,81,9.917903179466753,9.45392343117332,2.859365982911996,5.373467736757709,18.85280988411446,81,11.353467926477261,11.35346792647726,1.7763568394002505e-15,11.35346792647726,11.35346792647726,81,cases/granite_dense_unfavorable.yaml,granite_dense_unfavorable,medium_to_poor,dense,unfavorable,high
granite_dense_unfavorable,48,40,40.5,10.015032561297346,9.202844796544397,11.625267895425125,11.625267895425123,12.08326655588017,12.453729370453829,1.2065129575889173,2.0682339945828243,0.08153199046291237,1.0712638609691503,0.8284614750287034,184,97.97411081340466,97.97411081340466,97.97411081340466,99.35327743447708,99.93315942627937,0.14285714285714285,1,97.97411081340466,1.9,98.4081369392601,19,2.2,P32_derived_Jv_proxy,100.0,97.97411081340466,1.3791666210724145,1.9590486128747102,-0.6467225655229214,-0.06684057372062568,1.3791666210724145,1.9590486128747102,0.6467225655229214,0.06684057372062568,184,1,0,184,1.0,0.0,78.53981633974483,7.0,2.3427607623126994,0.14285714285714285,0.14285714285714285,0.0,2.3427607623126994,0.8938821473585361,0.6326334240032343,0.2612487233553018,1,1,1,1,1,1,97.97411081340466,97.97411081340466,0.0,97.97411081340466,97.97411081340466,81,4.0,4.0,0.0,4.0,4.0,81,1.185739776293733,1.185739776293733,0.30066345956410756,0.5,2.2154348049540715,81,2.498260712860234,2.498260712860234,0.47362320395849555,1.126457620544927,4.00308489151767,81,0.8004156201957708,0.7917339926443703,0.11104536389192048,0.5447106566197294,1.0,81,1.0135912357751853,0.981133211571501,0.27587179029104913,0.5,1.6486961258274384,81,10.015032561297346,9.202844796544397,3.5518679116144756,4.658575014778019,21.383056926847733,81,11.625267895425125,11.625267895425123,1.7763568394002505e-15,11.625267895425123,11.625267895425123,81,cases/granite_dense_unfavorable.yaml,granite_dense_unfavorable,medium_to_poor,dense,unfavorable,high
granite_dense_unfavorable,48,50,50.5,9.83666063098206,9.318029373343663,11.84527064556066,11.845270645560664,8.601089258870147,12.0,0.8743911761863276,-1.235571372111913,-0.058294233666911444,1.0130625427708002,0.15472935443933977,170,98.02677057264188,98.02677057264188,98.02677057264188,100.0,100.0,0.0,0,98.02677057264188,2.5,97.35009788392561,25,2.2,P32_derived_Jv_proxy,100.0,98.02677057264188,1.9732294273581203,1.9732294273581203,0.0,0.0,1.9732294273581203,1.9732294273581203,0.0,0.0,170,0,0,170,1.0,0.0,78.53981633974483,7.0,2.1645072260497766,0.0,0.0,0.0,2.1645072260497766,0.8881558295225597,0.0,0.8881558295225597,1,1,1,1,1,1,98.02677057264188,98.02677057264188,0.0,98.02677057264188,98.02677057264188,81,4.0,4.0,0.0,4.0,4.0,81,1.190593002570041,1.190593002570041,0.3251569058494045,0.5,2.093552816118082,81,2.4632190897230886,2.4632190897230886,0.5121380510493682,1.116141956214678,3.8290975436510557,81,0.8036090976929678,0.7980159393577346,0.08949790371933214,0.5128447149712022,1.0,81,1.0604292125073718,1.0153370415711023,0.30366640902774217,0.5,2.082679152367628,81,9.83666063098206,9.318029373343663,3.440007144443983,4.493212315175592,19.783579504516087,81,11.84527064556066,11.845270645560664,3.552713678800501e-15,11.845270645560664,11.845270645560664,81,cases/granite_dense_unfavorable.yaml,granite_dense_unfavorable,medium_to_poor,dense,unfavorable,high
granite_dense_unfavorable,48,60,60.5,9.60899530975259,8.870137171548011,11.497465122085936,11.497465122085934,9.435562332109553,12.0,0.9819509769697762,-0.17343297764303678,-0.007910193438056878,1.0437083194058772,0.5025348779140639,175,99.33247607426938,99.33247607426938,99.33247607426938,100.0,100.0,0.0,0,99.33247607426938,1.2,99.33508891232165,12,2.2,P32_derived_Jv_proxy,100.0,99.33247607426938,0.6675239257306202,0.6675239257306202,0.0,0.0,0.6675239257306202,0.6675239257306202,0.0,0.0,175,0,0,175,1.0,0.0,78.53981633974483,7.0,2.2281692032865346,0.0,0.0,0.0,2.2281692032865346,0.8944785163466213,0.0,0.8944785163466213,1,1,1,1,1,1,99.33247607426938,99.33247607426938,0.0,99.33247607426938,99.33247607426938,81,4.0,4.0,0.0,4.0,4.0,81,1.184566979700821,1.184566979700821,0.31519052148830323,0.5,2.019645553417993,81,2.5585198545954304,2.5585198545954304,0.49048211452466595,1.323405963867044,3.7444616983118486,81,0.7870191075962926,0.7907279909506533,0.09379029182290412,0.5058599638772637,1.0,81,1.0268729671828085,0.9824971075870756,0.29267007206574336,0.5,1.7489648712033357,81,9.60899530975259,8.870137171548011,3.2031592329165477,4.642914397433193,19.728144509377064,81,11.497465122085936,11.497465122085934,1.7763568394002505e-15,11.497465122085934,11.497465122085934,81,cases/granite_dense_unfavorable.yaml,granite_dense_unfavorable,medium_to_poor,dense,unfavorable,high
granite_dense_unfavorable,48,70,70.5,9.972946540256814,8.98453694514832,12.057124988250534,12.057124988250534,7.7199813781122035,11.916540997642334,0.774092325367404,-2.2529651621446103,-0.11120723827527845,0.9883401730723372,-0.14058399060819937,167,99.59501519757202,99.59501519757202,99.59501519757202,99.52633076132346,99.7496700527654,0.2857142857142857,2,99.59501519757202,1.6,98.84867952008052,16,2.2,P32_derived_Jv_proxy,100.0,99.59501519757202,-0.06868443624856013,0.15465485519337108,-0.47366923867653554,-0.25032994723460433,0.06868443624856013,0.15465485519337108,0.47366923867653554,0.25032994723460433,167,2,0,167,1.0,0.0,78.53981633974483,7.0,2.1263100397077217,0.2857142857142857,0.2857142857142857,0.0,2.1263100397077217,0.8696019952165541,0.8539815611597747,0.015620434056779375,0,1,1,1,1,1,99.59501519757202,99.59501519757202,0.0,99.59501519757202,99.59501519757202,81,4.0,4.0,0.0,4.0,4.0,81,1.2187102805437962,1.2187102805437962,0.29219287723577486,0.5,2.0567686211692924,81,2.5167166515748356,2.5167166515748356,0.48887036175757054,1.3797591187706395,3.7515730833375067,81,0.7866498877159113,0.7816879119059458,0.10077375140992606,0.5661051228465592,1.0,81,1.0397662402094812,1.048825337302501,0.3005318555970452,0.5,2.073632273561048,81,9.972946540256814,8.98453694514832,3.3917101492064496,3.720947485628492,18.542400335830617,81,12.057124988250534,12.057124988250534,0.0,12.057124988250534,12.057124988250534,81,cases/granite_dense_unfavorable.yaml,granite_dense_unfavorable,medium_to_poor,dense,unfavorable,high
granite_dense_unfavorable,48,80,80.5,10.289556946650954,9.634100495141587,11.977608713531623,11.977608713531623,8.308087371519559,12.10781238530363,0.807429067606616,-1.9814695751313955,-0.09289561995676554,1.0108705898552948,0.13020367177200676,172,97.4771536484137,97.4771536484137,97.4771536484137,100.0,99.93315942627937,0.14285714285714285,1,97.4771536484137,2.2,97.90729335142237,22,2.2,P32_derived_Jv_proxy,100.0,97.4771536484137,2.5228463515862956,2.45600577786567,0.0,-0.06684057372062568,2.5228463515862956,2.45600577786567,0.0,0.06684057372062568,172,1,1,171,0.9941860465116279,0.005813953488372093,78.53981633974483,7.0,2.1899720169444796,0.14285714285714285,0.14285714285714285,0.012732395447351627,2.177239621497128,0.8839933549256093,0.7910666821826187,0.0929266727429906,1,1,1,1,1,1,97.4771536484137,97.4771536484137,0.0,97.4771536484137,97.4771536484137,81,4.0,4.0,0.0,4.0,4.0,81,1.2235639641237301,1.2235639641237301,0.2772623858424446,0.5814019556785942,1.9080545000492155,81,2.4894270505515648,2.4894270505515648,0.4813851307410264,1.033020304856888,3.8904730150967106,81,0.7973902434697542,0.7957002868520555,0.09032120288040073,0.5715826576870513,1.0,81,1.0066636378845086,0.9956263445757828,0.26787819651952116,0.5,1.6857531196525006,81,10.289556946650954,9.634100495141587,3.4172147688591537,4.878857370342314,23.955217427063246,81,11.977608713531623,11.977608713531623,0.0,11.977608713531623,11.977608713531623,81,cases/granite_dense_unfavorable.yaml,granite_dense_unfavorable,medium_to_poor,dense,unfavorable,high
granite_dense_unfavorable,49,10,10.5,10.350893621258786,9.966068579938815,12.523376593707553,12.523376593707553,9.646284420480617,11.483322909534332,0.931927693727715,-0.7046092007781688,-0.030617782316881503,0.9169510174519704,-1.0400536841732215,167,98.10484908115559,98.10484908115559,98.10484908115559,99.09964698975035,99.79947827883811,0.42857142857142855,3,98.10484908115559,1.6,98.84867952008052,16,2.2,P32_derived_Jv_proxy,100.0,98.10484908115559,0.9947979085947622,1.6946291976825165,-0.9003530102496455,-0.20052172116189126,0.9947979085947622,1.6946291976825165,0.9003530102496455,0.20052172116189126,167,3,1,166,0.9940119760479041,0.005988023952095809,78.53981633974483,7.0,2.1263100397077217,0.42857142857142855,0.42857142857142855,0.012732395447351627,2.11357764426037,0.8802882991686665,0.8419190538676995,0.03836924530096697,1,1,1,1,1,1,98.10484908115559,98.10484908115559,0.0,98.10484908115559,98.10484908115559,81,4.0,4.0,0.0,4.0,4.0,81,1.2677321943499713,1.2677321943499713,0.3300379803260614,0.5,2.0498473853868076,81,2.4827704148200125,2.4827704148200125,0.5211701001053097,1.0028023720993091,3.79414121871459,81,0.8120884137393153,0.8263962332537989,0.10275519926631112,0.5561934259416487,1.0,81,1.0584977019402422,1.041526649128181,0.2810619135789203,0.5,1.7948564452614986,81,10.350893621258786,9.966068579938815,3.2782206747609366,4.952065385823692,22.86253123489936,81,12.523376593707553,12.523376593707553,0.0,12.523376593707553,12.523376593707553,81,cases/granite_dense_unfavorable.yaml,granite_dense_unfavorable,medium_to_poor,dense,unfavorable,high
granite_dense_unfavorable,49,20,20.5,10.122322370245229,9.206229434017779,11.823682432268681,11.823682432268681,12.27248147554036,12.026440319553716,1.2124175684836482,2.150159105295131,0.0836522208663395,1.0171484550981915,0.20275788728503485,189,99.12581248147762,99.12581248147762,99.12581248147762,100.0,99.93315942627937,0.14285714285714285,1,99.12581248147762,1.9,98.4081369392601,19,2.2,P32_derived_Jv_proxy,100.0,99.12581248147762,0.8741875185223762,0.8073469448017505,0.0,-0.06684057372062568,0.8741875185223762,0.8073469448017505,0.0,0.06684057372062568,189,1,1,188,0.9947089947089947,0.005291005291005291,78.53981633974483,7.0,2.4064227395494573,0.14285714285714285,0.14285714285714285,0.012732395447351627,2.393690344102106,0.8759906706174319,0.765038691876676,0.11095197874075591,1,1,1,1,1,1,99.12581248147762,99.12581248147762,0.0,99.12581248147762,99.12581248147762,81,4.0,4.0,0.0,4.0,4.0,81,1.211728925322312,1.211728925322312,0.25265950431385104,0.5,1.8791797822743146,81,2.539682855107666,2.539682855107666,0.4584286884171116,1.4605677302107434,3.62370132188697,81,0.8026806372678075,0.8033954083239402,0.09584258282879426,0.6100266111428901,1.0,81,1.0182730122477035,0.9792060697134359,0.28131329178959874,0.5,1.6351497209584223,81,10.122322370245229,9.206229434017779,3.391633697477679,5.320811423888223,22.386722631324453,81,11.823682432268681,11.823682432268681,0.0,11.823682432268681,11.823682432268681,81,cases/granite_dense_unfavorable.yaml,granite_dense_unfavorable,medium_to_poor,dense,unfavorable,high
granite_dense_unfavorable,49,30,30.5,9.46035264428296,9.00889637780149,11.66859054511772,11.668590545117718,11.494163835351767,11.432424279659378,1.2149825981696223,2.033811191068807,0.08457005770961512,0.9797605148158055,-0.2361662654583423,181,98.72053630729887,98.72053630729887,98.72053630729887,100.0,99.86631885255873,0.2857142857142857,2,98.72053630729887,2.2,97.90729335142237,22,2.2,P32_derived_Jv_proxy,100.0,98.72053630729887,1.2794636927011283,1.1457825452598627,0.0,-0.13368114744126558,1.2794636927011283,1.1457825452598627,0.0,0.13368114744126558,181,2,0,181,1.0,0.0,78.53981633974483,7.0,2.3045635759706444,0.2857142857142857,0.2857142857142857,0.0,2.3045635759706444,0.8868955027763292,0.9252808232327919,-0.0383853204564627,1,1,1,1,1,1,98.72053630729887,98.72053630729887,0.0,98.72053630729887,98.72053630729887,81,4.0,4.0,0.0,4.0,4.0,81,1.1643276805959724,1.1643276805959724,0.3102339732289416,0.5,2.00878056331272,81,2.4626593207943475,2.4626593207943475,0.4622844315219146,1.1780749746190442,3.8811543942452342,81,0.8059181062213961,0.8067780888304694,0.09760486076169199,0.5334840383219855,1.0,81,1.0781340564538626,1.0756367145839782,0.28601625896325994,0.5,1.8009480701978726,81,9.46035264428296,9.00889637780149,3.2054711811751626,4.546400049725989,21.632351597675093,81,11.66859054511772,11.668590545117718,1.7763568394002505e-15,11.668590545117718,11.668590545117718,81,cases/granite_dense_unfavorable.yaml,granite_dense_unfavorable,medium_to_poor,dense,unfavorable,high
granite_dense_unfavorable,49,40,40.5,9.784644364597485,9.320631412328664,11.568986014201883,11.568986014201883,10.475521361508262,12.386312554095513,1.0706082889849822,0.6908769969107773,0.02963060150444885,1.070648070530148,0.8173265398936298,194,97.05831421631072,97.05831421631072,97.05831421631072,100.0,99.86631885255873,0.2857142857142857,2,97.05831421631072,2.3,97.72763310791008,23,2.2,P32_derived_Jv_proxy,100.0,97.05831421631072,2.9416857836892802,2.8080046362480147,0.0,-0.13368114744126558,2.9416857836892802,2.8080046362480147,0.0,0.13368114744126558,194,2,1,193,0.9948453608247423,0.005154639175257732,78.53981633974483,7.0,2.4700847167862157,0.2857142857142857,0.2857142857142857,0.012732395447351627,2.457352321338864,0.8921733933183977,0.883065783711435,0.009107609606962774,1,1,1,1,1,1,97.05831421631072,97.05831421631072,0.0,97.05831421631072,97.05831421631072,81,4.0,4.0,0.0,4.0,4.0,81,1.1846565861389164,1.1846565861389164,0.3026981436604625,0.5,2.105809852618534,81,2.4846769421871664,2.4846769421871664,0.5250596213825479,1.081037299595397,4.102721551382084,81,0.8078007719868309,0.8038118371455693,0.10780495577246738,0.43378714797851214,1.0,81,1.0281099087018273,1.0352591536118272,0.2803522715671556,0.5588251103462913,1.7410191032665125,81,9.784644364597485,9.320631412328664,3.0252553398007795,4.6476929470635815,17.728712639224092,81,11.568986014201883,11.568986014201883,0.0,11.568986014201883,11.568986014201883,81,cases/granite_dense_unfavorable.yaml,granite_dense_unfavorable,medium_to_poor,dense,unfavorable,high
granite_dense_unfavorable,49,50,50.5,10.375889760154775,9.732727301200196,12.074827682974572,12.074827682974568,10.45557430537967,12.0,1.0076797794759633,0.07968454522489488,0.0033225439139932256,0.9938030020022498,-0.07482768297457199,177,98.90154284066833,98.90154284066833,98.90154284066833,100.0,100.0,0.0,0,98.90154284066833,1.7,98.70878354177688,17,2.2,P32_derived_Jv_proxy,100.0,98.90154284066833,1.098457159331673,1.098457159331673,0.0,0.0,1.098457159331673,1.098457159331673,0.0,0.0,177,0,0,177,1.0,0.0,78.53981633974483,7.0,2.253633994181238,0.0,0.0,0.0,2.253633994181238,0.87131725767384,0.0,0.87131725767384,1,1,1,1,1,1,98.90154284066833,98.90154284066833,0.0,98.90154284066833,98.90154284066833,81,4.0,4.0,0.0,4.0,4.0,81,1.2149395064367847,1.2149395064367847,0.27592401317210014,0.5,1.9408602014338703,81,2.487807586150941,2.487807586150941,0.5002445368753643,1.2568042712810272,3.8475815414445838,81,0.798102691007179,0.8116350744354175,0.0959528741109582,0.5233562620188199,1.0,81,1.0140491393403188,0.9883664598149039,0.27999222552958714,0.5,1.6671270713542141,81,10.375889760154775,9.732727301200196,3.4899130921423573,4.929641870271151,20.243055308094664,81,12.074827682974572,12.074827682974568,3.552713678800501e-15,12.074827682974568,12.074827682974568,81,cases/granite_dense_unfavorable.yaml,granite_dense_unfavorable,medium_to_poor,dense,unfavorable,high
granite_dense_unfavorable,49,60,60.5,10.5773582984868,9.599554039652492,11.914717218813054,11.914717218813056,9.537653622898842,12.0,0.9017046935304538,-1.0397046755879575,-0.04493566974043672,1.0071577679621542,0.08528278118694566,190,98.81559993860245,98.81559993860245,98.81559993860245,100.0,100.0,0.0,0,98.81559993860245,2.2,97.90729335142237,22,2.2,P32_derived_Jv_proxy,100.0,98.81559993860245,1.1844000613975538,1.1844000613975538,0.0,0.0,1.1844000613975538,1.1844000613975538,0.0,0.0,190,0,0,190,1.0,0.0,78.53981633974483,7.0,2.4191551349968092,0.0,0.0,0.0,2.4191551349968092,0.884825656337319,0.0,0.884825656337319,1,1,1,1,1,1,98.81559993860245,98.81559993860245,0.0,98.81559993860245,98.81559993860245,81,4.0,4.0,0.0,4.0,4.0,81,1.2064309246983373,1.2064309246983373,0.281946284452108,0.5305125174941968,1.9054683768586658,81,2.5014063158022903,2.5014063158022903,0.4934633819101963,0.9586107858710506,3.643254931517623,81,0.8158225379379701,0.8253953465711736,0.09598350343512235,0.5449674353041102,1.0,81,1.0148003335866194,1.0321918656560003,0.2930315213963172,0.5,1.690232887708877,81,10.5773582984868,9.599554039652492,3.9562652194271193,4.995863846477536,22.794451863119274,81,11.914717218813054,11.914717218813056,1.7763568394002505e-15,11.914717218813056,11.914717218813056,81,cases/granite_dense_unfavorable.yaml,granite_dense_unfavorable,medium_to_poor,dense,unfavorable,high
granite_dense_unfavorable,49,70,70.5,10.436512914157404,9.763520755358229,11.41446493685662,11.414464936856623,11.948134152557959,11.702008492858747,1.144839684560731,1.5116212384005543,0.05874467533507666,1.0251911550469324,0.28754355600212733,201,95.29041268060897,95.29041268060897,95.29041268060897,98.7788380734636,99.93315942627937,0.14285714285714285,1,95.29041268060897,2.3,97.72763310791008,23,2.2,P32_derived_Jv_proxy,100.0,95.29041268060897,3.488425392854637,4.642746745670408,-1.2211619265363964,-0.06684057372062568,3.488425392854637,4.642746745670408,1.2211619265363964,0.06684057372062568,201,1,0,201,1.0,0.0,78.53981633974483,7.0,2.559211484917677,0.14285714285714285,0.14285714285714285,0.0,2.559211484917677,0.8880906885644366,0.6224705245782404,0.26562016398619626,1,1,1,1,1,1,95.29041268060897,95.29041268060897,0.0,95.29041268060897,95.29041268060897,81,4.0,4.0,0.0,4.0,4.0,81,1.2168953615456082,1.2168953615456082,0.28110317349763125,0.5,1.9190485075731363,81,2.5397261683370047,2.5397261683370047,0.5529947484362066,1.2731147987024622,4.324179034062925,81,0.8047353331915218,0.8013749957062574,0.09427592358966462,0.5571607811470304,1.0,81,0.9530808022619482,0.9240469948446344,0.259513988253164,0.5,1.5148708932821469,81,10.436512914157404,9.763520755358229,3.3897337141725132,5.268089728785909,20.371099636277037,81,11.41446493685662,11.414464936856623,3.552713678800501e-15,11.414464936856623,11.414464936856623,81,cases/granite_dense_unfavorable.yaml,granite_dense_unfavorable,medium_to_poor,dense,unfavorable,high
granite_dense_unfavorable,49,80,80.5,9.941034260945537,9.159719072707107,11.69496751676324,11.694967516763239,9.437707382610112,11.63593713949363,0.9493687613256901,-0.5033268783354252,-0.02256506270305758,0.9949524975434948,-0.05903037726961102,177,96.07410082008064,96.07410082008064,96.07410082008064,98.63594248479185,99.7994782788381,0.42857142857142855,3,96.07410082008064,2.6,97.15249981124936,26,2.2,P32_derived_Jv_proxy,100.0,96.07410082008064,2.56184166471121,3.7253774587574497,-1.3640575152081453,-0.20052172116190548,2.56184166471121,3.7253774587574497,1.3640575152081453,0.20052172116190548,177,3,1,176,0.9943502824858758,0.005649717514124294,78.53981633974483,7.0,2.253633994181238,0.42857142857142855,0.42857142857142855,0.012732395447351627,2.2409015987338865,0.8846708252444119,0.8489837652793539,0.03568705996505794,1,1,1,1,1,1,96.07410082008064,96.07410082008064,0.0,96.07410082008064,96.07410082008064,81,4.0,4.0,0.0,4.0,4.0,81,1.2179097114196413,1.2179097114196413,0.2840369475909497,0.5,1.9182825574248512,81,2.501280577243325,2.501280577243325,0.4540028336975747,1.3638373234986152,3.8738959624874743,81,0.7936181600077753,0.7955307687519819,0.1017476596307102,0.5886710297266916,1.0,81,1.0098610894183522,1.0249860229469183,0.2660035296284057,0.5,1.6155016396162434,81,9.941034260945537,9.159719072707107,3.298696181459469,5.220981248594331,21.696048440616398,81,11.69496751676324,11.694967516763239,1.7763568394002505e-15,11.694967516763239,11.694967516763239,81,cases/granite_dense_unfavorable.yaml,granite_dense_unfavorable,medium_to_poor,dense,unfavorable,high
granite_dense_unfavorable,50,10,10.5,10.13754022797462,9.068058725977046,11.766406311095777,11.766406311095775,8.118157590297042,12.202009936359373,0.8008015167125969,-2.0193826376775785,-0.09647511297717981,1.0370209572699203,0.435603625263596,185,96.68945044863125,96.68945044863125,96.68945044863125,100.0,99.86631885255873,0.2857142857142857,2,96.68945044863125,3.1,96.0815512653819,31,2.2,P32_derived_Jv_proxy,100.0,96.68945044863125,3.3105495513687515,3.176868403927486,0.0,-0.13368114744126558,3.3105495513687515,3.176868403927486,0.0,0.13368114744126558,185,2,2,183,0.9891891891891892,0.010810810810810811,78.53981633974483,7.0,2.355493157760051,0.2857142857142857,0.2857142857142857,0.025464790894703253,2.330028366865348,0.8820787355989743,0.8835084989886192,-0.0014297633896448447,1,1,1,1,1,1,96.68945044863125,96.68945044863125,0.0,96.68945044863125,96.68945044863125,81,4.0,4.0,0.0,4.0,4.0,81,1.206587278091133,1.206587278091133,0.28191692438828536,0.5,2.079125116577653,81,2.478757272025498,2.478757272025498,0.4873631674198801,0.9925507583845903,3.8076423628285676,81,0.7955343864600936,0.7809868200684269,0.09177243480029444,0.5537817811934956,0.9840822758677985,81,1.0213685082062083,1.0395604635837303,0.330128132818617,0.5,1.8644055566427016,81,10.13754022797462,9.068058725977046,3.3813258320390593,5.139077715139446,19.240686342442206,81,11.766406311095777,11.766406311095775,1.7763568394002505e-15,11.766406311095775,11.766406311095775,81,cases/granite_dense_unfavorable.yaml,granite_dense_unfavorable,medium_to_poor,dense,unfavorable,high
granite_dense_unfavorable,50,20,20.5,10.629872148296062,10.536604034180668,12.261582455141937,12.261582455141939,9.678222630765415,12.0,0.9104740391742911,-0.9516495175306474,-0.04073243295976903,0.9786665011552207,-0.26158245514193723,168,99.24462235656115,99.24462235656115,99.24462235656115,100.0,100.0,0.0,0,99.24462235656115,1.0,99.53211598395555,10,2.2,P32_derived_Jv_proxy,100.0,99.24462235656115,0.7553776434388482,0.7553776434388482,0.0,0.0,0.7553776434388482,0.7553776434388482,0.0,0.0,168,0,0,168,1.0,0.0,78.53981633974483,7.0,2.139042435155073,0.0,0.0,0.0,2.139042435155073,0.8883714561014214,0.0,0.8883714561014214,1,1,1,1,1,1,99.24462235656115,99.24462235656115,0.0,99.24462235656115,99.24462235656115,81,4.0,4.0,0.0,4.0,4.0,81,1.219370161230442,1.219370161230442,0.30347937871307373,0.5,2.0400153545267465,81,2.4673799570100723,2.4673799570100723,0.4837112251060387,1.1408330146630807,3.9707974568058093,81,0.7933618928165986,0.7918102767390782,0.11005258019205046,0.5248795410418331,1.0,81,0.9900331527042265,0.9735808827074941,0.2853629792595352,0.5,1.8140894592506938,81,10.629872148296062,10.536604034180668,3.2573533482469066,5.159957501705229,19.644159861577847,81,12.261582455141937,12.261582455141939,1.7763568394002505e-15,12.261582455141939,12.261582455141939,81,cases/granite_dense_unfavorable.yaml,granite_dense_unfavorable,medium_to_poor,dense,unfavorable,high
granite_dense_unfavorable,50,30,30.5,10.401956704550901,9.713952407216599,12.207853317021307,12.207853317021309,8.860700427082824,11.676070458330555,0.851830158378397,-1.5412562774680776,-0.06964698813470149,0.9564392817573183,-0.531782858690752,164,98.4471484989041,98.4471484989041,98.4471484989041,100.0,99.93315942627937,0.14285714285714285,1,98.4471484989041,2.1,98.08069376239264,21,2.2,P32_derived_Jv_proxy,100.0,98.4471484989041,1.5528515010959012,1.4860109273752755,0.0,-0.06684057372062568,1.5528515010959012,1.4860109273752755,0.0,0.06684057372062568,164,1,1,163,0.9939024390243902,0.006097560975609756,78.53981633974483,7.0,2.0881128533656668,0.14285714285714285,0.14285714285714285,0.012732395447351627,2.0753804579183153,0.8968042494719979,0.9795623871009285,-0.08275813762893058,1,1,1,1,1,1,98.4471484989041,98.4471484989041,0.0,98.4471484989041,98.4471484989041,81,4.0,4.0,0.0,4.0,4.0,81,1.2194831630600793,1.2194831630600793,0.3298440533674055,0.5,2.121153756761936,81,2.458553459974362,2.458553459974362,0.47550179660836045,0.9157068463789164,3.7701776259626123,81,0.7872961158187808,0.7972223219889195,0.10384230147324675,0.5615071323303882,1.0,81,1.0167259208804145,1.018968127164253,0.2896808416069519,0.5,1.9387880917179439,81,10.401956704550901,9.713952407216599,3.9696019895944237,4.6949596991703855,23.305164685393077,81,12.207853317021307,12.207853317021309,1.7763568394002505e-15,12.207853317021309,12.207853317021309,81,cases/granite_dense_unfavorable.yaml,granite_dense_unfavorable,medium_to_poor,dense,unfavorable,high
granite_dense_unfavorable,50,40,40.5,9.781508956173269,8.822320995957954,11.992845930089972,11.992845930089972,11.90568789572547,12.0,1.2171627045550673,2.1241789395522,0.08534863654343827,1.0005965281261622,0.0071540699100278715,197,98.70444852968838,98.70444852968838,98.70444852968838,100.0,100.0,0.0,0,98.70444852968838,1.4,99.10683883546386,14,2.2,P32_derived_Jv_proxy,100.0,98.70444852968838,1.2955514703116222,1.2955514703116222,0.0,0.0,1.2955514703116222,1.2955514703116222,0.0,0.0,197,0,0,197,1.0,0.0,78.53981633974483,7.0,2.5082819031282706,0.0,0.0,0.0,2.5082819031282706,0.8854876406646773,0.0,0.8854876406646773,1,1,1,1,1,1,98.70444852968838,98.70444852968838,0.0,98.70444852968838,98.70444852968838,81,4.0,4.0,0.0,4.0,4.0,81,1.201973622874309,1.201973622874309,0.3175755490000655,0.5,2.0856709403469598,81,2.4731440786580308,2.4731440786580308,0.5232469795349345,1.0923783519095438,3.9619600774640764,81,0.7892632851811698,0.7904588545357104,0.09678555341746373,0.5450880953344516,1.0,81,1.0582551932642357,1.0546872355950234,0.3003887592593481,0.5,1.8401142922808147,81,9.781508956173269,8.822320995957954,3.3522928831924763,4.464394434013187,20.07850239847869,81,11.992845930089972,11.992845930089972,0.0,11.992845930089972,11.992845930089972,81,cases/granite_dense_unfavorable.yaml,granite_dense_unfavorable,medium_to_poor,dense,unfavorable,high
granite_dense_unfavorable,50,50,50.5,10.084390701034453,9.117211551812032,12.25943735309406,12.259437353094063,9.55015835136854,12.127058813289775,0.9470238346069721,-0.5342323496659134,-0.02363909057642488,0.9892019073966004,-0.13237853980428582,181,100.0,100.0,100.0,98.90116066098689,99.86631885255873,0.2857142857142857,2,100.0,1.4,99.10683883546386,14,2.2,P32_derived_Jv_proxy,100.0,100.0,-1.0988393390131108,-0.13368114744126558,-1.0988393390131108,-0.13368114744126558,1.0988393390131108,0.13368114744126558,1.0988393390131108,0.13368114744126558,181,2,1,180,0.994475138121547,0.0055248618784530384,78.53981633974483,7.0,2.3045635759706444,0.2857142857142857,0.2857142857142857,0.012732395447351627,2.291831180523293,0.8741709791974517,0.7522589099805626,0.12191206921688913,1,1,1,1,1,1,100.0,100.0,0.0,100.0,100.0,81,4.0,4.0,0.0,4.0,4.0,81,1.2200418769987889,1.2200418769987889,0.2924989266129352,0.5,1.8503292257963466,81,2.487964663180224,2.487964663180224,0.4732465408443718,1.2256349125750425,3.6777189914265613,81,0.7893542837799735,0.7914503017375882,0.09093508364992649,0.5214981345946683,1.0,81,1.0636705114418306,1.0421842854706984,0.3342966007719294,0.5,1.9263354491396614,81,10.084390701034453,9.117211551812032,3.6471319592982767,4.392034204556364,21.761627826418813,81,12.25943735309406,12.259437353094063,1.7763568394002505e-15,12.259437353094063,12.259437353094063,81,cases/granite_dense_unfavorable.yaml,granite_dense_unfavorable,medium_to_poor,dense,unfavorable,high
granite_dense_unfavorable,50,60,60.5,9.812810726320105,9.381335183844268,12.308990635028366,12.308990635028362,11.451052870985393,11.957177381525625,1.1669493267888236,1.6382421446652877,0.06705199779875337,0.9714181882223903,-0.3518132535027405,185,99.0850142761916,99.0850142761916,99.0850142761916,100.0,99.93315942627937,0.14285714285714285,1,99.0850142761916,1.5,98.98141728888164,15,2.2,P32_derived_Jv_proxy,100.0,99.0850142761916,0.9149857238083996,0.8481451500877739,0.0,-0.06684057372062568,0.9149857238083996,0.8481451500877739,0.0,0.06684057372062568,185,1,0,185,1.0,0.0,78.53981633974483,7.0,2.355493157760051,0.14285714285714285,0.14285714285714285,0.0,2.355493157760051,0.8861350706959628,0.7410805544058479,0.1450545162901149,1,1,1,1,1,1,99.0850142761916,99.0850142761916,0.0,99.0850142761916,99.0850142761916,81,4.0,4.0,0.0,4.0,4.0,81,1.2501827166795498,1.2501827166795498,0.29028240519478965,0.5328113808589479,2.131003184123383,81,2.5159327844787933,2.5159327844787933,0.5189932502242739,1.1577047677923622,3.997355214858704,81,0.7874601381764889,0.7843495387742621,0.09695425210959312,0.5481788268996802,1.0,81,1.055896049145417,1.0567827711880764,0.262994875293279,0.5,1.7275956147172196,81,9.812810726320105,9.381335183844268,2.9552735111980963,5.612795952335535,18.755334337353357,81,12.308990635028366,12.308990635028362,3.552713678800501e-15,12.308990635028362,12.308990635028362,81,cases/granite_dense_unfavorable.yaml,granite_dense_unfavorable,medium_to_poor,dense,unfavorable,high
granite_dense_unfavorable,50,70,70.5,9.992039281275014,9.805434073359985,11.718901727858649,11.718901727858645,12.041956260269782,12.16080552690939,1.205155016037246,2.0499169789947675,0.08104291270311004,1.0377086359552132,0.44190379905074195,189,99.59323617202656,99.59323617202656,99.59323617202656,99.54166335605453,99.93315942627937,0.14285714285714285,1,99.59323617202656,1.7,98.70878354177688,17,2.2,P32_derived_Jv_proxy,100.0,99.59323617202656,-0.05157281597203678,0.33992325425280967,-0.45833664394547213,-0.06684057372062568,0.05157281597203678,0.33992325425280967,0.45833664394547213,0.06684057372062568,189,1,0,189,1.0,0.0,78.53981633974483,7.0,2.4064227395494573,0.14285714285714285,0.14285714285714285,0.0,2.4064227395494573,0.8963919293196392,0.809866262623678,0.08652566669596118,1,1,1,1,1,1,99.59323617202656,99.59323617202656,0.0,99.59323617202656,99.59323617202656,81,4.0,4.0,0.0,4.0,4.0,81,1.1772192752200714,1.1772192752200714,0.30221919653703405,0.5,1.9431785023981651,81,2.5011532655944104,2.5011532655944104,0.47540975263947655,1.092601736050392,3.661999980108665,81,0.7906703835997104,0.8031802299317032,0.09232205502845092,0.5855439423010901,1.0,81,1.005069477355901,1.0085529256467987,0.28649813452047623,0.5,1.766908609332754,81,9.992039281275014,9.805434073359985,3.029148469301611,4.483869899290296,17.428520544830167,81,11.718901727858649,11.718901727858645,3.552713678800501e-15,11.718901727858645,11.718901727858645,81,cases/granite_dense_unfavorable.yaml,granite_dense_unfavorable,medium_to_poor,dense,unfavorable,high
granite_dense_unfavorable,50,80,80.5,10.495484876380376,9.67225890116825,11.964500775711187,11.96450077571119,9.939354805575027,12.0,0.9470124460798477,-0.5561300708053487,-0.023644313258310845,1.00296704601005,0.035499224288813025,165,98.54387100516655,98.54387100516655,98.54387100516655,100.0,100.0,0.0,0,98.54387100516655,2.1,98.08069376239264,21,2.2,P32_derived_Jv_proxy,100.0,98.54387100516655,1.456128994833449,1.456128994833449,0.0,0.0,1.456128994833449,1.456128994833449,0.0,0.0,165,0,0,165,1.0,0.0,78.53981633974483,7.0,2.1008452488130183,0.0,0.0,0.0,2.1008452488130183,0.869561658660835,0.0,0.869561658660835,1,1,1,1,1,1,98.54387100516655,98.54387100516655,0.0,98.54387100516655,98.54387100516655,81,4.0,4.0,0.0,4.0,4.0,81,1.2164411460590054,1.2164411460590054,0.27230299730444796,0.5,1.9085835964282047,81,2.5047601573557956,2.5047601573557956,0.5228574107706436,0.9898918416476483,3.796346373044943,81,0.7938390319979844,0.7991128798108118,0.10819846485450738,0.5738170559431729,1.0,81,1.0118141904934224,1.0057213680815007,0.3164670787012683,0.5,1.8821514771085883,81,10.495484876380376,9.67225890116825,4.0948225607929825,4.60049692206858,22.37083021488445,81,11.964500775711187,11.96450077571119,3.552713678800501e-15,11.96450077571119,11.96450077571119,81,cases/granite_dense_unfavorable.yaml,granite_dense_unfavorable,medium_to_poor,dense,unfavorable,high
granite_dense_unfavorable,51,10,10.5,11.265990737033274,10.289792610307376,12.256423328354204,12.256423328354204,15.351404125098002,12.0,1.3626324114252342,4.085413388064728,0.13437871480719665,0.9790784536822427,-0.2564233283542041,203,99.14725358886113,99.14725358886113,99.14725358886113,100.0,100.0,0.0,0,99.14725358886113,2.4,97.54185477225263,24,2.2,P32_derived_Jv_proxy,100.0,99.14725358886113,0.8527464111388667,0.8527464111388667,0.0,0.0,0.8527464111388667,0.8527464111388667,0.0,0.0,203,0,0,203,1.0,0.0,78.53981633974483,7.0,2.58467627581238,0.0,0.0,0.0,2.58467627581238,0.8899097490551813,0.0,0.8899097490551813,0,1,1,1,1,1,99.14725358886113,99.14725358886113,0.0,99.14725358886113,99.14725358886113,81,4.0,4.0,0.0,4.0,4.0,81,1.2347255414275633,1.2347255414275633,0.28494498171955335,0.5074686695968316,1.9543568970614331,81,2.497050793059565,2.497050793059565,0.49918222005675644,1.2173660621666302,3.5913131750462606,81,0.8069341623113596,0.8050898115906931,0.09220232731602251,0.5303740571999812,1.0,81,0.9772009866085334,0.9338746072220193,0.3038260494765155,0.5,1.6612061864765497,81,11.265990737033274,10.289792610307376,4.1803125451550125,5.7090748891442304,23.954629591562522,81,12.256423328354204,12.256423328354204,0.0,12.256423328354204,12.256423328354204,81,cases/granite_dense_unfavorable.yaml,granite_dense_unfavorable,medium_to_poor,dense,unfavorable,high
granite_dense_unfavorable,51,20,20.5,10.811574829514631,9.582435851112791,11.792098919801504,11.792098919801504,12.732167079682648,12.0,1.1776422288568889,1.920592250168017,0.0710133705588949,1.017630540721583,0.2079010801984964,203,97.70777814801195,97.70777814801195,97.70777814801195,100.0,100.0,0.0,0,97.70777814801195,2.1,98.08069376239264,21,2.2,P32_derived_Jv_proxy,100.0,97.70777814801195,2.292221851988046,2.292221851988046,0.0,0.0,2.292221851988046,2.292221851988046,0.0,0.0,203,0,0,203,1.0,0.0,78.53981633974483,7.0,2.58467627581238,0.0,0.0,0.0,2.58467627581238,0.8706192407321711,0.0,0.8706192407321711,1,1,1,1,1,1,97.70777814801195,97.70777814801195,0.0,97.70777814801195,97.70777814801195,81,4.0,4.0,0.0,4.0,4.0,81,1.2302376070558434,1.2302376070558434,0.2969842222346185,0.5,2.258439567525655,81,2.5483966848706023,2.5483966848706023,0.5052928359787071,1.2188228917285733,3.763818996176359,81,0.815941136305098,0.8072649511295511,0.10039738939437683,0.5145903613530548,1.0,81,0.9912417643209227,1.0167203311381006,0.29466277594248785,0.5,1.670831042112046,81,10.811574829514631,9.582435851112791,4.091111564028791,4.017116630149723,23.584197839603007,81,11.792098919801504,11.792098919801504,0.0,11.792098919801504,11.792098919801504,81,cases/granite_dense_unfavorable.yaml,granite_dense_unfavorable,medium_to_poor,dense,unfavorable,high
granite_dense_unfavorable,51,30,30.5,9.546071946568402,9.121479146182603,11.58094663239187,11.58094663239187,9.337014314421964,10.485158534459227,0.9781001407367782,-0.2090576321464379,-0.009616678604039697,0.9053800926024712,-1.0957880979326422,184,97.90061008402617,97.90061008402617,97.90061008402617,98.40705280044183,99.7994782788381,0.42857142857142855,3,97.90061008402617,2.4,97.54185477225263,24,2.2,P32_derived_Jv_proxy,100.0,97.90061008402617,0.5064427164156626,1.898868194811925,-1.5929471995581679,-0.20052172116190548,0.5064427164156626,1.898868194811925,1.5929471995581679,0.20052172116190548,184,3,1,183,0.9945652173913043,0.005434782608695652,78.53981633974483,7.0,2.3427607623126994,0.42857142857142855,0.42857142857142855,0.012732395447351627,2.330028366865348,0.8915069643178859,0.7964541837984502,0.09505278051943566,1,1,1,1,1,1,97.90061008402617,97.90061008402617,0.0,97.90061008402617,97.90061008402617,81,4.0,4.0,0.0,4.0,4.0,81,1.1819489269858816,1.1819489269858816,0.29321784261720296,0.5,2.0858761126875147,81,2.497928811717938,2.497928811717938,0.47375643435659576,1.554689053433275,3.69527947443925,81,0.7858091298014285,0.7845142905262456,0.08985074709213502,0.5715791235736324,1.0,81,1.0310814505311707,1.0169442276015848,0.2911337577769954,0.5,1.9044562340043607,81,9.546071946568402,9.121479146182603,2.8589903850727287,4.1506315301470655,17.49257595063227,81,11.58094663239187,11.58094663239187,0.0,11.58094663239187,11.58094663239187,81,cases/granite_dense_unfavorable.yaml,granite_dense_unfavorable,medium_to_poor,dense,unfavorable,high
granite_dense_unfavorable,51,40,40.5,9.82563816076088,8.754994936507238,11.75021917533594,11.750219175335939,13.54220560219669,12.0,1.3782520158617368,3.71656744143581,0.13932863636044024,1.0212575460029167,0.24978082466405915,156,98.71503006826592,98.71503006826592,98.71503006826592,100.0,100.0,0.0,0,98.71503006826592,1.5,98.98141728888164,15,2.2,P32_derived_Jv_proxy,100.0,98.71503006826592,1.2849699317340821,1.2849699317340821,0.0,0.0,1.2849699317340821,1.2849699317340821,0.0,0.0,156,0,0,156,1.0,0.0,78.53981633974483,7.0,1.9862536897868537,0.0,0.0,0.0,1.9862536897868537,0.8909356857376678,0.0,0.8909356857376678,0,1,1,1,1,1,98.71503006826592,98.71503006826592,0.0,98.71503006826592,98.71503006826592,81,4.0,4.0,0.0,4.0,4.0,81,1.2120111910480125,1.2120111910480125,0.29216635370108734,0.5,1.9497171469900145,81,2.545563605709481,2.545563605709481,0.4846663289460575,1.3353200589421672,3.673053049115789,81,0.807218682264119,0.789772509678702,0.10283430440142691,0.5538072656124634,1.0,81,1.0463773473319053,1.0966182589559417,0.2587405606464073,0.5,1.6718416434034427,81,9.82563816076088,8.754994936507238,3.5230025811382344,4.83775594596286,21.632636259527853,81,11.75021917533594,11.750219175335939,1.7763568394002505e-15,11.750219175335939,11.750219175335939,81,cases/granite_dense_unfavorable.yaml,granite_dense_unfavorable,medium_to_poor,dense,unfavorable,high
granite_dense_unfavorable,51,50,50.5,9.35050634684551,8.783046834396973,11.231160378635039,11.231160378635039,7.762582308647422,12.08089417069262,0.8301777487447201,-1.5879240381980875,-0.08082891119706703,1.075658593004693,0.8497337920575809,181,92.09472088093487,92.09472088093487,92.09472088093487,100.0,99.86631885255873,0.2857142857142857,2,92.09472088093487,3.3,95.61685654644619,33,2.2,P32_derived_Jv_proxy,100.0,92.09472088093487,7.905279119065128,7.771597971623862,0.0,-0.13368114744126558,7.905279119065128,7.771597971623862,0.0,0.13368114744126558,181,2,0,181,1.0,0.0,78.53981633974483,7.0,2.3045635759706444,0.2857142857142857,0.2857142857142857,0.0,2.3045635759706444,0.8837340496447735,0.7793532102435607,0.10438083940121279,1,1,1,1,1,1,92.09472088093487,92.09472088093487,0.0,92.09472088093487,92.09472088093487,81,4.0,4.0,0.0,4.0,4.0,81,1.1901799889439502,1.1901799889439502,0.2951477705399594,0.5,1.860200989845697,81,2.4398479361130008,2.4398479361130008,0.46666501849215214,1.0894014815902222,3.812831678709312,81,0.7970853688359029,0.7941504334039503,0.09886732986393418,0.536069052069871,1.0,81,1.0434167522196485,1.0320528664875812,0.29676652321174823,0.5,1.9662893953373841,81,9.35050634684551,8.783046834396973,3.061402349058028,4.265581639191689,19.16501061893577,81,11.231160378635039,11.231160378635039,0.0,11.231160378635039,11.231160378635039,81,cases/granite_dense_unfavorable.yaml,granite_dense_unfavorable,medium_to_poor,dense,unfavorable,high
granite_dense_unfavorable,51,60,60.5,9.538780063466536,9.067170377740789,11.233989559876255,11.233989559876257,15.563472551685804,11.552087227482884,1.6315998951788184,6.024692488219268,0.21261366874406284,1.0283156456494102,0.3180976676066294,200,97.94703826389484,97.94703826389484,97.94703826389484,100.0,99.93315942627937,0.14285714285714285,1,97.94703826389484,2.3,97.72763310791008,23,2.2,P32_derived_Jv_proxy,100.0,97.94703826389484,2.0529617361051606,1.986121162384535,0.0,-0.06684057372062568,2.0529617361051606,1.986121162384535,0.0,0.06684057372062568,200,1,0,200,1.0,0.0,78.53981633974483,7.0,2.5464790894703255,0.14285714285714285,0.14285714285714285,0.0,2.5464790894703255,0.8872952048088981,0.6470863291572944,0.24020887565160376,0,0,1,1,1,1,97.94703826389484,97.94703826389484,0.0,97.94703826389484,97.94703826389484,81,4.0,4.0,0.0,4.0,4.0,81,1.1736205340053187,1.1736205340053187,0.2864247366723487,0.5,1.7806876901595183,81,2.55814407559361,2.55814407559361,0.5122998825522974,1.1070117581300385,3.919255234974407,81,0.8131424001623218,0.818556709405455,0.09702222170858028,0.5086314498032902,1.0,81,1.0559840633695008,1.0668078586324339,0.31574060399209253,0.5,1.689659858254578,81,9.538780063466536,9.067170377740789,3.349616261189901,4.553552748574167,19.715546870989048,81,11.233989559876255,11.233989559876257,1.7763568394002505e-15,11.233989559876257,11.233989559876257,81,cases/granite_dense_unfavorable.yaml,granite_dense_unfavorable,medium_to_poor,dense,unfavorable,high
granite_dense_unfavorable,51,70,70.5,10.785083613463314,9.379352656933929,11.835521513503359,11.835521513503359,10.283066760269685,12.399469541792618,0.9534526693361053,-0.5020168531936289,-0.02070086104099156,1.0476487688054845,0.5639480282892588,184,97.6576547935556,97.6576547935556,97.6576547935556,100.0,99.93315942627937,0.14285714285714285,1,97.6576547935556,2.1,98.08069376239264,21,2.2,P32_derived_Jv_proxy,100.0,97.6576547935556,2.3423452064444064,2.2755046327237807,0.0,-0.06684057372062568,2.3423452064444064,2.2755046327237807,0.0,0.06684057372062568,184,1,0,184,1.0,0.0,78.53981633974483,7.0,2.3427607623126994,0.14285714285714285,0.14285714285714285,0.0,2.3427607623126994,0.8868592796474566,0.7699344251027642,0.11692485454469237,1,1,1,1,1,1,97.6576547935556,97.6576547935556,0.0,97.6576547935556,97.6576547935556,81,4.0,4.0,0.0,4.0,4.0,81,1.1929286203778218,1.1929286203778218,0.28595764776188304,0.5,2.004542460781546,81,2.460783229308791,2.460783229308791,0.5121741478841327,0.8795324694204529,3.7305196906445452,81,0.8023404130066586,0.8042982252052315,0.0945332022242995,0.5760668787595602,1.0,81,0.9797225629969077,0.9885438605895746,0.2973216732079027,0.5,1.7695815526314984,81,10.785083613463314,9.379352656933929,3.9866905548177565,5.24899897700763,22.660212554969373,81,11.835521513503359,11.835521513503359,0.0,11.835521513503359,11.835521513503359,81,cases/granite_dense_unfavorable.yaml,granite_dense_unfavorable,medium_to_poor,dense,unfavorable,high
granite_dense_unfavorable,51,80,80.5,10.31680683274156,9.792415568229432,11.66756511767987,11.667565117679867,10.503995761896562,11.573007584376565,1.018144076184594,0.18718892915500085,0.007809238771398608,0.9918956926874125,-0.09455753330330374,144,97.45281021194285,97.45281021194285,97.45281021194285,100.0,99.93315942627937,0.14285714285714285,1,97.45281021194285,2.2,97.90729335142237,22,2.2,P32_derived_Jv_proxy,100.0,97.45281021194285,2.5471897880571532,2.4803492143365276,0.0,-0.06684057372062568,2.5471897880571532,2.4803492143365276,0.0,0.06684057372062568,144,1,0,144,1.0,0.0,78.53981633974483,7.0,1.8334649444186342,0.14285714285714285,0.14285714285714285,0.0,1.8334649444186342,0.8961503140648547,0.885160876466225,0.010989437598629692,1,1,1,1,1,1,97.45281021194285,97.45281021194285,0.0,97.45281021194285,97.45281021194285,81,4.0,4.0,0.0,4.0,4.0,81,1.1738225569725098,1.1738225569725098,0.3177469065934654,0.5,1.885044151778223,81,2.4510749610859413,2.4510749610859413,0.528904834205109,1.0627700610508461,3.7741805101974544,81,0.805383436447178,0.8076600411866947,0.1002509035550152,0.5610539298096725,1.0,81,0.9952001961939748,0.9894195621814642,0.28467629427346325,0.5,1.7737852241566043,81,10.31680683274156,9.792415568229432,3.48423166207871,4.466758579302831,21.81280358323861,81,11.66756511767987,11.667565117679867,1.7763568394002505e-15,11.667565117679867,11.667565117679867,81,cases/granite_dense_unfavorable.yaml,granite_dense_unfavorable,medium_to_poor,dense,unfavorable,high
granite_sparse_unfavorable,42,10,10.5,11.192707461309006,10.39372045162861,12.93642503523138,12.93642503523138,12.029052121778095,13.0,1.0747222835368626,0.8363446604690896,0.031296253731159185,1.0049144152728036,0.06357496476861968,17,100.0,100.0,100.0,100.0,100.0,0.0,0,100.0,0.3,99.95588995549635,3,0.3,P32_derived_Jv_proxy,100.0,100.0,0.0,0.0,0.0,0.0,0.0,0.0,0.0,0.0,17,0,0,17,1.0,0.0,78.53981633974483,7.0,0.21645072260497766,0.0,0.0,0.0,0.21645072260497766,0.9186980132097553,0.0,0.9186980132097553,1,1,1,1,1,1,100.0,100.0,0.0,100.0,100.0,81,4.0,4.0,0.0,4.0,4.0,81,1.2163338996041175,1.2163338996041175,0.40688916881244924,0.5,2.1431680824760613,81,2.3505989798022324,2.3505989798022324,0.44482615092881006,1.6067067558819117,3.1571351743245835,81,0.8058327165278021,0.8181410398520713,0.09698859505082212,0.5852422834053733,1.0,81,1.0105751285485172,1.0472893591873296,0.2692197399597699,0.5,1.590837079968735,81,11.192707461309006,10.39372045162861,3.7501883777449265,5.719261230706771,25.6902756052886,81,12.93642503523138,12.93642503523138,0.0,12.93642503523138,12.93642503523138,81,cases/granite_sparse_unfavorable.yaml,granite_sparse_unfavorable,uncertain,sparse,unfavorable,high
granite_sparse_unfavorable,42,20,20.5,11.99457793322653,10.559627194505753,13.774124573000622,13.774124573000627,13.271646072005899,13.0,1.1064704523901359,1.2770681387793683,0.043939820852290534,0.9437986371549141,-0.7741245730006217,22,100.0,100.0,100.0,100.0,100.0,0.0,0,100.0,0.2,99.98026467728904,2,0.3,P32_derived_Jv_proxy,100.0,100.0,0.0,0.0,0.0,0.0,0.0,0.0,0.0,0.0,22,0,0,22,1.0,0.0,78.53981633974483,7.0,0.2801126998417358,0.0,0.0,0.0,0.2801126998417358,0.910138426958816,0.0,0.910138426958816,1,1,1,1,1,1,100.0,100.0,0.0,100.0,100.0,81,4.0,4.0,0.0,4.0,4.0,81,1.3297286031620212,1.3297286031620212,0.21724900912424036,0.9423555307138837,1.9061063645042224,81,2.413453929711967,2.413453929711967,0.3599973105660291,1.822341718301296,3.2627344290113918,81,0.798630632879434,0.8018718996317244,0.08741301252741472,0.5433440278598597,1.0,81,1.0092073471858596,0.9800795884711129,0.29175180259474975,0.5,1.818773120744136,81,11.99457793322653,10.559627194505753,4.380114612614839,6.049621373934079,26.328401656385306,81,13.774124573000622,13.774124573000627,5.329070518200751e-15,13.774124573000627,13.774124573000627,81,cases/granite_sparse_unfavorable.yaml,granite_sparse_unfavorable,uncertain,sparse,unfavorable,high
granite_sparse_unfavorable,42,30,30.5,11.506726116249673,10.415421649447653,13.574473221558632,13.574473221558627,10.179691928983134,12.505912271802003,0.8846731751620892,-1.3270341872665394,-0.053217141097142706,0.9212815899139595,-1.0685609497566286,26,99.80330114980032,99.80330114980032,99.80330114980032,100.0,99.93315942627937,0.14285714285714285,1,99.80330114980032,0.4,99.92210167184162,4,0.3,P32_derived_Jv_proxy,100.0,99.80330114980032,0.19669885019968092,0.12985827647905523,0.0,-0.06684057372062568,0.19669885019968092,0.12985827647905523,0.0,0.06684057372062568,26,1,1,25,0.9615384615384616,0.038461538461538464,78.53981633974483,7.0,0.3310422816311423,0.14285714285714285,0.14285714285714285,0.012732395447351627,0.3183098861837907,0.9132308808304916,0.9190440210331571,-0.005813140202665434,1,1,1,1,1,1,99.80330114980032,99.80330114980032,0.0,99.80330114980032,99.80330114980032,81,4.0,4.0,0.0,4.0,4.0,81,1.3368719574943513,1.3368719574943513,0.3337594509061242,0.6044587480061416,1.9086912216267131,81,2.457263578387537,2.457263578387537,0.37271863475174405,1.6882317879565356,3.1757915699393022,81,0.7859828510482846,0.7902061459452242,0.09814277936060319,0.41211259942630074,1.0,81,0.9982078557519091,1.0207631939712856,0.25956750463695677,0.5,1.4964035952855428,81,11.506726116249673,10.415421649447653,3.511238935312658,6.137465925442441,20.58122096525392,81,13.574473221558632,13.574473221558627,5.329070518200751e-15,13.574473221558627,13.574473221558627,81,cases/granite_sparse_unfavorable.yaml,granite_sparse_unfavorable,uncertain,sparse,unfavorable,high
granite_sparse_unfavorable,42,40,40.5,12.070902377423472,11.17036629128454,13.90975036401112,13.90975036401112,11.011455128781112,13.541021831178634,0.9122313133255163,-1.0594472486423605,-0.03989502421185809,0.973491362304639,-0.3687285328324865,14,98.63934869581605,98.63934869581605,98.63934869581605,99.4539034044819,99.93315942627937,0.14285714285714285,1,98.63934869581605,0.4,99.92210167184162,4,0.3,P32_derived_Jv_proxy,100.0,98.63934869581605,0.8145547086658524,1.2938107304633206,-0.5460965955180939,-0.06684057372062568,0.8145547086658524,1.2938107304633206,0.5460965955180939,0.06684057372062568,14,1,0,14,1.0,0.0,78.53981633974483,7.0,0.17825353626292278,0.14285714285714285,0.14285714285714285,0.0,0.17825353626292278,0.8882718735837862,0.7715717728002844,0.11670010078350179,1,1,1,1,1,1,98.63934869581605,98.63934869581605,0.0,98.63934869581605,98.63934869581605,81,4.0,4.0,0.0,4.0,4.0,81,1.3253964700533258,1.3253964700533258,0.2860775287862972,0.6150010412932576,1.7880668119889898,81,2.3497230566417877,2.3497230566417877,0.4690159256569744,1.6882317879565356,3.1078434464385043,81,0.80108886078776,0.7830120710909552,0.10261550287205679,0.5791784315829681,1.0,81,0.9914101247756762,0.9808340827685149,0.2531766761769635,0.5,1.7645533590169384,81,12.070902377423472,11.17036629128454,3.9066803405306247,6.372389835809591,25.687845913280682,81,13.90975036401112,13.90975036401112,0.0,13.90975036401112,13.90975036401112,81,cases/granite_sparse_unfavorable.yaml,granite_sparse_unfavorable,uncertain,sparse,unfavorable,high
granite_sparse_unfavorable,42,50,50.5,11.234507322403516,9.984200733584508,12.536453468205307,12.536453468205305,12.601090440384013,13.0,1.1216415708106129,1.3665831179804968,0.04985409694844911,1.036975890587424,0.46354653179469274,18,100.0,100.0,100.0,100.0,100.0,0.0,0,100.0,0.5,99.87908957257498,5,0.3,P32_derived_Jv_proxy,100.0,100.0,0.0,0.0,0.0,0.0,0.0,0.0,0.0,0.0,18,0,0,18,1.0,0.0,78.53981633974483,7.0,0.22918311805232927,0.0,0.0,0.0,0.22918311805232927,0.9190611652090521,0.0,0.9190611652090521,1,1,1,1,1,1,100.0,100.0,0.0,100.0,100.0,81,4.0,4.0,0.0,4.0,4.0,81,1.2908191884866067,1.2908191884866067,0.21740660528732714,0.864917855877928,1.6423681879582475,81,2.5741314953235293,2.5741314953235293,0.3148463446033023,2.132367126554334,3.2840528323536633,81,0.801977084343542,0.8126918194318841,0.09422359011018473,0.575396349393484,1.0,81,1.0039593712621988,1.0038870558080872,0.3151960495864051,0.5,1.850565605707763,81,11.234507322403516,9.984200733584508,4.468177709093691,5.6671201757061205,24.17045159765303,81,12.536453468205307,12.536453468205305,1.7763568394002505e-15,12.536453468205305,12.536453468205305,81,cases/granite_sparse_unfavorable.yaml,granite_sparse_unfavorable,uncertain,sparse,unfavorable,high
granite_sparse_unfavorable,42,60,60.5,10.905306932352271,10.07457252325193,12.083042684768289,12.08304268476829,11.069602752802231,13.0,1.0150656759565886,0.1642958204499596,0.006494142527846414,1.0758879480238546,0.916957315231711,21,100.0,100.0,100.0,100.0,100.0,0.0,0,100.0,0.2,99.98026467728904,2,0.3,P32_derived_Jv_proxy,100.0,100.0,0.0,0.0,0.0,0.0,0.0,0.0,0.0,0.0,21,0,0,21,1.0,0.0,78.53981633974483,7.0,0.26738030439438415,0.0,0.0,0.0,0.26738030439438415,0.9037680289177491,0.0,0.9037680289177491,1,1,1,1,1,1,100.0,100.0,0.0,100.0,100.0,81,4.0,4.0,0.0,4.0,4.0,81,1.222088587479926,1.222088587479926,0.30476614101450117,0.6079743325605422,1.820818490028673,81,2.5285199667060545,2.5285199667060545,0.46061315999060093,1.7637881756119866,3.444666637170678,81,0.796531347629674,0.8009249700722829,0.08300327805529423,0.5657463866024023,1.0,81,0.9485468535984315,0.9675484791222612,0.23298584419055413,0.5,1.5727726683934522,81,10.905306932352271,10.07457252325193,3.453206881662523,5.239742048191042,23.265208070701853,81,12.083042684768289,12.08304268476829,1.7763568394002505e-15,12.08304268476829,12.08304268476829,81,cases/granite_sparse_unfavorable.yaml,granite_sparse_unfavorable,uncertain,sparse,unfavorable,high
granite_sparse_unfavorable,42,70,70.5,11.788771315831143,10.832309327660846,13.463893003400287,13.463893003400287,10.441787280374744,12.815287363018156,0.8857400827134941,-1.3469840354563996,-0.05269370159361886,0.9518262927209592,-0.6486056403821312,19,100.0,100.0,100.0,100.0,99.93315942627937,0.14285714285714285,1,100.0,0.1,99.99503320866597,1,0.3,P32_derived_Jv_proxy,100.0,100.0,0.0,-0.06684057372062568,0.0,-0.06684057372062568,0.0,0.06684057372062568,0.0,0.06684057372062568,19,1,1,18,0.9473684210526315,0.05263157894736842,78.53981633974483,7.0,0.2419155134996809,0.14285714285714285,0.14285714285714285,0.012732395447351627,0.22918311805232927,0.9138486696551857,0.8410507804642184,0.0727978891909673,1,1,1,1,1,1,100.0,100.0,0.0,100.0,100.0,81,4.0,4.0,0.0,4.0,4.0,81,1.3042517211058844,1.3042517211058844,0.20919958026581428,0.7732281024224735,1.6808019994861643,81,2.421758180892587,2.421758180892587,0.4313851904465449,1.4600826196961956,3.2946564404346796,81,0.8058055492208281,0.8141794615669642,0.0996122281003249,0.5807036689543598,1.0,81,0.9987298165939238,1.0016184826170826,0.27952843148427436,0.5,1.7536793343175698,81,11.788771315831143,10.832309327660846,3.760502324821834,6.0269650039395435,22.877642728323153,81,13.463893003400287,13.463893003400287,0.0,13.463893003400287,13.463893003400287,81,cases/granite_sparse_unfavorable.yaml,granite_sparse_unfavorable,uncertain,sparse,unfavorable,high
granite_sparse_unfavorable,42,80,80.5,11.092322549424523,9.469209935369603,12.458807007915127,12.45880700791513,11.456952800319817,13.0,1.0328723086865348,0.3646302508952939,0.01404663414246543,1.0434385886017057,0.5411929920848735,16,100.0,100.0,100.0,100.0,100.0,0.0,0,100.0,0.2,99.98026467728904,2,0.3,P32_derived_Jv_proxy,100.0,100.0,0.0,0.0,0.0,0.0,0.0,0.0,0.0,0.0,16,0,0,16,1.0,0.0,78.53981633974483,7.0,0.20371832715762603,0.0,0.0,0.0,0.20371832715762603,0.9037192035198989,0.0,0.9037192035198989,1,1,1,1,1,1,100.0,100.0,0.0,100.0,100.0,81,4.0,4.0,0.0,4.0,4.0,81,1.2703602159406273,1.2703602159406273,0.26147637498616133,0.8098090983681254,1.8747644584054868,81,2.549120905263165,2.549120905263165,0.4462555713030328,1.7739116176013647,3.2330669110483994,81,0.8352915629243561,0.840021308278835,0.10435776269106348,0.6032036668355003,1.0,81,1.0498513137319603,1.058428281550172,0.3124754782145494,0.5,1.715070482424471,81,11.092322549424523,9.469209935369603,4.441613240372534,4.936851414885242,24.539641761239384,81,12.458807007915127,12.45880700791513,3.552713678800501e-15,12.45880700791513,12.45880700791513,81,cases/granite_sparse_unfavorable.yaml,granite_sparse_unfavorable,uncertain,sparse,unfavorable,high
granite_sparse_unfavorable,43,10,10.5,10.099654786145809,9.133996035485996,11.815614121838951,11.815614121838953,12.66983870012835,13.0,1.2544823529521216,2.5701839139825413,0.09846455638843654,1.1002390452115336,1.1843858781610486,18,100.0,100.0,100.0,100.0,100.0,0.0,0,100.0,0.2,99.98026467728904,2,0.3,P32_derived_Jv_proxy,100.0,100.0,0.0,0.0,0.0,0.0,0.0,0.0,0.0,0.0,18,0,0,18,1.0,0.0,78.53981633974483,7.0,0.22918311805232927,0.0,0.0,0.0,0.22918311805232927,0.8452365246852388,0.0,0.8452365246852388,0,1,1,1,1,1,100.0,100.0,0.0,100.0,100.0,81,4.0,4.0,0.0,4.0,4.0,81,1.0950028808675196,1.0950028808675196,0.32033618630813926,0.5,1.714242002051003,81,2.316855623364535,2.316855623364535,0.3645636788019244,1.7518131690630974,3.207658354921809,81,0.8014014062393723,0.8140371538245594,0.10213771782066143,0.5231364227270517,1.0,81,1.0438481419175636,1.0508647323810545,0.3231129883238189,0.5,1.7828850917918175,81,10.099654786145809,9.133996035485996,3.793288386860941,4.72447823656942,20.53402865021055,81,11.815614121838951,11.815614121838953,1.7763568394002505e-15,11.815614121838953,11.815614121838953,81,cases/granite_sparse_unfavorable.yaml,granite_sparse_unfavorable,uncertain,sparse,unfavorable,high
granite_sparse_unfavorable,43,20,20.5,9.854476175210618,9.34382041447062,12.093909975676537,12.093909975676537,10.600468982247069,13.0,1.0757009092896312,0.7459928070364512,0.031691535734286735,1.0749211814992674,0.9060900243234631,13,100.0,100.0,100.0,100.0,100.0,0.0,0,100.0,0.2,99.98026467728904,2,0.3,P32_derived_Jv_proxy,100.0,100.0,0.0,0.0,0.0,0.0,0.0,0.0,0.0,0.0,13,0,0,13,1.0,0.0,78.53981633974483,7.0,0.16552114081557115,0.0,0.0,0.0,0.16552114081557115,0.8988633396860453,0.0,0.8988633396860453,1,1,1,1,1,1,100.0,100.0,0.0,100.0,100.0,81,4.0,4.0,0.0,4.0,4.0,81,1.2884737967233202,1.2884737967233202,0.34704434664281614,0.7944494218754994,1.914742922615933,81,2.6634764921243814,2.6634764921243814,0.4343386410050941,1.9020807694901967,3.2789651152777974,81,0.7779195492674149,0.7792094108697226,0.10401566941795344,0.5525150982087609,1.0,81,1.0283543124605499,1.0457797336449728,0.25305032988175064,0.5,1.525670655885865,81,9.854476175210618,9.34382041447062,3.327345072009074,4.9444681791531,20.91334498963971,81,12.093909975676537,12.093909975676537,0.0,12.093909975676537,12.093909975676537,81,cases/granite_sparse_unfavorable.yaml,granite_sparse_unfavorable,uncertain,sparse,unfavorable,high
granite_sparse_unfavorable,43,30,30.5,11.757494938656908,11.474146817708256,12.94384677911864,12.943846779118637,11.108868620598845,13.0,0.9448329494129335,-0.6486263180580636,-0.02464496986246889,1.0043382173661037,0.056153220881359545,25,100.0,100.0,100.0,100.0,100.0,0.0,0,100.0,0.3,99.95588995549635,3,0.3,P32_derived_Jv_proxy,100.0,100.0,0.0,0.0,0.0,0.0,0.0,0.0,0.0,0.0,25,0,0,25,1.0,0.0,78.53981633974483,7.0,0.3183098861837907,0.0,0.0,0.0,0.3183098861837907,0.9067590089806218,0.0,0.9067590089806218,1,1,1,1,1,1,100.0,100.0,0.0,100.0,100.0,81,4.0,4.0,0.0,4.0,4.0,81,1.2814221570416,1.2814221570416,0.30526890303508447,0.696268110356645,1.760704588903888,81,2.4749639324934396,2.4749639324934396,0.38490701248480874,1.9129099032603796,3.2587391157294543,81,0.8041682561944393,0.8144260509696161,0.09695893638668682,0.5622243506084872,1.0,81,0.9413077924833457,0.9200045478104086,0.24226814047056236,0.5,1.542426758971279,81,11.757494938656908,11.474146817708256,3.1467445276068404,6.871618186301018,19.44219984913705,81,12.94384677911864,12.943846779118637,3.552713678800501e-15,12.943846779118637,12.943846779118637,81,cases/granite_sparse_unfavorable.yaml,granite_sparse_unfavorable,uncertain,sparse,unfavorable,high
granite_sparse_unfavorable,43,40,40.5,11.59484655094279,10.708432452942587,13.218588297482667,13.218588297482667,12.591471820080088,13.0,1.085954157716409,0.9966252691372972,0.03581149240659043,0.9834635671704599,-0.2185882974826665,17,100.0,100.0,100.0,100.0,100.0,0.0,0,100.0,0.3,99.95588995549635,3,0.3,P32_derived_Jv_proxy,100.0,100.0,0.0,0.0,0.0,0.0,0.0,0.0,0.0,0.0,17,0,0,17,1.0,0.0,78.53981633974483,7.0,0.21645072260497766,0.0,0.0,0.0,0.21645072260497766,0.9152305161696863,0.0,0.9152305161696863,1,1,1,1,1,1,100.0,100.0,0.0,100.0,100.0,81,4.0,4.0,0.0,4.0,4.0,81,1.3865597189456433,1.3865597189456433,0.21171804284262655,1.0320154491580862,1.7215453536434182,81,2.6223672447868323,2.6223672447868323,0.333980894315939,2.1469567997015053,3.2306762421652264,81,0.8212137045184241,0.8103209676572208,0.09453284979587645,0.5624051435040069,1.0,81,1.039693594951147,1.0296064113542802,0.3119081093139165,0.5,1.6864390077401887,81,11.59484655094279,10.708432452942587,4.202440859911492,4.584381460240103,25.411744786777394,81,13.218588297482667,13.218588297482667,0.0,13.218588297482667,13.218588297482667,81,cases/granite_sparse_unfavorable.yaml,granite_sparse_unfavorable,uncertain,sparse,unfavorable,high
granite_sparse_unfavorable,43,50,50.5,12.623344142505022,11.578966810536478,13.907603580292957,13.907603580292957,8.499995707960249,13.0,0.6733553020502124,-4.1233484345447735,-0.17175571586183958,0.9347404766714067,-0.9076035802929567,20,100.0,100.0,100.0,100.0,100.0,0.0,0,100.0,0.4,99.92210167184162,4,0.3,P32_derived_Jv_proxy,100.0,100.0,0.0,0.0,0.0,0.0,0.0,0.0,0.0,0.0,20,0,0,20,1.0,0.0,78.53981633974483,7.0,0.25464790894703254,0.0,0.0,0.0,0.25464790894703254,0.9135404161565381,0.0,0.9135404161565381,0,1,1,1,1,1,100.0,100.0,0.0,100.0,100.0,81,4.0,4.0,0.0,4.0,4.0,81,1.4300946294625736,1.4300946294625736,0.33208937004855593,0.5152033043813191,2.118532191985855,81,2.570706414671278,2.570706414671278,0.44472023887053774,1.8810593821900934,3.7221432278134388,81,0.8051613844720689,0.7960782226200256,0.1060132896310704,0.5904212735944454,1.0,81,0.9806098738886923,0.9504404521207237,0.2829555166867192,0.5,1.6995552875297946,81,12.623344142505022,11.578966810536478,4.821727567109867,6.627970187416045,27.712407764008873,81,13.907603580292957,13.907603580292957,0.0,13.907603580292957,13.907603580292957,81,cases/granite_sparse_unfavorable.yaml,granite_sparse_unfavorable,uncertain,sparse,unfavorable,high
granite_sparse_unfavorable,43,60,60.5,11.624264114572352,10.719840405923499,13.012665175620537,13.012665175620535,13.283226335463288,13.0,1.1427154617737252,1.6589622208909365,0.057938103741490776,0.9990267039496056,-0.012665175620536928,17,100.0,100.0,100.0,100.0,100.0,0.0,0,100.0,0.3,99.95588995549635,3,0.3,P32_derived_Jv_proxy,100.0,100.0,0.0,0.0,0.0,0.0,0.0,0.0,0.0,0.0,17,0,0,17,1.0,0.0,78.53981633974483,7.0,0.21645072260497766,0.0,0.0,0.0,0.21645072260497766,0.9024541608147899,0.0,0.9024541608147899,1,1,1,1,1,1,100.0,100.0,0.0,100.0,100.0,81,4.0,4.0,0.0,4.0,4.0,81,1.2437368341615074,1.2437368341615074,0.30300606508951045,0.6027566643552204,1.8026819874554718,81,2.3894736731020925,2.3894736731020925,0.4745094198952336,1.3376425933733027,3.1347566131573195,81,0.7921876350666046,0.788707062658949,0.0841171521556752,0.5897703572237968,1.0,81,0.9686067130123986,0.9176043750931344,0.2849335024448595,0.5,1.7716145996211208,81,11.624264114572352,10.719840405923499,3.7830184454090836,5.442695452482584,22.662925059365204,81,13.012665175620537,13.012665175620535,1.7763568394002505e-15,13.012665175620535,13.012665175620535,81,cases/granite_sparse_unfavorable.yaml,granite_sparse_unfavorable,uncertain,sparse,unfavorable,high
granite_sparse_unfavorable,43,70,70.5,10.891458524951952,9.954035418087553,11.787336536503883,11.787336536503881,10.343291925988696,13.0,0.9496700466969208,-0.548166598963256,-0.022427259752692885,1.1028784967444216,1.212663463496117,22,100.0,100.0,100.0,100.0,100.0,0.0,0,100.0,0.2,99.98026467728904,2,0.3,P32_derived_Jv_proxy,100.0,100.0,0.0,0.0,0.0,0.0,0.0,0.0,0.0,0.0,22,0,0,22,1.0,0.0,78.53981633974483,7.0,0.2801126998417358,0.0,0.0,0.0,0.2801126998417358,0.9030009716665152,0.0,0.9030009716665152,1,1,1,1,1,1,100.0,100.0,0.0,100.0,100.0,81,4.0,4.0,0.0,4.0,4.0,81,1.213959932999847,1.213959932999847,0.32599026023239674,0.5917092570787614,1.8414824796242717,81,2.5747121269515967,2.5747121269515967,0.5313697734498554,1.9394539534364164,3.853867465974494,81,0.821639142022217,0.8203952367382287,0.08161854996409543,0.6409272034825164,1.0,81,0.9715214717592067,0.9598117094899175,0.2713572503655,0.5,1.5982698200873018,81,10.891458524951952,9.954035418087553,3.793065942871993,5.450265701268202,23.333621442260814,81,11.787336536503883,11.787336536503881,1.7763568394002505e-15,11.787336536503881,11.787336536503881,81,cases/granite_sparse_unfavorable.yaml,granite_sparse_unfavorable,uncertain,sparse,unfavorable,high
granite_sparse_unfavorable,43,80,80.5,10.28839316097254,9.734948391326839,12.30062458904669,12.30062458904669,9.904612153499523,13.0,0.962697672856357,-0.3837810074730168,-0.01651007801018345,1.0568569023377952,0.6993754109533104,22,100.0,100.0,100.0,100.0,100.0,0.0,0,100.0,0.4,99.92210167184162,4,0.3,P32_derived_Jv_proxy,100.0,100.0,0.0,0.0,0.0,0.0,0.0,0.0,0.0,0.0,22,0,0,22,1.0,0.0,78.53981633974483,7.0,0.2801126998417358,0.0,0.0,0.0,0.2801126998417358,0.9242194218952227,0.0,0.9242194218952227,1,1,1,1,1,1,100.0,100.0,0.0,100.0,100.0,81,4.0,4.0,0.0,4.0,4.0,81,1.2731500839203231,1.2731500839203231,0.2971085316764484,0.6667976868446776,1.815353160354547,81,2.5875720267368014,2.5875720267368014,0.5630192450247253,1.4343414352978938,3.4978285873258494,81,0.7882217612787384,0.7989123157448944,0.10410397492152428,0.5743403119666013,0.9804388142901096,81,1.0303202142754548,1.0055237973194058,0.29940702515844464,0.5,1.9305360718577538,81,10.28839316097254,9.734948391326839,3.602716231006953,5.117314714857833,23.51198399378609,81,12.30062458904669,12.30062458904669,0.0,12.30062458904669,12.30062458904669,81,cases/granite_sparse_unfavorable.yaml,granite_sparse_unfavorable,uncertain,sparse,unfavorable,high
granite_sparse_unfavorable,44,10,10.5,11.456465104977934,10.795618684440937,13.547858980458686,13.547858980458688,10.59029937974667,13.0,0.9243950278472103,-0.866165725231264,-0.03414239917770456,0.9595612132331084,-0.5478589804586864,17,100.0,100.0,100.0,100.0,100.0,0.0,0,100.0,0.1,99.99503320866597,1,0.3,P32_derived_Jv_proxy,100.0,100.0,0.0,0.0,0.0,0.0,0.0,0.0,0.0,0.0,17,0,0,17,1.0,0.0,78.53981633974483,7.0,0.21645072260497766,0.0,0.0,0.0,0.21645072260497766,0.8787444124961449,0.0,0.8787444124961449,1,1,1,1,1,1,100.0,100.0,0.0,100.0,100.0,81,4.0,4.0,0.0,4.0,4.0,81,1.310159790589898,1.310159790589898,0.28132452964919613,0.9085764507767322,1.7681399274648206,81,2.4176509965147646,2.4176509965147646,0.5124744912464015,1.3868301327953356,3.3012497929151117,81,0.8019218153839792,0.8138158416446175,0.09484961835015239,0.6027499718408068,1.0,81,1.0268927339001495,1.020030751678388,0.26052141440214915,0.5,1.623845060872137,81,11.456465104977934,10.795618684440937,3.8814177779808974,5.295203018694276,23.163697498375235,81,13.547858980458686,13.547858980458688,1.7763568394002505e-15,13.547858980458688,13.547858980458688,81,cases/granite_sparse_unfavorable.yaml,granite_sparse_unfavorable,uncertain,sparse,unfavorable,high
granite_sparse_unfavorable,44,20,20.5,11.195276406907825,10.521896343140753,12.891415156947115,12.891415156947117,11.888501143529183,13.0,1.0619211809896554,0.6932247366213584,0.026092283288216667,1.0084230351540862,0.10858484305288485,21,100.0,100.0,100.0,100.0,100.0,0.0,0,100.0,0.3,99.95588995549635,3,0.3,P32_derived_Jv_proxy,100.0,100.0,0.0,0.0,0.0,0.0,0.0,0.0,0.0,0.0,21,0,0,21,1.0,0.0,78.53981633974483,7.0,0.26738030439438415,0.0,0.0,0.0,0.26738030439438415,0.928302706169676,0.0,0.928302706169676,1,1,1,1,1,1,100.0,100.0,0.0,100.0,100.0,81,4.0,4.0,0.0,4.0,4.0,81,1.3286729813189424,1.3286729813189424,0.28062465059552166,0.7371940969134593,1.885135600120438,81,2.5766623856709154,2.5766623856709154,0.3648394438767055,1.7767680391379215,3.2447684587268406,81,0.7926042906262378,0.7976252274649569,0.10425846163476121,0.5764582731527997,1.0,81,1.0009358353484568,0.9539375018243822,0.30665608675251504,0.5,1.9169707032654026,81,11.195276406907825,10.521896343140753,3.7092827950298486,4.211946081308735,23.538796777387002,81,12.891415156947115,12.891415156947117,1.7763568394002505e-15,12.891415156947117,12.891415156947117,81,cases/granite_sparse_unfavorable.yaml,granite_sparse_unfavorable,uncertain,sparse,unfavorable,high
granite_sparse_unfavorable,44,30,30.5,11.423055665825279,10.286039956974603,12.331583535851918,12.331583535851918,12.929115634422997,13.0,1.131843878963441,1.506059968597718,0.05378652651599336,1.0542036196896187,0.6684164641480823,27,100.0,100.0,100.0,100.0,100.0,0.0,0,100.0,0.3,99.95588995549635,3,0.3,P32_derived_Jv_proxy,100.0,100.0,0.0,0.0,0.0,0.0,0.0,0.0,0.0,0.0,27,0,0,27,1.0,0.0,78.53981633974483,7.0,0.3437746770784939,0.0,0.0,0.0,0.3437746770784939,0.9252733516898389,0.0,0.9252733516898389,1,1,1,1,1,1,100.0,100.0,0.0,100.0,100.0,81,4.0,4.0,0.0,4.0,4.0,81,1.200940402954339,1.200940402954339,0.33452304045719533,0.5,1.8275733471576154,81,2.4346840765884106,2.4346840765884106,0.40084410772027584,1.6263978442146412,3.0600696663145186,81,0.7956167862063868,0.8009992977554642,0.09185406114537087,0.5710365993698773,1.0,81,0.9480729027409732,0.96018036513672,0.28992481050192753,0.5,1.6458730853860284,81,11.423055665825279,10.286039956974603,3.897042064419411,5.883980815987458,20.64670128063071,81,12.331583535851918,12.331583535851918,0.0,12.331583535851918,12.331583535851918,81,cases/granite_sparse_unfavorable.yaml,granite_sparse_unfavorable,uncertain,sparse,unfavorable,high
granite_sparse_unfavorable,44,40,40.5,9.052080738607765,8.323218027572327,11.238987498381405,11.238987498381405,14.457343863426766,13.0,1.5971293541124938,5.405263124819001,0.20334009178171475,1.1566878245813699,1.7610125016185947,17,100.0,100.0,100.0,100.0,100.0,0.0,0,100.0,0.1,99.99503320866597,1,0.3,P32_derived_Jv_proxy,100.0,100.0,0.0,0.0,0.0,0.0,0.0,0.0,0.0,0.0,17,0,0,17,1.0,0.0,78.53981633974483,7.0,0.21645072260497766,0.0,0.0,0.0,0.21645072260497766,0.8979664820072951,0.0,0.8979664820072951,0,0,1,1,1,1,100.0,100.0,0.0,100.0,100.0,81,4.0,4.0,0.0,4.0,4.0,81,1.2692783435638737,1.2692783435638737,0.32958759599097026,0.5693998878815089,1.995461607805676,81,2.823382319240657,2.823382319240657,0.4593245685242924,2.3587344395164656,3.795793733412796,81,0.7819141109825277,0.7872261924736107,0.11007218480666231,0.5459817076251031,1.0,81,1.0683914209201355,1.0688220218304751,0.308429715746079,0.5,1.8192772382454212,81,9.052080738607765,8.323218027572327,3.4232823357661264,4.281649249739951,21.620484086823932,81,11.238987498381405,11.238987498381405,0.0,11.238987498381405,11.238987498381405,81,cases/granite_sparse_unfavorable.yaml,granite_sparse_unfavorable,uncertain,sparse,unfavorable,high
granite_sparse_unfavorable,44,50,50.5,12.421837803211274,12.278388072331289,13.85143189377949,13.85143189377949,12.517403259559897,13.0,1.0076933427937627,0.09556545634862346,0.0033283894559541505,0.9385311280228106,-0.8514318937794894,24,100.0,100.0,100.0,100.0,100.0,0.0,0,100.0,0.2,99.98026467728904,2,0.3,P32_derived_Jv_proxy,100.0,100.0,0.0,0.0,0.0,0.0,0.0,0.0,0.0,0.0,24,0,0,24,1.0,0.0,78.53981633974483,7.0,0.30557749073643903,0.0,0.0,0.0,0.30557749073643903,0.889299535336444,0.0,0.889299535336444,1,1,1,1,1,1,100.0,100.0,0.0,100.0,100.0,81,4.0,4.0,0.0,4.0,4.0,81,1.3008170983400247,1.3008170983400247,0.26943722851536356,0.8045074375402339,1.9723480656420136,81,2.3478025743392745,2.3478025743392745,0.4247693238897044,1.5895416851370754,3.35829810184811,81,0.796950083535922,0.8000829031191969,0.10243365635177933,0.5689731793404341,0.9948789404152094,81,0.9811189233089843,0.9780559887053968,0.28227813051316036,0.5,1.5754214518439624,81,12.421837803211274,12.278388072331289,4.508963780208418,5.002530106338674,25.676797623367793,81,13.85143189377949,13.85143189377949,0.0,13.85143189377949,13.85143189377949,81,cases/granite_sparse_unfavorable.yaml,granite_sparse_unfavorable,uncertain,sparse,unfavorable,high
granite_sparse_unfavorable,44,60,60.5,12.441672202256417,11.416772519403981,13.79152061152692,13.79152061152692,12.409994777491942,12.75977940771371,0.9974539254652016,-0.03167742476447444,-0.001107156170900847,0.925190177872708,-1.03174120381321,18,100.0,100.0,100.0,100.0,99.93315942627937,0.14285714285714285,1,100.0,0.1,99.99503320866597,1,0.3,P32_derived_Jv_proxy,100.0,100.0,0.0,-0.06684057372062568,0.0,-0.06684057372062568,0.0,0.06684057372062568,0.0,0.06684057372062568,18,1,0,18,1.0,0.0,78.53981633974483,7.0,0.22918311805232927,0.14285714285714285,0.14285714285714285,0.0,0.22918311805232927,0.8850551288784678,0.9480578079579576,-0.06300267907948975,1,1,1,1,1,1,100.0,100.0,0.0,100.0,100.0,81,4.0,4.0,0.0,4.0,4.0,81,1.353470739805231,1.353470739805231,0.1767279001265174,1.0114162221205898,1.6819093403029461,81,2.4534472628674524,2.4534472628674524,0.5002880392524169,1.2194388909555873,3.3208038741695605,81,0.8082960877965973,0.791513377950939,0.09470225914104023,0.5894084851840085,1.0,81,0.9744390879034227,0.9637395905353442,0.2592359924869427,0.5,1.550239651642467,81,12.441672202256417,11.416772519403981,4.3342366512970285,6.171770894102138,27.58304122305384,81,13.79152061152692,13.79152061152692,0.0,13.79152061152692,13.79152061152692,81,cases/granite_sparse_unfavorable.yaml,granite_sparse_unfavorable,uncertain,sparse,unfavorable,high
granite_sparse_unfavorable,44,70,70.5,10.398338805371846,9.56541183461619,12.219204044647286,12.219204044647288,12.332248260883619,13.0,1.1859825392987486,1.9339094555117722,0.07407829514795328,1.0638990847930678,0.7807959553527137,21,99.47983189519782,99.47983189519782,99.47983189519782,100.0,100.0,0.0,0,99.47983189519782,0.3,99.95588995549635,3,0.3,P32_derived_Jv_proxy,100.0,99.47983189519782,0.5201681048021811,0.5201681048021811,0.0,0.0,0.5201681048021811,0.5201681048021811,0.0,0.0,21,0,0,21,1.0,0.0,78.53981633974483,7.0,0.26738030439438415,0.0,0.0,0.0,0.26738030439438415,0.9050387170864972,0.0,0.9050387170864972,1,1,1,1,1,1,99.47983189519782,99.47983189519782,0.0,99.47983189519782,99.47983189519782,81,4.0,4.0,0.0,4.0,4.0,81,1.3012118433763558,1.3012118433763558,0.26894102021749655,0.8871485711125009,1.7628668951205162,81,2.6483790385639807,2.6483790385639807,0.3866939459383867,2.1245607450783366,3.517166502031178,81,0.806467414278489,0.8119519209104149,0.10023291980877076,0.48292539730768297,1.0,81,1.0315315158795177,1.0160469517703485,0.27705113913975227,0.5,1.6485630276569154,81,10.398338805371846,9.56541183461619,3.5922893879390836,4.7064760665594205,21.068571929704344,81,12.219204044647286,12.219204044647288,1.7763568394002505e-15,12.219204044647288,12.219204044647288,81,cases/granite_sparse_unfavorable.yaml,granite_sparse_unfavorable,uncertain,sparse,unfavorable,high
granite_sparse_unfavorable,44,80,80.5,10.471508458397905,8.901531745175463,11.778273545859149,11.778273545859147,13.233480647759635,13.0,1.2637606797850307,2.76197218936173,0.10166483874909393,1.10372712514988,1.2217264541408515,23,100.0,100.0,100.0,100.0,100.0,0.0,0,100.0,0.2,99.98026467728904,2,0.3,P32_derived_Jv_proxy,100.0,100.0,0.0,0.0,0.0,0.0,0.0,0.0,0.0,0.0,23,0,0,23,1.0,0.0,78.53981633974483,7.0,0.2928450952890874,0.0,0.0,0.0,0.2928450952890874,0.9120303921756288,0.0,0.9120303921756288,0,1,1,1,1,1,100.0,100.0,0.0,100.0,100.0,81,4.0,4.0,0.0,4.0,4.0,81,1.2998201565828555,1.2998201565828555,0.31338098418869387,0.7568807228824017,1.9522351029879268,81,2.758936085840504,2.758936085840504,0.5378396770429553,1.894866764148179,3.6896037906952937,81,0.7925276088811809,0.7846327871923381,0.10392435573907845,0.4298937420596059,1.0,81,0.9978866316750348,0.9864483128072908,0.3025527133525175,0.5,1.9854061122953384,81,10.471508458397905,8.901531745175463,4.187246713749841,3.6948573235254636,21.464633381288472,81,11.778273545859149,11.778273545859147,1.7763568394002505e-15,11.778273545859147,11.778273545859147,81,cases/granite_sparse_unfavorable.yaml,granite_sparse_unfavorable,uncertain,sparse,unfavorable,high
granite_sparse_unfavorable,45,10,10.5,12.388512727457595,11.39201952563217,13.787618909743916,13.787618909743918,13.443087424247238,14.173738978072816,1.085125205905654,1.0545746967896434,0.03547985163776257,1.0280048404917852,0.3861200683288999,16,100.0,100.0,100.0,100.0,99.93315942627937,0.14285714285714285,1,100.0,0.1,99.99503320866597,1,0.3,P32_derived_Jv_proxy,100.0,100.0,0.0,-0.06684057372062568,0.0,-0.06684057372062568,0.0,0.06684057372062568,0.0,0.06684057372062568,16,1,0,16,1.0,0.0,78.53981633974483,7.0,0.20371832715762603,0.14285714285714285,0.14285714285714285,0.0,0.20371832715762603,0.8849072948986016,0.781548884772412,0.10335841012618963,1,1,1,1,1,1,100.0,100.0,0.0,100.0,100.0,81,4.0,4.0,0.0,4.0,4.0,81,1.3729757503275013,1.3729757503275013,0.34932140783664656,0.6431832242962169,2.1191539611585064,81,2.489508448331856,2.489508448331856,0.3900233248572136,1.7839812566943845,3.124538817783383,81,0.8060270265934809,0.8060997719780476,0.0981289942653053,0.6094251075947832,1.0,81,0.9690743200934044,0.9860881172679428,0.23514955213022293,0.5,1.4521896965602994,81,12.388512727457595,11.39201952563217,4.291265036868551,7.089723808718588,27.575237819487835,81,13.787618909743916,13.787618909743918,1.7763568394002505e-15,13.787618909743918,13.787618909743918,81,cases/granite_sparse_unfavorable.yaml,granite_sparse_unfavorable,uncertain,sparse,unfavorable,high
granite_sparse_unfavorable,45,20,20.5,11.180108243878612,10.180292535263705,12.939284310783691,12.939284310783691,10.10269967690854,13.0,0.903631651548635,-1.0774085669700728,-0.04400856543187537,1.004692352973936,0.06071568921630899,13,100.0,100.0,100.0,100.0,100.0,0.0,0,100.0,0.2,99.98026467728904,2,0.3,P32_derived_Jv_proxy,100.0,100.0,0.0,0.0,0.0,0.0,0.0,0.0,0.0,0.0,13,0,0,13,1.0,0.0,78.53981633974483,7.0,0.16552114081557115,0.0,0.0,0.0,0.16552114081557115,0.8915910527942277,0.0,0.8915910527942277,1,1,1,1,1,1,100.0,100.0,0.0,100.0,100.0,81,4.0,4.0,0.0,4.0,4.0,81,1.3896405844284143,1.3896405844284143,0.3024026943920859,0.8451949490631608,1.893484906137424,81,2.684925516456652,2.684925516456652,0.6003593009270438,1.5972355063482793,3.7934293702868813,81,0.8059195876569065,0.8137254506699874,0.09750199308083524,0.5453001289969084,1.0,81,1.0263776499748374,1.01128190463088,0.2983743671138117,0.5,1.7066015557977483,81,11.180108243878612,10.180292535263705,4.019290714617426,4.865520493276206,22.66887352825398,81,12.939284310783691,12.939284310783691,0.0,12.939284310783691,12.939284310783691,81,cases/granite_sparse_unfavorable.yaml,granite_sparse_unfavorable,uncertain,sparse,unfavorable,high
granite_sparse_unfavorable,45,30,30.5,11.350097018122993,10.592619706887792,13.134358219194478,13.13435821919448,11.416214391468726,13.15642183747128,1.005825269443967,0.0661173733457332,0.002522542243567294,1.001679839845129,0.022063618276801478,16,100.0,100.0,100.0,100.0,99.93315942627937,0.14285714285714285,1,100.0,0.0,100.0,0,0.3,P32_derived_Jv_proxy,100.0,100.0,0.0,-0.06684057372062568,0.0,-0.06684057372062568,0.0,0.06684057372062568,0.0,0.06684057372062568,16,1,0,16,1.0,0.0,78.53981633974483,7.0,0.20371832715762603,0.14285714285714285,0.14285714285714285,0.0,0.20371832715762603,0.9027362508367347,0.8804931764917933,0.022243074344941438,1,1,1,1,1,1,100.0,100.0,0.0,100.0,100.0,81,4.0,4.0,0.0,4.0,4.0,81,1.2244720792134842,1.2244720792134842,0.27391165775057214,0.5946388615185784,1.6086702103318165,81,2.330665988354207,2.330665988354207,0.44969223769011823,1.3197284819671073,3.052254835509437,81,0.7908354427875979,0.792088044165405,0.1050643729298537,0.49350796437265254,1.0,81,0.9944747912067878,0.9589063323497966,0.29134249139654106,0.5,1.87351623010259,81,11.350097018122993,10.592619706887792,3.6762063905437494,4.383895305692347,23.349268916425597,81,13.134358219194478,13.13435821919448,1.7763568394002505e-15,13.13435821919448,13.13435821919448,81,cases/granite_sparse_unfavorable.yaml,granite_sparse_unfavorable,uncertain,sparse,unfavorable,high
granite_sparse_unfavorable,45,40,40.5,12.444029157405998,12.138442149918362,14.828439104530075,14.82843910453007,11.329096615364715,13.0,0.910404216517145,-1.1149325420412826,-0.04076573951898599,0.8766937577420749,-1.8284391045300747,20,100.0,100.0,100.0,100.0,100.0,0.0,0,100.0,0.3,99.95588995549635,3,0.3,P32_derived_Jv_proxy,100.0,100.0,0.0,0.0,0.0,0.0,0.0,0.0,0.0,0.0,20,0,0,20,1.0,0.0,78.53981633974483,7.0,0.25464790894703254,0.0,0.0,0.0,0.25464790894703254,0.8897161959800461,0.0,0.8897161959800461,1,1,1,1,1,1,100.0,100.0,0.0,100.0,100.0,81,4.0,4.0,0.0,4.0,4.0,81,1.3752710973966222,1.3752710973966222,0.3542942984135915,0.8013101030780957,2.285223352618202,81,2.3186376659436774,2.3186376659436774,0.6039729971972815,1.217770389220857,3.7384941373455054,81,0.7980556662498804,0.8048286824789156,0.08837937275988537,0.5793810201562046,1.0,81,1.02545014036247,0.9982230999857405,0.27418813598053193,0.5,1.7355619195179905,81,12.444029157405998,12.138442149918362,3.989998666057212,5.9957408039165285,27.27248602792103,81,14.828439104530075,14.82843910453007,5.329070518200751e-15,14.82843910453007,14.82843910453007,81,cases/granite_sparse_unfavorable.yaml,granite_sparse_unfavorable,uncertain,sparse,unfavorable,high
granite_sparse_unfavorable,45,50,50.5,9.905569022161991,9.275113508361805,11.549133974190287,11.549133974190289,9.191966181285526,13.0,0.9279594297632067,-0.7136028408764652,-0.03247101065088209,1.125625525606688,1.450866025809713,13,100.0,100.0,100.0,100.0,100.0,0.0,0,100.0,0.1,99.99503320866597,1,0.3,P32_derived_Jv_proxy,100.0,100.0,0.0,0.0,0.0,0.0,0.0,0.0,0.0,0.0,13,0,0,13,1.0,0.0,78.53981633974483,7.0,0.16552114081557115,0.0,0.0,0.0,0.16552114081557115,0.936050113759823,0.0,0.936050113759823,1,1,1,1,1,1,100.0,100.0,0.0,100.0,100.0,81,4.0,4.0,0.0,4.0,4.0,81,1.2474174091317136,1.2474174091317136,0.29905824029937383,0.5297281931616123,1.5942558977317678,81,2.700240147701573,2.700240147701573,0.611535411373853,1.4359550004901938,3.6264182139547785,81,0.8012127382367588,0.8098271675870993,0.09117407903712385,0.5847014180299401,1.0,81,1.019414050630217,1.012616248173167,0.2886762777256382,0.5,1.8167993444256842,81,9.905569022161991,9.275113508361805,3.3394986005005043,4.907101151568868,20.59788116172864,81,11.549133974190287,11.549133974190289,1.7763568394002505e-15,11.549133974190289,11.549133974190289,81,cases/granite_sparse_unfavorable.yaml,granite_sparse_unfavorable,uncertain,sparse,unfavorable,high
granite_sparse_unfavorable,45,60,60.5,12.722707216733548,11.514218721162676,14.615406695287229,14.615406695287229,14.309453881812017,13.0,1.124717690822241,1.5867466650784685,0.051043526266006944,0.8894723404578184,-1.6154066952872288,19,100.0,100.0,100.0,100.0,100.0,0.0,0,100.0,0.0,100.0,0,0.3,P32_derived_Jv_proxy,100.0,100.0,0.0,0.0,0.0,0.0,0.0,0.0,0.0,0.0,19,0,0,19,1.0,0.0,78.53981633974483,7.0,0.2419155134996809,0.0,0.0,0.0,0.2419155134996809,0.878558652579018,0.0,0.878558652579018,1,1,1,1,1,1,100.0,100.0,0.0,100.0,100.0,81,4.0,4.0,0.0,4.0,4.0,81,1.4010483699845362,1.4010483699845362,0.27746960361451595,0.8456290775218148,2.1439910410503935,81,2.3965264860476094,2.3965264860476094,0.4326264427520046,1.4630630319414668,3.094644306869898,81,0.8029253311314399,0.8042359229241599,0.10626158553941549,0.4225862346985866,1.0,81,1.0107282763038845,1.034360213404987,0.29056271041244996,0.5,1.6279070758444838,81,12.722707216733548,11.514218721162676,4.358729929868628,6.315914764302904,25.827021966861885,81,14.615406695287229,14.615406695287229,0.0,14.615406695287229,14.615406695287229,81,cases/granite_sparse_unfavorable.yaml,granite_sparse_unfavorable,uncertain,sparse,unfavorable,high
granite_sparse_unfavorable,45,70,70.5,11.245581917559042,10.29927099315502,12.739657462972822,12.739657462972822,13.543563872457977,13.055122645761957,1.2043453128299948,2.297981954898935,0.0807510267515601,1.024762454069587,0.3154651827891346,21,100.0,100.0,100.0,100.0,99.93315942627937,0.14285714285714285,1,100.0,0.1,99.99503320866597,1,0.3,P32_derived_Jv_proxy,100.0,100.0,0.0,-0.06684057372062568,0.0,-0.06684057372062568,0.0,0.06684057372062568,0.0,0.06684057372062568,21,1,0,21,1.0,0.0,78.53981633974483,7.0,0.26738030439438415,0.14285714285714285,0.14285714285714285,0.0,0.26738030439438415,0.8836619968487404,0.8749254538019523,0.008736543046788059,1,1,1,1,1,1,100.0,100.0,0.0,100.0,100.0,81,4.0,4.0,0.0,4.0,4.0,81,1.1951755670562059,1.1951755670562059,0.3042903388243289,0.6495647505814056,1.6589465687793055,81,2.3453840311835776,2.3453840311835776,0.5200739507516497,1.3237260758178435,3.4848050805188446,81,0.7887138922376852,0.7892155986468893,0.08964824332112947,0.5842022247712462,0.9729645670902034,81,0.9861262284072244,1.0064117337161205,0.28744346021374323,0.5,1.8309649498877223,81,11.245581917559042,10.29927099315502,4.159307525466596,4.949038991730346,23.014189322409166,81,12.739657462972822,12.739657462972822,0.0,12.739657462972822,12.739657462972822,81,cases/granite_sparse_unfavorable.yaml,granite_sparse_unfavorable,uncertain,sparse,unfavorable,high
granite_sparse_unfavorable,45,80,80.5,11.551571762015843,11.183087474961955,13.374326707537547,13.374326707537545,12.47984349368116,13.0,1.0803589113922734,0.9282717316653173,0.03356805858192957,0.9720115475176345,-0.3743267075375467,18,100.0,100.0,100.0,100.0,100.0,0.0,0,100.0,0.4,99.92210167184162,4,0.3,P32_derived_Jv_proxy,100.0,100.0,0.0,0.0,0.0,0.0,0.0,0.0,0.0,0.0,18,0,0,18,1.0,0.0,78.53981633974483,7.0,0.22918311805232927,0.0,0.0,0.0,0.22918311805232927,0.9003612501431495,0.0,0.9003612501431495,1,1,1,1,1,1,100.0,100.0,0.0,100.0,100.0,81,4.0,4.0,0.0,4.0,4.0,81,1.3410113956158682,1.3410113956158682,0.21706862367111232,1.034196325231072,1.9300938180639233,81,2.506689542098775,2.506689542098775,0.5402287389286907,1.2582416270014793,3.4712084013400273,81,0.7991908657177667,0.8017910978610264,0.09011572875482018,0.5553439965846448,0.9724056862387129,81,0.9902659152233316,0.9531798228796081,0.264592291677036,0.5,1.8746699564544593,81,11.551571762015843,11.183087474961955,3.335917498433993,5.824421863600341,22.132828410721707,81,13.374326707537547,13.374326707537545,1.7763568394002505e-15,13.374326707537545,13.374326707537545,81,cases/granite_sparse_unfavorable.yaml,granite_sparse_unfavorable,uncertain,sparse,unfavorable,high
granite_sparse_unfavorable,46,10,10.5,12.220289871909612,11.231568094618565,13.77862782515086,13.778627825150858,11.281865300573367,13.0,0.9232076668252058,-0.9384245713362454,-0.03470059755266908,0.9434901765958443,-0.7786278251508598,24,100.0,100.0,100.0,100.0,100.0,0.0,0,100.0,0.0,100.0,0,0.3,P32_derived_Jv_proxy,100.0,100.0,0.0,0.0,0.0,0.0,0.0,0.0,0.0,0.0,24,0,0,24,1.0,0.0,78.53981633974483,7.0,0.30557749073643903,0.0,0.0,0.0,0.30557749073643903,0.9096037588589995,0.0,0.9096037588589995,1,1,1,1,1,1,100.0,100.0,0.0,100.0,100.0,81,4.0,4.0,0.0,4.0,4.0,81,1.2915829249565987,1.2915829249565987,0.3502412544773702,0.5362460822759493,1.9324399969898345,81,2.3434534652989973,2.3434534652989973,0.5405985363524937,1.2062901522732945,3.5254955857051433,81,0.8038887247741698,0.8052836183359674,0.09326406989458003,0.5526421459574864,0.9868796435660293,81,0.9904978810249957,0.9888418379729597,0.2726169822972747,0.5,1.6033001160395262,81,12.220289871909612,11.231568094618565,4.186357033368086,6.296995367198238,22.28144672102821,81,13.77862782515086,13.778627825150858,1.7763568394002505e-15,13.778627825150858,13.778627825150858,81,cases/granite_sparse_unfavorable.yaml,granite_sparse_unfavorable,uncertain,sparse,unfavorable,high
granite_sparse_unfavorable,46,20,20.5,11.176696494519703,10.170086361545083,12.792590732174842,12.79259073217484,12.88936269152149,13.0,1.1532354571712278,1.712666197001786,0.06191798666195636,1.016213234063957,0.20740926782515778,20,100.0,100.0,100.0,100.0,100.0,0.0,0,100.0,0.2,99.98026467728904,2,0.3,P32_derived_Jv_proxy,100.0,100.0,0.0,0.0,0.0,0.0,0.0,0.0,0.0,0.0,20,0,0,20,1.0,0.0,78.53981633974483,7.0,0.25464790894703254,0.0,0.0,0.0,0.25464790894703254,0.9191060996416577,0.0,0.9191060996416577,1,1,1,1,1,1,100.0,100.0,0.0,100.0,100.0,81,4.0,4.0,0.0,4.0,4.0,81,1.2648168699214402,1.2648168699214402,0.33291262730681,0.7078329424486439,1.9608872648189293,81,2.471776234387535,2.471776234387535,0.5163476705648531,1.468104113763483,3.5540142987365564,81,0.8087695502334036,0.8029047295225257,0.08617360811198777,0.5981627773466084,1.0,81,1.011191035743194,1.0183557388348117,0.2691877677920203,0.5,1.5640752255381538,81,11.176696494519703,10.170086361545083,3.916465390906934,5.503154388825303,22.99785500422237,81,12.792590732174842,12.79259073217484,1.7763568394002505e-15,12.79259073217484,12.79259073217484,81,cases/granite_sparse_unfavorable.yaml,granite_sparse_unfavorable,uncertain,sparse,unfavorable,high
granite_sparse_unfavorable,46,30,30.5,12.723590738454476,11.640078439894669,15.120462976228307,15.120462976228307,11.589577638895316,13.0,0.910873186440064,-1.1340130995591604,-0.04054208215204902,0.8597620337709235,-2.120462976228307,25,100.0,100.0,100.0,100.0,100.0,0.0,0,100.0,0.7,99.76613872993647,7,0.3,P32_derived_Jv_proxy,100.0,100.0,0.0,0.0,0.0,0.0,0.0,0.0,0.0,0.0,25,0,0,25,1.0,0.0,78.53981633974483,7.0,0.3183098861837907,0.0,0.0,0.0,0.3183098861837907,0.9154364513568675,0.0,0.9154364513568675,1,1,1,1,1,1,100.0,100.0,0.0,100.0,100.0,81,4.0,4.0,0.0,4.0,4.0,81,1.3612256049763274,1.3612256049763274,0.31692345942416394,0.7348506806936086,2.081575569006376,81,2.250634797222121,2.250634797222121,0.3585179008609936,1.5536538778309517,2.950310748435467,81,0.7800158918433447,0.791890722205356,0.08803516757297734,0.5717943937834866,1.0,81,1.0219497284457337,0.9774296978570125,0.30847397153423206,0.5,1.914428715240052,81,12.723590738454476,11.640078439894669,4.526935507840356,5.7539492736511395,29.53817956583905,81,15.120462976228307,15.120462976228307,0.0,15.120462976228307,15.120462976228307,81,cases/granite_sparse_unfavorable.yaml,granite_sparse_unfavorable,uncertain,sparse,unfavorable,high
granite_sparse_unfavorable,46,40,40.5,11.679198426928679,10.991530662984635,13.04219595851563,13.042195958515629,10.85745765252476,13.0,0.9296406530340957,-0.8217407744039189,-0.03168489291163912,0.9967646584478682,-0.04219595851563085,16,100.0,100.0,100.0,100.0,100.0,0.0,0,100.0,0.2,99.98026467728904,2,0.3,P32_derived_Jv_proxy,100.0,100.0,0.0,0.0,0.0,0.0,0.0,0.0,0.0,0.0,16,0,0,16,1.0,0.0,78.53981633974483,7.0,0.20371832715762603,0.0,0.0,0.0,0.20371832715762603,0.8860075916960047,0.0,0.8860075916960047,1,1,1,1,1,1,100.0,100.0,0.0,100.0,100.0,81,4.0,4.0,0.0,4.0,4.0,81,1.2503531073115381,1.2503531073115381,0.33861460161570855,0.6674922890428856,1.9324399969898345,81,2.396745746055031,2.396745746055031,0.486442735007119,1.2794364252712116,3.4372281588865,81,0.7918976228246617,0.7849144313646687,0.09819728648385748,0.5745079920732349,1.0,81,0.9630660207461456,0.9697475098775562,0.2607866047277147,0.5,1.6192382087571746,81,11.679198426928679,10.991530662984635,3.9771710438701158,6.020868616912305,22.674862273649875,81,13.04219595851563,13.042195958515629,1.7763568394002505e-15,13.042195958515629,13.042195958515629,81,cases/granite_sparse_unfavorable.yaml,granite_sparse_unfavorable,uncertain,sparse,unfavorable,high
granite_sparse_unfavorable,46,50,50.5,10.440709646133994,9.967969559196492,12.46068529097077,12.46068529097077,11.569996027682638,13.0,1.10816184146705,1.1292863815486438,0.04460319155063486,1.0432813040724194,0.5393147090292292,17,100.0,100.0,100.0,100.0,100.0,0.0,0,100.0,0.3,99.95588995549635,3,0.3,P32_derived_Jv_proxy,100.0,100.0,0.0,0.0,0.0,0.0,0.0,0.0,0.0,0.0,17,0,0,17,1.0,0.0,78.53981633974483,7.0,0.21645072260497766,0.0,0.0,0.0,0.21645072260497766,0.9304679840777672,0.0,0.9304679840777672,1,1,1,1,1,1,100.0,100.0,0.0,100.0,100.0,81,4.0,4.0,0.0,4.0,4.0,81,1.2198312871908075,1.2198312871908075,0.38720941312783136,0.5218902151242147,1.9458570569297264,81,2.4473599539399298,2.4473599539399298,0.6191917494577126,1.2194658382715802,3.6110429930667127,81,0.7951165162978675,0.7862781796205821,0.10408543729640782,0.5175855933623318,1.0,81,1.0215992832998593,1.0142125739765817,0.26320936718732524,0.5,1.5722320277783246,81,10.440709646133994,9.967969559196492,3.24399814376864,5.327357049767501,19.46299251670433,81,12.46068529097077,12.46068529097077,0.0,12.46068529097077,12.46068529097077,81,cases/granite_sparse_unfavorable.yaml,granite_sparse_unfavorable,uncertain,sparse,unfavorable,high
granite_sparse_unfavorable,46,60,60.5,10.191114076025777,9.108893292275697,12.100880678576745,12.100880678576745,10.683779783745832,13.0,1.0483426742203812,0.4926657077200556,0.02050326470642161,1.0743019739889714,0.8991193214232549,13,100.0,100.0,100.0,100.0,100.0,0.0,0,100.0,0.1,99.99503320866597,1,0.3,P32_derived_Jv_proxy,100.0,100.0,0.0,0.0,0.0,0.0,0.0,0.0,0.0,0.0,13,0,0,13,1.0,0.0,78.53981633974483,7.0,0.16552114081557115,0.0,0.0,0.0,0.16552114081557115,0.8890332412008575,0.0,0.8890332412008575,1,1,1,1,1,1,100.0,100.0,0.0,100.0,100.0,81,4.0,4.0,0.0,4.0,4.0,81,1.275328003251808,1.275328003251808,0.23411001935044423,0.8063357947146127,1.76237410954887,81,2.6347834449554433,2.6347834449554433,0.3356245312781429,2.013128144200451,3.21703843540807,81,0.7957570376926351,0.802935152889684,0.1033861917044928,0.5654754441669947,1.0,81,1.0408239444103646,1.0459493450807615,0.2914762145419057,0.5,1.647019783977109,81,10.191114076025777,9.108893292275697,3.781357614797914,4.924187996652836,21.09898902524555,81,12.100880678576745,12.100880678576745,0.0,12.100880678576745,12.100880678576745,81,cases/granite_sparse_unfavorable.yaml,granite_sparse_unfavorable,uncertain,sparse,unfavorable,high
granite_sparse_unfavorable,46,70,70.5,11.448493387671496,10.26157971530904,12.918651534771383,12.918651534771383,11.2343341818719,13.0,0.9812936778187584,-0.21415920579959646,-0.008200999175606238,1.0062969780560813,0.08134846522861672,16,100.0,100.0,100.0,100.0,100.0,0.0,0,100.0,0.0,100.0,0,0.3,P32_derived_Jv_proxy,100.0,100.0,0.0,0.0,0.0,0.0,0.0,0.0,0.0,0.0,16,0,0,16,1.0,0.0,78.53981633974483,7.0,0.20371832715762603,0.0,0.0,0.0,0.20371832715762603,0.8683646285579508,0.0,0.8683646285579508,1,1,1,1,1,1,100.0,100.0,0.0,100.0,100.0,81,4.0,4.0,0.0,4.0,4.0,81,1.3416280967683187,1.3416280967683187,0.3468754067911494,0.611801686564374,2.1247532982724606,81,2.5963005758713287,2.5963005758713287,0.4458991043281466,1.9117839318923509,3.7262624687403587,81,0.8000907603125308,0.8063975937763108,0.10318413823005129,0.5888109468335544,1.0,81,0.9991560793918962,1.0087301645870042,0.2936155999178232,0.5,1.6276252409054266,81,11.448493387671496,10.26157971530904,4.243628262158145,6.053410648703588,25.837303069542767,81,12.918651534771383,12.918651534771383,0.0,12.918651534771383,12.918651534771383,81,cases/granite_sparse_unfavorable.yaml,granite_sparse_unfavorable,uncertain,sparse,unfavorable,high
granite_sparse_unfavorable,46,80,80.5,12.451463170825456,11.300863000390427,14.40634960676701,14.406349606767014,13.14848375904586,13.0,1.055979010551432,0.6970205882204041,0.02365528591343269,0.9023798779597564,-1.4063496067670105,15,100.0,100.0,100.0,100.0,100.0,0.0,0,100.0,0.3,99.95588995549635,3,0.3,P32_derived_Jv_proxy,100.0,100.0,0.0,0.0,0.0,0.0,0.0,0.0,0.0,0.0,15,0,0,15,1.0,0.0,78.53981633974483,7.0,0.1909859317102744,0.0,0.0,0.0,0.1909859317102744,0.9038825895607071,0.0,0.9038825895607071,1,1,1,1,1,1,100.0,100.0,0.0,100.0,100.0,81,4.0,4.0,0.0,4.0,4.0,81,1.3519031541585518,1.3519031541585518,0.25185465504058496,0.9811477995053949,1.7728474675580586,81,2.346019621659622,2.346019621659622,0.5237442081773532,1.2411999213330216,3.0553846527005684,81,0.7783586508369653,0.778739810876117,0.10682066825708778,0.5189807029041008,1.0,81,0.9934450014940739,1.0075975264683361,0.287922604049271,0.5,1.6299028307777899,81,12.451463170825456,11.300863000390427,4.654940987064827,5.825089728722878,28.812699213534028,81,14.40634960676701,14.406349606767014,3.552713678800501e-15,14.406349606767014,14.406349606767014,81,cases/granite_sparse_unfavorable.yaml,granite_sparse_unfavorable,uncertain,sparse,unfavorable,high
granite_sparse_unfavorable,47,10,10.5,11.931307228289521,11.48402938335242,13.353173449730885,13.353173449730882,10.204378901664354,13.088315087676932,0.8552607611569533,-1.726928326625167,-0.0679014526802495,0.9801651372948136,-0.2648583620539533,22,99.29308033320267,99.29308033320267,99.29308033320267,100.0,99.93315942627937,0.14285714285714285,1,99.29308033320267,0.5,99.87908957257498,5,0.3,P32_derived_Jv_proxy,100.0,99.29308033320267,0.706919666797333,0.6400790930767073,0.0,-0.06684057372062568,0.706919666797333,0.6400790930767073,0.0,0.06684057372062568,22,1,1,21,0.9545454545454546,0.045454545454545456,78.53981633974483,7.0,0.2801126998417358,0.14285714285714285,0.14285714285714285,0.012732395447351627,0.26738030439438415,0.9138662800091959,0.8758674310570828,0.03799884895211314,1,1,1,1,1,1,99.29308033320267,99.29308033320267,0.0,99.29308033320267,99.29308033320267,81,4.0,4.0,0.0,4.0,4.0,81,1.3186384890168268,1.3186384890168268,0.308922797808323,0.7120806367237524,1.9100950090290312,81,2.4513213640432334,2.4513213640432334,0.3482895219172129,1.8906406266933318,3.1273297270016807,81,0.8089080293811967,0.7949763224522894,0.09826888455299249,0.5318379943918443,1.0,81,1.0083009705827928,0.922535566224743,0.3309949397890558,0.5,1.8902504458979594,81,11.931307228289521,11.48402938335242,4.290288679385034,5.1274955842520935,25.72244850176864,81,13.353173449730885,13.353173449730882,3.552713678800501e-15,13.353173449730882,13.353173449730882,81,cases/granite_sparse_unfavorable.yaml,granite_sparse_unfavorable,uncertain,sparse,unfavorable,high
granite_sparse_unfavorable,47,20,20.5,10.505770178558313,9.347421425400459,12.983773137228994,12.983773137228994,11.486022224075914,13.0,1.0933060621788815,0.9802520455176005,0.038741756193596766,1.0012497802140796,0.016226862771006267,21,100.0,100.0,100.0,100.0,100.0,0.0,0,100.0,0.2,99.98026467728904,2,0.3,P32_derived_Jv_proxy,100.0,100.0,0.0,0.0,0.0,0.0,0.0,0.0,0.0,0.0,21,0,0,21,1.0,0.0,78.53981633974483,7.0,0.26738030439438415,0.0,0.0,0.0,0.26738030439438415,0.9246077973925024,0.0,0.9246077973925024,1,1,1,1,1,1,100.0,100.0,0.0,100.0,100.0,81,4.0,4.0,0.0,4.0,4.0,81,1.3448988482214383,1.3448988482214383,0.3052141220259032,0.7759917493490548,2.06888595936725,81,2.5895763003690075,2.5895763003690075,0.4468328632032281,1.7616806972468169,3.3602538427628508,81,0.7952708205609522,0.7890438151584972,0.09100439780163969,0.5883143569511564,1.0,81,1.0718930519267948,1.0797772457288954,0.2807788641735918,0.5,1.667658798918481,81,10.505770178558313,9.347421425400459,3.670800818790192,4.580397470383247,21.30987228698132,81,12.983773137228994,12.983773137228994,0.0,12.983773137228994,12.983773137228994,81,cases/granite_sparse_unfavorable.yaml,granite_sparse_unfavorable,uncertain,sparse,unfavorable,high
granite_sparse_unfavorable,47,30,30.5,10.39932432725478,9.346312569377025,11.946147269368947,11.946147269368945,10.532281099655378,13.0,1.0127851356700304,0.13295677240059867,0.005517318716076636,1.088216954543431,1.0538527306310534,18,100.0,100.0,100.0,100.0,100.0,0.0,0,100.0,0.3,99.95588995549635,3,0.3,P32_derived_Jv_proxy,100.0,100.0,0.0,0.0,0.0,0.0,0.0,0.0,0.0,0.0,18,0,0,18,1.0,0.0,78.53981633974483,7.0,0.22918311805232927,0.0,0.0,0.0,0.22918311805232927,0.9193540509831171,0.0,0.9193540509831171,1,1,1,1,1,1,100.0,100.0,0.0,100.0,100.0,81,4.0,4.0,0.0,4.0,4.0,81,1.1669364155940214,1.1669364155940214,0.19300280477113274,0.7912075447443602,1.4656980089028915,81,2.4420769083145264,2.4420769083145264,0.4769469325902855,1.6740726529298309,3.4289862780751803,81,0.7873844413289043,0.7657799896578825,0.08929412439927069,0.6371549749684965,1.0,81,0.9911139555059092,0.9983837533221154,0.27417052103122,0.5,1.5806110025729119,81,10.39932432725478,9.346312569377025,3.7913253716484347,5.0291417500413695,22.436851880516716,81,11.946147269368947,11.946147269368945,1.7763568394002505e-15,11.946147269368945,11.946147269368945,81,cases/granite_sparse_unfavorable.yaml,granite_sparse_unfavorable,uncertain,sparse,unfavorable,high
granite_sparse_unfavorable,47,40,40.5,10.921097920709753,9.797307883090102,12.364186028483088,12.364186028483088,11.14214037396222,12.58027282167706,1.0202399479298967,0.2210424532524673,0.008702324513591986,1.0174768312848235,0.21608679319397162,22,100.0,100.0,100.0,100.0,99.93315942627937,0.14285714285714285,1,100.0,0.4,99.92210167184162,4,0.3,P32_derived_Jv_proxy,100.0,100.0,0.0,-0.06684057372062568,0.0,-0.06684057372062568,0.0,0.06684057372062568,0.0,0.06684057372062568,22,1,1,21,0.9545454545454546,0.045454545454545456,78.53981633974483,7.0,0.2801126998417358,0.14285714285714285,0.14285714285714285,0.012732395447351627,0.26738030439438415,0.9248641784032624,0.6965666026797923,0.2282975757234701,1,1,1,1,1,1,100.0,100.0,0.0,100.0,100.0,81,4.0,4.0,0.0,4.0,4.0,81,1.2917433115911143,1.2917433115911143,0.2106938388204941,0.8802980478610756,1.7953763844322206,81,2.6118648421646102,2.6118648421646102,0.602269550466151,1.4351846059436546,4.264402815833048,81,0.7972690592383376,0.7760565735779124,0.10247842924309968,0.5298984474827102,1.0,81,0.9969798289085633,0.9854340984229107,0.2974810228355977,0.5,1.7376234100160857,81,10.921097920709753,9.797307883090102,4.0042697994857726,4.988651727293884,24.07614767248383,81,12.364186028483088,12.364186028483088,0.0,12.364186028483088,12.364186028483088,81,cases/granite_sparse_unfavorable.yaml,granite_sparse_unfavorable,uncertain,sparse,unfavorable,high
granite_sparse_unfavorable,47,50,50.5,12.867251955476346,12.088128493901502,14.757261253064772,14.75726125306477,13.424663983412959,13.0,1.0433202077541799,0.5574120279366124,0.018417619182260703,0.8809222644411865,-1.7572612530647724,13,100.0,100.0,100.0,100.0,100.0,0.0,0,100.0,0.2,99.98026467728904,2,0.3,P32_derived_Jv_proxy,100.0,100.0,0.0,0.0,0.0,0.0,0.0,0.0,0.0,0.0,13,0,0,13,1.0,0.0,78.53981633974483,7.0,0.16552114081557115,0.0,0.0,0.0,0.16552114081557115,0.9106458166892708,0.0,0.9106458166892708,1,1,1,1,1,1,100.0,100.0,0.0,100.0,100.0,81,4.0,4.0,0.0,4.0,4.0,81,1.4639769706532801,1.4639769706532801,0.3423216875534772,0.815743208823011,1.9783864534192108,81,2.4800959770723767,2.4800959770723767,0.42338962235700933,1.4020624918373967,3.155133634265377,81,0.8011436671212637,0.8065709509784248,0.10632814008608729,0.48720500436414005,1.0,81,0.9904353285678427,0.965021836205072,0.2514883160570266,0.5,1.6537488025322318,81,12.867251955476346,12.088128493901502,4.217584444781043,5.8287344349805315,26.98631416174014,81,14.757261253064772,14.75726125306477,1.7763568394002505e-15,14.75726125306477,14.75726125306477,81,cases/granite_sparse_unfavorable.yaml,granite_sparse_unfavorable,uncertain,sparse,unfavorable,high
granite_sparse_unfavorable,47,60,60.5,11.51377065942294,10.140371385765414,13.267925858558275,13.267925858558277,9.364413592257275,13.0,0.8133229216784322,-2.149357067165665,-0.08973698791357199,0.9798065001708272,-0.2679258585582751,18,100.0,100.0,100.0,100.0,100.0,0.0,0,100.0,0.2,99.98026467728904,2,0.3,P32_derived_Jv_proxy,100.0,100.0,0.0,0.0,0.0,0.0,0.0,0.0,0.0,0.0,18,0,0,18,1.0,0.0,78.53981633974483,7.0,0.22918311805232927,0.0,0.0,0.0,0.22918311805232927,0.9282596549416555,0.0,0.9282596549416555,1,1,1,1,1,1,100.0,100.0,0.0,100.0,100.0,81,4.0,4.0,0.0,4.0,4.0,81,1.3133689510424595,1.3133689510424595,0.3431325739374458,0.5,1.761392738851883,81,2.4747066064498893,2.4747066064498893,0.4957329211407982,1.2482827520222075,3.2870775715213196,81,0.8055026222190359,0.8233368231270509,0.09253181657882649,0.6226365094750156,0.9833824178432364,81,1.056291675092586,1.0656433780789318,0.3639442485228021,0.5,1.9858802752006142,81,11.51377065942294,10.140371385765414,4.620147972934233,5.512086975528447,23.642827984844555,81,13.267925858558275,13.267925858558277,1.7763568394002505e-15,13.267925858558277,13.267925858558277,81,cases/granite_sparse_unfavorable.yaml,granite_sparse_unfavorable,uncertain,sparse,unfavorable,high
granite_sparse_unfavorable,47,70,70.5,11.134918982839675,10.093900475202839,13.51347942014343,13.51347942014343,11.607805624752132,13.0,1.0424687995162996,0.47288664191245644,0.01806306565953464,0.9620024270449528,-0.5134794201434296,19,100.0,100.0,100.0,100.0,100.0,0.0,0,100.0,0.2,99.98026467728904,2,0.3,P32_derived_Jv_proxy,100.0,100.0,0.0,0.0,0.0,0.0,0.0,0.0,0.0,0.0,19,0,0,19,1.0,0.0,78.53981633974483,7.0,0.2419155134996809,0.0,0.0,0.0,0.2419155134996809,0.9070933076877753,0.0,0.9070933076877753,1,1,1,1,1,1,100.0,100.0,0.0,100.0,100.0,81,4.0,4.0,0.0,4.0,4.0,81,1.276956562089289,1.276956562089289,0.3414810590907442,0.7907907726143106,2.1498604538818857,81,2.3623755999247598,2.3623755999247598,0.3177762088074209,1.7219136783912559,3.0515563486971677,81,0.7951112059850274,0.7912591037104985,0.09887478501839339,0.4778871707931277,1.0,81,1.0543787868975942,1.0726662240570644,0.3055231633599356,0.5,1.8795831270211694,81,11.134918982839675,10.093900475202839,3.7309151975860044,5.530901669034996,20.991609757650743,81,13.51347942014343,13.51347942014343,0.0,13.51347942014343,13.51347942014343,81,cases/granite_sparse_unfavorable.yaml,granite_sparse_unfavorable,uncertain,sparse,unfavorable,high
granite_sparse_unfavorable,47,80,80.5,10.940149068727308,10.009640223784,13.060210410892166,13.060210410892168,10.27874687712399,13.0,0.9395435850601018,-0.6614021916033188,-0.02708306834467944,0.9953897824768618,-0.060210410892166166,23,100.0,100.0,100.0,100.0,100.0,0.0,0,100.0,0.0,100.0,0,0.3,P32_derived_Jv_proxy,100.0,100.0,0.0,0.0,0.0,0.0,0.0,0.0,0.0,0.0,23,0,0,23,1.0,0.0,78.53981633974483,7.0,0.2928450952890874,0.0,0.0,0.0,0.2928450952890874,0.8824205718307718,0.0,0.8824205718307718,1,1,1,1,1,1,100.0,100.0,0.0,100.0,100.0,81,4.0,4.0,0.0,4.0,4.0,81,1.300623019403077,1.300623019403077,0.34972585917930993,0.6029078399557475,2.1498604538818857,81,2.4896670468615922,2.4896670468615922,0.49646122135821286,1.5349358335711574,3.281165138978997,81,0.7869883218048704,0.7987146868052973,0.10615854019025994,0.4942880289569222,1.0,81,1.024699905267018,0.9994715446461165,0.29239274319330255,0.5,2.0600190888708036,81,10.940149068727308,10.009640223784,3.698464571795718,5.317676553141033,21.708383939509094,81,13.060210410892166,13.060210410892168,1.7763568394002505e-15,13.060210410892168,13.060210410892168,81,cases/granite_sparse_unfavorable.yaml,granite_sparse_unfavorable,uncertain,sparse,unfavorable,high
granite_sparse_unfavorable,48,10,10.5,10.415547259835336,9.888807700376976,12.372724101924721,12.372724101924723,11.52100948644299,12.271033580838834,1.1061357794295228,1.1054622266076546,0.043808440384266456,0.9917810726038846,-0.10169052108588694,23,100.0,100.0,100.0,100.0,99.93315942627937,0.14285714285714285,1,100.0,0.2,99.98026467728904,2,0.3,P32_derived_Jv_proxy,100.0,100.0,0.0,-0.06684057372062568,0.0,-0.06684057372062568,0.0,0.06684057372062568,0.0,0.06684057372062568,23,1,1,22,0.9565217391304348,0.043478260869565216,78.53981633974483,7.0,0.2928450952890874,0.14285714285714285,0.14285714285714285,0.012732395447351627,0.2801126998417358,0.8996957703311667,0.8862354238227491,0.013460346508417542,1,1,1,1,1,1,100.0,100.0,0.0,100.0,100.0,81,4.0,4.0,0.0,4.0,4.0,81,1.2812646641121954,1.2812646641121954,0.2783731738512594,0.8808522543341046,1.8458173595152108,81,2.588889588010937,2.588889588010937,0.5235234919939071,1.7815709026175777,3.9723126415864867,81,0.7875461193518724,0.7820669830548206,0.10691670802820216,0.48071902895720164,1.0,81,1.0206610949738373,1.0005949930088611,0.30885139687871277,0.5,1.8149665430266715,81,10.415547259835336,9.888807700376976,3.3930434697463863,4.834867006372596,21.806351732407744,81,12.372724101924721,12.372724101924723,1.7763568394002505e-15,12.372724101924723,12.372724101924723,81,cases/granite_sparse_unfavorable.yaml,granite_sparse_unfavorable,uncertain,sparse,unfavorable,high
granite_sparse_unfavorable,48,20,20.5,11.546484784118245,10.932054946545602,13.16184554144323,13.161845541443235,11.122533580540496,13.0,0.9632830933825958,-0.42395120357774907,-0.016246061965552894,0.98770343103225,-0.16184554144322938,24,99.14063410753953,99.14063410753953,99.14063410753953,100.0,100.0,0.0,0,99.14063410753953,0.7,99.76613872993647,7,0.3,P32_derived_Jv_proxy,100.0,99.14063410753953,0.8593658924604739,0.8593658924604739,0.0,0.0,0.8593658924604739,0.8593658924604739,0.0,0.0,24,0,0,24,1.0,0.0,78.53981633974483,7.0,0.30557749073643903,0.0,0.0,0.0,0.30557749073643903,0.8959923542042532,0.0,0.8959923542042532,1,1,1,1,1,1,99.14063410753953,99.14063410753953,0.0,99.14063410753953,99.14063410753953,81,4.0,4.0,0.0,4.0,4.0,81,1.2537182523115138,1.2537182523115138,0.26302688216662723,0.7335999628491435,1.7407504720716158,81,2.3608851459126465,2.3608851459126465,0.48245518774821305,1.727261327948049,3.6980162314641447,81,0.8146611604917224,0.8057933674923249,0.09921872831806995,0.5364609462276558,1.0,81,1.009229992700725,0.9931543087050523,0.28472271507375246,0.5,1.6839235638184176,81,11.546484784118245,10.932054946545602,3.7693640993828716,5.7855147147164105,25.58306850906802,81,13.16184554144323,13.161845541443235,5.329070518200751e-15,13.161845541443235,13.161845541443235,81,cases/granite_sparse_unfavorable.yaml,granite_sparse_unfavorable,uncertain,sparse,unfavorable,high
granite_sparse_unfavorable,48,30,30.5,13.028306437565945,12.418815678056783,14.91408583030502,14.914085830305018,11.036896430297153,13.826738817267785,0.84714743878554,-1.991410007268792,-0.07204099784100926,0.9270926139617773,-1.0873470130372347,16,99.71842220451575,99.71842220451575,99.71842220451575,100.0,99.93315942627937,0.14285714285714285,1,99.71842220451575,0.4,99.92210167184162,4,0.3,P32_derived_Jv_proxy,100.0,99.71842220451575,0.2815777954842531,0.21473722176362742,0.0,-0.06684057372062568,0.2815777954842531,0.21473722176362742,0.0,0.06684057372062568,16,1,1,15,0.9375,0.0625,78.53981633974483,7.0,0.20371832715762603,0.14285714285714285,0.14285714285714285,0.012732395447351627,0.1909859317102744,0.8919690684153305,0.861387448907955,0.03058161950737548,1,1,1,1,1,1,99.71842220451575,99.71842220451575,0.0,99.71842220451575,99.71842220451575,81,4.0,4.0,0.0,4.0,4.0,81,1.3669399891600973,1.3669399891600973,0.2510724326321152,0.7365456848161991,1.7536050518715036,81,2.28490536594483,2.28490536594483,0.4616815086519042,1.5087071245181725,2.8484674442357916,81,0.8236881799105977,0.824487554205073,0.08112997677413807,0.6209282483534614,1.0,81,1.0077241836143125,1.000064816020931,0.2536195219434247,0.5037102629839664,1.5794418630247624,81,13.028306437565945,12.418815678056783,3.7561060607704357,7.058667849449342,24.765333955661927,81,14.91408583030502,14.914085830305018,1.7763568394002505e-15,14.914085830305018,14.914085830305018,81,cases/granite_sparse_unfavorable.yaml,granite_sparse_unfavorable,uncertain,sparse,unfavorable,high
granite_sparse_unfavorable,48,40,40.5,12.211968029205211,11.221615680756148,14.175430683920498,14.175430683920503,12.455825670835448,13.0,1.0199687422245984,0.24385764163023715,0.00858686265664188,0.9170797198243991,-1.1754306839204975,19,98.88421595533524,98.88421595533524,98.88421595533524,100.0,100.0,0.0,0,98.88421595533524,0.4,99.92210167184162,4,0.3,P32_derived_Jv_proxy,100.0,98.88421595533524,1.115784044664764,1.115784044664764,0.0,0.0,1.115784044664764,1.115784044664764,0.0,0.0,19,0,0,19,1.0,0.0,78.53981633974483,7.0,0.2419155134996809,0.0,0.0,0.0,0.2419155134996809,0.8942211121674613,0.0,0.8942211121674613,1,1,1,1,1,1,98.88421595533524,98.88421595533524,0.0,98.88421595533524,98.88421595533524,81,4.0,4.0,0.0,4.0,4.0,81,1.313324472489663,1.313324472489663,0.2584666438750098,0.7599207574144314,1.9251308491922057,81,2.2903547633372012,2.2903547633372012,0.4791818610873103,1.2371662469457707,3.3040049397550093,81,0.8004156201957708,0.7917339926443703,0.11104536389192048,0.5447106566197294,1.0,81,1.0135912357751853,0.981133211571501,0.27587179029104913,0.5,1.6486961258274384,81,12.211968029205211,11.221615680756148,4.331019107038931,5.680497671268058,26.073725268399212,81,14.175430683920498,14.175430683920503,5.329070518200751e-15,14.175430683920503,14.175430683920503,81,cases/granite_sparse_unfavorable.yaml,granite_sparse_unfavorable,uncertain,sparse,unfavorable,high
granite_sparse_unfavorable,48,50,50.5,10.388791477153712,9.841049495269218,12.510144585001706,12.510144585001704,9.317846697109323,13.0,0.8969134396046418,-1.070944780044389,-0.04724946834500243,1.0391566549586946,0.4898554149982939,20,100.0,100.0,100.0,100.0,100.0,0.0,0,100.0,0.1,99.99503320866597,1,0.3,P32_derived_Jv_proxy,100.0,100.0,0.0,0.0,0.0,0.0,0.0,0.0,0.0,0.0,20,0,0,20,1.0,0.0,78.53981633974483,7.0,0.25464790894703254,0.0,0.0,0.0,0.25464790894703254,0.9204488526851677,0.0,0.9204488526851677,1,1,1,1,1,1,100.0,100.0,0.0,100.0,100.0,81,4.0,4.0,0.0,4.0,4.0,81,1.2185690534836973,1.2185690534836973,0.2458534113598659,0.8530563784522615,1.964866664974899,81,2.435161810489042,2.435161810489042,0.418778941537009,1.6089501835164892,3.076750779559714,81,0.8036090976929678,0.7980159393577346,0.08949790371933214,0.5128447149712022,1.0,81,1.0604292125073718,1.0153370415711023,0.30366640902774217,0.5,2.082679152367628,81,10.388791477153712,9.841049495269218,3.6330944254584505,4.7454159044498825,20.89402998175717,81,12.510144585001706,12.510144585001704,1.7763568394002505e-15,12.510144585001704,12.510144585001704,81,cases/granite_sparse_unfavorable.yaml,granite_sparse_unfavorable,uncertain,sparse,unfavorable,high
granite_sparse_unfavorable,48,60,60.5,12.017638461106007,11.093574113819196,14.379482412294193,14.379482412294193,9.304894804187258,12.1079429601662,0.7742698230023897,-2.7127436569187484,-0.1111076669394071,0.8420291226764972,-2.2715394521279926,19,100.0,100.0,100.0,100.0,99.86631885255873,0.2857142857142857,2,100.0,0.3,99.95588995549635,3,0.3,P32_derived_Jv_proxy,100.0,100.0,0.0,-0.13368114744126558,0.0,-0.13368114744126558,0.0,0.13368114744126558,0.0,0.13368114744126558,19,2,1,18,0.9473684210526315,0.05263157894736842,78.53981633974483,7.0,0.2419155134996809,0.2857142857142857,0.2857142857142857,0.012732395447351627,0.22918311805232927,0.9256853175199624,0.8585743772726881,0.06711094024727426,0,1,1,1,1,1,100.0,100.0,0.0,100.0,100.0,81,4.0,4.0,0.0,4.0,4.0,81,1.3469851166418447,1.3469851166418447,0.24729190286358022,0.9117510497497051,1.840536763186817,81,2.3418525751145904,2.3418525751145904,0.3637443069075151,1.6890856686243279,3.011752183399271,81,0.7870191075962926,0.7907279909506533,0.09379029182290412,0.5058599638772637,1.0,81,1.0268729671828085,0.9824971075870756,0.29267007206574336,0.5,1.7489648712033357,81,12.017638461106007,11.093574113819196,4.006080589452994,5.806732632868003,24.673308767412795,81,14.379482412294193,14.379482412294193,0.0,14.379482412294193,14.379482412294193,81,cases/granite_sparse_unfavorable.yaml,granite_sparse_unfavorable,uncertain,sparse,unfavorable,high
granite_sparse_unfavorable,48,70,70.5,9.744222956974562,8.778481946665078,11.780602014798037,11.780602014798037,8.707452043460561,13.534923736186325,0.8936014787334152,-1.036770913514001,-0.04885612122052352,1.1489161351164077,1.7543217213882887,25,100.0,100.0,100.0,99.1460476777503,99.93315942627937,0.14285714285714285,1,100.0,0.6,99.82704055993037,6,0.3,P32_derived_Jv_proxy,100.0,100.0,-0.8539523222496967,-0.06684057372062568,-0.8539523222496967,-0.06684057372062568,0.8539523222496967,0.06684057372062568,0.8539523222496967,0.06684057372062568,25,1,1,24,0.96,0.04,78.53981633974483,7.0,0.3183098861837907,0.14285714285714285,0.14285714285714285,0.012732395447351627,0.30557749073643903,0.8966719096226117,0.8993967298635022,-0.002724820240890491,1,1,1,1,1,1,100.0,100.0,0.0,100.0,100.0,81,4.0,4.0,0.0,4.0,4.0,81,1.2010528337133406,1.2010528337133406,0.3347083215657543,0.5,1.834252188089097,81,2.5487934152360276,2.5487934152360276,0.4644800216875111,1.6545524499551443,3.4626095805787855,81,0.7866498877159113,0.7816879119059458,0.10077375140992606,0.5661051228465592,1.0,81,1.0397662402094812,1.048825337302501,0.3005318555970452,0.5,2.073632273561048,81,9.744222956974562,8.778481946665078,3.313923298986224,3.6356097733804016,18.117141438638537,81,11.780602014798037,11.780602014798037,0.0,11.780602014798037,11.780602014798037,81,cases/granite_sparse_unfavorable.yaml,granite_sparse_unfavorable,uncertain,sparse,unfavorable,high
granite_sparse_unfavorable,48,80,80.5,11.070022632513243,10.364849631337798,12.886113583864185,12.88611358386418,8.93276960516418,13.0,0.80693327391474,-2.137253027349063,-0.09316237601985711,1.0088379180731746,0.11388641613581463,21,99.99999999999997,99.99999999999997,99.99999999999997,100.0,100.0,0.0,0,99.99999999999997,0.4,99.92210167184162,4,0.3,P32_derived_Jv_proxy,100.0,99.99999999999997,2.842170943040401e-14,2.842170943040401e-14,0.0,0.0,2.842170943040401e-14,2.842170943040401e-14,0.0,0.0,21,0,0,21,1.0,0.0,78.53981633974483,7.0,0.26738030439438415,0.0,0.0,0.0,0.26738030439438415,0.9347819048529071,0.0,0.9347819048529071,1,1,1,1,1,1,99.99999999999997,99.99999999999997,0.0,99.99999999999997,99.99999999999997,81,4.0,4.0,0.0,4.0,4.0,81,1.2336685717586433,1.2336685717586433,0.2111750204612143,0.8810469273856306,1.6613320314084934,81,2.3934069875486474,2.3934069875486474,0.4234110998960174,1.7558516444058285,3.2208572720748503,81,0.7973902434697542,0.7957002868520555,0.09032120288040073,0.5715826576870513,1.0,81,1.0066636378845086,0.9956263445757828,0.26787819651952116,0.5,1.6857531196525006,81,11.070022632513243,10.364849631337798,3.676411436134946,5.248920025470323,25.77222716772836,81,12.886113583864185,12.88611358386418,5.329070518200751e-15,12.88611358386418,12.88611358386418,81,cases/granite_sparse_unfavorable.yaml,granite_sparse_unfavorable,uncertain,sparse,unfavorable,high
granite_sparse_unfavorable,49,10,10.5,9.749274458559587,9.386816386471057,11.795487426244849,11.795487426244849,11.226474635022708,13.0,1.1515189856170458,1.4772001764631213,0.06127110276985093,1.102116388261762,1.2045125737551512,24,100.0,100.0,100.0,100.0,100.0,0.0,0,100.0,0.4,99.92210167184162,4,0.3,P32_derived_Jv_proxy,100.0,100.0,0.0,0.0,0.0,0.0,0.0,0.0,0.0,0.0,24,0,0,24,1.0,0.0,78.53981633974483,7.0,0.30557749073643903,0.0,0.0,0.0,0.30557749073643903,0.9266760839332737,0.0,0.9266760839332737,1,1,1,1,1,1,100.0,100.0,0.0,100.0,100.0,81,4.0,4.0,0.0,4.0,4.0,81,1.222242971772434,1.222242971772434,0.2887804905607035,0.7518734746470067,1.7895070679062859,81,2.5904884800541494,2.5904884800541494,0.46150014988033095,1.6919799995784943,3.680369649426442,81,0.8120884137393153,0.8263962332537989,0.10275519926631112,0.5561934259416487,1.0,81,1.0584977019402422,1.041526649128181,0.2810619135789203,0.5,1.7948564452614986,81,9.749274458559587,9.386816386471057,3.087682500023804,4.664239277270891,21.53370520286719,81,11.795487426244849,11.795487426244849,0.0,11.795487426244849,11.795487426244849,81,cases/granite_sparse_unfavorable.yaml,granite_sparse_unfavorable,uncertain,sparse,unfavorable,high
granite_sparse_unfavorable,49,20,20.5,10.068591914267468,9.157361705127844,11.760920960623649,11.760920960623647,13.240954898182565,13.0,1.3150751377081609,3.1723629839150966,0.1189505672438731,1.1053556131807085,1.2390790393763513,24,99.03406317796524,99.03406317796524,99.03406317796524,100.0,100.0,0.0,0,99.03406317796524,0.6,99.82704055993037,6,0.3,P32_derived_Jv_proxy,100.0,99.03406317796524,0.965936822034763,0.965936822034763,0.0,0.0,0.965936822034763,0.965936822034763,0.0,0.0,24,0,0,24,1.0,0.0,78.53981633974483,7.0,0.30557749073643903,0.0,0.0,0.0,0.30557749073643903,0.8869099812884571,0.0,0.8869099812884571,0,1,1,1,1,1,99.03406317796524,99.03406317796524,0.0,99.03406317796524,99.03406317796524,81,4.0,4.0,0.0,4.0,4.0,81,1.2456711371381448,1.2456711371381448,0.2973067492293403,0.8235046198743323,1.9300760423164625,81,2.622325974881928,2.622325974881928,0.4837395037881649,1.862461481275405,3.664309180238576,81,0.8026806372678075,0.8033954083239402,0.09584258282879426,0.6100266111428901,1.0,81,1.0182730122477035,0.9792060697134359,0.28131329178959874,0.5,1.6351497209584223,81,10.068591914267468,9.157361705127844,3.3736305141755247,5.292567942449855,22.267891322576123,81,11.760920960623649,11.760920960623647,1.7763568394002505e-15,11.760920960623647,11.760920960623647,81,cases/granite_sparse_unfavorable.yaml,granite_sparse_unfavorable,uncertain,sparse,unfavorable,high
granite_sparse_unfavorable,49,30,30.5,10.356022255460909,9.861823855163987,12.773327582891476,12.773327582891476,12.964094649069448,13.0,1.2518411344889935,2.6080723936085395,0.09754921801778593,1.0177457608941407,0.22667241710852437,24,100.0,100.0,100.0,100.0,100.0,0.0,0,100.0,0.1,99.99503320866597,1,0.3,P32_derived_Jv_proxy,100.0,100.0,0.0,0.0,0.0,0.0,0.0,0.0,0.0,0.0,24,0,0,24,1.0,0.0,78.53981633974483,7.0,0.30557749073643903,0.0,0.0,0.0,0.30557749073643903,0.8976441505477164,0.0,0.8976441505477164,0,1,1,1,1,1,100.0,100.0,0.0,100.0,100.0,81,4.0,4.0,0.0,4.0,4.0,81,1.301708857166557,1.301708857166557,0.29305543907242126,0.8474908373681085,1.9081855893213224,81,2.5477089832685,2.5477089832685,0.5012706159133826,1.4518193862101303,3.4664624848382424,81,0.8059181062213961,0.8067780888304694,0.09760486076169199,0.5334840383219855,1.0,81,1.0781340564538626,1.0756367145839782,0.28601625896325994,0.5,1.8009480701978726,81,10.356022255460909,9.861823855163987,3.5089527990850717,4.976835628388937,23.68041900836123,81,12.773327582891476,12.773327582891476,0.0,12.773327582891476,12.773327582891476,81,cases/granite_sparse_unfavorable.yaml,granite_sparse_unfavorable,uncertain,sparse,unfavorable,high
granite_sparse_unfavorable,49,40,40.5,11.761558331074852,11.203795043915413,13.906412820658726,13.906412820658726,11.03230636461831,13.0,0.9379969944518486,-0.7292519664565411,-0.027798553193503217,0.934820515373152,-0.9064128206587263,20,100.0,100.0,100.0,100.0,100.0,0.0,0,100.0,0.1,99.99503320866597,1,0.3,P32_derived_Jv_proxy,100.0,100.0,0.0,0.0,0.0,0.0,0.0,0.0,0.0,0.0,20,0,0,20,1.0,0.0,78.53981633974483,7.0,0.25464790894703254,0.0,0.0,0.0,0.25464790894703254,0.8912591669509679,0.0,0.8912591669509679,1,1,1,1,1,1,100.0,100.0,0.0,100.0,100.0,81,4.0,4.0,0.0,4.0,4.0,81,1.3660378270794713,1.3660378270794713,0.296437620322715,0.8428480472369844,2.0296413544691965,81,2.4557695875570236,2.4557695875570236,0.524762987009621,1.533716269807471,3.722701690759422,81,0.8078007719868309,0.8038118371455693,0.10780495577246738,0.43378714797851214,1.0,81,1.0281099087018273,1.0352591536118272,0.2803522715671556,0.5588251103462913,1.7410191032665125,81,11.761558331074852,11.203795043915413,3.6364854786345924,5.586724429106243,21.310665985526192,81,13.906412820658726,13.906412820658726,0.0,13.906412820658726,13.906412820658726,81,cases/granite_sparse_unfavorable.yaml,granite_sparse_unfavorable,uncertain,sparse,unfavorable,high
granite_sparse_unfavorable,49,50,50.5,11.356200773848066,10.65227251488196,13.215653852073347,13.215653852073348,11.32687216416131,13.0,0.9974173924650667,-0.02932860968675577,-0.0011230630419107879,0.9836819385187276,-0.21565385207334664,22,99.99999999999997,99.99999999999997,99.99999999999997,100.0,100.0,0.0,0,99.99999999999997,0.3,99.95588995549635,3,0.3,P32_derived_Jv_proxy,100.0,99.99999999999997,2.842170943040401e-14,2.842170943040401e-14,0.0,0.0,2.842170943040401e-14,2.842170943040401e-14,0.0,0.0,22,0,0,22,1.0,0.0,78.53981633974483,7.0,0.2801126998417358,0.0,0.0,0.0,0.2801126998417358,0.8946533914397854,0.0,0.8946533914397854,1,1,1,1,1,1,99.99999999999997,99.99999999999997,0.0,99.99999999999997,99.99999999999997,81,4.0,4.0,0.0,4.0,4.0,81,1.1930845905214704,1.1930845905214704,0.3220261305662947,0.5,1.6793902149028006,81,2.2569533900403496,2.2569533900403496,0.4156704231217271,1.4938973337344368,2.902958286438819,81,0.798102691007179,0.8116350744354175,0.0959528741109582,0.5233562620188199,1.0,81,1.0140491393403188,0.9883664598149039,0.27999222552958714,0.5,1.6671270713542141,81,11.356200773848066,10.65227251488196,3.8196390549409953,5.395392984700718,22.155613221492505,81,13.215653852073347,13.215653852073348,1.7763568394002505e-15,13.215653852073348,13.215653852073348,81,cases/granite_sparse_unfavorable.yaml,granite_sparse_unfavorable,uncertain,sparse,unfavorable,high
granite_sparse_unfavorable,49,60,60.5,11.62048520389451,10.546251014086018,13.089732922218555,13.089732922218552,10.332458091473745,13.0,0.8891589215234237,-1.2880271124207656,-0.05102060958955246,0.9931447858598977,-0.08973292221855544,14,100.0,100.0,100.0,100.0,100.0,0.0,0,100.0,0.1,99.99503320866597,1,0.3,P32_derived_Jv_proxy,100.0,100.0,0.0,0.0,0.0,0.0,0.0,0.0,0.0,0.0,14,0,0,14,1.0,0.0,78.53981633974483,7.0,0.17825353626292278,0.0,0.0,0.0,0.17825353626292278,0.8810699655242195,0.0,0.8810699655242195,1,1,1,1,1,1,100.0,100.0,0.0,100.0,100.0,81,4.0,4.0,0.0,4.0,4.0,81,1.3323813242141067,1.3323813242141067,0.21939770196150202,0.9964911884136496,1.7528710256119007,81,2.54470685561605,2.54470685561605,0.4715482345374448,1.6080878617907717,3.307246010138472,81,0.8158225379379701,0.8253953465711736,0.09598350343512235,0.5449674353041102,1.0,81,1.0148003335866194,1.0321918656560003,0.2930315213963172,0.5,1.690232887708877,81,11.62048520389451,10.546251014086018,4.346427543407726,5.488550190927067,25.0424144792521,81,13.089732922218555,13.089732922218552,3.552713678800501e-15,13.089732922218552,13.089732922218552,81,cases/granite_sparse_unfavorable.yaml,granite_sparse_unfavorable,uncertain,sparse,unfavorable,high
granite_sparse_unfavorable,49,70,70.5,12.038122985286403,11.26185197959753,13.166153661796447,13.166153661796448,13.091608100805123,13.0,1.0875124067768989,1.0534851155187201,0.03643422026024723,0.9873802428511399,-0.16615366179644653,20,100.0,100.0,100.0,100.0,100.0,0.0,0,100.0,0.0,100.0,0,0.3,P32_derived_Jv_proxy,100.0,100.0,0.0,0.0,0.0,0.0,0.0,0.0,0.0,0.0,20,0,0,20,1.0,0.0,78.53981633974483,7.0,0.25464790894703254,0.0,0.0,0.0,0.25464790894703254,0.8900419316388188,0.0,0.8900419316388188,1,1,1,1,1,1,100.0,100.0,0.0,100.0,100.0,81,4.0,4.0,0.0,4.0,4.0,81,1.3053343921958656,1.3053343921958656,0.2357568496562711,0.7862279356276526,1.6379825459955462,81,2.4785795945544207,2.4785795945544207,0.5178609503216396,1.468158002086637,3.571624611678682,81,0.8047353331915218,0.8013749957062574,0.09427592358966462,0.5571607811470304,1.0,81,0.9530808022619482,0.9240469948446344,0.259513988253164,0.5,1.5148708932821469,81,12.038122985286403,11.26185197959753,3.909929655069552,6.076542287091007,23.497293088610604,81,13.166153661796447,13.166153661796448,1.7763568394002505e-15,13.166153661796448,13.166153661796448,81,cases/granite_sparse_unfavorable.yaml,granite_sparse_unfavorable,uncertain,sparse,unfavorable,high
granite_sparse_unfavorable,49,80,80.5,10.853183133720261,10.000177641482649,12.768050171699983,12.768050171699985,10.734863158961499,13.0,0.9890981315526549,-0.11831997475876221,-0.004760618536677086,1.0181664251926366,0.2319498283000172,18,100.0,100.0,100.0,100.0,100.0,0.0,0,100.0,0.2,99.98026467728904,2,0.3,P32_derived_Jv_proxy,100.0,100.0,0.0,0.0,0.0,0.0,0.0,0.0,0.0,0.0,18,0,0,18,1.0,0.0,78.53981633974483,7.0,0.22918311805232927,0.0,0.0,0.0,0.22918311805232927,0.8982542757240176,0.0,0.8982542757240176,1,1,1,1,1,1,100.0,100.0,0.0,100.0,100.0,81,4.0,4.0,0.0,4.0,4.0,81,1.305853138430294,1.305853138430294,0.3088464570950605,0.7119302764070174,1.806108393451957,81,2.5568765803503024,2.5568765803503024,0.6323199374247415,1.4091151006364433,3.7767443147043993,81,0.7936181600077753,0.7955307687519819,0.1017476596307102,0.5886710297266916,1.0,81,1.0098610894183522,1.0249860229469183,0.2660035296284057,0.5,1.6155016396162434,81,10.853183133720261,10.000177641482649,3.601371126999627,5.700037253802216,23.68678960590152,81,12.768050171699983,12.768050171699985,1.7763568394002505e-15,12.768050171699985,12.768050171699985,81,cases/granite_sparse_unfavorable.yaml,granite_sparse_unfavorable,uncertain,sparse,unfavorable,high
granite_sparse_unfavorable,50,10,10.5,11.751308576606169,10.511579128996697,13.639469564604413,13.639469564604411,8.681242296861049,13.0,0.7387468587237312,-3.07006627974512,-0.13150435280016382,0.9531162438850341,-0.6394695646044131,19,100.0,100.0,100.0,100.0,100.0,0.0,0,100.0,0.1,99.99503320866597,1,0.3,P32_derived_Jv_proxy,100.0,100.0,0.0,0.0,0.0,0.0,0.0,0.0,0.0,0.0,19,0,0,19,1.0,0.0,78.53981633974483,7.0,0.2419155134996809,0.0,0.0,0.0,0.2419155134996809,0.8991473733667945,0.0,0.8991473733667945,0,1,1,1,1,1,100.0,100.0,0.0,100.0,100.0,81,4.0,4.0,0.0,4.0,4.0,81,1.2536414044393263,1.2536414044393263,0.2956583430201905,0.8534119486628954,1.8789614234688643,81,2.297819204957634,2.297819204957634,0.3741383297201416,1.7350575699402984,3.44888047402127,81,0.7955343864600936,0.7809868200684269,0.09177243480029444,0.5537817811934956,0.9840822758677985,81,1.0213685082062083,1.0395604635837303,0.330128132818617,0.5,1.8644055566427016,81,11.751308576606169,10.511579128996697,3.919590192174186,5.9571539714451305,22.303560563123252,81,13.639469564604413,13.639469564604411,1.7763568394002505e-15,13.639469564604411,13.639469564604411,81,cases/granite_sparse_unfavorable.yaml,granite_sparse_unfavorable,uncertain,sparse,unfavorable,high
granite_sparse_unfavorable,50,20,20.5,12.451022663351914,12.341775497777585,14.362283845718967,14.362283845718967,10.484741183329197,13.0,0.8420787164888688,-1.966281480022717,-0.07464730928555063,0.9051485223135296,-1.3622838457189665,23,99.9059292007462,99.9059292007462,99.9059292007462,100.0,100.0,0.0,0,99.9059292007462,0.1,99.99503320866597,1,0.3,P32_derived_Jv_proxy,100.0,99.9059292007462,0.09407079925379946,0.09407079925379946,0.0,0.0,0.09407079925379946,0.09407079925379946,0.0,0.0,23,0,0,23,1.0,0.0,78.53981633974483,7.0,0.2928450952890874,0.0,0.0,0.0,0.2928450952890874,0.8966271348165522,0.0,0.8966271348165522,1,1,1,1,1,1,99.9059292007462,99.9059292007462,0.0,99.9059292007462,99.9059292007462,81,4.0,4.0,0.0,4.0,4.0,81,1.3543386576952674,1.3543386576952674,0.302906740263199,0.8783288730023615,1.997187647020506,81,2.3552393112232717,2.3552393112232717,0.3327322585224594,1.6164179149271494,3.242691890887847,81,0.7933618928165986,0.7918102767390782,0.11005258019205046,0.5248795410418331,1.0,81,0.9900331527042265,0.9735808827074941,0.2853629792595352,0.5,1.8140894592506938,81,12.451022663351914,12.341775497777585,3.8154156320750023,6.043981235085984,23.009672762453768,81,14.362283845718967,14.362283845718967,0.0,14.362283845718967,14.362283845718967,81,cases/granite_sparse_unfavorable.yaml,granite_sparse_unfavorable,uncertain,sparse,unfavorable,high
granite_sparse_unfavorable,50,30,30.5,10.878792887766439,10.159249779754981,12.767473621766163,12.767473621766165,9.806125213752292,13.0,0.9013982814931244,-1.0726676740141468,-0.045083274242370686,1.0182124032617872,0.23252637823383715,19,100.0,100.0,100.0,100.0,100.0,0.0,0,100.0,0.1,99.99503320866597,1,0.3,P32_derived_Jv_proxy,100.0,100.0,0.0,0.0,0.0,0.0,0.0,0.0,0.0,0.0,19,0,0,19,1.0,0.0,78.53981633974483,7.0,0.2419155134996809,0.0,0.0,0.0,0.2419155134996809,0.9099881608413823,0.0,0.9099881608413823,1,1,1,1,1,1,100.0,100.0,0.0,100.0,100.0,81,4.0,4.0,0.0,4.0,4.0,81,1.260286227984973,1.260286227984973,0.2719344933109218,0.7468911839884558,1.6745452545597883,81,2.4677674403736765,2.4677674403736765,0.5263428993281406,1.6085394355323794,3.3915904711402094,81,0.7872961158187808,0.7972223219889195,0.10384230147324675,0.5615071323303882,1.0,81,1.0167259208804145,1.018968127164253,0.2896808416069519,0.5,1.9387880917179439,81,10.878792887766439,10.159249779754981,4.151572547189119,4.9101813855213505,24.37349693224145,81,12.767473621766163,12.767473621766165,1.7763568394002505e-15,12.767473621766165,12.767473621766165,81,cases/granite_sparse_unfavorable.yaml,granite_sparse_unfavorable,uncertain,sparse,unfavorable,high
granite_sparse_unfavorable,50,40,40.5,10.940090756578385,9.867290702477309,13.413352018866352,13.41335201886635,12.897828553702594,13.0,1.1789507820990426,1.9577377971242083,0.07149567489240449,0.9691835405285004,-0.41335201886635176,24,100.0,100.0,100.0,100.0,100.0,0.0,0,100.0,0.3,99.95588995549635,3,0.3,P32_derived_Jv_proxy,100.0,100.0,0.0,0.0,0.0,0.0,0.0,0.0,0.0,0.0,24,0,0,24,1.0,0.0,78.53981633974483,7.0,0.30557749073643903,0.0,0.0,0.0,0.30557749073643903,0.9159866002538971,0.0,0.9159866002538971,1,1,1,1,1,1,100.0,100.0,0.0,100.0,100.0,81,4.0,4.0,0.0,4.0,4.0,81,1.3516779760349822,1.3516779760349822,0.33520491325926394,0.74640175783575,2.1737940717888162,81,2.5192770124384265,2.5192770124384265,0.590210652441045,0.9791846720780464,3.6882535781560373,81,0.7892632851811698,0.7904588545357104,0.09678555341746373,0.5450880953344516,1.0,81,1.0582551932642357,1.0546872355950234,0.3003887592593481,0.5,1.8401142922808147,81,10.940090756578385,9.867290702477309,3.749358974068282,4.993184640539881,22.45672313747689,81,13.413352018866352,13.41335201886635,1.7763568394002505e-15,13.41335201886635,13.41335201886635,81,cases/granite_sparse_unfavorable.yaml,granite_sparse_unfavorable,uncertain,sparse,unfavorable,high
granite_sparse_unfavorable,50,50,50.5,10.539756069759388,9.528903494648821,12.81301796853762,12.813017968537618,10.260603431462258,13.0,0.9735143169870816,-0.27915263829713055,-0.01165765714573097,1.0145931295750552,0.1869820314623798,23,100.0,100.0,100.0,100.0,100.0,0.0,0,100.0,0.1,99.99503320866597,1,0.3,P32_derived_Jv_proxy,100.0,100.0,0.0,0.0,0.0,0.0,0.0,0.0,0.0,0.0,23,0,0,23,1.0,0.0,78.53981633974483,7.0,0.2928450952890874,0.0,0.0,0.0,0.2928450952890874,0.9057697458828111,0.0,0.9057697458828111,1,1,1,1,1,1,100.0,100.0,0.0,100.0,100.0,81,4.0,4.0,0.0,4.0,4.0,81,1.2992022395991358,1.2992022395991358,0.22754322275064975,0.8633255148721956,1.8097626951646808,81,2.534926281203477,2.534926281203477,0.49527405247782963,1.8204886724057157,3.7082857986316236,81,0.7893542837799735,0.7914503017375882,0.09093508364992649,0.5214981345946683,1.0,81,1.0636705114418306,1.0421842854706984,0.3342966007719294,0.5,1.9263354491396614,81,10.539756069759388,9.528903494648821,3.8118199051217165,4.590358558927638,22.744284287578687,81,12.81301796853762,12.813017968537618,1.7763568394002505e-15,12.813017968537618,12.813017968537618,81,cases/granite_sparse_unfavorable.yaml,granite_sparse_unfavorable,uncertain,sparse,unfavorable,high
granite_sparse_unfavorable,50,60,60.5,10.885716622683937,10.40706472405793,13.654822017996619,13.65482201799662,12.438865140617876,13.0,1.1426776547441488,1.5531485179339395,0.057923734761200274,0.952044631769379,-0.6548220179966187,20,100.0,100.0,100.0,100.0,100.0,0.0,0,100.0,0.1,99.99503320866597,1,0.3,P32_derived_Jv_proxy,100.0,100.0,0.0,0.0,0.0,0.0,0.0,0.0,0.0,0.0,20,0,0,20,1.0,0.0,78.53981633974483,7.0,0.25464790894703254,0.0,0.0,0.0,0.25464790894703254,0.9090024306482529,0.0,0.9090024306482529,1,1,1,1,1,1,100.0,100.0,0.0,100.0,100.0,81,4.0,4.0,0.0,4.0,4.0,81,1.396399815775517,1.396399815775517,0.3241376698585288,0.8710741421347437,2.077097087924979,81,2.556605670024674,2.556605670024674,0.5037842958561077,1.2798172914240273,3.4767329528883026,81,0.7874601381764889,0.7843495387742621,0.09695425210959312,0.5481788268996802,1.0,81,1.055896049145417,1.0567827711880764,0.262994875293279,0.5,1.7275956147172196,81,10.885716622683937,10.40706472405793,3.278395037126208,6.226483716249653,20.805991316280707,81,13.654822017996619,13.65482201799662,1.7763568394002505e-15,13.65482201799662,13.65482201799662,81,cases/granite_sparse_unfavorable.yaml,granite_sparse_unfavorable,uncertain,sparse,unfavorable,high
granite_sparse_unfavorable,50,70,70.5,10.901980383153846,10.69838167233849,12.786102331347141,12.786102331347141,13.804122740569797,13.592518756049653,1.26620322688348,2.9021423574159506,0.10250341597419288,1.06306976151172,0.8064164247025118,23,100.0,100.0,100.0,100.0,99.93315942627937,0.14285714285714285,1,100.0,0.3,99.95588995549635,3,0.3,P32_derived_Jv_proxy,100.0,100.0,0.0,-0.06684057372062568,0.0,-0.06684057372062568,0.0,0.06684057372062568,0.0,0.06684057372062568,23,1,0,23,1.0,0.0,78.53981633974483,7.0,0.2928450952890874,0.14285714285714285,0.14285714285714285,0.0,0.2928450952890874,0.8764794818057808,0.8909699045501962,-0.014490422744415365,0,1,1,1,1,1,100.0,100.0,0.0,100.0,100.0,81,4.0,4.0,0.0,4.0,4.0,81,1.3199916958291509,1.3199916958291509,0.24958541748048885,0.8746276558600324,1.804169287601412,81,2.580911018897807,2.580911018897807,0.4184099564444832,1.9533774149571583,3.3180645169277767,81,0.7906703835997104,0.8031802299317032,0.09232205502845092,0.5855439423010901,1.0,81,1.005069477355901,1.0085529256467987,0.28649813452047623,0.5,1.766908609332754,81,10.901980383153846,10.69838167233849,3.3050027387174903,4.892200711648843,19.015676754113702,81,12.786102331347141,12.786102331347141,0.0,12.786102331347141,12.786102331347141,81,cases/granite_sparse_unfavorable.yaml,granite_sparse_unfavorable,uncertain,sparse,unfavorable,high
granite_sparse_unfavorable,50,80,80.5,13.33745245622882,12.291313336936321,15.204248506677333,15.204248506677335,10.767634372706281,13.0,0.8073231682020062,-2.5698180835225397,-0.09295258414743812,0.855024172637715,-2.2042485066773327,17,100.0,100.0,100.0,100.0,100.0,0.0,0,100.0,0.4,99.92210167184162,4,0.3,P32_derived_Jv_proxy,100.0,100.0,0.0,0.0,0.0,0.0,0.0,0.0,0.0,0.0,17,0,0,17,1.0,0.0,78.53981633974483,7.0,0.21645072260497766,0.0,0.0,0.0,0.21645072260497766,0.9448429552555757,0.0,0.9448429552555757,1,1,1,1,1,1,100.0,100.0,0.0,100.0,100.0,81,4.0,4.0,0.0,4.0,4.0,81,1.4068706969838671,1.4068706969838671,0.36503929375183974,0.7142210468392197,1.925960701705631,81,2.313285487878608,2.313285487878608,0.46999437775268293,1.5706067184075403,3.2008069702808104,81,0.7938390319979844,0.7991128798108118,0.10819846485450738,0.5738170559431729,1.0,81,1.0118141904934224,1.0057213680815007,0.3164670787012683,0.5,1.8821514771085883,81,13.33745245622882,12.291313336936321,5.203618685991067,5.846219559727273,28.4284040148404,81,15.204248506677333,15.204248506677335,1.7763568394002505e-15,15.204248506677335,15.204248506677335,81,cases/granite_sparse_unfavorable.yaml,granite_sparse_unfavorable,uncertain,sparse,unfavorable,high
granite_sparse_unfavorable,51,10,10.5,11.282605226127767,10.304967453878533,12.274498455209853,12.274498455209853,16.630687802189502,13.0,1.4740113182083938,5.348082576061735,0.1685008182696941,1.0591064105338015,0.7255015447901467,12,100.0,100.0,100.0,100.0,100.0,0.0,0,100.0,0.2,99.98026467728904,2,0.3,P32_derived_Jv_proxy,100.0,100.0,0.0,0.0,0.0,0.0,0.0,0.0,0.0,0.0,12,0,0,12,1.0,0.0,78.53981633974483,7.0,0.15278874536821951,0.0,0.0,0.0,0.15278874536821951,0.8951673582141876,0.0,0.8951673582141876,0,1,1,1,1,1,100.0,100.0,0.0,100.0,100.0,81,4.0,4.0,0.0,4.0,4.0,81,1.2477049481106244,1.2477049481106244,0.23135600534908768,0.8969566790642545,1.649345477111341,81,2.541254440382128,2.541254440382128,0.335563157296282,1.9932097414538144,3.316275496884162,81,0.8069341623113596,0.8050898115906931,0.09220232731602251,0.5303740571999812,1.0,81,0.9772009866085334,0.9338746072220193,0.3038260494765155,0.5,1.6612061864765497,81,11.282605226127767,10.304967453878533,4.186477449672886,5.717494331756901,23.989956616180375,81,12.274498455209853,12.274498455209853,0.0,12.274498455209853,12.274498455209853,81,cases/granite_sparse_unfavorable.yaml,granite_sparse_unfavorable,uncertain,sparse,unfavorable,high
granite_sparse_unfavorable,51,20,20.5,11.831957147580201,10.486813637018757,12.905021821449285,12.905021821449289,13.793181002989533,13.0,1.165756504266112,1.9612238554093313,0.06660784725241498,1.0073597844207325,0.09497817855071489,20,100.0,100.0,100.0,100.0,100.0,0.0,0,100.0,0.1,99.99503320866597,1,0.3,P32_derived_Jv_proxy,100.0,100.0,0.0,0.0,0.0,0.0,0.0,0.0,0.0,0.0,20,0,0,20,1.0,0.0,78.53981633974483,7.0,0.25464790894703254,0.0,0.0,0.0,0.25464790894703254,0.8892699835582276,0.0,0.8892699835582276,1,1,1,1,1,1,100.0,100.0,0.0,100.0,100.0,81,4.0,4.0,0.0,4.0,4.0,81,1.3242385587677652,1.3242385587677652,0.24253274414209103,0.9768649535980871,1.827267873817073,81,2.5653551328498403,2.5653551328498403,0.3366733451544286,1.6499091394968535,3.154614803834056,81,0.815941136305098,0.8072649511295511,0.10039738939437683,0.5145903613530548,1.0,81,0.9912417643209227,1.0167203311381006,0.29466277594248785,0.5,1.670831042112046,81,11.831957147580201,10.486813637018757,4.477225332558844,4.396246853419514,25.810043642898577,81,12.905021821449285,12.905021821449289,3.552713678800501e-15,12.905021821449289,12.905021821449289,81,cases/granite_sparse_unfavorable.yaml,granite_sparse_unfavorable,uncertain,sparse,unfavorable,high
granite_sparse_unfavorable,51,30,30.5,10.451085518917383,9.986239277197637,12.678876120209267,12.678876120209265,11.852610234346555,13.0,1.1341032673488596,1.4015247154291721,0.05465260164493002,1.025327471989326,0.32112387979073276,13,100.0,100.0,100.0,100.0,100.0,0.0,0,100.0,0.0,100.0,0,0.3,P32_derived_Jv_proxy,100.0,100.0,0.0,0.0,0.0,0.0,0.0,0.0,0.0,0.0,13,0,0,13,1.0,0.0,78.53981633974483,7.0,0.16552114081557115,0.0,0.0,0.0,0.16552114081557115,0.9095605953958347,0.0,0.9095605953958347,1,1,1,1,1,1,100.0,100.0,0.0,100.0,100.0,81,4.0,4.0,0.0,4.0,4.0,81,1.17066527004264,1.17066527004264,0.2885052042586281,0.5231925855919038,1.7837931150526674,81,2.308298580535619,2.308298580535619,0.5752351717298385,1.3090098372844197,3.240902632075567,81,0.7858091298014285,0.7845142905262456,0.08985074709213502,0.5715791235736324,1.0,81,1.0310814505311707,1.0169442276015848,0.2911337577769954,0.5,1.9044562340043607,81,10.451085518917383,9.986239277197637,3.130036435866027,4.544131379051206,19.1509563545594,81,12.678876120209267,12.678876120209265,1.7763568394002505e-15,12.678876120209265,12.678876120209265,81,cases/granite_sparse_unfavorable.yaml,granite_sparse_unfavorable,uncertain,sparse,unfavorable,high
granite_sparse_unfavorable,51,40,40.5,10.869845676159887,9.685421170447972,12.998959152294457,12.998959152294459,14.670722735713081,13.0,1.349671667178257,3.800877059553194,0.1302281311057285,1.0000800716190694,0.0010408477055428023,17,100.0,100.0,100.0,100.0,100.0,0.0,0,100.0,0.3,99.95588995549635,3,0.3,P32_derived_Jv_proxy,100.0,100.0,0.0,0.0,0.0,0.0,0.0,0.0,0.0,0.0,17,0,0,17,1.0,0.0,78.53981633974483,7.0,0.21645072260497766,0.0,0.0,0.0,0.21645072260497766,0.8997845044193826,0.0,0.8997845044193826,0,1,1,1,1,1,100.0,100.0,0.0,100.0,100.0,81,4.0,4.0,0.0,4.0,4.0,81,1.3069751154844043,1.3069751154844043,0.22575750493881655,0.8259041580613949,1.720592770258155,81,2.5136149367268934,2.5136149367268934,0.45690822681384374,1.6136661593163746,3.541790113236475,81,0.807218682264119,0.789772509678702,0.10283430440142691,0.5538072656124634,1.0,81,1.0463773473319053,1.0966182589559417,0.2587405606464073,0.5,1.6718416434034427,81,10.869845676159887,9.685421170447972,3.897405313236173,5.351882462102496,23.931617861588272,81,12.998959152294457,12.998959152294459,1.7763568394002505e-15,12.998959152294459,12.998959152294459,81,cases/granite_sparse_unfavorable.yaml,granite_sparse_unfavorable,uncertain,sparse,unfavorable,high
granite_sparse_unfavorable,51,50,50.5,10.619685760013292,9.975202832544149,12.7556080405906,12.7556080405906,8.204813769931176,13.0,0.7726041952036918,-2.4148719900821156,-0.11204293798660714,1.0191595695502482,0.24439195940940017,26,100.0,100.0,100.0,100.0,100.0,0.0,0,100.0,0.2,99.98026467728904,2,0.3,P32_derived_Jv_proxy,100.0,100.0,0.0,0.0,0.0,0.0,0.0,0.0,0.0,0.0,26,0,0,26,1.0,0.0,78.53981633974483,7.0,0.3310422816311423,0.0,0.0,0.0,0.3310422816311423,0.8935284610689116,0.0,0.8935284610689116,0,1,1,1,1,1,100.0,100.0,0.0,100.0,100.0,81,4.0,4.0,0.0,4.0,4.0,81,1.298834221427981,1.298834221427981,0.28366149184794365,0.7862776078066431,1.7936500110721867,81,2.545614088514756,2.545614088514756,0.4538681507082953,1.869556938729179,3.59813886316053,81,0.7970853688359029,0.7941504334039503,0.09886732986393418,0.536069052069871,1.0,81,1.0434167522196485,1.0320528664875812,0.29676652321174823,0.5,1.9662893953373841,81,10.619685760013292,9.975202832544149,3.4769380101999237,4.844565086807333,21.766349629726466,81,12.7556080405906,12.7556080405906,0.0,12.7556080405906,12.7556080405906,81,cases/granite_sparse_unfavorable.yaml,granite_sparse_unfavorable,uncertain,sparse,unfavorable,high
granite_sparse_unfavorable,51,60,60.5,11.46129493756488,10.894633617401185,13.49816924329782,13.498169243297822,17.607273854058683,13.0,1.5362377418933786,6.145978916493803,0.18645843054101752,0.9630935696301798,-0.49816924329782,26,100.0,100.0,100.0,100.0,100.0,0.0,0,100.0,0.3,99.95588995549635,3,0.3,P32_derived_Jv_proxy,100.0,100.0,0.0,0.0,0.0,0.0,0.0,0.0,0.0,0.0,26,0,0,26,1.0,0.0,78.53981633974483,7.0,0.3310422816311423,0.0,0.0,0.0,0.3310422816311423,0.9306044933421369,0.0,0.9306044933421369,0,0,1,1,1,1,100.0,100.0,0.0,100.0,100.0,81,4.0,4.0,0.0,4.0,4.0,81,1.323601129265359,1.323601129265359,0.25224236493246427,0.9103015567721926,1.8393962711937506,81,2.4514456468282915,2.4514456468282915,0.5538709768004015,1.2837076940758376,3.4407169577729615,81,0.8131424001623218,0.818556709405455,0.09702222170858028,0.5086314498032902,1.0,81,1.0559840633695008,1.0668078586324339,0.31574060399209253,0.5,1.689659858254578,81,11.46129493756488,10.894633617401185,4.024722201552571,5.471308775118278,23.689161091913313,81,13.49816924329782,13.498169243297822,1.7763568394002505e-15,13.498169243297822,13.498169243297822,81,cases/granite_sparse_unfavorable.yaml,granite_sparse_unfavorable,uncertain,sparse,unfavorable,high
granite_sparse_unfavorable,51,70,70.5,10.40110396695792,9.04542103000031,11.41414329059475,11.414143290594746,10.815822601117421,13.0,1.0398725592472657,0.4147186341595006,0.016980117945861073,1.1389378658591045,1.5858567094052507,18,99.89331051940225,99.89331051940225,99.89331051940225,100.0,100.0,0.0,0,99.89331051940225,0.3,99.95588995549635,3,0.3,P32_derived_Jv_proxy,100.0,99.89331051940225,0.10668948059775119,0.10668948059775119,0.0,0.0,0.10668948059775119,0.10668948059775119,0.0,0.0,18,0,0,18,1.0,0.0,78.53981633974483,7.0,0.22918311805232927,0.0,0.0,0.0,0.22918311805232927,0.9095886970685717,0.0,0.9095886970685717,1,1,1,1,1,1,99.89331051940225,99.89331051940225,0.0,99.89331051940225,99.89331051940225,81,4.0,4.0,0.0,4.0,4.0,81,1.231437256689105,1.231437256689105,0.2356508406139639,0.8721024033383656,1.6658899995332488,81,2.69429647797062,2.69429647797062,0.43183017088637843,1.7102164106309268,3.1482849980622305,81,0.8023404130066586,0.8042982252052315,0.0945332022242995,0.5760668787595602,1.0,81,0.9797225629969077,0.9885438605895746,0.2973216732079027,0.5,1.7695815526314984,81,10.40110396695792,9.04542103000031,3.8447530339946123,5.062119686690163,21.85344454848564,81,11.41414329059475,11.414143290594746,3.552713678800501e-15,11.414143290594746,11.414143290594746,81,cases/granite_sparse_unfavorable.yaml,granite_sparse_unfavorable,uncertain,sparse,unfavorable,high
granite_sparse_unfavorable,51,80,80.5,12.2742379196809,11.650352714890866,13.881278628119471,13.881278628119473,11.808719413956073,13.0,0.9620735308561683,-0.4655185057248268,-0.016791733757717253,0.9365131518695796,-0.8812786281194711,19,100.0,100.0,100.0,100.0,100.0,0.0,0,100.0,0.1,99.99503320866597,1,0.3,P32_derived_Jv_proxy,100.0,100.0,0.0,0.0,0.0,0.0,0.0,0.0,0.0,0.0,19,0,0,19,1.0,0.0,78.53981633974483,7.0,0.2419155134996809,0.0,0.0,0.0,0.2419155134996809,0.8852835429489091,0.0,0.8852835429489091,1,1,1,1,1,1,100.0,100.0,0.0,100.0,100.0,81,4.0,4.0,0.0,4.0,4.0,81,1.2924648974114292,1.2924648974114292,0.3292168088788612,0.6668725903987897,1.8631946875711378,81,2.3277122591453274,2.3277122591453274,0.35376996398799787,1.7236099352637653,3.178352520977229,81,0.805383436447178,0.8076600411866947,0.1002509035550152,0.5610539298096725,1.0,81,0.9952001961939748,0.9894195621814642,0.28467629427346325,0.5,1.7737852241566043,81,12.2742379196809,11.650352714890866,4.145302813261524,5.314246784008988,25.951396126391504,81,13.881278628119471,13.881278628119473,1.7763568394002505e-15,13.881278628119473,13.881278628119473,81,cases/granite_sparse_unfavorable.yaml,granite_sparse_unfavorable,uncertain,sparse,unfavorable,high
granite_sparse_favorable,42,10,10.5,11.192707461309006,10.39372045162861,12.93642503523138,12.93642503523138,11.116478126476888,12.175037059690139,0.9931893748589761,-0.07622933483211725,-0.0029679351754663408,0.9411438652125561,-0.7613879755412416,17,100.0,100.0,100.0,100.0,99.79947827883811,0.42857142857142855,3,100.0,0.0,100.0,0,0.3,P32_derived_Jv_proxy,100.0,100.0,0.0,-0.20052172116189126,0.0,-0.20052172116189126,0.0,0.20052172116189126,0.0,0.20052172116189126,17,3,1,16,0.9411764705882353,0.058823529411764705,78.53981633974483,7.0,0.21645072260497766,0.42857142857142855,0.42857142857142855,0.012732395447351627,0.20371832715762603,0.03941918004918632,0.010749440712775171,0.02866973933641115,1,1,1,1,1,1,100.0,100.0,0.0,100.0,100.0,81,4.0,4.0,0.0,4.0,4.0,81,1.2163338996041175,1.2163338996041175,0.40688916881244924,0.5,2.1431680824760613,81,2.3505989798022324,2.3505989798022324,0.44482615092881006,1.6067067558819117,3.1571351743245835,81,0.8058327165278021,0.8181410398520713,0.09698859505082212,0.5852422834053733,1.0,81,1.0105751285485172,1.0472893591873296,0.2692197399597699,0.5,1.590837079968735,81,11.192707461309006,10.39372045162861,3.7501883777449265,5.719261230706771,25.6902756052886,81,12.93642503523138,12.93642503523138,0.0,12.93642503523138,12.93642503523138,81,cases/granite_sparse_favorable.yaml,granite_sparse_favorable,uncertain,sparse,favorable,high
granite_sparse_favorable,42,20,20.5,11.99457793322653,10.559627194505753,13.774124573000622,13.774124573000627,13.271646072005899,13.0,1.1064704523901359,1.2770681387793683,0.043939820852290534,0.9437986371549141,-0.7741245730006217,22,100.0,100.0,100.0,100.0,100.0,0.0,0,100.0,0.0,100.0,0,0.3,P32_derived_Jv_proxy,100.0,100.0,0.0,0.0,0.0,0.0,0.0,0.0,0.0,0.0,22,0,0,22,1.0,0.0,78.53981633974483,7.0,0.2801126998417358,0.0,0.0,0.0,0.2801126998417358,0.03473293418214396,0.0,0.03473293418214396,1,1,1,1,1,1,100.0,100.0,0.0,100.0,100.0,81,4.0,4.0,0.0,4.0,4.0,81,1.3297286031620212,1.3297286031620212,0.21724900912424036,0.9423555307138837,1.9061063645042224,81,2.413453929711967,2.413453929711967,0.3599973105660291,1.822341718301296,3.2627344290113918,81,0.798630632879434,0.8018718996317244,0.08741301252741472,0.5433440278598597,1.0,81,1.0092073471858596,0.9800795884711129,0.29175180259474975,0.5,1.818773120744136,81,11.99457793322653,10.559627194505753,4.380114612614839,6.049621373934079,26.328401656385306,81,13.774124573000622,13.774124573000627,5.329070518200751e-15,13.774124573000627,13.774124573000627,81,cases/granite_sparse_favorable.yaml,granite_sparse_favorable,uncertain,sparse,favorable,high
granite_sparse_favorable,42,30,30.5,11.52940432198589,10.435949041219155,13.6012266780474,13.601226678047398,10.847175240118313,13.317962573887042,0.940827031231214,-0.6822290818675771,-0.02649021322169154,0.9791736355208644,-0.28326410416035763,26,100.0,100.0,100.0,99.61743926337165,99.79947827883811,0.42857142857142855,3,100.0,0.1,99.99503320866597,1,0.3,P32_derived_Jv_proxy,100.0,100.0,-0.3825607366283492,-0.20052172116189126,-0.3825607366283492,-0.20052172116189126,0.3825607366283492,0.20052172116189126,0.3825607366283492,0.20052172116189126,26,3,1,25,0.9615384615384616,0.038461538461538464,78.53981633974483,7.0,0.3310422816311423,0.42857142857142855,0.42857142857142855,0.012732395447351627,0.3183098861837907,0.028233317515427903,0.020941675159258488,0.007291642356169414,1,1,1,1,1,1,100.0,100.0,0.0,100.0,100.0,81,4.0,4.0,0.0,4.0,4.0,81,1.3368719574943513,1.3368719574943513,0.3337594509061242,0.6044587480061416,1.9086912216267131,81,2.457263578387537,2.457263578387537,0.37271863475174405,1.6882317879565356,3.1757915699393022,81,0.7859828510482846,0.7902061459452242,0.09814277936060319,0.41211259942630074,1.0,81,0.9982078557519091,1.0207631939712856,0.25956750463695677,0.5,1.4964035952855428,81,11.52940432198589,10.435949041219155,3.518159113837772,6.1495620432738765,20.621783776833613,81,13.6012266780474,13.601226678047398,1.7763568394002505e-15,13.601226678047398,13.601226678047398,81,cases/granite_sparse_favorable.yaml,granite_sparse_favorable,uncertain,sparse,favorable,high
granite_sparse_favorable,42,40,40.5,12.237410867997225,11.32445260332335,14.101624298945847,14.101624298945847,11.072237933752238,13.636339590472515,0.9047859921666845,-1.1651729342449872,-0.04345413174728341,0.9670048854933603,-0.46528470847333203,14,100.0,100.0,100.0,100.0,99.93315942627937,0.14285714285714285,1,100.0,0.0,100.0,0,0.3,P32_derived_Jv_proxy,100.0,100.0,0.0,-0.06684057372062568,0.0,-0.06684057372062568,0.0,0.06684057372062568,0.0,0.06684057372062568,14,1,0,14,1.0,0.0,78.53981633974483,7.0,0.17825353626292278,0.14285714285714285,0.14285714285714285,0.0,0.17825353626292278,0.052856396288441077,0.016648074948395597,0.03620832134004548,1,1,1,1,1,1,100.0,100.0,0.0,100.0,100.0,81,4.0,4.0,0.0,4.0,4.0,81,1.3253964700533258,1.3253964700533258,0.2860775287862972,0.6150010412932576,1.7880668119889898,81,2.3497230566417877,2.3497230566417877,0.4690159256569744,1.6882317879565356,3.1078434464385043,81,0.80108886078776,0.7830120710909552,0.10261550287205679,0.5791784315829681,1.0,81,0.9914101247756762,0.9808340827685149,0.2531766761769635,0.5,1.7645533590169384,81,12.237410867997225,11.32445260332335,3.960569886342257,6.460291881549991,26.042189301651657,81,14.101624298945847,14.101624298945847,0.0,14.101624298945847,14.101624298945847,81,cases/granite_sparse_favorable.yaml,granite_sparse_favorable,uncertain,sparse,favorable,high
granite_sparse_favorable,42,50,50.5,11.234507322403516,9.984200733584508,12.536453468205307,12.536453468205305,11.865814354110865,11.965896553281151,1.0561935662677806,0.6313070317073493,0.02374351768484595,0.9544881719242854,-0.5705569149241558,18,100.0,100.0,100.0,99.18553203909458,99.86631885255873,0.2857142857142857,2,100.0,0.0,100.0,0,0.3,P32_derived_Jv_proxy,100.0,100.0,-0.814467960905418,-0.13368114744126558,-0.814467960905418,-0.13368114744126558,0.814467960905418,0.13368114744126558,0.814467960905418,0.13368114744126558,18,2,1,17,0.9444444444444444,0.05555555555555555,78.53981633974483,7.0,0.22918311805232927,0.2857142857142857,0.2857142857142857,0.012732395447351627,0.21645072260497766,0.0295350187160478,0.014481384259219743,0.015053634456828058,1,1,1,1,1,1,100.0,100.0,0.0,100.0,100.0,81,4.0,4.0,0.0,4.0,4.0,81,1.2908191884866067,1.2908191884866067,0.21740660528732714,0.864917855877928,1.6423681879582475,81,2.5741314953235293,2.5741314953235293,0.3148463446033023,2.132367126554334,3.2840528323536633,81,0.801977084343542,0.8126918194318841,0.09422359011018473,0.575396349393484,1.0,81,1.0039593712621988,1.0038870558080872,0.3151960495864051,0.5,1.850565605707763,81,11.234507322403516,9.984200733584508,4.468177709093691,5.6671201757061205,24.17045159765303,81,12.536453468205307,12.536453468205305,1.7763568394002505e-15,12.536453468205305,12.536453468205305,81,cases/granite_sparse_favorable.yaml,granite_sparse_favorable,uncertain,sparse,favorable,high
granite_sparse_favorable,42,60,60.5,10.905306932352271,10.07457252325193,12.083042684768289,12.08304268476829,10.540677719120627,12.233567266866785,0.9665640577112126,-0.36462921323164466,-0.01476935840871385,1.0124575064431616,0.1505245820984964,21,100.0,100.0,100.0,100.0,99.93315942627937,0.14285714285714285,1,100.0,0.0,100.0,0,0.3,P32_derived_Jv_proxy,100.0,100.0,0.0,-0.06684057372062568,0.0,-0.06684057372062568,0.0,0.06684057372062568,0.0,0.06684057372062568,21,1,0,21,1.0,0.0,78.53981633974483,7.0,0.26738030439438415,0.14285714285714285,0.14285714285714285,0.0,0.26738030439438415,0.025419954205943562,0.058962000528897884,-0.03354204632295432,1,1,1,1,1,1,100.0,100.0,0.0,100.0,100.0,81,4.0,4.0,0.0,4.0,4.0,81,1.222088587479926,1.222088587479926,0.30476614101450117,0.6079743325605422,1.820818490028673,81,2.5285199667060545,2.5285199667060545,0.46061315999060093,1.7637881756119866,3.444666637170678,81,0.796531347629674,0.8009249700722829,0.08300327805529423,0.5657463866024023,1.0,81,0.9485468535984315,0.9675484791222612,0.23298584419055413,0.5,1.5727726683934522,81,10.905306932352271,10.07457252325193,3.453206881662523,5.239742048191042,23.265208070701853,81,12.083042684768289,12.08304268476829,1.7763568394002505e-15,12.08304268476829,12.08304268476829,81,cases/granite_sparse_favorable.yaml,granite_sparse_favorable,uncertain,sparse,favorable,high
granite_sparse_favorable,42,70,70.5,11.788771315831143,10.832309327660846,13.463893003400287,13.463893003400287,10.441787280374744,12.815287363018156,0.8857400827134941,-1.3469840354563996,-0.05269370159361886,0.9518262927209592,-0.6486056403821312,19,100.0,100.0,100.0,100.0,99.93315942627937,0.14285714285714285,1,100.0,0.0,100.0,0,0.3,P32_derived_Jv_proxy,100.0,100.0,0.0,-0.06684057372062568,0.0,-0.06684057372062568,0.0,0.06684057372062568,0.0,0.06684057372062568,19,1,1,18,0.9473684210526315,0.05263157894736842,78.53981633974483,7.0,0.2419155134996809,0.14285714285714285,0.14285714285714285,0.012732395447351627,0.22918311805232927,0.029113711966515687,0.0001599519801394056,0.028953759986376282,1,1,1,1,1,1,100.0,100.0,0.0,100.0,100.0,81,4.0,4.0,0.0,4.0,4.0,81,1.3042517211058844,1.3042517211058844,0.20919958026581428,0.7732281024224735,1.6808019994861643,81,2.421758180892587,2.421758180892587,0.4313851904465449,1.4600826196961956,3.2946564404346796,81,0.8058055492208281,0.8141794615669642,0.0996122281003249,0.5807036689543598,1.0,81,0.9987298165939238,1.0016184826170826,0.27952843148427436,0.5,1.7536793343175698,81,11.788771315831143,10.832309327660846,3.760502324821834,6.0269650039395435,22.877642728323153,81,13.463893003400287,13.463893003400287,0.0,13.463893003400287,13.463893003400287,81,cases/granite_sparse_favorable.yaml,granite_sparse_favorable,uncertain,sparse,favorable,high
granite_sparse_favorable,42,80,80.5,11.092322549424523,9.469209935369603,12.458807007915127,12.45880700791513,10.78296188255143,12.07545472345342,0.9721103794543783,-0.3093606668730935,-0.012284419779172051,0.9692304179510798,-0.3833522844617061,16,100.0,100.0,100.0,98.65685541438748,99.79947827883811,0.42857142857142855,3,100.0,0.0,100.0,0,0.3,P32_derived_Jv_proxy,100.0,100.0,-1.3431445856125208,-0.20052172116189126,-1.3431445856125208,-0.20052172116189126,1.3431445856125208,0.20052172116189126,1.3431445856125208,0.20052172116189126,16,3,1,15,0.9375,0.0625,78.53981633974483,7.0,0.20371832715762603,0.42857142857142855,0.42857142857142855,0.012732395447351627,0.1909859317102744,0.0405293219860452,0.019736853320319603,0.020792468665725594,1,1,1,1,1,1,100.0,100.0,0.0,100.0,100.0,81,4.0,4.0,0.0,4.0,4.0,81,1.2703602159406273,1.2703602159406273,0.26147637498616133,0.8098090983681254,1.8747644584054868,81,2.549120905263165,2.549120905263165,0.4462555713030328,1.7739116176013647,3.2330669110483994,81,0.8352915629243561,0.840021308278835,0.10435776269106348,0.6032036668355003,1.0,81,1.0498513137319603,1.058428281550172,0.3124754782145494,0.5,1.715070482424471,81,11.092322549424523,9.469209935369603,4.441613240372534,4.936851414885242,24.539641761239384,81,12.458807007915127,12.45880700791513,3.552713678800501e-15,12.45880700791513,12.45880700791513,81,cases/granite_sparse_favorable.yaml,granite_sparse_favorable,uncertain,sparse,favorable,high
granite_sparse_favorable,43,10,10.5,10.099654786145809,9.133996035485996,11.815614121838951,11.815614121838953,13.452213890458882,13.741573686421145,1.331947890824144,3.352559104313073,0.1244872344662562,1.163001224034764,1.9259595645821932,18,100.0,100.0,100.0,99.90603983736601,99.4054978103684,0.5714285714285714,4,100.0,0.1,99.99503320866597,1,0.3,P32_derived_Jv_proxy,100.0,100.0,-0.09396016263399076,-0.5945021896315978,-0.09396016263399076,-0.5945021896315978,0.09396016263399076,0.5945021896315978,0.09396016263399076,0.5945021896315978,18,4,1,17,0.9444444444444444,0.05555555555555555,78.53981633974483,7.0,0.22918311805232927,0.5714285714285714,0.5714285714285714,0.012732395447351627,0.21645072260497766,0.04001385834015858,0.04518812420260154,-0.005174265862442962,0,1,1,1,1,1,100.0,100.0,0.0,100.0,100.0,81,4.0,4.0,0.0,4.0,4.0,81,1.0950028808675196,1.0950028808675196,0.32033618630813926,0.5,1.714242002051003,81,2.316855623364535,2.316855623364535,0.3645636788019244,1.7518131690630974,3.207658354921809,81,0.8014014062393723,0.8140371538245594,0.10213771782066143,0.5231364227270517,1.0,81,1.0438481419175636,1.0508647323810545,0.3231129883238189,0.5,1.7828850917918175,81,10.099654786145809,9.133996035485996,3.793288386860941,4.72447823656942,20.53402865021055,81,11.815614121838951,11.815614121838953,1.7763568394002505e-15,11.815614121838953,11.815614121838953,81,cases/granite_sparse_favorable.yaml,granite_sparse_favorable,uncertain,sparse,favorable,high
granite_sparse_favorable,43,20,20.5,9.854476175210618,9.34382041447062,12.093909975676537,12.093909975676537,10.661370835915534,13.087208710212135,1.0818810301388415,0.8068946607049163,0.0341795058768698,1.0821321422545178,0.9932987345355979,13,100.0,100.0,100.0,99.71045875510822,99.93315942627937,0.14285714285714285,1,100.0,0.0,100.0,0,0.3,P32_derived_Jv_proxy,100.0,100.0,-0.28954124489177957,-0.06684057372062568,-0.28954124489177957,-0.06684057372062568,0.28954124489177957,0.06684057372062568,0.28954124489177957,0.06684057372062568,13,1,0,13,1.0,0.0,78.53981633974483,7.0,0.16552114081557115,0.14285714285714285,0.14285714285714285,0.0,0.16552114081557115,0.047240730794379404,0.055354723822438,-0.008113993028058597,1,1,1,1,1,1,100.0,100.0,0.0,100.0,100.0,81,4.0,4.0,0.0,4.0,4.0,81,1.2884737967233202,1.2884737967233202,0.34704434664281614,0.7944494218754994,1.914742922615933,81,2.6634764921243814,2.6634764921243814,0.4343386410050941,1.9020807694901967,3.2789651152777974,81,0.7779195492674149,0.7792094108697226,0.10401566941795344,0.5525150982087609,1.0,81,1.0283543124605499,1.0457797336449728,0.25305032988175064,0.5,1.525670655885865,81,9.854476175210618,9.34382041447062,3.327345072009074,4.9444681791531,20.91334498963971,81,12.093909975676537,12.093909975676537,0.0,12.093909975676537,12.093909975676537,81,cases/granite_sparse_favorable.yaml,granite_sparse_favorable,uncertain,sparse,favorable,high
granite_sparse_favorable,43,30,30.5,11.757494938656908,11.474146817708256,12.94384677911864,12.943846779118637,11.108868620598845,13.0,0.9448329494129335,-0.6486263180580636,-0.02464496986246889,1.0043382173661037,0.056153220881359545,25,100.0,100.0,100.0,100.0,100.0,0.0,0,100.0,0.1,99.99503320866597,1,0.3,P32_derived_Jv_proxy,100.0,100.0,0.0,0.0,0.0,0.0,0.0,0.0,0.0,0.0,25,0,0,25,1.0,0.0,78.53981633974483,7.0,0.3183098861837907,0.0,0.0,0.0,0.3183098861837907,0.032729568989144586,0.0,0.032729568989144586,1,1,1,1,1,1,100.0,100.0,0.0,100.0,100.0,81,4.0,4.0,0.0,4.0,4.0,81,1.2814221570416,1.2814221570416,0.30526890303508447,0.696268110356645,1.760704588903888,81,2.4749639324934396,2.4749639324934396,0.38490701248480874,1.9129099032603796,3.2587391157294543,81,0.8041682561944393,0.8144260509696161,0.09695893638668682,0.5622243506084872,1.0,81,0.9413077924833457,0.9200045478104086,0.24226814047056236,0.5,1.542426758971279,81,11.757494938656908,11.474146817708256,3.1467445276068404,6.871618186301018,19.44219984913705,81,12.94384677911864,12.943846779118637,3.552713678800501e-15,12.943846779118637,12.943846779118637,81,cases/granite_sparse_favorable.yaml,granite_sparse_favorable,uncertain,sparse,favorable,high
granite_sparse_favorable,43,40,40.5,11.59484655094279,10.708432452942587,13.218588297482667,13.218588297482667,14.042016086685615,15.14684346473508,1.2110566556436093,2.447169535742825,0.0831644607795825,1.1458745157846868,1.9282551672524129,17,100.0,100.0,100.0,100.0,99.93315942627937,0.14285714285714285,1,100.0,0.2,99.98026467728904,2,0.3,P32_derived_Jv_proxy,100.0,100.0,0.0,-0.06684057372062568,0.0,-0.06684057372062568,0.0,0.06684057372062568,0.0,0.06684057372062568,17,1,0,17,1.0,0.0,78.53981633974483,7.0,0.21645072260497766,0.14285714285714285,0.14285714285714285,0.0,0.21645072260497766,0.03787916889653553,0.01432886531596822,0.02355030358056731,1,1,1,1,1,1,100.0,100.0,0.0,100.0,100.0,81,4.0,4.0,0.0,4.0,4.0,81,1.3865597189456433,1.3865597189456433,0.21171804284262655,1.0320154491580862,1.7215453536434182,81,2.6223672447868323,2.6223672447868323,0.333980894315939,2.1469567997015053,3.2306762421652264,81,0.8212137045184241,0.8103209676572208,0.09453284979587645,0.5624051435040069,1.0,81,1.039693594951147,1.0296064113542802,0.3119081093139165,0.5,1.6864390077401887,81,11.59484655094279,10.708432452942587,4.202440859911492,4.584381460240103,25.411744786777394,81,13.218588297482667,13.218588297482667,0.0,13.218588297482667,13.218588297482667,81,cases/granite_sparse_favorable.yaml,granite_sparse_favorable,uncertain,sparse,favorable,high
granite_sparse_favorable,43,50,50.5,12.623344142505022,11.578966810536478,13.907603580292957,13.907603580292957,8.260531755839112,12.61636405459819,0.6543853722584055,-4.36281238666591,-0.18416641718890236,0.9071558577119317,-1.2912395256947669,20,100.0,100.0,100.0,100.0,99.86631885255873,0.2857142857142857,2,100.0,0.1,99.99503320866597,1,0.3,P32_derived_Jv_proxy,100.0,100.0,0.0,-0.13368114744126558,0.0,-0.13368114744126558,0.0,0.13368114744126558,0.0,0.13368114744126558,20,2,0,20,1.0,0.0,78.53981633974483,7.0,0.25464790894703254,0.2857142857142857,0.2857142857142857,0.0,0.25464790894703254,0.03655788148254957,0.08924831969042557,-0.052690438207876,0,0,1,1,1,1,100.0,100.0,0.0,100.0,100.0,81,4.0,4.0,0.0,4.0,4.0,81,1.4300946294625736,1.4300946294625736,0.33208937004855593,0.5152033043813191,2.118532191985855,81,2.570706414671278,2.570706414671278,0.44472023887053774,1.8810593821900934,3.7221432278134388,81,0.8051613844720689,0.7960782226200256,0.1060132896310704,0.5904212735944454,1.0,81,0.9806098738886923,0.9504404521207237,0.2829555166867192,0.5,1.6995552875297946,81,12.623344142505022,11.578966810536478,4.821727567109867,6.627970187416045,27.712407764008873,81,13.907603580292957,13.907603580292957,0.0,13.907603580292957,13.907603580292957,81,cases/granite_sparse_favorable.yaml,granite_sparse_favorable,uncertain,sparse,favorable,high
granite_sparse_favorable,43,60,60.5,11.624264114572352,10.719840405923499,13.012665175620537,13.012665175620535,13.370032459673903,13.464850764479126,1.1501831279722068,1.7457683451015509,0.06076699264589003,1.0347496521854544,0.4521855888585886,17,100.0,100.0,100.0,99.86320448196318,99.68282947904478,0.42857142857142855,3,100.0,0.0,100.0,0,0.3,P32_derived_Jv_proxy,100.0,100.0,-0.13679551803681989,-0.3171705209552158,-0.13679551803681989,-0.3171705209552158,0.13679551803681989,0.3171705209552158,0.13679551803681989,0.3171705209552158,17,3,1,16,0.9411764705882353,0.058823529411764705,78.53981633974483,7.0,0.21645072260497766,0.42857142857142855,0.42857142857142855,0.012732395447351627,0.20371832715762603,0.03522719846126232,0.07532280297288929,-0.04009560451162697,1,1,1,1,1,1,100.0,100.0,0.0,100.0,100.0,81,4.0,4.0,0.0,4.0,4.0,81,1.2437368341615074,1.2437368341615074,0.30300606508951045,0.6027566643552204,1.8026819874554718,81,2.3894736731020925,2.3894736731020925,0.4745094198952336,1.3376425933733027,3.1347566131573195,81,0.7921876350666046,0.788707062658949,0.0841171521556752,0.5897703572237968,1.0,81,0.9686067130123986,0.9176043750931344,0.2849335024448595,0.5,1.7716145996211208,81,11.624264114572352,10.719840405923499,3.7830184454090836,5.442695452482584,22.662925059365204,81,13.012665175620537,13.012665175620535,1.7763568394002505e-15,13.012665175620535,13.012665175620535,81,cases/granite_sparse_favorable.yaml,granite_sparse_favorable,uncertain,sparse,favorable,high
granite_sparse_favorable,43,70,70.5,10.891458524951952,9.954035418087553,11.787336536503883,11.787336536503881,10.343291925988696,13.0,0.9496700466969208,-0.548166598963256,-0.022427259752692885,1.1028784967444216,1.212663463496117,22,100.0,100.0,100.0,100.0,100.0,0.0,0,100.0,0.1,99.99503320866597,1,0.3,P32_derived_Jv_proxy,100.0,100.0,0.0,0.0,0.0,0.0,0.0,0.0,0.0,0.0,22,0,0,22,1.0,0.0,78.53981633974483,7.0,0.2801126998417358,0.0,0.0,0.0,0.2801126998417358,0.04501863654437688,0.0,0.04501863654437688,1,1,1,1,1,1,100.0,100.0,0.0,100.0,100.0,81,4.0,4.0,0.0,4.0,4.0,81,1.213959932999847,1.213959932999847,0.32599026023239674,0.5917092570787614,1.8414824796242717,81,2.5747121269515967,2.5747121269515967,0.5313697734498554,1.9394539534364164,3.853867465974494,81,0.821639142022217,0.8203952367382287,0.08161854996409543,0.6409272034825164,1.0,81,0.9715214717592067,0.9598117094899175,0.2713572503655,0.5,1.5982698200873018,81,10.891458524951952,9.954035418087553,3.793065942871993,5.450265701268202,23.333621442260814,81,11.787336536503883,11.787336536503881,1.7763568394002505e-15,11.787336536503881,11.787336536503881,81,cases/granite_sparse_favorable.yaml,granite_sparse_favorable,uncertain,sparse,favorable,high
granite_sparse_favorable,43,80,80.5,10.28839316097254,9.734948391326839,12.30062458904669,12.30062458904669,9.626012824096051,12.733595517779621,0.935618679563187,-0.6623803368764882,-0.028901116116589298,1.0351991011186927,0.4329709287329315,22,100.0,100.0,100.0,100.0,99.61598890532414,0.5714285714285714,4,100.0,0.1,99.99503320866597,1,0.3,P32_derived_Jv_proxy,100.0,100.0,0.0,-0.3840110946758557,0.0,-0.3840110946758557,0.0,0.3840110946758557,0.0,0.3840110946758557,22,4,2,20,0.9090909090909091,0.09090909090909091,78.53981633974483,7.0,0.2801126998417358,0.5714285714285714,0.5714285714285714,0.025464790894703253,0.25464790894703254,0.03460006052028208,0.03728445870117536,-0.002684398180893277,1,1,1,1,1,1,100.0,100.0,0.0,100.0,100.0,81,4.0,4.0,0.0,4.0,4.0,81,1.2731500839203231,1.2731500839203231,0.2971085316764484,0.6667976868446776,1.815353160354547,81,2.5875720267368014,2.5875720267368014,0.5630192450247253,1.4343414352978938,3.4978285873258494,81,0.7882217612787384,0.7989123157448944,0.10410397492152428,0.5743403119666013,0.9804388142901096,81,1.0303202142754548,1.0055237973194058,0.29940702515844464,0.5,1.9305360718577538,81,10.28839316097254,9.734948391326839,3.602716231006953,5.117314714857833,23.51198399378609,81,12.30062458904669,12.30062458904669,0.0,12.30062458904669,12.30062458904669,81,cases/granite_sparse_favorable.yaml,granite_sparse_favorable,uncertain,sparse,favorable,high
granite_sparse_favorable,44,10,10.5,11.456465104977934,10.795618684440937,13.547858980458686,13.547858980458688,10.801314279706661,13.429814958656452,0.9428138767701912,-0.6551508252712726,-0.025574033953855935,0.9912868873249641,-0.11804402180223406,17,100.0,100.0,100.0,99.62076112501178,99.86631885255873,0.2857142857142857,2,100.0,0.0,100.0,0,0.3,P32_derived_Jv_proxy,100.0,100.0,-0.37923887498821784,-0.13368114744126558,-0.37923887498821784,-0.13368114744126558,0.37923887498821784,0.13368114744126558,0.37923887498821784,0.13368114744126558,17,2,1,16,0.9411764705882353,0.058823529411764705,78.53981633974483,7.0,0.21645072260497766,0.2857142857142857,0.2857142857142857,0.012732395447351627,0.20371832715762603,0.02236394476749104,0.03465619837549416,-0.012292253608003123,1,1,1,1,1,1,100.0,100.0,0.0,100.0,100.0,81,4.0,4.0,0.0,4.0,4.0,81,1.310159790589898,1.310159790589898,0.28132452964919613,0.9085764507767322,1.7681399274648206,81,2.4176509965147646,2.4176509965147646,0.5124744912464015,1.3868301327953356,3.3012497929151117,81,0.8019218153839792,0.8138158416446175,0.09484961835015239,0.6027499718408068,1.0,81,1.0268927339001495,1.020030751678388,0.26052141440214915,0.5,1.623845060872137,81,11.456465104977934,10.795618684440937,3.8814177779808974,5.295203018694276,23.163697498375235,81,13.547858980458686,13.547858980458688,1.7763568394002505e-15,13.547858980458688,13.547858980458688,81,cases/granite_sparse_favorable.yaml,granite_sparse_favorable,uncertain,sparse,favorable,high
granite_sparse_favorable,44,20,20.5,11.195276406907825,10.521896343140753,12.891415156947115,12.891415156947117,11.888501143529183,13.0,1.0619211809896554,0.6932247366213584,0.026092283288216667,1.0084230351540862,0.10858484305288485,21,100.0,100.0,100.0,100.0,100.0,0.0,0,100.0,0.1,99.99503320866597,1,0.3,P32_derived_Jv_proxy,100.0,100.0,0.0,0.0,0.0,0.0,0.0,0.0,0.0,0.0,21,0,0,21,1.0,0.0,78.53981633974483,7.0,0.26738030439438415,0.0,0.0,0.0,0.26738030439438415,0.028747228083735754,0.0,0.028747228083735754,1,1,1,1,1,1,100.0,100.0,0.0,100.0,100.0,81,4.0,4.0,0.0,4.0,4.0,81,1.3286729813189424,1.3286729813189424,0.28062465059552166,0.7371940969134593,1.885135600120438,81,2.5766623856709154,2.5766623856709154,0.3648394438767055,1.7767680391379215,3.2447684587268406,81,0.7926042906262378,0.7976252274649569,0.10425846163476121,0.5764582731527997,1.0,81,1.0009358353484568,0.9539375018243822,0.30665608675251504,0.5,1.9169707032654026,81,11.195276406907825,10.521896343140753,3.7092827950298486,4.211946081308735,23.538796777387002,81,12.891415156947115,12.891415156947117,1.7763568394002505e-15,12.891415156947117,12.891415156947117,81,cases/granite_sparse_favorable.yaml,granite_sparse_favorable,uncertain,sparse,favorable,high
granite_sparse_favorable,44,30,30.5,11.423055665825279,10.286039956974603,12.331583535851918,12.331583535851918,13.03656524234825,13.196303221068261,1.1412502594511693,1.6135095765229703,0.05738088927462104,1.0701223555516874,0.8647196852163432,27,100.0,100.0,100.0,100.0,99.93315942627937,0.14285714285714285,1,100.0,0.0,100.0,0,0.3,P32_derived_Jv_proxy,100.0,100.0,0.0,-0.06684057372062568,0.0,-0.06684057372062568,0.0,0.06684057372062568,0.0,0.06684057372062568,27,1,0,27,1.0,0.0,78.53981633974483,7.0,0.3437746770784939,0.14285714285714285,0.14285714285714285,0.0,0.3437746770784939,0.04553860873928739,0.045227503772523714,0.0003111049667636756,1,1,1,1,1,1,100.0,100.0,0.0,100.0,100.0,81,4.0,4.0,0.0,4.0,4.0,81,1.200940402954339,1.200940402954339,0.33452304045719533,0.5,1.8275733471576154,81,2.4346840765884106,2.4346840765884106,0.40084410772027584,1.6263978442146412,3.0600696663145186,81,0.7956167862063868,0.8009992977554642,0.09185406114537087,0.5710365993698773,1.0,81,0.9480729027409732,0.96018036513672,0.28992481050192753,0.5,1.6458730853860284,81,11.423055665825279,10.286039956974603,3.897042064419411,5.883980815987458,20.64670128063071,81,12.331583535851918,12.331583535851918,0.0,12.331583535851918,12.331583535851918,81,cases/granite_sparse_favorable.yaml,granite_sparse_favorable,uncertain,sparse,favorable,high
granite_sparse_favorable,44,40,40.5,9.052080738607765,8.323218027572327,11.238987498381405,11.238987498381405,16.559698473839912,14.14611501106233,1.8293803327683131,7.507617735232147,0.2623040057777175,1.2586645383402728,2.9071275126809244,17,100.0,100.0,100.0,100.0,99.86631885255873,0.2857142857142857,2,100.0,0.0,100.0,0,0.3,P32_derived_Jv_proxy,100.0,100.0,0.0,-0.13368114744126558,0.0,-0.13368114744126558,0.0,0.13368114744126558,0.0,0.13368114744126558,17,2,0,17,1.0,0.0,78.53981633974483,7.0,0.21645072260497766,0.2857142857142857,0.2857142857142857,0.0,0.21645072260497766,0.040214021409528344,0.030422726823803092,0.009791294585725252,0,0,1,0,1,1,100.0,100.0,0.0,100.0,100.0,81,4.0,4.0,0.0,4.0,4.0,81,1.2692783435638737,1.2692783435638737,0.32958759599097026,0.5693998878815089,1.995461607805676,81,2.823382319240657,2.823382319240657,0.4593245685242924,2.3587344395164656,3.795793733412796,81,0.7819141109825277,0.7872261924736107,0.11007218480666231,0.5459817076251031,1.0,81,1.0683914209201355,1.0688220218304751,0.308429715746079,0.5,1.8192772382454212,81,9.052080738607765,8.323218027572327,3.4232823357661264,4.281649249739951,21.620484086823932,81,11.238987498381405,11.238987498381405,0.0,11.238987498381405,11.238987498381405,81,cases/granite_sparse_favorable.yaml,granite_sparse_favorable,uncertain,sparse,favorable,high
granite_sparse_favorable,44,50,50.5,12.421837803211274,12.278388072331289,13.85143189377949,13.85143189377949,12.184414825924721,12.578887439639345,0.9808866464811532,-0.2374229772865526,-0.008381177790415473,0.9081290321535906,-1.272544454140144,24,100.0,100.0,100.0,100.0,99.61598890532413,0.5714285714285714,4,100.0,0.0,100.0,0,0.3,P32_derived_Jv_proxy,100.0,100.0,0.0,-0.3840110946758699,0.0,-0.3840110946758699,0.0,0.3840110946758699,0.0,0.3840110946758699,24,4,1,23,0.9583333333333334,0.041666666666666664,78.53981633974483,7.0,0.30557749073643903,0.5714285714285714,0.5714285714285714,0.012732395447351627,0.2928450952890874,0.03713818880678266,0.04222932958609249,-0.005091140779309833,1,1,1,1,1,1,100.0,100.0,0.0,100.0,100.0,81,4.0,4.0,0.0,4.0,4.0,81,1.3008170983400247,1.3008170983400247,0.26943722851536356,0.8045074375402339,1.9723480656420136,81,2.3478025743392745,2.3478025743392745,0.4247693238897044,1.5895416851370754,3.35829810184811,81,0.796950083535922,0.8000829031191969,0.10243365635177933,0.5689731793404341,0.9948789404152094,81,0.9811189233089843,0.9780559887053968,0.28227813051316036,0.5,1.5754214518439624,81,12.421837803211274,12.278388072331289,4.508963780208418,5.002530106338674,25.676797623367793,81,13.85143189377949,13.85143189377949,0.0,13.85143189377949,13.85143189377949,81,cases/granite_sparse_favorable.yaml,granite_sparse_favorable,uncertain,sparse,favorable,high
granite_sparse_favorable,44,60,60.5,12.441672202256417,11.416772519403981,13.79152061152692,13.79152061152692,12.571002219774035,12.926324687252597,1.0103949063610729,0.12933001751761886,0.004491148171923198,0.9372660964193321,-0.8651959242743228,18,100.0,100.0,100.0,100.0,99.86631885255873,0.2857142857142857,2,100.0,0.0,100.0,0,0.3,P32_derived_Jv_proxy,100.0,100.0,0.0,-0.13368114744126558,0.0,-0.13368114744126558,0.0,0.13368114744126558,0.0,0.13368114744126558,18,2,0,18,1.0,0.0,78.53981633974483,7.0,0.22918311805232927,0.2857142857142857,0.2857142857142857,0.0,0.22918311805232927,0.036143149585228906,0.04041847028051082,-0.0042753206952819145,1,1,1,1,1,1,100.0,100.0,0.0,100.0,100.0,81,4.0,4.0,0.0,4.0,4.0,81,1.353470739805231,1.353470739805231,0.1767279001265174,1.0114162221205898,1.6819093403029461,81,2.4534472628674524,2.4534472628674524,0.5002880392524169,1.2194388909555873,3.3208038741695605,81,0.8082960877965973,0.791513377950939,0.09470225914104023,0.5894084851840085,1.0,81,0.9744390879034227,0.9637395905353442,0.2592359924869427,0.5,1.550239651642467,81,12.441672202256417,11.416772519403981,4.3342366512970285,6.171770894102138,27.58304122305384,81,13.79152061152692,13.79152061152692,0.0,13.79152061152692,13.79152061152692,81,cases/granite_sparse_favorable.yaml,granite_sparse_favorable,uncertain,sparse,favorable,high
granite_sparse_favorable,44,70,70.5,10.452710471331025,9.615428225384788,12.283096796464477,12.283096796464473,12.332248260883619,13.0,1.1798134364007937,1.879537789552593,0.07181333785914434,1.0583650210866915,0.716903203535523,21,100.0,100.0,100.0,100.0,100.0,0.0,0,100.0,0.1,99.99503320866597,1,0.3,P32_derived_Jv_proxy,100.0,100.0,0.0,0.0,0.0,0.0,0.0,0.0,0.0,0.0,21,0,0,21,1.0,0.0,78.53981633974483,7.0,0.26738030439438415,0.0,0.0,0.0,0.26738030439438415,0.043602320045546095,0.0,0.043602320045546095,1,1,1,1,1,1,100.0,100.0,0.0,100.0,100.0,81,4.0,4.0,0.0,4.0,4.0,81,1.3012118433763558,1.3012118433763558,0.26894102021749655,0.8871485711125009,1.7628668951205162,81,2.6483790385639807,2.6483790385639807,0.3866939459383867,2.1245607450783366,3.517166502031178,81,0.806467414278489,0.8119519209104149,0.10023291980877076,0.48292539730768297,1.0,81,1.0315315158795177,1.0160469517703485,0.27705113913975227,0.5,1.6485630276569154,81,10.452710471331025,9.615428225384788,3.611073038124518,4.731085665200662,21.178736964393064,81,12.283096796464477,12.283096796464473,3.552713678800501e-15,12.283096796464473,12.283096796464473,81,cases/granite_sparse_favorable.yaml,granite_sparse_favorable,uncertain,sparse,favorable,high
granite_sparse_favorable,44,80,80.5,10.471508458397905,8.901531745175463,11.778273545859149,11.778273545859147,12.769092089958278,12.739381206549663,1.2194128611640251,2.2975836315603733,0.0861507712198617,1.0816000457918051,0.961107660690514,23,100.0,100.0,100.0,100.0,99.93315942627937,0.14285714285714285,1,100.0,0.0,100.0,0,0.3,P32_derived_Jv_proxy,100.0,100.0,0.0,-0.06684057372062568,0.0,-0.06684057372062568,0.0,0.06684057372062568,0.0,0.06684057372062568,23,1,1,22,0.9565217391304348,0.043478260869565216,78.53981633974483,7.0,0.2928450952890874,0.14285714285714285,0.14285714285714285,0.012732395447351627,0.2801126998417358,0.035891638688457905,0.02929412258858355,0.0065975160998743565,1,1,1,1,1,1,100.0,100.0,0.0,100.0,100.0,81,4.0,4.0,0.0,4.0,4.0,81,1.2998201565828555,1.2998201565828555,0.31338098418869387,0.7568807228824017,1.9522351029879268,81,2.758936085840504,2.758936085840504,0.5378396770429553,1.894866764148179,3.6896037906952937,81,0.7925276088811809,0.7846327871923381,0.10392435573907845,0.4298937420596059,1.0,81,0.9978866316750348,0.9864483128072908,0.3025527133525175,0.5,1.9854061122953384,81,10.471508458397905,8.901531745175463,4.187246713749841,3.6948573235254636,21.464633381288472,81,11.778273545859149,11.778273545859147,1.7763568394002505e-15,11.778273545859147,11.778273545859147,81,cases/granite_sparse_favorable.yaml,granite_sparse_favorable,uncertain,sparse,favorable,high
granite_sparse_favorable,45,10,10.5,12.388512727457595,11.39201952563217,13.787618909743916,13.787618909743918,13.306242030009644,13.988332782371875,1.0740790539382516,0.9177293025520488,0.03103624730921095,1.014557544267931,0.2007138726279596,16,100.0,100.0,100.0,98.76417443911,99.86631885255873,0.2857142857142857,2,100.0,0.0,100.0,0,0.3,P32_derived_Jv_proxy,100.0,100.0,-1.2358255608900066,-0.13368114744126558,-1.2358255608900066,-0.13368114744126558,1.2358255608900066,0.13368114744126558,1.2358255608900066,0.13368114744126558,16,2,1,15,0.9375,0.0625,78.53981633974483,7.0,0.20371832715762603,0.2857142857142857,0.2857142857142857,0.012732395447351627,0.1909859317102744,0.04573856754071892,0.0675097404014604,-0.021771172860741483,1,1,1,1,1,1,100.0,100.0,0.0,100.0,100.0,81,4.0,4.0,0.0,4.0,4.0,81,1.3729757503275013,1.3729757503275013,0.34932140783664656,0.6431832242962169,2.1191539611585064,81,2.489508448331856,2.489508448331856,0.3900233248572136,1.7839812566943845,3.124538817783383,81,0.8060270265934809,0.8060997719780476,0.0981289942653053,0.6094251075947832,1.0,81,0.9690743200934044,0.9860881172679428,0.23514955213022293,0.5,1.4521896965602994,81,12.388512727457595,11.39201952563217,4.291265036868551,7.089723808718588,27.575237819487835,81,13.787618909743916,13.787618909743918,1.7763568394002505e-15,13.787618909743918,13.787618909743918,81,cases/granite_sparse_favorable.yaml,granite_sparse_favorable,uncertain,sparse,favorable,high
granite_sparse_favorable,45,20,20.5,11.180108243878612,10.180292535263705,12.939284310783691,12.939284310783691,10.193780606835135,13.120484807646983,0.9117783463694534,-0.9863276370434768,-0.04011072597911669,1.01400390411951,0.18120049686329232,13,100.0,100.0,100.0,100.0,99.86631885255873,0.2857142857142857,2,100.0,0.1,99.99503320866597,1,0.3,P32_derived_Jv_proxy,100.0,100.0,0.0,-0.13368114744126558,0.0,-0.13368114744126558,0.0,0.13368114744126558,0.0,0.13368114744126558,13,2,1,12,0.9230769230769231,0.07692307692307693,78.53981633974483,7.0,0.16552114081557115,0.2857142857142857,0.2857142857142857,0.012732395447351627,0.15278874536821951,0.037155259154067255,0.04588152360025388,-0.008726264446186627,1,1,1,1,1,1,100.0,100.0,0.0,100.0,100.0,81,4.0,4.0,0.0,4.0,4.0,81,1.3896405844284143,1.3896405844284143,0.3024026943920859,0.8451949490631608,1.893484906137424,81,2.684925516456652,2.684925516456652,0.6003593009270438,1.5972355063482793,3.7934293702868813,81,0.8059195876569065,0.8137254506699874,0.09750199308083524,0.5453001289969084,1.0,81,1.0263776499748374,1.01128190463088,0.2983743671138117,0.5,1.7066015557977483,81,11.180108243878612,10.180292535263705,4.019290714617426,4.865520493276206,22.66887352825398,81,12.939284310783691,12.939284310783691,0.0,12.939284310783691,12.939284310783691,81,cases/granite_sparse_favorable.yaml,granite_sparse_favorable,uncertain,sparse,favorable,high
granite_sparse_favorable,45,30,30.5,11.350097018122993,10.592619706887792,13.134358219194478,13.13435821919448,11.416214391468726,13.15642183747128,1.005825269443967,0.0661173733457332,0.002522542243567294,1.001679839845129,0.022063618276801478,16,100.0,100.0,100.0,100.0,99.93315942627937,0.14285714285714285,1,100.0,0.0,100.0,0,0.3,P32_derived_Jv_proxy,100.0,100.0,0.0,-0.06684057372062568,0.0,-0.06684057372062568,0.0,0.06684057372062568,0.0,0.06684057372062568,16,1,0,16,1.0,0.0,78.53981633974483,7.0,0.20371832715762603,0.14285714285714285,0.14285714285714285,0.0,0.20371832715762603,0.03436200275328516,0.07891710886065706,-0.0445551061073719,1,1,1,1,1,1,100.0,100.0,0.0,100.0,100.0,81,4.0,4.0,0.0,4.0,4.0,81,1.2244720792134842,1.2244720792134842,0.27391165775057214,0.5946388615185784,1.6086702103318165,81,2.330665988354207,2.330665988354207,0.44969223769011823,1.3197284819671073,3.052254835509437,81,0.7908354427875979,0.792088044165405,0.1050643729298537,0.49350796437265254,1.0,81,0.9944747912067878,0.9589063323497966,0.29134249139654106,0.5,1.87351623010259,81,11.350097018122993,10.592619706887792,3.6762063905437494,4.383895305692347,23.349268916425597,81,13.134358219194478,13.13435821919448,1.7763568394002505e-15,13.13435821919448,13.13435821919448,81,cases/granite_sparse_favorable.yaml,granite_sparse_favorable,uncertain,sparse,favorable,high
granite_sparse_favorable,45,40,40.5,12.444029157405998,12.138442149918362,14.828439104530075,14.82843910453007,11.329096615364715,13.0,0.910404216517145,-1.1149325420412826,-0.04076573951898599,0.8766937577420749,-1.8284391045300747,20,100.0,100.0,100.0,100.0,100.0,0.0,0,100.0,0.1,99.99503320866597,1,0.3,P32_derived_Jv_proxy,100.0,100.0,0.0,0.0,0.0,0.0,0.0,0.0,0.0,0.0,20,0,0,20,1.0,0.0,78.53981633974483,7.0,0.25464790894703254,0.0,0.0,0.0,0.25464790894703254,0.05131678125997963,0.0,0.05131678125997963,1,1,1,1,1,1,100.0,100.0,0.0,100.0,100.0,81,4.0,4.0,0.0,4.0,4.0,81,1.3752710973966222,1.3752710973966222,0.3542942984135915,0.8013101030780957,2.285223352618202,81,2.3186376659436774,2.3186376659436774,0.6039729971972815,1.217770389220857,3.7384941373455054,81,0.7980556662498804,0.8048286824789156,0.08837937275988537,0.5793810201562046,1.0,81,1.02545014036247,0.9982230999857405,0.27418813598053193,0.5,1.7355619195179905,81,12.444029157405998,12.138442149918362,3.989998666057212,5.9957408039165285,27.27248602792103,81,14.828439104530075,14.82843910453007,5.329070518200751e-15,14.82843910453007,14.82843910453007,81,cases/granite_sparse_favorable.yaml,granite_sparse_favorable,uncertain,sparse,favorable,high
granite_sparse_favorable,45,50,50.5,9.905569022161991,9.275113508361805,11.549133974190287,11.549133974190289,9.191966181285526,13.0,0.9279594297632067,-0.7136028408764652,-0.03247101065088209,1.125625525606688,1.450866025809713,13,100.0,100.0,100.0,100.0,100.0,0.0,0,100.0,0.0,100.0,0,0.3,P32_derived_Jv_proxy,100.0,100.0,0.0,0.0,0.0,0.0,0.0,0.0,0.0,0.0,13,0,0,13,1.0,0.0,78.53981633974483,7.0,0.16552114081557115,0.0,0.0,0.0,0.16552114081557115,0.03472168004681897,0.0,0.03472168004681897,1,1,1,1,1,1,100.0,100.0,0.0,100.0,100.0,81,4.0,4.0,0.0,4.0,4.0,81,1.2474174091317136,1.2474174091317136,0.29905824029937383,0.5297281931616123,1.5942558977317678,81,2.700240147701573,2.700240147701573,0.611535411373853,1.4359550004901938,3.6264182139547785,81,0.8012127382367588,0.8098271675870993,0.09117407903712385,0.5847014180299401,1.0,81,1.019414050630217,1.012616248173167,0.2886762777256382,0.5,1.8167993444256842,81,9.905569022161991,9.275113508361805,3.3394986005005043,4.907101151568868,20.59788116172864,81,11.549133974190287,11.549133974190289,1.7763568394002505e-15,11.549133974190289,11.549133974190289,81,cases/granite_sparse_favorable.yaml,granite_sparse_favorable,uncertain,sparse,favorable,high
granite_sparse_favorable,45,60,60.5,12.722707216733548,11.514218721162676,14.615406695287229,14.615406695287229,14.309453881812017,13.0,1.124717690822241,1.5867466650784685,0.051043526266006944,0.8894723404578184,-1.6154066952872288,19,100.0,100.0,100.0,100.0,100.0,0.0,0,100.0,0.0,100.0,0,0.3,P32_derived_Jv_proxy,100.0,100.0,0.0,0.0,0.0,0.0,0.0,0.0,0.0,0.0,19,0,0,19,1.0,0.0,78.53981633974483,7.0,0.2419155134996809,0.0,0.0,0.0,0.2419155134996809,0.029932947342436234,0.0,0.029932947342436234,1,1,1,1,1,1,100.0,100.0,0.0,100.0,100.0,81,4.0,4.0,0.0,4.0,4.0,81,1.4010483699845362,1.4010483699845362,0.27746960361451595,0.8456290775218148,2.1439910410503935,81,2.3965264860476094,2.3965264860476094,0.4326264427520046,1.4630630319414668,3.094644306869898,81,0.8029253311314399,0.8042359229241599,0.10626158553941549,0.4225862346985866,1.0,81,1.0107282763038845,1.034360213404987,0.29056271041244996,0.5,1.6279070758444838,81,12.722707216733548,11.514218721162676,4.358729929868628,6.315914764302904,25.827021966861885,81,14.615406695287229,14.615406695287229,0.0,14.615406695287229,14.615406695287229,81,cases/granite_sparse_favorable.yaml,granite_sparse_favorable,uncertain,sparse,favorable,high
granite_sparse_favorable,45,70,70.5,11.245581917559042,10.29927099315502,12.739657462972822,12.739657462972822,13.477064725268109,13.0,1.1984319552396654,2.2314828077090674,0.07861338062844725,1.0204355994487175,0.2603425370271779,21,100.0,100.0,100.0,100.0,100.0,0.0,0,100.0,0.0,100.0,0,0.3,P32_derived_Jv_proxy,100.0,100.0,0.0,0.0,0.0,0.0,0.0,0.0,0.0,0.0,21,0,0,21,1.0,0.0,78.53981633974483,7.0,0.26738030439438415,0.0,0.0,0.0,0.26738030439438415,0.03013988672750534,0.0,0.03013988672750534,1,1,1,1,1,1,100.0,100.0,0.0,100.0,100.0,81,4.0,4.0,0.0,4.0,4.0,81,1.1951755670562059,1.1951755670562059,0.3042903388243289,0.6495647505814056,1.6589465687793055,81,2.3453840311835776,2.3453840311835776,0.5200739507516497,1.3237260758178435,3.4848050805188446,81,0.7887138922376852,0.7892155986468893,0.08964824332112947,0.5842022247712462,0.9729645670902034,81,0.9861262284072244,1.0064117337161205,0.28744346021374323,0.5,1.8309649498877223,81,11.245581917559042,10.29927099315502,4.159307525466596,4.949038991730346,23.014189322409166,81,12.739657462972822,12.739657462972822,0.0,12.739657462972822,12.739657462972822,81,cases/granite_sparse_favorable.yaml,granite_sparse_favorable,uncertain,sparse,favorable,high
granite_sparse_favorable,45,80,80.5,11.551571762015843,11.183087474961955,13.374326707537547,13.374326707537545,12.47984349368116,13.0,1.0803589113922734,0.9282717316653173,0.03356805858192957,0.9720115475176345,-0.3743267075375467,18,100.0,100.0,100.0,100.0,100.0,0.0,0,100.0,0.0,100.0,0,0.3,P32_derived_Jv_proxy,100.0,100.0,0.0,0.0,0.0,0.0,0.0,0.0,0.0,0.0,18,0,0,18,1.0,0.0,78.53981633974483,7.0,0.22918311805232927,0.0,0.0,0.0,0.22918311805232927,0.04028602432415951,0.0,0.04028602432415951,1,1,1,1,1,1,100.0,100.0,0.0,100.0,100.0,81,4.0,4.0,0.0,4.0,4.0,81,1.3410113956158682,1.3410113956158682,0.21706862367111232,1.034196325231072,1.9300938180639233,81,2.506689542098775,2.506689542098775,0.5402287389286907,1.2582416270014793,3.4712084013400273,81,0.7991908657177667,0.8017910978610264,0.09011572875482018,0.5553439965846448,0.9724056862387129,81,0.9902659152233316,0.9531798228796081,0.264592291677036,0.5,1.8746699564544593,81,11.551571762015843,11.183087474961955,3.335917498433993,5.824421863600341,22.132828410721707,81,13.374326707537547,13.374326707537545,1.7763568394002505e-15,13.374326707537545,13.374326707537545,81,cases/granite_sparse_favorable.yaml,granite_sparse_favorable,uncertain,sparse,favorable,high
granite_sparse_favorable,46,10,10.5,12.220289871909612,11.231568094618565,13.77862782515086,13.778627825150858,12.013568893579633,13.82721954548703,0.9830837909332116,-0.2067209783299795,-0.007409464478061789,1.0035266008308514,0.04859172033616943,24,100.0,100.0,100.0,99.33332009965842,99.61598890532413,0.5714285714285714,4,100.0,0.0,100.0,0,0.3,P32_derived_Jv_proxy,100.0,100.0,-0.6666799003415775,-0.3840110946758699,-0.6666799003415775,-0.3840110946758699,0.6666799003415775,0.3840110946758699,0.6666799003415775,0.3840110946758699,24,4,1,23,0.9583333333333334,0.041666666666666664,78.53981633974483,7.0,0.30557749073643903,0.5714285714285714,0.5714285714285714,0.012732395447351627,0.2928450952890874,0.03644668442009724,0.058604403050307896,-0.022157718630210654,1,1,1,1,1,1,100.0,100.0,0.0,100.0,100.0,81,4.0,4.0,0.0,4.0,4.0,81,1.2915829249565987,1.2915829249565987,0.3502412544773702,0.5362460822759493,1.9324399969898345,81,2.3434534652989973,2.3434534652989973,0.5405985363524937,1.2062901522732945,3.5254955857051433,81,0.8038887247741698,0.8052836183359674,0.09326406989458003,0.5526421459574864,0.9868796435660293,81,0.9904978810249957,0.9888418379729597,0.2726169822972747,0.5,1.6033001160395262,81,12.220289871909612,11.231568094618565,4.186357033368086,6.296995367198238,22.28144672102821,81,13.77862782515086,13.778627825150858,1.7763568394002505e-15,13.778627825150858,13.778627825150858,81,cases/granite_sparse_favorable.yaml,granite_sparse_favorable,uncertain,sparse,favorable,high
granite_sparse_favorable,46,20,20.5,11.176696494519703,10.170086361545083,12.792590732174842,12.79259073217484,13.348184744698754,13.356349617887414,1.194287126902283,2.171488250179051,0.0771087511135784,1.0440691723447897,0.5637588857125717,20,100.0,100.0,100.0,100.0,99.93315942627937,0.14285714285714285,1,100.0,0.1,99.99503320866597,1,0.3,P32_derived_Jv_proxy,100.0,100.0,0.0,-0.06684057372062568,0.0,-0.06684057372062568,0.0,0.06684057372062568,0.0,0.06684057372062568,20,1,0,20,1.0,0.0,78.53981633974483,7.0,0.25464790894703254,0.14285714285714285,0.14285714285714285,0.0,0.25464790894703254,0.04377373183647515,0.0016308829638861377,0.04214284887258901,1,1,1,1,1,1,100.0,100.0,0.0,100.0,100.0,81,4.0,4.0,0.0,4.0,4.0,81,1.2648168699214402,1.2648168699214402,0.33291262730681,0.7078329424486439,1.9608872648189293,81,2.471776234387535,2.471776234387535,0.5163476705648531,1.468104113763483,3.5540142987365564,81,0.8087695502334036,0.8029047295225257,0.08617360811198777,0.5981627773466084,1.0,81,1.011191035743194,1.0183557388348117,0.2691877677920203,0.5,1.5640752255381538,81,11.176696494519703,10.170086361545083,3.916465390906934,5.503154388825303,22.99785500422237,81,12.792590732174842,12.79259073217484,1.7763568394002505e-15,12.79259073217484,12.79259073217484,81,cases/granite_sparse_favorable.yaml,granite_sparse_favorable,uncertain,sparse,favorable,high
granite_sparse_favorable,46,30,30.5,12.723590738454476,11.640078439894669,15.120462976228307,15.120462976228307,11.726283910574875,13.224384583195478,0.9216175018216011,-0.9973068278796013,-0.03544928644650125,0.8746018295859224,-1.8960783930328287,25,100.0,100.0,100.0,99.2882801121538,99.7496700527654,0.2857142857142857,2,100.0,0.1,99.99503320866597,1,0.3,P32_derived_Jv_proxy,100.0,100.0,-0.7117198878462005,-0.25032994723460433,-0.7117198878462005,-0.25032994723460433,0.7117198878462005,0.25032994723460433,0.7117198878462005,0.25032994723460433,25,2,2,23,0.92,0.08,78.53981633974483,7.0,0.3183098861837907,0.2857142857142857,0.2857142857142857,0.025464790894703253,0.2928450952890874,0.026366490764092587,0.027153965758470067,-0.0007874749943774795,1,1,1,1,1,1,100.0,100.0,0.0,100.0,100.0,81,4.0,4.0,0.0,4.0,4.0,81,1.3612256049763274,1.3612256049763274,0.31692345942416394,0.7348506806936086,2.081575569006376,81,2.250634797222121,2.250634797222121,0.3585179008609936,1.5536538778309517,2.950310748435467,81,0.7800158918433447,0.791890722205356,0.08803516757297734,0.5717943937834866,1.0,81,1.0219497284457337,0.9774296978570125,0.30847397153423206,0.5,1.914428715240052,81,12.723590738454476,11.640078439894669,4.526935507840356,5.7539492736511395,29.53817956583905,81,15.120462976228307,15.120462976228307,0.0,15.120462976228307,15.120462976228307,81,cases/granite_sparse_favorable.yaml,granite_sparse_favorable,uncertain,sparse,favorable,high
granite_sparse_favorable,46,40,40.5,11.679198426928679,10.991530662984635,13.04219595851563,13.042195958515629,10.786179244999817,12.956869599046087,0.9235376308129305,-0.893019181928862,-0.03454540393630645,0.9934576692651338,-0.08532635946954414,16,100.0,100.0,100.0,100.0,99.86631885255873,0.2857142857142857,2,100.0,0.0,100.0,0,0.3,P32_derived_Jv_proxy,100.0,100.0,0.0,-0.13368114744126558,0.0,-0.13368114744126558,0.0,0.13368114744126558,0.0,0.13368114744126558,16,2,1,15,0.9375,0.0625,78.53981633974483,7.0,0.20371832715762603,0.2857142857142857,0.2857142857142857,0.012732395447351627,0.1909859317102744,0.03185999645702653,0.0960765199778506,-0.06421652352082408,1,1,1,1,1,1,100.0,100.0,0.0,100.0,100.0,81,4.0,4.0,0.0,4.0,4.0,81,1.2503531073115381,1.2503531073115381,0.33861460161570855,0.6674922890428856,1.9324399969898345,81,2.396745746055031,2.396745746055031,0.486442735007119,1.2794364252712116,3.4372281588865,81,0.7918976228246617,0.7849144313646687,0.09819728648385748,0.5745079920732349,1.0,81,0.9630660207461456,0.9697475098775562,0.2607866047277147,0.5,1.6192382087571746,81,11.679198426928679,10.991530662984635,3.9771710438701158,6.020868616912305,22.674862273649875,81,13.04219595851563,13.042195958515629,1.7763568394002505e-15,13.042195958515629,13.042195958515629,81,cases/granite_sparse_favorable.yaml,granite_sparse_favorable,uncertain,sparse,favorable,high
granite_sparse_favorable,46,50,50.5,10.440709646133994,9.967969559196492,12.46068529097077,12.46068529097077,11.569996027682638,13.0,1.10816184146705,1.1292863815486438,0.04460319155063486,1.0432813040724194,0.5393147090292292,17,100.0,100.0,100.0,100.0,100.0,0.0,0,100.0,0.0,100.0,0,0.3,P32_derived_Jv_proxy,100.0,100.0,0.0,0.0,0.0,0.0,0.0,0.0,0.0,0.0,17,0,0,17,1.0,0.0,78.53981633974483,7.0,0.21645072260497766,0.0,0.0,0.0,0.21645072260497766,0.02553811782466442,0.0,0.02553811782466442,1,1,1,1,1,1,100.0,100.0,0.0,100.0,100.0,81,4.0,4.0,0.0,4.0,4.0,81,1.2198312871908075,1.2198312871908075,0.38720941312783136,0.5218902151242147,1.9458570569297264,81,2.4473599539399298,2.4473599539399298,0.6191917494577126,1.2194658382715802,3.6110429930667127,81,0.7951165162978675,0.7862781796205821,0.10408543729640782,0.5175855933623318,1.0,81,1.0215992832998593,1.0142125739765817,0.26320936718732524,0.5,1.5722320277783246,81,10.440709646133994,9.967969559196492,3.24399814376864,5.327357049767501,19.46299251670433,81,12.46068529097077,12.46068529097077,0.0,12.46068529097077,12.46068529097077,81,cases/granite_sparse_favorable.yaml,granite_sparse_favorable,uncertain,sparse,favorable,high
granite_sparse_favorable,46,60,60.5,10.191114076025777,9.108893292275697,12.100880678576745,12.100880678576745,10.650892403353494,12.9495741476049,1.0451156099223076,0.45977832732771695,0.019164334441504893,1.0701348514683457,0.8486934690281558,13,100.0,100.0,100.0,100.0,99.93315942627937,0.14285714285714285,1,100.0,0.0,100.0,0,0.3,P32_derived_Jv_proxy,100.0,100.0,0.0,-0.06684057372062568,0.0,-0.06684057372062568,0.0,0.06684057372062568,0.0,0.06684057372062568,13,1,0,13,1.0,0.0,78.53981633974483,7.0,0.16552114081557115,0.14285714285714285,0.14285714285714285,0.0,0.16552114081557115,0.030221303633357843,0.03710758314344509,-0.006886279510087245,1,1,1,1,1,1,100.0,100.0,0.0,100.0,100.0,81,4.0,4.0,0.0,4.0,4.0,81,1.275328003251808,1.275328003251808,0.23411001935044423,0.8063357947146127,1.76237410954887,81,2.6347834449554433,2.6347834449554433,0.3356245312781429,2.013128144200451,3.21703843540807,81,0.7957570376926351,0.802935152889684,0.1033861917044928,0.5654754441669947,1.0,81,1.0408239444103646,1.0459493450807615,0.2914762145419057,0.5,1.647019783977109,81,10.191114076025777,9.108893292275697,3.781357614797914,4.924187996652836,21.09898902524555,81,12.100880678576745,12.100880678576745,0.0,12.100880678576745,12.100880678576745,81,cases/granite_sparse_favorable.yaml,granite_sparse_favorable,uncertain,sparse,favorable,high
granite_sparse_favorable,46,70,70.5,11.448493387671496,10.26157971530904,12.918651534771383,12.918651534771383,11.2343341818719,13.0,0.9812936778187584,-0.21415920579959646,-0.008200999175606238,1.0062969780560813,0.08134846522861672,16,100.0,100.0,100.0,100.0,100.0,0.0,0,100.0,0.0,100.0,0,0.3,P32_derived_Jv_proxy,100.0,100.0,0.0,0.0,0.0,0.0,0.0,0.0,0.0,0.0,16,0,0,16,1.0,0.0,78.53981633974483,7.0,0.20371832715762603,0.0,0.0,0.0,0.20371832715762603,0.06024135161575073,0.0,0.06024135161575073,1,1,1,1,1,1,100.0,100.0,0.0,100.0,100.0,81,4.0,4.0,0.0,4.0,4.0,81,1.3416280967683187,1.3416280967683187,0.3468754067911494,0.611801686564374,2.1247532982724606,81,2.5963005758713287,2.5963005758713287,0.4458991043281466,1.9117839318923509,3.7262624687403587,81,0.8000907603125308,0.8063975937763108,0.10318413823005129,0.5888109468335544,1.0,81,0.9991560793918962,1.0087301645870042,0.2936155999178232,0.5,1.6276252409054266,81,11.448493387671496,10.26157971530904,4.243628262158145,6.053410648703588,25.837303069542767,81,12.918651534771383,12.918651534771383,0.0,12.918651534771383,12.918651534771383,81,cases/granite_sparse_favorable.yaml,granite_sparse_favorable,uncertain,sparse,favorable,high
granite_sparse_favorable,46,80,80.5,12.451463170825456,11.300863000390427,14.40634960676701,14.406349606767014,13.14848375904586,13.0,1.055979010551432,0.6970205882204041,0.02365528591343269,0.9023798779597564,-1.4063496067670105,15,100.0,100.0,100.0,100.0,100.0,0.0,0,100.0,0.0,100.0,0,0.3,P32_derived_Jv_proxy,100.0,100.0,0.0,0.0,0.0,0.0,0.0,0.0,0.0,0.0,15,0,0,15,1.0,0.0,78.53981633974483,7.0,0.1909859317102744,0.0,0.0,0.0,0.1909859317102744,0.04644957799775673,0.0,0.04644957799775673,1,1,1,1,1,1,100.0,100.0,0.0,100.0,100.0,81,4.0,4.0,0.0,4.0,4.0,81,1.3519031541585518,1.3519031541585518,0.25185465504058496,0.9811477995053949,1.7728474675580586,81,2.346019621659622,2.346019621659622,0.5237442081773532,1.2411999213330216,3.0553846527005684,81,0.7783586508369653,0.778739810876117,0.10682066825708778,0.5189807029041008,1.0,81,0.9934450014940739,1.0075975264683361,0.287922604049271,0.5,1.6299028307777899,81,12.451463170825456,11.300863000390427,4.654940987064827,5.825089728722878,28.812699213534028,81,14.40634960676701,14.406349606767014,3.552713678800501e-15,14.406349606767014,14.406349606767014,81,cases/granite_sparse_favorable.yaml,granite_sparse_favorable,uncertain,sparse,favorable,high
granite_sparse_favorable,47,10,10.5,12.016252480284676,11.565790229102468,13.448241715254456,13.448241715254458,9.164041164237053,11.978307000661447,0.7626372015129254,-2.8522113160476223,-0.11768201362080632,0.890696884714256,-1.469934714593009,22,100.0,100.0,100.0,97.52957514725865,99.54914833160352,0.7142857142857143,5,100.0,0.0,100.0,0,0.3,P32_derived_Jv_proxy,100.0,100.0,-2.4704248527413455,-0.4508516683964814,-2.4704248527413455,-0.4508516683964814,2.4704248527413455,0.4508516683964814,2.4704248527413455,0.4508516683964814,22,5,2,20,0.9090909090909091,0.09090909090909091,78.53981633974483,7.0,0.2801126998417358,0.7142857142857143,0.7142857142857143,0.025464790894703253,0.25464790894703254,0.035673535510705956,0.044846290935090516,-0.00917275542438456,0,1,1,1,1,1,100.0,100.0,0.0,100.0,100.0,81,4.0,4.0,0.0,4.0,4.0,81,1.3186384890168268,1.3186384890168268,0.308922797808323,0.7120806367237524,1.9100950090290312,81,2.4513213640432334,2.4513213640432334,0.3482895219172129,1.8906406266933318,3.1273297270016807,81,0.8089080293811967,0.7949763224522894,0.09826888455299249,0.5318379943918443,1.0,81,1.0083009705827928,0.922535566224743,0.3309949397890558,0.5,1.8902504458979594,81,12.016252480284676,11.565790229102468,4.320833501174404,5.164000922365894,25.905580142594584,81,13.448241715254456,13.448241715254458,1.7763568394002505e-15,13.448241715254458,13.448241715254458,81,cases/granite_sparse_favorable.yaml,granite_sparse_favorable,uncertain,sparse,favorable,high
granite_sparse_favorable,47,20,20.5,10.505770178558313,9.347421425400459,12.983773137228994,12.983773137228994,10.857381650205541,11.998993421252633,1.0334684145637267,0.35161147164722806,0.014297208016718965,0.924153040447645,-0.9847797159763605,21,100.0,100.0,100.0,99.25679098636203,99.86631885255873,0.2857142857142857,2,100.0,0.0,100.0,0,0.3,P32_derived_Jv_proxy,100.0,100.0,-0.7432090136379657,-0.13368114744126558,-0.7432090136379657,-0.13368114744126558,0.7432090136379657,0.13368114744126558,0.7432090136379657,0.13368114744126558,21,2,1,20,0.9523809523809523,0.047619047619047616,78.53981633974483,7.0,0.26738030439438415,0.2857142857142857,0.2857142857142857,0.012732395447351627,0.25464790894703254,0.034793650995657344,0.025989447161641976,0.008804203834015367,1,1,1,1,1,1,100.0,100.0,0.0,100.0,100.0,81,4.0,4.0,0.0,4.0,4.0,81,1.3448988482214383,1.3448988482214383,0.3052141220259032,0.7759917493490548,2.06888595936725,81,2.5895763003690075,2.5895763003690075,0.4468328632032281,1.7616806972468169,3.3602538427628508,81,0.7952708205609522,0.7890438151584972,0.09100439780163969,0.5883143569511564,1.0,81,1.0718930519267948,1.0797772457288954,0.2807788641735918,0.5,1.667658798918481,81,10.505770178558313,9.347421425400459,3.670800818790192,4.580397470383247,21.30987228698132,81,12.983773137228994,12.983773137228994,0.0,12.983773137228994,12.983773137228994,81,cases/granite_sparse_favorable.yaml,granite_sparse_favorable,uncertain,sparse,favorable,high
granite_sparse_favorable,47,30,30.5,10.39932432725478,9.346312569377025,11.946147269368947,11.946147269368945,11.065609779083442,13.671755884813797,1.0640700713682374,0.6662854518286618,0.026970228153153863,1.1444489655564078,1.72560861544485,18,100.0,100.0,100.0,99.8075503987354,99.73263770511747,0.5714285714285714,4,100.0,0.0,100.0,0,0.3,P32_derived_Jv_proxy,100.0,100.0,-0.19244960126459887,-0.26736229488253116,-0.19244960126459887,-0.26736229488253116,0.19244960126459887,0.26736229488253116,0.19244960126459887,0.26736229488253116,18,4,2,16,0.8888888888888888,0.1111111111111111,78.53981633974483,7.0,0.22918311805232927,0.5714285714285714,0.5714285714285714,0.025464790894703253,0.20371832715762603,0.030743329569030697,0.024155441471323313,0.006587888097707384,1,1,1,1,1,1,100.0,100.0,0.0,100.0,100.0,81,4.0,4.0,0.0,4.0,4.0,81,1.1669364155940214,1.1669364155940214,0.19300280477113274,0.7912075447443602,1.4656980089028915,81,2.4420769083145264,2.4420769083145264,0.4769469325902855,1.6740726529298309,3.4289862780751803,81,0.7873844413289043,0.7657799896578825,0.08929412439927069,0.6371549749684965,1.0,81,0.9911139555059092,0.9983837533221154,0.27417052103122,0.5,1.5806110025729119,81,10.39932432725478,9.346312569377025,3.7913253716484347,5.0291417500413695,22.436851880516716,81,11.946147269368947,11.946147269368945,1.7763568394002505e-15,11.946147269368945,11.946147269368945,81,cases/granite_sparse_favorable.yaml,granite_sparse_favorable,uncertain,sparse,favorable,high
granite_sparse_favorable,47,40,40.5,10.921097920709753,9.797307883090102,12.364186028483088,12.364186028483088,11.40708770608488,12.557646387790609,1.0445000849643093,0.4859897853751267,0.018908479643784837,1.0156468334318045,0.1934603593075206,22,100.0,100.0,100.0,99.110296665605,99.7496700527654,0.2857142857142857,2,100.0,0.0,100.0,0,0.3,P32_derived_Jv_proxy,100.0,100.0,-0.8897033343949943,-0.25032994723460433,-0.8897033343949943,-0.25032994723460433,0.8897033343949943,0.25032994723460433,0.8897033343949943,0.25032994723460433,22,2,1,21,0.9545454545454546,0.045454545454545456,78.53981633974483,7.0,0.2801126998417358,0.2857142857142857,0.2857142857142857,0.012732395447351627,0.26738030439438415,0.04611263831643453,0.07828777904859563,-0.0321751407321611,1,1,1,1,1,1,100.0,100.0,0.0,100.0,100.0,81,4.0,4.0,0.0,4.0,4.0,81,1.2917433115911143,1.2917433115911143,0.2106938388204941,0.8802980478610756,1.7953763844322206,81,2.6118648421646102,2.6118648421646102,0.602269550466151,1.4351846059436546,4.264402815833048,81,0.7972690592383376,0.7760565735779124,0.10247842924309968,0.5298984474827102,1.0,81,0.9969798289085633,0.9854340984229107,0.2974810228355977,0.5,1.7376234100160857,81,10.921097920709753,9.797307883090102,4.0042697994857726,4.988651727293884,24.07614767248383,81,12.364186028483088,12.364186028483088,0.0,12.364186028483088,12.364186028483088,81,cases/granite_sparse_favorable.yaml,granite_sparse_favorable,uncertain,sparse,favorable,high
granite_sparse_favorable,47,50,50.5,12.867251955476346,12.088128493901502,14.757261253064772,14.75726125306477,13.285741859252457,12.837447592979094,1.0325236425947188,0.41848990377611095,0.01390000486196663,0.8699071848655541,-1.919813660085678,13,100.0,100.0,100.0,100.0,99.93315942627937,0.14285714285714285,1,100.0,0.0,100.0,0,0.3,P32_derived_Jv_proxy,100.0,100.0,0.0,-0.06684057372062568,0.0,-0.06684057372062568,0.0,0.06684057372062568,0.0,0.06684057372062568,13,1,0,13,1.0,0.0,78.53981633974483,7.0,0.16552114081557115,0.14285714285714285,0.14285714285714285,0.0,0.16552114081557115,0.0325602363442723,0.07972991358950898,-0.047169677245236685,1,1,1,1,1,1,100.0,100.0,0.0,100.0,100.0,81,4.0,4.0,0.0,4.0,4.0,81,1.4639769706532801,1.4639769706532801,0.3423216875534772,0.815743208823011,1.9783864534192108,81,2.4800959770723767,2.4800959770723767,0.42338962235700933,1.4020624918373967,3.155133634265377,81,0.8011436671212637,0.8065709509784248,0.10632814008608729,0.48720500436414005,1.0,81,0.9904353285678427,0.965021836205072,0.2514883160570266,0.5,1.6537488025322318,81,12.867251955476346,12.088128493901502,4.217584444781043,5.8287344349805315,26.98631416174014,81,14.757261253064772,14.75726125306477,1.7763568394002505e-15,14.75726125306477,14.75726125306477,81,cases/granite_sparse_favorable.yaml,granite_sparse_favorable,uncertain,sparse,favorable,high
granite_sparse_favorable,47,60,60.5,11.51377065942294,10.140371385765414,13.267925858558275,13.267925858558277,9.478372069403823,13.199591288100736,0.8232205026288817,-2.035398590019117,-0.08448382183684566,0.9948496418214863,-0.0683345704575391,18,100.0,100.0,100.0,100.0,99.93315942627937,0.14285714285714285,1,100.0,0.0,100.0,0,0.3,P32_derived_Jv_proxy,100.0,100.0,0.0,-0.06684057372062568,0.0,-0.06684057372062568,0.0,0.06684057372062568,0.0,0.06684057372062568,18,1,1,17,0.9444444444444444,0.05555555555555555,78.53981633974483,7.0,0.22918311805232927,0.14285714285714285,0.14285714285714285,0.012732395447351627,0.21645072260497766,0.03706066808819797,0.032581376707795484,0.004479291380402484,1,1,1,1,1,1,100.0,100.0,0.0,100.0,100.0,81,4.0,4.0,0.0,4.0,4.0,81,1.3133689510424595,1.3133689510424595,0.3431325739374458,0.5,1.761392738851883,81,2.4747066064498893,2.4747066064498893,0.4957329211407982,1.2482827520222075,3.2870775715213196,81,0.8055026222190359,0.8233368231270509,0.09253181657882649,0.6226365094750156,0.9833824178432364,81,1.056291675092586,1.0656433780789318,0.3639442485228021,0.5,1.9858802752006142,81,11.51377065942294,10.140371385765414,4.620147972934233,5.512086975528447,23.642827984844555,81,13.267925858558275,13.267925858558277,1.7763568394002505e-15,13.267925858558277,13.267925858558277,81,cases/granite_sparse_favorable.yaml,granite_sparse_favorable,uncertain,sparse,favorable,high
granite_sparse_favorable,47,70,70.5,11.134918982839675,10.093900475202839,13.51347942014343,13.51347942014343,11.501322330181555,12.909412318920001,1.0329057937382888,0.36640334734187974,0.014060713460265495,0.9552989217326964,-0.6040671012234284,19,100.0,100.0,100.0,100.0,99.93315942627937,0.14285714285714285,1,100.0,0.1,99.99503320866597,1,0.3,P32_derived_Jv_proxy,100.0,100.0,0.0,-0.06684057372062568,0.0,-0.06684057372062568,0.0,0.06684057372062568,0.0,0.06684057372062568,19,1,0,19,1.0,0.0,78.53981633974483,7.0,0.2419155134996809,0.14285714285714285,0.14285714285714285,0.0,0.2419155134996809,0.040473166806193284,0.01238218101326194,0.028090985792931344,1,1,1,1,1,1,100.0,100.0,0.0,100.0,100.0,81,4.0,4.0,0.0,4.0,4.0,81,1.276956562089289,1.276956562089289,0.3414810590907442,0.7907907726143106,2.1498604538818857,81,2.3623755999247598,2.3623755999247598,0.3177762088074209,1.7219136783912559,3.0515563486971677,81,0.7951112059850274,0.7912591037104985,0.09887478501839339,0.4778871707931277,1.0,81,1.0543787868975942,1.0726662240570644,0.3055231633599356,0.5,1.8795831270211694,81,11.134918982839675,10.093900475202839,3.7309151975860044,5.530901669034996,20.991609757650743,81,13.51347942014343,13.51347942014343,0.0,13.51347942014343,13.51347942014343,81,cases/granite_sparse_favorable.yaml,granite_sparse_favorable,uncertain,sparse,favorable,high
granite_sparse_favorable,47,80,80.5,10.940149068727308,10.009640223784,13.060210410892166,13.060210410892168,10.21379544768628,12.87646598440023,0.9336066065939331,-0.726353621041028,-0.029836083700971017,0.9859309750217582,-0.1837444264919359,23,100.0,100.0,100.0,99.81101860123694,99.7496700527654,0.2857142857142857,2,100.0,0.0,100.0,0,0.3,P32_derived_Jv_proxy,100.0,100.0,-0.18898139876306175,-0.25032994723460433,-0.18898139876306175,-0.25032994723460433,0.18898139876306175,0.25032994723460433,0.18898139876306175,0.25032994723460433,23,2,1,22,0.9565217391304348,0.043478260869565216,78.53981633974483,7.0,0.2928450952890874,0.2857142857142857,0.2857142857142857,0.012732395447351627,0.2801126998417358,0.04435931701049223,0.06627861330748153,-0.0219192962969893,1,1,1,1,1,1,100.0,100.0,0.0,100.0,100.0,81,4.0,4.0,0.0,4.0,4.0,81,1.300623019403077,1.300623019403077,0.34972585917930993,0.6029078399557475,2.1498604538818857,81,2.4896670468615922,2.4896670468615922,0.49646122135821286,1.5349358335711574,3.281165138978997,81,0.7869883218048704,0.7987146868052973,0.10615854019025994,0.4942880289569222,1.0,81,1.024699905267018,0.9994715446461165,0.29239274319330255,0.5,2.0600190888708036,81,10.940149068727308,10.009640223784,3.698464571795718,5.317676553141033,21.708383939509094,81,13.060210410892166,13.060210410892168,1.7763568394002505e-15,13.060210410892168,13.060210410892168,81,cases/granite_sparse_favorable.yaml,granite_sparse_favorable,uncertain,sparse,favorable,high
granite_sparse_favorable,48,10,10.5,10.415547259835336,9.888807700376976,12.372724101924721,12.372724101924723,11.78809436741931,12.957837803005598,1.1317786836680988,1.3725471075839746,0.05376151001590346,1.0472906125005936,0.5851137010808767,23,100.0,100.0,100.0,100.0,99.61598890532414,0.5714285714285714,4,100.0,0.0,100.0,0,0.3,P32_derived_Jv_proxy,100.0,100.0,0.0,-0.3840110946758557,0.0,-0.3840110946758557,0.0,0.3840110946758557,0.0,0.3840110946758557,23,4,3,20,0.8695652173913043,0.13043478260869565,78.53981633974483,7.0,0.2928450952890874,0.5714285714285714,0.5714285714285714,0.03819718634205488,0.25464790894703254,0.03828996343875657,0.05484416098976541,-0.016554197551008842,1,1,1,1,1,1,100.0,100.0,0.0,100.0,100.0,81,4.0,4.0,0.0,4.0,4.0,81,1.2812646641121954,1.2812646641121954,0.2783731738512594,0.8808522543341046,1.8458173595152108,81,2.588889588010937,2.588889588010937,0.5235234919939071,1.7815709026175777,3.9723126415864867,81,0.7875461193518724,0.7820669830548206,0.10691670802820216,0.48071902895720164,1.0,81,1.0206610949738373,1.0005949930088611,0.30885139687871277,0.5,1.8149665430266715,81,10.415547259835336,9.888807700376976,3.3930434697463863,4.834867006372596,21.806351732407744,81,12.372724101924721,12.372724101924723,1.7763568394002505e-15,12.372724101924723,12.372724101924723,81,cases/granite_sparse_favorable.yaml,granite_sparse_favorable,uncertain,sparse,favorable,high
granite_sparse_favorable,48,20,20.5,11.64657144677285,11.026815639173153,13.275934393526628,13.275934393526631,11.93432301075242,13.813498049561845,1.0247069762371401,0.2877515639795707,0.010599692907004465,1.040491587266154,0.5375636560352177,24,100.0,100.0,100.0,98.2885079262496,99.43249953181018,0.7142857142857143,5,100.0,0.0,100.0,0,0.3,P32_derived_Jv_proxy,100.0,100.0,-1.7114920737504065,-0.5675004681898201,-1.7114920737504065,-0.5675004681898201,1.7114920737504065,0.5675004681898201,1.7114920737504065,0.5675004681898201,24,5,3,21,0.875,0.125,78.53981633974483,7.0,0.30557749073643903,0.7142857142857143,0.7142857142857143,0.03819718634205488,0.26738030439438415,0.03667580721003194,0.04993356670837967,-0.013257759498347732,1,1,1,1,1,1,100.0,100.0,0.0,100.0,100.0,81,4.0,4.0,0.0,4.0,4.0,81,1.2537182523115138,1.2537182523115138,0.26302688216662723,0.7335999628491435,1.7407504720716158,81,2.3608851459126465,2.3608851459126465,0.48245518774821305,1.727261327948049,3.6980162314641447,81,0.8146611604917224,0.8057933674923249,0.09921872831806995,0.5364609462276558,1.0,81,1.009229992700725,0.9931543087050523,0.28472271507375246,0.5,1.6839235638184176,81,11.64657144677285,11.026815639173153,3.8020375129880426,5.835664424377965,25.804826385634804,81,13.275934393526628,13.275934393526631,3.552713678800501e-15,13.275934393526631,13.275934393526631,81,cases/granite_sparse_favorable.yaml,granite_sparse_favorable,uncertain,sparse,favorable,high
granite_sparse_favorable,48,30,30.5,13.065094843604493,12.45388304739382,14.956199166205453,14.956199166205453,10.419985885133517,12.95668429768567,0.7975438379794245,-2.645108958470976,-0.09824543608355563,0.8663086225116725,-1.9995148685197819,16,100.0,100.0,100.0,98.57309200738858,99.61598890532414,0.5714285714285714,4,100.0,0.1,99.99503320866597,1,0.3,P32_derived_Jv_proxy,100.0,100.0,-1.4269079926114188,-0.3840110946758557,-1.4269079926114188,-0.3840110946758557,1.4269079926114188,0.3840110946758557,1.4269079926114188,0.3840110946758557,16,4,2,14,0.875,0.125,78.53981633974483,7.0,0.20371832715762603,0.5714285714285714,0.5714285714285714,0.025464790894703253,0.17825353626292278,0.032672981269199264,0.04119309203485377,-0.00852011076565451,0,1,1,1,1,1,100.0,100.0,0.0,100.0,100.0,81,4.0,4.0,0.0,4.0,4.0,81,1.3669399891600973,1.3669399891600973,0.2510724326321152,0.7365456848161991,1.7536050518715036,81,2.28490536594483,2.28490536594483,0.4616815086519042,1.5087071245181725,2.8484674442357916,81,0.8236881799105977,0.824487554205073,0.08112997677413807,0.6209282483534614,1.0,81,1.0077241836143125,1.000064816020931,0.2536195219434247,0.5037102629839664,1.5794418630247624,81,13.065094843604493,12.45388304739382,3.7667122861881186,7.078599614194147,24.83526454607344,81,14.956199166205453,14.956199166205453,0.0,14.956199166205453,14.956199166205453,81,cases/granite_sparse_favorable.yaml,granite_sparse_favorable,uncertain,sparse,favorable,high
granite_sparse_favorable,48,40,40.5,12.349764733656993,11.348237504178435,14.335382595664582,14.335382595664578,13.330750260637588,14.808666861082376,1.0794335396776507,0.9809855269805947,0.03319590814334239,1.0330151122412965,0.473284265417794,19,100.0,100.0,100.0,99.41551879493252,99.68282947904478,0.42857142857142855,3,100.0,0.0,100.0,0,0.3,P32_derived_Jv_proxy,100.0,100.0,-0.5844812050674761,-0.3171705209552158,-0.5844812050674761,-0.3171705209552158,0.5844812050674761,0.3171705209552158,0.5844812050674761,0.3171705209552158,19,3,3,16,0.8421052631578947,0.15789473684210525,78.53981633974483,7.0,0.2419155134996809,0.42857142857142855,0.42857142857142855,0.03819718634205488,0.20371832715762603,0.03905015154465752,0.03185299672026021,0.007197154824397312,1,1,1,1,1,1,100.0,100.0,0.0,100.0,100.0,81,4.0,4.0,0.0,4.0,4.0,81,1.313324472489663,1.313324472489663,0.2584666438750098,0.7599207574144314,1.9251308491922057,81,2.2903547633372012,2.2903547633372012,0.4791818610873103,1.2371662469457707,3.3040049397550093,81,0.8004156201957708,0.7917339926443703,0.11104536389192048,0.5447106566197294,1.0,81,1.0135912357751853,0.981133211571501,0.27587179029104913,0.5,1.6486961258274384,81,12.349764733656993,11.348237504178435,4.379889212040877,5.7445949450960585,26.367934474169658,81,14.335382595664582,14.335382595664578,3.552713678800501e-15,14.335382595664578,14.335382595664578,81,cases/granite_sparse_favorable.yaml,granite_sparse_favorable,uncertain,sparse,favorable,high
granite_sparse_favorable,48,50,50.5,10.388791477153712,9.841049495269218,12.510144585001706,12.510144585001704,9.592854525759234,13.38094522388818,0.9233850296114957,-0.7959369513944772,-0.03461717073118731,1.0696075599262431,0.8708006388864735,20,100.0,100.0,100.0,99.63732782811374,99.93315942627937,0.14285714285714285,1,100.0,0.1,99.99503320866597,1,0.3,P32_derived_Jv_proxy,100.0,100.0,-0.3626721718862598,-0.06684057372062568,-0.3626721718862598,-0.06684057372062568,0.3626721718862598,0.06684057372062568,0.3626721718862598,0.06684057372062568,20,1,0,20,1.0,0.0,78.53981633974483,7.0,0.25464790894703254,0.14285714285714285,0.14285714285714285,0.0,0.25464790894703254,0.0226840368784208,0.08292226760706067,-0.060238230728639874,1,1,1,1,1,1,100.0,100.0,0.0,100.0,100.0,81,4.0,4.0,0.0,4.0,4.0,81,1.2185690534836973,1.2185690534836973,0.2458534113598659,0.8530563784522615,1.964866664974899,81,2.435161810489042,2.435161810489042,0.418778941537009,1.6089501835164892,3.076750779559714,81,0.8036090976929678,0.7980159393577346,0.08949790371933214,0.5128447149712022,1.0,81,1.0604292125073718,1.0153370415711023,0.30366640902774217,0.5,2.082679152367628,81,10.388791477153712,9.841049495269218,3.6330944254584505,4.7454159044498825,20.89402998175717,81,12.510144585001706,12.510144585001704,1.7763568394002505e-15,12.510144585001704,12.510144585001704,81,cases/granite_sparse_favorable.yaml,granite_sparse_favorable,uncertain,sparse,favorable,high
granite_sparse_favorable,48,60,60.5,12.017638461106007,11.093574113819196,14.379482412294193,14.379482412294193,9.591397205684988,12.547680491030208,0.7981099811520103,-2.4262412554210186,-0.0979372578769917,0.872610023869995,-1.8318019212639847,19,100.0,100.0,100.0,99.79303656829231,99.93315942627937,0.14285714285714285,1,100.0,0.2,99.98026467728904,2,0.3,P32_derived_Jv_proxy,100.0,100.0,-0.20696343170769183,-0.06684057372062568,-0.20696343170769183,-0.06684057372062568,0.20696343170769183,0.06684057372062568,0.20696343170769183,0.06684057372062568,19,1,0,19,1.0,0.0,78.53981633974483,7.0,0.2419155134996809,0.14285714285714285,0.14285714285714285,0.0,0.2419155134996809,0.029782153535341083,0.000540039028687489,0.029242114506653594,0,1,1,1,1,1,100.0,100.0,0.0,100.0,100.0,81,4.0,4.0,0.0,4.0,4.0,81,1.3469851166418447,1.3469851166418447,0.24729190286358022,0.9117510497497051,1.840536763186817,81,2.3418525751145904,2.3418525751145904,0.3637443069075151,1.6890856686243279,3.011752183399271,81,0.7870191075962926,0.7907279909506533,0.09379029182290412,0.5058599638772637,1.0,81,1.0268729671828085,0.9824971075870756,0.29267007206574336,0.5,1.7489648712033357,81,12.017638461106007,11.093574113819196,4.006080589452994,5.806732632868003,24.673308767412795,81,14.379482412294193,14.379482412294193,0.0,14.379482412294193,14.379482412294193,81,cases/granite_sparse_favorable.yaml,granite_sparse_favorable,uncertain,sparse,favorable,high
granite_sparse_favorable,48,70,70.5,9.744222956974562,8.778481946665078,11.780602014798037,11.780602014798037,9.196305895559082,14.2702200942861,0.943770061108536,-0.5479170614154807,-0.025133803748302208,1.2113319910443257,2.4896180794880642,25,100.0,100.0,100.0,100.0,99.79947827883811,0.42857142857142855,3,100.0,0.0,100.0,0,0.3,P32_derived_Jv_proxy,100.0,100.0,0.0,-0.20052172116189126,0.0,-0.20052172116189126,0.0,0.20052172116189126,0.0,0.20052172116189126,25,3,1,24,0.96,0.04,78.53981633974483,7.0,0.3183098861837907,0.42857142857142855,0.42857142857142855,0.012732395447351627,0.30557749073643903,0.03673151660028717,0.053401417220991676,-0.016669900620704503,1,1,1,1,1,1,100.0,100.0,0.0,100.0,100.0,81,4.0,4.0,0.0,4.0,4.0,81,1.2010528337133406,1.2010528337133406,0.3347083215657543,0.5,1.834252188089097,81,2.5487934152360276,2.5487934152360276,0.4644800216875111,1.6545524499551443,3.4626095805787855,81,0.7866498877159113,0.7816879119059458,0.10077375140992606,0.5661051228465592,1.0,81,1.0397662402094812,1.048825337302501,0.3005318555970452,0.5,2.073632273561048,81,9.744222956974562,8.778481946665078,3.313923298986224,3.6356097733804016,18.117141438638537,81,11.780602014798037,11.780602014798037,0.0,11.780602014798037,11.780602014798037,81,cases/granite_sparse_favorable.yaml,granite_sparse_favorable,uncertain,sparse,favorable,high
granite_sparse_favorable,48,80,80.5,11.070022632513245,10.3648496313378,12.886113583864185,12.886113583864184,8.852820205004504,12.901643293540376,0.7997111206442613,-2.2172024275087416,-0.09706686471694026,1.0012051507675392,0.015529709676190606,21,100.0,100.0,100.0,98.45954300230312,99.33865723664779,0.7142857142857143,5,100.0,0.1,99.99503320866597,1,0.3,P32_derived_Jv_proxy,100.0,100.0,-1.5404569976968787,-0.6613427633522093,-1.5404569976968787,-0.6613427633522093,1.5404569976968787,0.6613427633522093,1.5404569976968787,0.6613427633522093,21,5,1,20,0.9523809523809523,0.047619047619047616,78.53981633974483,7.0,0.26738030439438415,0.7142857142857143,0.7142857142857143,0.012732395447351627,0.25464790894703254,0.03210624034118026,0.024735411847234046,0.007370828493946213,0,1,1,1,1,1,100.0,100.0,0.0,100.0,100.0,81,4.0,4.0,0.0,4.0,4.0,81,1.2336685717586433,1.2336685717586433,0.2111750204612143,0.8810469273856306,1.6613320314084934,81,2.3934069875486474,2.3934069875486474,0.4234110998960174,1.7558516444058285,3.2208572720748503,81,0.7973902434697542,0.7957002868520555,0.09032120288040073,0.5715826576870513,1.0,81,1.0066636378845086,0.9956263445757828,0.26787819651952116,0.5,1.6857531196525006,81,11.070022632513245,10.3648496313378,3.6764114361349467,5.248920025470324,25.772227167728367,81,12.886113583864185,12.886113583864184,1.7763568394002505e-15,12.886113583864184,12.886113583864184,81,cases/granite_sparse_favorable.yaml,granite_sparse_favorable,uncertain,sparse,favorable,high
granite_sparse_favorable,49,10,10.5,9.749274458559587,9.386816386471057,11.795487426244849,11.795487426244849,10.413790978971779,12.394576415102543,1.0681606126934673,0.6645165204121923,0.0286365597731133,1.0507896763574796,0.5990889888576945,24,100.0,100.0,100.0,100.0,99.93315942627937,0.14285714285714285,1,100.0,0.0,100.0,0,0.3,P32_derived_Jv_proxy,100.0,100.0,0.0,-0.06684057372062568,0.0,-0.06684057372062568,0.0,0.06684057372062568,0.0,0.06684057372062568,24,1,1,23,0.9583333333333334,0.041666666666666664,78.53981633974483,7.0,0.30557749073643903,0.14285714285714285,0.14285714285714285,0.012732395447351627,0.2928450952890874,0.026667725540386544,0.003304963606827638,0.023362761933558907,1,1,1,1,1,1,100.0,100.0,0.0,100.0,100.0,81,4.0,4.0,0.0,4.0,4.0,81,1.222242971772434,1.222242971772434,0.2887804905607035,0.7518734746470067,1.7895070679062859,81,2.5904884800541494,2.5904884800541494,0.46150014988033095,1.6919799995784943,3.680369649426442,81,0.8120884137393153,0.8263962332537989,0.10275519926631112,0.5561934259416487,1.0,81,1.0584977019402422,1.041526649128181,0.2810619135789203,0.5,1.7948564452614986,81,9.749274458559587,9.386816386471057,3.087682500023804,4.664239277270891,21.53370520286719,81,11.795487426244849,11.795487426244849,0.0,11.795487426244849,11.795487426244849,81,cases/granite_sparse_favorable.yaml,granite_sparse_favorable,uncertain,sparse,favorable,high
granite_sparse_favorable,49,20,20.5,10.16679674767469,9.246678780281862,11.875632063575082,11.875632063575086,13.240954898182565,13.0,1.3023723427156135,3.074158150507875,0.11473516493031477,1.0946785762985682,1.1243679364249175,24,100.0,100.0,100.0,100.0,100.0,0.0,0,100.0,0.0,100.0,0,0.3,P32_derived_Jv_proxy,100.0,100.0,0.0,0.0,0.0,0.0,0.0,0.0,0.0,0.0,24,0,0,24,1.0,0.0,78.53981633974483,7.0,0.30557749073643903,0.0,0.0,0.0,0.30557749073643903,0.04710787636490199,0.0,0.04710787636490199,0,1,1,1,1,1,100.0,100.0,0.0,100.0,100.0,81,4.0,4.0,0.0,4.0,4.0,81,1.2456711371381448,1.2456711371381448,0.2973067492293403,0.8235046198743323,1.9300760423164625,81,2.622325974881928,2.622325974881928,0.4837395037881649,1.862461481275405,3.664309180238576,81,0.8026806372678075,0.8033954083239402,0.09584258282879426,0.6100266111428901,1.0,81,1.0182730122477035,0.9792060697134359,0.28131329178959874,0.5,1.6351497209584223,81,10.16679674767469,9.246678780281862,3.4065354948762185,5.344189436051973,22.485083018920967,81,11.875632063575082,11.875632063575086,3.552713678800501e-15,11.875632063575086,11.875632063575086,81,cases/granite_sparse_favorable.yaml,granite_sparse_favorable,uncertain,sparse,favorable,high
granite_sparse_favorable,49,30,30.5,10.356022255460909,9.861823855163987,12.773327582891476,12.773327582891476,13.702808268896309,14.044259931995967,1.3231729259437022,3.3467860134354,0.12161660599811319,1.0994989238987944,1.2709323491044913,24,100.0,100.0,100.0,100.0,99.93315942627937,0.14285714285714285,1,100.0,0.0,100.0,0,0.3,P32_derived_Jv_proxy,100.0,100.0,0.0,-0.06684057372062568,0.0,-0.06684057372062568,0.0,0.06684057372062568,0.0,0.06684057372062568,24,1,0,24,1.0,0.0,78.53981633974483,7.0,0.30557749073643903,0.14285714285714285,0.14285714285714285,0.0,0.30557749073643903,0.037104078955428776,0.02335203387097684,0.013752045084451936,0,1,1,1,1,1,100.0,100.0,0.0,100.0,100.0,81,4.0,4.0,0.0,4.0,4.0,81,1.301708857166557,1.301708857166557,0.29305543907242126,0.8474908373681085,1.9081855893213224,81,2.5477089832685,2.5477089832685,0.5012706159133826,1.4518193862101303,3.4664624848382424,81,0.8059181062213961,0.8067780888304694,0.09760486076169199,0.5334840383219855,1.0,81,1.0781340564538626,1.0756367145839782,0.28601625896325994,0.5,1.8009480701978726,81,10.356022255460909,9.861823855163987,3.5089527990850717,4.976835628388937,23.68041900836123,81,12.773327582891476,12.773327582891476,0.0,12.773327582891476,12.773327582891476,81,cases/granite_sparse_favorable.yaml,granite_sparse_favorable,uncertain,sparse,favorable,high
granite_sparse_favorable,49,40,40.5,11.761558331074852,11.203795043915413,13.906412820658726,13.906412820658726,11.03230636461831,13.0,0.9379969944518486,-0.7292519664565411,-0.027798553193503217,0.934820515373152,-0.9064128206587263,20,100.0,100.0,100.0,100.0,100.0,0.0,0,100.0,0.1,99.99503320866597,1,0.3,P32_derived_Jv_proxy,100.0,100.0,0.0,0.0,0.0,0.0,0.0,0.0,0.0,0.0,20,0,0,20,1.0,0.0,78.53981633974483,7.0,0.25464790894703254,0.0,0.0,0.0,0.25464790894703254,0.027548219197578105,0.0,0.027548219197578105,1,1,1,1,1,1,100.0,100.0,0.0,100.0,100.0,81,4.0,4.0,0.0,4.0,4.0,81,1.3660378270794713,1.3660378270794713,0.296437620322715,0.8428480472369844,2.0296413544691965,81,2.4557695875570236,2.4557695875570236,0.524762987009621,1.533716269807471,3.722701690759422,81,0.8078007719868309,0.8038118371455693,0.10780495577246738,0.43378714797851214,1.0,81,1.0281099087018273,1.0352591536118272,0.2803522715671556,0.5588251103462913,1.7410191032665125,81,11.761558331074852,11.203795043915413,3.6364854786345924,5.586724429106243,21.310665985526192,81,13.906412820658726,13.906412820658726,0.0,13.906412820658726,13.906412820658726,81,cases/granite_sparse_favorable.yaml,granite_sparse_favorable,uncertain,sparse,favorable,high
granite_sparse_favorable,49,50,50.5,11.35620077384807,10.652272514881965,13.215653852073356,13.215653852073354,11.32687216416131,13.0,0.9974173924650663,-0.02932860968675932,-0.00112306304191101,0.983681938518727,-0.21565385207335552,22,100.0,100.0,100.0,100.0,100.0,0.0,0,100.0,0.0,100.0,0,0.3,P32_derived_Jv_proxy,100.0,100.0,0.0,0.0,0.0,0.0,0.0,0.0,0.0,0.0,22,0,0,22,1.0,0.0,78.53981633974483,7.0,0.2801126998417358,0.0,0.0,0.0,0.2801126998417358,0.036569641714317425,0.0,0.036569641714317425,1,1,1,1,1,1,100.0,100.0,0.0,100.0,100.0,81,4.0,4.0,0.0,4.0,4.0,81,1.1930845905214704,1.1930845905214704,0.3220261305662947,0.5,1.6793902149028006,81,2.2569533900403496,2.2569533900403496,0.4156704231217271,1.4938973337344368,2.902958286438819,81,0.798102691007179,0.8116350744354175,0.0959528741109582,0.5233562620188199,1.0,81,1.0140491393403188,0.9883664598149039,0.27999222552958714,0.5,1.6671270713542141,81,11.35620077384807,10.652272514881965,3.819639054940997,5.395392984700719,22.155613221492516,81,13.215653852073356,13.215653852073354,1.7763568394002505e-15,13.215653852073354,13.215653852073354,81,cases/granite_sparse_favorable.yaml,granite_sparse_favorable,uncertain,sparse,favorable,high
granite_sparse_favorable,49,60,60.5,11.62048520389451,10.546251014086018,13.089732922218555,13.089732922218552,10.32239431845878,12.989756388269026,0.8882928842764082,-1.2980908854357303,-0.05144381681917998,0.9923622174307446,-0.09997653394952977,14,100.0,100.0,100.0,100.0,99.93315942627937,0.14285714285714285,1,100.0,0.0,100.0,0,0.3,P32_derived_Jv_proxy,100.0,100.0,0.0,-0.06684057372062568,0.0,-0.06684057372062568,0.0,0.06684057372062568,0.0,0.06684057372062568,14,1,1,13,0.9285714285714286,0.07142857142857142,78.53981633974483,7.0,0.17825353626292278,0.14285714285714285,0.14285714285714285,0.012732395447351627,0.16552114081557115,0.03390696320996012,0.02995560335443148,0.0039513598555286356,1,1,1,1,1,1,100.0,100.0,0.0,100.0,100.0,81,4.0,4.0,0.0,4.0,4.0,81,1.3323813242141067,1.3323813242141067,0.21939770196150202,0.9964911884136496,1.7528710256119007,81,2.54470685561605,2.54470685561605,0.4715482345374448,1.6080878617907717,3.307246010138472,81,0.8158225379379701,0.8253953465711736,0.09598350343512235,0.5449674353041102,1.0,81,1.0148003335866194,1.0321918656560003,0.2930315213963172,0.5,1.690232887708877,81,11.62048520389451,10.546251014086018,4.346427543407726,5.488550190927067,25.0424144792521,81,13.089732922218555,13.089732922218552,3.552713678800501e-15,13.089732922218552,13.089732922218552,81,cases/granite_sparse_favorable.yaml,granite_sparse_favorable,uncertain,sparse,favorable,high
granite_sparse_favorable,49,70,70.5,12.038122985286403,11.26185197959753,13.166153661796447,13.166153661796448,13.091608100805123,13.0,1.0875124067768989,1.0534851155187201,0.03643422026024723,0.9873802428511399,-0.16615366179644653,20,100.0,100.0,100.0,100.0,100.0,0.0,0,100.0,0.0,100.0,0,0.3,P32_derived_Jv_proxy,100.0,100.0,0.0,0.0,0.0,0.0,0.0,0.0,0.0,0.0,20,0,0,20,1.0,0.0,78.53981633974483,7.0,0.25464790894703254,0.0,0.0,0.0,0.25464790894703254,0.043093935901328706,0.0,0.043093935901328706,1,1,1,1,1,1,100.0,100.0,0.0,100.0,100.0,81,4.0,4.0,0.0,4.0,4.0,81,1.3053343921958656,1.3053343921958656,0.2357568496562711,0.7862279356276526,1.6379825459955462,81,2.4785795945544207,2.4785795945544207,0.5178609503216396,1.468158002086637,3.571624611678682,81,0.8047353331915218,0.8013749957062574,0.09427592358966462,0.5571607811470304,1.0,81,0.9530808022619482,0.9240469948446344,0.259513988253164,0.5,1.5148708932821469,81,12.038122985286403,11.26185197959753,3.909929655069552,6.076542287091007,23.497293088610604,81,13.166153661796447,13.166153661796448,1.7763568394002505e-15,13.166153661796448,13.166153661796448,81,cases/granite_sparse_favorable.yaml,granite_sparse_favorable,uncertain,sparse,favorable,high
granite_sparse_favorable,49,80,80.5,10.853183133720261,10.000177641482649,12.768050171699983,12.768050171699985,10.734863158961499,13.0,0.9890981315526549,-0.11831997475876221,-0.004760618536677086,1.0181664251926366,0.2319498283000172,18,100.0,100.0,100.0,100.0,100.0,0.0,0,100.0,0.0,100.0,0,0.3,P32_derived_Jv_proxy,100.0,100.0,0.0,0.0,0.0,0.0,0.0,0.0,0.0,0.0,18,0,0,18,1.0,0.0,78.53981633974483,7.0,0.22918311805232927,0.0,0.0,0.0,0.22918311805232927,0.03515806962673429,0.0,0.03515806962673429,1,1,1,1,1,1,100.0,100.0,0.0,100.0,100.0,81,4.0,4.0,0.0,4.0,4.0,81,1.305853138430294,1.305853138430294,0.3088464570950605,0.7119302764070174,1.806108393451957,81,2.5568765803503024,2.5568765803503024,0.6323199374247415,1.4091151006364433,3.7767443147043993,81,0.7936181600077753,0.7955307687519819,0.1017476596307102,0.5886710297266916,1.0,81,1.0098610894183522,1.0249860229469183,0.2660035296284057,0.5,1.6155016396162434,81,10.853183133720261,10.000177641482649,3.601371126999627,5.700037253802216,23.68678960590152,81,12.768050171699983,12.768050171699985,1.7763568394002505e-15,12.768050171699985,12.768050171699985,81,cases/granite_sparse_favorable.yaml,granite_sparse_favorable,uncertain,sparse,favorable,high
granite_sparse_favorable,50,10,10.5,11.751308576606169,10.511579128996697,13.639469564604413,13.639469564604411,7.755344177862747,11.412658014565233,0.6599557936297955,-3.995964398743422,-0.18048515419393085,0.8367376722759112,-2.22681155003918,19,100.0,100.0,100.0,98.58671550456782,99.61598890532413,0.5714285714285714,4,100.0,0.0,100.0,0,0.3,P32_derived_Jv_proxy,100.0,100.0,-1.4132844954321797,-0.3840110946758699,-1.4132844954321797,-0.3840110946758699,1.4132844954321797,0.3840110946758699,1.4132844954321797,0.3840110946758699,19,4,1,18,0.9473684210526315,0.05263157894736842,78.53981633974483,7.0,0.2419155134996809,0.5714285714285714,0.5714285714285714,0.012732395447351627,0.22918311805232927,0.034265568817920755,0.023075710977738195,0.01118985784018256,0,0,1,1,1,1,100.0,100.0,0.0,100.0,100.0,81,4.0,4.0,0.0,4.0,4.0,81,1.2536414044393263,1.2536414044393263,0.2956583430201905,0.8534119486628954,1.8789614234688643,81,2.297819204957634,2.297819204957634,0.3741383297201416,1.7350575699402984,3.44888047402127,81,0.7955343864600936,0.7809868200684269,0.09177243480029444,0.5537817811934956,0.9840822758677985,81,1.0213685082062083,1.0395604635837303,0.330128132818617,0.5,1.8644055566427016,81,11.751308576606169,10.511579128996697,3.919590192174186,5.9571539714451305,22.303560563123252,81,13.639469564604413,13.639469564604411,1.7763568394002505e-15,13.639469564604411,13.639469564604411,81,cases/granite_sparse_favorable.yaml,granite_sparse_favorable,uncertain,sparse,favorable,high
granite_sparse_favorable,50,20,20.5,12.462746468563868,12.353396436540429,14.375807282528827,14.375807282528827,10.782640807871056,13.496836876017097,0.8651897745869481,-1.6801056606928118,-0.06288862199612932,0.9388576662696391,-0.8789704065117299,23,100.0,100.0,100.0,98.5952915802131,99.93315942627937,0.14285714285714285,1,100.0,0.0,100.0,0,0.3,P32_derived_Jv_proxy,100.0,100.0,-1.4047084197868998,-0.06684057372062568,-1.4047084197868998,-0.06684057372062568,1.4047084197868998,0.06684057372062568,1.4047084197868998,0.06684057372062568,23,1,0,23,1.0,0.0,78.53981633974483,7.0,0.2928450952890874,0.14285714285714285,0.14285714285714285,0.0,0.2928450952890874,0.04012810831991909,0.00540982741615903,0.03471828090376006,1,1,1,1,1,1,100.0,100.0,0.0,100.0,100.0,81,4.0,4.0,0.0,4.0,4.0,81,1.3543386576952674,1.3543386576952674,0.302906740263199,0.8783288730023615,1.997187647020506,81,2.3552393112232717,2.3552393112232717,0.3327322585224594,1.6164179149271494,3.242691890887847,81,0.7933618928165986,0.7918102767390782,0.11005258019205046,0.5248795410418331,1.0,81,0.9900331527042265,0.9735808827074941,0.2853629792595352,0.5,1.8140894592506938,81,12.462746468563868,12.353396436540429,3.819008203615711,6.049672210086247,23.031338526684667,81,14.375807282528827,14.375807282528827,0.0,14.375807282528827,14.375807282528827,81,cases/granite_sparse_favorable.yaml,granite_sparse_favorable,uncertain,sparse,favorable,high
granite_sparse_favorable,50,30,30.5,10.878792887766439,10.159249779754981,12.767473621766163,12.767473621766165,10.57860802678168,14.19705165917989,0.9724064182412806,-0.30018486098475883,-0.012152183315361054,1.1119703145481,1.4295780374137266,19,100.0,100.0,100.0,100.0,99.86631885255873,0.2857142857142857,2,100.0,0.0,100.0,0,0.3,P32_derived_Jv_proxy,100.0,100.0,0.0,-0.13368114744126558,0.0,-0.13368114744126558,0.0,0.13368114744126558,0.0,0.13368114744126558,19,2,1,18,0.9473684210526315,0.05263157894736842,78.53981633974483,7.0,0.2419155134996809,0.2857142857142857,0.2857142857142857,0.012732395447351627,0.22918311805232927,0.041971727461270425,0.04063854305670478,0.001333184404565646,1,1,1,1,1,1,100.0,100.0,0.0,100.0,100.0,81,4.0,4.0,0.0,4.0,4.0,81,1.260286227984973,1.260286227984973,0.2719344933109218,0.7468911839884558,1.6745452545597883,81,2.4677674403736765,2.4677674403736765,0.5263428993281406,1.6085394355323794,3.3915904711402094,81,0.7872961158187808,0.7972223219889195,0.10384230147324675,0.5615071323303882,1.0,81,1.0167259208804145,1.018968127164253,0.2896808416069519,0.5,1.9387880917179439,81,10.878792887766439,10.159249779754981,4.151572547189119,4.9101813855213505,24.37349693224145,81,12.767473621766163,12.767473621766165,1.7763568394002505e-15,12.767473621766165,12.767473621766165,81,cases/granite_sparse_favorable.yaml,granite_sparse_favorable,uncertain,sparse,favorable,high
granite_sparse_favorable,50,40,40.5,10.940090756578385,9.867290702477309,13.413352018866352,13.41335201886635,12.897828553702594,13.0,1.1789507820990426,1.9577377971242083,0.07149567489240449,0.9691835405285004,-0.41335201886635176,24,100.0,100.0,100.0,100.0,100.0,0.0,0,100.0,0.0,100.0,0,0.3,P32_derived_Jv_proxy,100.0,100.0,0.0,0.0,0.0,0.0,0.0,0.0,0.0,0.0,24,0,0,24,1.0,0.0,78.53981633974483,7.0,0.30557749073643903,0.0,0.0,0.0,0.30557749073643903,0.028069648039129702,0.0,0.028069648039129702,1,1,1,1,1,1,100.0,100.0,0.0,100.0,100.0,81,4.0,4.0,0.0,4.0,4.0,81,1.3516779760349822,1.3516779760349822,0.33520491325926394,0.74640175783575,2.1737940717888162,81,2.5192770124384265,2.5192770124384265,0.590210652441045,0.9791846720780464,3.6882535781560373,81,0.7892632851811698,0.7904588545357104,0.09678555341746373,0.5450880953344516,1.0,81,1.0582551932642357,1.0546872355950234,0.3003887592593481,0.5,1.8401142922808147,81,10.940090756578385,9.867290702477309,3.749358974068282,4.993184640539881,22.45672313747689,81,13.413352018866352,13.41335201886635,1.7763568394002505e-15,13.41335201886635,13.41335201886635,81,cases/granite_sparse_favorable.yaml,granite_sparse_favorable,uncertain,sparse,favorable,high
granite_sparse_favorable,50,50,50.5,10.539756069759388,9.528903494648821,12.81301796853762,12.813017968537618,9.811438897419409,12.296949516350367,0.9308980997738967,-0.7283171723399793,-0.031097856213040842,0.9597231149246446,-0.5160684521872536,23,100.0,100.0,100.0,100.0,99.93315942627937,0.14285714285714285,1,100.0,0.0,100.0,0,0.3,P32_derived_Jv_proxy,100.0,100.0,0.0,-0.06684057372062568,0.0,-0.06684057372062568,0.0,0.06684057372062568,0.0,0.06684057372062568,23,1,0,23,1.0,0.0,78.53981633974483,7.0,0.2928450952890874,0.14285714285714285,0.14285714285714285,0.0,0.2928450952890874,0.03776610380645884,0.05999001364507017,-0.022223909838611333,1,1,1,1,1,1,100.0,100.0,0.0,100.0,100.0,81,4.0,4.0,0.0,4.0,4.0,81,1.2992022395991358,1.2992022395991358,0.22754322275064975,0.8633255148721956,1.8097626951646808,81,2.534926281203477,2.534926281203477,0.49527405247782963,1.8204886724057157,3.7082857986316236,81,0.7893542837799735,0.7914503017375882,0.09093508364992649,0.5214981345946683,1.0,81,1.0636705114418306,1.0421842854706984,0.3342966007719294,0.5,1.9263354491396614,81,10.539756069759388,9.528903494648821,3.8118199051217165,4.590358558927638,22.744284287578687,81,12.81301796853762,12.813017968537618,1.7763568394002505e-15,12.813017968537618,12.813017968537618,81,cases/granite_sparse_favorable.yaml,granite_sparse_favorable,uncertain,sparse,favorable,high
granite_sparse_favorable,50,60,60.5,10.853813817228712,10.37656470529392,13.614803786265501,13.614803786265501,11.840555530148551,12.133002149374764,1.0909119807595689,0.986741712919839,0.037789711346815746,0.8911624684311965,-1.4818016368907365,20,99.70692967159603,99.70692967159603,99.70692967159603,99.37525704788176,99.86631885255873,0.2857142857142857,2,99.70692967159603,0.1,99.99503320866597,1,0.3,P32_derived_Jv_proxy,100.0,99.70692967159603,-0.33167262371426887,0.15938918096270527,-0.6247429521182397,-0.13368114744126558,0.33167262371426887,0.15938918096270527,0.6247429521182397,0.13368114744126558,20,2,1,19,0.95,0.05,78.53981633974483,7.0,0.25464790894703254,0.2857142857142857,0.2857142857142857,0.012732395447351627,0.2419155134996809,0.030041093649574746,0.04700374332675539,-0.01696264967718064,1,1,1,1,1,1,99.70692967159603,99.70692967159603,0.0,99.70692967159603,99.70692967159603,81,4.0,4.0,0.0,4.0,4.0,81,1.396399815775517,1.396399815775517,0.3241376698585288,0.8710741421347437,2.077097087924979,81,2.556605670024674,2.556605670024674,0.5037842958561077,1.2798172914240273,3.4767329528883026,81,0.7874601381764889,0.7843495387742621,0.09695425210959312,0.5481788268996802,1.0,81,1.055896049145417,1.0567827711880764,0.262994875293279,0.5,1.7275956147172196,81,10.853813817228712,10.37656470529392,3.2687870340245224,6.2082357399744215,20.745015129202383,81,13.614803786265501,13.614803786265501,0.0,13.614803786265501,13.614803786265501,81,cases/granite_sparse_favorable.yaml,granite_sparse_favorable,uncertain,sparse,favorable,high
granite_sparse_favorable,50,70,70.5,10.901980383153846,10.69838167233849,12.786102331347141,12.786102331347141,13.176752316603908,12.858580025836167,1.2086567626708562,2.2747719334500616,0.08230298635117439,1.0056684744585014,0.07247769448902552,23,100.0,100.0,100.0,98.91983685258465,99.79947827883811,0.42857142857142855,3,100.0,0.0,100.0,0,0.3,P32_derived_Jv_proxy,100.0,100.0,-1.0801631474153481,-0.20052172116189126,-1.0801631474153481,-0.20052172116189126,1.0801631474153481,0.20052172116189126,1.0801631474153481,0.20052172116189126,23,3,2,21,0.9130434782608695,0.08695652173913043,78.53981633974483,7.0,0.2928450952890874,0.42857142857142855,0.42857142857142855,0.025464790894703253,0.26738030439438415,0.04993239989337428,0.06366221052193621,-0.013729810628561934,1,1,1,1,1,1,100.0,100.0,0.0,100.0,100.0,81,4.0,4.0,0.0,4.0,4.0,81,1.3199916958291509,1.3199916958291509,0.24958541748048885,0.8746276558600324,1.804169287601412,81,2.580911018897807,2.580911018897807,0.4184099564444832,1.9533774149571583,3.3180645169277767,81,0.7906703835997104,0.8031802299317032,0.09232205502845092,0.5855439423010901,1.0,81,1.005069477355901,1.0085529256467987,0.28649813452047623,0.5,1.766908609332754,81,10.901980383153846,10.69838167233849,3.3050027387174903,4.892200711648843,19.015676754113702,81,12.786102331347141,12.786102331347141,0.0,12.786102331347141,12.786102331347141,81,cases/granite_sparse_favorable.yaml,granite_sparse_favorable,uncertain,sparse,favorable,high
granite_sparse_favorable,50,80,80.5,13.33745245622882,12.291313336936321,15.204248506677333,15.204248506677335,11.347835609205879,12.96284127808747,0.8508248217901795,-1.9896168470229423,-0.07015984856566737,0.8525802029869815,-2.2414072285898623,17,100.0,100.0,100.0,100.0,99.86631885255873,0.2857142857142857,2,100.0,0.0,100.0,0,0.3,P32_derived_Jv_proxy,100.0,100.0,0.0,-0.13368114744126558,0.0,-0.13368114744126558,0.0,0.13368114744126558,0.0,0.13368114744126558,17,2,2,15,0.8823529411764706,0.11764705882352941,78.53981633974483,7.0,0.21645072260497766,0.2857142857142857,0.2857142857142857,0.025464790894703253,0.1909859317102744,0.028355598912142677,0.04510342633430242,-0.016747827422159745,1,1,1,1,1,1,100.0,100.0,0.0,100.0,100.0,81,4.0,4.0,0.0,4.0,4.0,81,1.4068706969838671,1.4068706969838671,0.36503929375183974,0.7142210468392197,1.925960701705631,81,2.313285487878608,2.313285487878608,0.46999437775268293,1.5706067184075403,3.2008069702808104,81,0.7938390319979844,0.7991128798108118,0.10819846485450738,0.5738170559431729,1.0,81,1.0118141904934224,1.0057213680815007,0.3164670787012683,0.5,1.8821514771085883,81,13.33745245622882,12.291313336936321,5.203618685991067,5.846219559727273,28.4284040148404,81,15.204248506677333,15.204248506677335,1.7763568394002505e-15,15.204248506677335,15.204248506677335,81,cases/granite_sparse_favorable.yaml,granite_sparse_favorable,uncertain,sparse,favorable,high
granite_sparse_favorable,51,10,10.5,11.282605226127767,10.304967453878533,12.274498455209853,12.274498455209853,16.24477854893912,12.74976633567117,1.4398074047047367,4.962173322811353,0.15830440274249558,1.0387199429936456,0.47526788046131685,12,100.0,100.0,100.0,99.08364211811131,99.93315942627937,0.14285714285714285,1,100.0,0.0,100.0,0,0.3,P32_derived_Jv_proxy,100.0,100.0,-0.9163578818886862,-0.06684057372062568,-0.9163578818886862,-0.06684057372062568,0.9163578818886862,0.06684057372062568,0.9163578818886862,0.06684057372062568,12,1,0,12,1.0,0.0,78.53981633974483,7.0,0.15278874536821951,0.14285714285714285,0.14285714285714285,0.0,0.15278874536821951,0.03198798437997852,0.023534528836861357,0.008453455543117161,0,1,1,1,1,1,100.0,100.0,0.0,100.0,100.0,81,4.0,4.0,0.0,4.0,4.0,81,1.2477049481106244,1.2477049481106244,0.23135600534908768,0.8969566790642545,1.649345477111341,81,2.541254440382128,2.541254440382128,0.335563157296282,1.9932097414538144,3.316275496884162,81,0.8069341623113596,0.8050898115906931,0.09220232731602251,0.5303740571999812,1.0,81,0.9772009866085334,0.9338746072220193,0.3038260494765155,0.5,1.6612061864765497,81,11.282605226127767,10.304967453878533,4.186477449672886,5.717494331756901,23.989956616180375,81,12.274498455209853,12.274498455209853,0.0,12.274498455209853,12.274498455209853,81,cases/granite_sparse_favorable.yaml,granite_sparse_favorable,uncertain,sparse,favorable,high
granite_sparse_favorable,51,20,20.5,11.831957147580201,10.486813637018757,12.905021821449285,12.905021821449289,13.793181002989533,13.0,1.165756504266112,1.9612238554093313,0.06660784725241498,1.0073597844207325,0.09497817855071489,20,100.0,100.0,100.0,100.0,100.0,0.0,0,100.0,0.0,100.0,0,0.3,P32_derived_Jv_proxy,100.0,100.0,0.0,0.0,0.0,0.0,0.0,0.0,0.0,0.0,20,0,0,20,1.0,0.0,78.53981633974483,7.0,0.25464790894703254,0.0,0.0,0.0,0.25464790894703254,0.041921680082814605,0.0,0.041921680082814605,1,1,1,1,1,1,100.0,100.0,0.0,100.0,100.0,81,4.0,4.0,0.0,4.0,4.0,81,1.3242385587677652,1.3242385587677652,0.24253274414209103,0.9768649535980871,1.827267873817073,81,2.5653551328498403,2.5653551328498403,0.3366733451544286,1.6499091394968535,3.154614803834056,81,0.815941136305098,0.8072649511295511,0.10039738939437683,0.5145903613530548,1.0,81,0.9912417643209227,1.0167203311381006,0.29466277594248785,0.5,1.670831042112046,81,11.831957147580201,10.486813637018757,4.477225332558844,4.396246853419514,25.810043642898577,81,12.905021821449285,12.905021821449289,3.552713678800501e-15,12.905021821449289,12.905021821449289,81,cases/granite_sparse_favorable.yaml,granite_sparse_favorable,uncertain,sparse,favorable,high
granite_sparse_favorable,51,30,30.5,10.451085518917383,9.986239277197637,12.678876120209267,12.678876120209265,12.34451170088808,13.54850453180684,1.1811702888224798,1.893426181970698,0.07231251417965368,1.0685887616025718,0.8696284115975725,13,100.0,100.0,100.0,100.0,99.93315942627937,0.14285714285714285,1,100.0,0.0,100.0,0,0.3,P32_derived_Jv_proxy,100.0,100.0,0.0,-0.06684057372062568,0.0,-0.06684057372062568,0.0,0.06684057372062568,0.0,0.06684057372062568,13,1,0,13,1.0,0.0,78.53981633974483,7.0,0.16552114081557115,0.14285714285714285,0.14285714285714285,0.0,0.16552114081557115,0.03988155877428645,0.06020846890011955,-0.020326910125833098,1,1,1,1,1,1,100.0,100.0,0.0,100.0,100.0,81,4.0,4.0,0.0,4.0,4.0,81,1.17066527004264,1.17066527004264,0.2885052042586281,0.5231925855919038,1.7837931150526674,81,2.308298580535619,2.308298580535619,0.5752351717298385,1.3090098372844197,3.240902632075567,81,0.7858091298014285,0.7845142905262456,0.08985074709213502,0.5715791235736324,1.0,81,1.0310814505311707,1.0169442276015848,0.2911337577769954,0.5,1.9044562340043607,81,10.451085518917383,9.986239277197637,3.130036435866027,4.544131379051206,19.1509563545594,81,12.678876120209267,12.678876120209265,1.7763568394002505e-15,12.678876120209265,12.678876120209265,81,cases/granite_sparse_favorable.yaml,granite_sparse_favorable,uncertain,sparse,favorable,high
granite_sparse_favorable,51,40,40.5,10.869845676159887,9.685421170447972,12.998959152294457,12.998959152294459,13.632783374991108,11.625397487117217,1.25418370979185,2.7629376988312213,0.09836115555792935,0.8943329501166414,-1.37356166517724,17,100.0,100.0,100.0,99.40497041333882,99.86631885255873,0.2857142857142857,2,100.0,0.0,100.0,0,0.3,P32_derived_Jv_proxy,100.0,100.0,-0.5950295866611839,-0.13368114744126558,-0.5950295866611839,-0.13368114744126558,0.5950295866611839,0.13368114744126558,0.5950295866611839,0.13368114744126558,17,2,1,16,0.9411764705882353,0.058823529411764705,78.53981633974483,7.0,0.21645072260497766,0.2857142857142857,0.2857142857142857,0.012732395447351627,0.20371832715762603,0.03333605000581774,0.043335428459501446,-0.009999378453683705,0,1,1,1,1,1,100.0,100.0,0.0,100.0,100.0,81,4.0,4.0,0.0,4.0,4.0,81,1.3069751154844043,1.3069751154844043,0.22575750493881655,0.8259041580613949,1.720592770258155,81,2.5136149367268934,2.5136149367268934,0.45690822681384374,1.6136661593163746,3.541790113236475,81,0.807218682264119,0.789772509678702,0.10283430440142691,0.5538072656124634,1.0,81,1.0463773473319053,1.0966182589559417,0.2587405606464073,0.5,1.6718416434034427,81,10.869845676159887,9.685421170447972,3.897405313236173,5.351882462102496,23.931617861588272,81,12.998959152294457,12.998959152294459,1.7763568394002505e-15,12.998959152294459,12.998959152294459,81,cases/granite_sparse_favorable.yaml,granite_sparse_favorable,uncertain,sparse,favorable,high
granite_sparse_favorable,51,50,50.5,10.619685760013292,9.975202832544149,12.7556080405906,12.7556080405906,7.760086111393988,12.614808025264221,0.7307265287089131,-2.8595996486193043,-0.13624512549623213,0.9889617166913307,-0.14080001532637887,26,100.0,100.0,100.0,98.85203339801436,99.86631885255873,0.2857142857142857,2,100.0,0.0,100.0,0,0.3,P32_derived_Jv_proxy,100.0,100.0,-1.1479666019856438,-0.13368114744126558,-1.1479666019856438,-0.13368114744126558,1.1479666019856438,0.13368114744126558,1.1479666019856438,0.13368114744126558,26,2,1,25,0.9615384615384616,0.038461538461538464,78.53981633974483,7.0,0.3310422816311423,0.2857142857142857,0.2857142857142857,0.012732395447351627,0.3183098861837907,0.03665047224747364,0.039870891715693135,-0.003220419468219493,0,1,1,1,1,1,100.0,100.0,0.0,100.0,100.0,81,4.0,4.0,0.0,4.0,4.0,81,1.298834221427981,1.298834221427981,0.28366149184794365,0.7862776078066431,1.7936500110721867,81,2.545614088514756,2.545614088514756,0.4538681507082953,1.869556938729179,3.59813886316053,81,0.7970853688359029,0.7941504334039503,0.09886732986393418,0.536069052069871,1.0,81,1.0434167522196485,1.0320528664875812,0.29676652321174823,0.5,1.9662893953373841,81,10.619685760013292,9.975202832544149,3.4769380101999237,4.844565086807333,21.766349629726466,81,12.7556080405906,12.7556080405906,0.0,12.7556080405906,12.7556080405906,81,cases/granite_sparse_favorable.yaml,granite_sparse_favorable,uncertain,sparse,favorable,high
granite_sparse_favorable,51,60,60.5,11.46129493756488,10.894633617401185,13.49816924329782,13.498169243297822,18.98309428454317,13.763188655399116,1.6562783165386727,7.521799346978291,0.2191333162537843,1.0196337301247638,0.26501941210129587,26,100.0,100.0,100.0,100.0,99.7496700527654,0.2857142857142857,2,100.0,0.0,100.0,0,0.3,P32_derived_Jv_proxy,100.0,100.0,0.0,-0.25032994723460433,0.0,-0.25032994723460433,0.0,0.25032994723460433,0.0,0.25032994723460433,26,2,1,25,0.9615384615384616,0.038461538461538464,78.53981633974483,7.0,0.3310422816311423,0.2857142857142857,0.2857142857142857,0.012732395447351627,0.3183098861837907,0.03376732825435502,0.06180610134734432,-0.0280387730929893,0,0,1,1,1,1,100.0,100.0,0.0,100.0,100.0,81,4.0,4.0,0.0,4.0,4.0,81,1.323601129265359,1.323601129265359,0.25224236493246427,0.9103015567721926,1.8393962711937506,81,2.4514456468282915,2.4514456468282915,0.5538709768004015,1.2837076940758376,3.4407169577729615,81,0.8131424001623218,0.818556709405455,0.09702222170858028,0.5086314498032902,1.0,81,1.0559840633695008,1.0668078586324339,0.31574060399209253,0.5,1.689659858254578,81,11.46129493756488,10.894633617401185,4.024722201552571,5.471308775118278,23.689161091913313,81,13.49816924329782,13.498169243297822,1.7763568394002505e-15,13.498169243297822,13.498169243297822,81,cases/granite_sparse_favorable.yaml,granite_sparse_favorable,uncertain,sparse,favorable,high
granite_sparse_favorable,51,70,70.5,10.412212702609068,9.055081849793556,11.426333986976815,11.426333986976815,11.623173278261378,13.773504728250616,1.1163019437116253,1.2109605756523099,0.047781680938006055,1.2054176557370888,2.3471707412738017,18,100.0,100.0,100.0,100.0,99.93315942627937,0.14285714285714285,1,100.0,0.0,100.0,0,0.3,P32_derived_Jv_proxy,100.0,100.0,0.0,-0.06684057372062568,0.0,-0.06684057372062568,0.0,0.06684057372062568,0.0,0.06684057372062568,18,1,1,17,0.9444444444444444,0.05555555555555555,78.53981633974483,7.0,0.22918311805232927,0.14285714285714285,0.14285714285714285,0.012732395447351627,0.21645072260497766,0.04345244451432484,0.023016645252869172,0.020435799261455667,1,1,1,1,1,1,100.0,100.0,0.0,100.0,100.0,81,4.0,4.0,0.0,4.0,4.0,81,1.231437256689105,1.231437256689105,0.2356508406139639,0.8721024033383656,1.6658899995332488,81,2.69429647797062,2.69429647797062,0.43183017088637843,1.7102164106309268,3.1482849980622305,81,0.8023404130066586,0.8042982252052315,0.0945332022242995,0.5760668787595602,1.0,81,0.9797225629969077,0.9885438605895746,0.2973216732079027,0.5,1.7695815526314984,81,10.412212702609068,9.055081849793556,3.8488593620569276,5.067526204076447,21.87678477653521,81,11.426333986976815,11.426333986976815,0.0,11.426333986976815,11.426333986976815,81,cases/granite_sparse_favorable.yaml,granite_sparse_favorable,uncertain,sparse,favorable,high
granite_sparse_favorable,51,80,80.5,12.2742379196809,11.650352714890866,13.881278628119471,13.881278628119473,11.808719413956073,13.0,0.9620735308561683,-0.4655185057248268,-0.016791733757717253,0.9365131518695796,-0.8812786281194711,19,100.0,100.0,100.0,100.0,100.0,0.0,0,100.0,0.0,100.0,0,0.3,P32_derived_Jv_proxy,100.0,100.0,0.0,0.0,0.0,0.0,0.0,0.0,0.0,0.0,19,0,0,19,1.0,0.0,78.53981633974483,7.0,0.2419155134996809,0.0,0.0,0.0,0.2419155134996809,0.0415333947342994,0.0,0.0415333947342994,1,1,1,1,1,1,100.0,100.0,0.0,100.0,100.0,81,4.0,4.0,0.0,4.0,4.0,81,1.2924648974114292,1.2924648974114292,0.3292168088788612,0.6668725903987897,1.8631946875711378,81,2.3277122591453274,2.3277122591453274,0.35376996398799787,1.7236099352637653,3.178352520977229,81,0.805383436447178,0.8076600411866947,0.1002509035550152,0.5610539298096725,1.0,81,0.9952001961939748,0.9894195621814642,0.28467629427346325,0.5,1.7737852241566043,81,12.2742379196809,11.650352714890866,4.145302813261524,5.314246784008988,25.951396126391504,81,13.881278628119471,13.881278628119473,1.7763568394002505e-15,13.881278628119473,13.881278628119473,81,cases/granite_sparse_favorable.yaml,granite_sparse_favorable,uncertain,sparse,favorable,high
