case_name,seed,face_x_idx,face_x_coord,borehole_name,Q_face_mean,Qp_face_mean,Q_bh_mean,Q_bh_median,Qp_bh_mean,Qp_bh_median,RQD_bh_mean,Jn_bh_mean,RQD_borehole_direct_mean,RQD_borehole_direct_median,RQD_borehole_hudson_mean,RQD_borehole_hudson_median,lambda_borehole_mean,borehole_n_intersections_sum,RQD_face_scanline,RQD_face_jv,RQD_face_conservative,lambda_face_scanline,face_scanline_n_intersections,Jv_face,Jv_method,Jr_bh_mean,Ja_bh_mean,Jw_bh_mean,SRF_bh_mean,Q_ratio_bh_to_face,Qp_ratio_bh_to_face,face_fracture_count,bh_fracture_count,common_fracture_count,missed_fracture_count,miss_ratio,detection_ratio,bh_window_length,bh_fracture_frequency,face_fracture_density,bh_union_fracture_frequency,common_fracture_density,missed_fracture_density,orientation_bias_bh,face_orientation_bias,orientation_bias_gap_to_face,Q_match_strict,Q_match_normal,Q_match_loose,Qp_match_strict,Qp_match_normal,Qp_match_loose,case_path,case_name_meta,quality_regime,density_regime,orientation_regime,anisotropy_regime
granite_good_dense,42,10,10.5,Center,35.76426425939441,41.3359971330611,39.58317982515321,31.92250713351166,41.63783494927129,41.66666666666667,96.90304497410764,4.0,96.90304497410764,100.0,98.06536340317659,100.0,1.4285714285714286,10,100.0,100.0,100.0,0.2,2,1.4,P32_derived_Jv_proxy,1.9825459671735521,1.1636133394652433,0.8649277138228487,1.0250012572190166,1.1067802076972872,1.0073020572175522,96,10,4,92,0.9583333333333334,0.041666666666666664,7.0,1.4285714285714286,1.2223099629457561,1.4285714285714286,0.05092958178940651,1.1713803811563497,0.14791923750689118,0.1275471134129802,-0.02037212409391098,1,1,1,1,1,1,cases/granite_good_dense.yaml,granite_good_dense,good,dense,favorable_or_mixed,moderate
granite_good_dense,42,20,20.5,Center,38.22277175554712,43.89360114355036,43.76936103484092,40.96026734492037,43.782240960937294,41.66666666666667,96.68338937438305,4.0,96.68338937438305,100.0,98.73667554032262,99.53211598395555,1.1428571428571428,8,100.0,100.0,100.0,0.2,2,1.4,P32_derived_Jv_proxy,2.031215661804189,1.1278697366976336,0.8144351795766924,0.8926088927430118,1.1451121680752743,0.9974629517808559,110,8,6,104,0.9454545454545454,0.05454545454545454,7.0,1.1428571428571428,1.4005634992086788,1.1428571428571428,0.07639437268410976,1.3241691265245692,0.08837932634081347,0.13025663369649965,0.04187730735568618,1,1,1,1,1,1,cases/granite_good_dense.yaml,granite_good_dense,good,dense,favorable_or_mixed,moderate
granite_good_dense,42,30,30.5,Center,36.906678678146754,43.53877170202924,32.742663585198564,29.258931992134066,39.36455224892777,41.66666666666667,98.46939586688497,4.0,98.46939586688497,100.0,99.27181666292714,99.53211598395555,0.8571428571428571,6,100.0,100.0,100.0,0.1,1,1.4,P32_derived_Jv_proxy,1.9690023058836503,1.2489589784329296,0.8106102889220763,1.1316567898661758,0.8871744832619199,0.9041263846010862,94,6,1,93,0.9893617021276596,0.010638297872340425,7.0,0.8571428571428571,1.196845172051053,0.8571428571428571,0.012732395447351627,1.1841127766037014,0.0978691364037646,0.1171721926149879,0.0193030562112233,1,1,1,1,1,1,cases/granite_good_dense.yaml,granite_good_dense,good,dense,favorable_or_mixed,moderate
granite_good_dense,42,40,40.5,Center,34.583924160600006,39.852343813298205,32.8156964107241,31.97020050513866,40.31087155136789,41.66666666666667,97.27627012365868,4.0,97.27627012365868,100.0,98.56066567350224,99.53211598395555,1.4285714285714286,10,100.0,100.0,100.0,0.4,4,1.4,P32_derived_Jv_proxy,1.9216988098226557,1.1713812867703604,0.8029491566057084,1.009873484150154,0.9488713963844979,1.0115056655191426,93,10,4,89,0.956989247311828,0.043010752688172046,7.0,1.4285714285714286,1.1841127766037014,1.4285714285714286,0.05092958178940651,1.1331831948142947,0.0900032853015148,0.08645554381602949,-0.0035477414854853118,1,1,1,1,1,1,cases/granite_good_dense.yaml,granite_good_dense,good,dense,favorable_or_mixed,moderate
granite_good_dense,42,50,50.5,Center,36.95944904825547,41.24261081569461,40.6802401321628,29.202846568865873,40.5603068645914,41.66666666666667,99.61606522380859,4.0,99.61606522380859,100.0,99.54914833160349,99.53211598395555,0.7142857142857143,5,100.0,100.0,100.0,0.3,3,1.4,P32_derived_Jv_proxy,2.0611797135417076,1.2775636644843666,0.801914337164499,0.8985959531084314,1.100672255126134,0.983456334659503,108,5,3,105,0.9722222222222222,0.027777777777777776,7.0,0.7142857142857143,1.3750987083139756,0.7142857142857143,0.03819718634205488,1.336901521971921,0.050146619674271364,0.11778379361379643,0.06763717393952506,1,1,1,1,1,1,cases/granite_good_dense.yaml,granite_good_dense,good,dense,favorable_or_mixed,moderate
granite_good_dense,42,60,60.5,Center,36.88995440216476,40.87394297524518,34.28755559063552,31.28965931476579,40.60640822493225,40.53331962122934,99.8950365417563,4.0,99.8950365417563,100.0,99.23197781064827,99.53211598395555,1.1428571428571428,8,100.0,100.0,100.0,0.1,1,1.4,P32_derived_Jv_proxy,1.7705892809594754,1.1282386557728574,0.809268819463607,0.969510772207947,0.9294550819131256,0.9934546380691739,107,8,2,105,0.9813084112149533,0.018691588785046728,7.0,1.1428571428571428,1.3623663128666241,1.1428571428571428,0.025464790894703253,1.336901521971921,0.11083379240368241,0.11713743806853727,0.006303645664854862,1,1,1,1,1,1,cases/granite_good_dense.yaml,granite_good_dense,good,dense,favorable_or_mixed,moderate
granite_good_dense,42,70,70.5,Center,35.74666549075029,40.82607648427957,34.61358332293058,33.63961470289472,42.740480801401716,41.66666666666667,97.07633886228164,4.0,97.07633886228164,100.0,98.4440089846739,99.53211598395555,1.2857142857142858,9,100.0,100.0,100.0,0.2,2,1.4,P32_derived_Jv_proxy,2.0919082028808904,1.194658579946072,0.7891648501805587,1.0533063114087906,0.9683024373808264,1.0468917045667934,84,9,5,79,0.9404761904761905,0.05952380952380952,7.0,1.2857142857142858,1.0695212175775366,1.2857142857142858,0.06366197723675814,1.0058592403407784,0.07663913656116761,0.11368316356881691,0.037044027007649305,1,1,1,1,1,1,cases/granite_good_dense.yaml,granite_good_dense,good,dense,favorable_or_mixed,moderate
granite_good_dense,42,80,80.5,Center,36.52441980265029,41.02393302842622,36.88556860266421,27.68687613024612,40.17957579727494,38.97127757506612,98.45233899367774,4.0,98.45233899367774,99.58525079021577,98.58766739494399,98.24769036935783,1.5714285714285714,11,100.0,100.0,100.0,0.0,0,1.4,P32_derived_Jv_proxy,2.0020545074153255,1.2475628348295784,0.7952730469422277,1.030404587958243,1.0098878723321352,0.9794179356092891,93,11,7,86,0.9247311827956989,0.07526881720430108,7.0,1.5714285714285714,1.1841127766037014,1.5714285714285714,0.08912676813146139,1.0949860084722398,0.07376257029936728,0.13103866414706644,0.05727609384769916,1,1,1,1,1,1,cases/granite_good_dense.yaml,granite_good_dense,good,dense,favorable_or_mixed,moderate
granite_good_dense,43,10,10.5,Center,34.81908277140751,40.734941422717895,40.749920775605666,40.090538503586316,43.01859866684817,41.66666666666667,97.58387431710277,4.0,97.58387431710277,100.0,98.23601564585344,98.24769036935783,1.7142857142857142,12,100.0,100.0,100.0,0.2,2,1.4,P32_derived_Jv_proxy,1.8299573516904213,1.0683448866227645,0.827807401415175,0.9191948836702305,1.170332976406501,1.056061385247425,110,12,8,102,0.9272727272727272,0.07272727272727272,7.0,1.7142857142857142,1.4005634992086788,1.7142857142857142,0.10185916357881301,1.298704335629866,0.08870093130838708,0.10933808871609718,0.020637157407710105,1,1,1,1,1,1,cases/granite_good_dense.yaml,granite_good_dense,good,dense,favorable_or_mixed,moderate
granite_good_dense,43,20,20.5,Center,34.0230686377963,41.754825105452944,31.050877283707223,24.827161659524062,38.122659038259044,38.358362768057006,99.0906091150288,4.0,99.0906091150288,100.0,99.48230775788286,99.53211598395555,0.8571428571428571,6,100.0,100.0,100.0,0.3,3,1.4,P32_derived_Jv_proxy,2.0216349480133977,1.3166426913240166,0.7890776707083306,1.0851433198448603,0.9126418787872866,0.9130120636831608,98,6,3,95,0.9693877551020408,0.030612244897959183,7.0,0.8571428571428571,1.2477747538404593,0.8571428571428571,0.03819718634205488,1.2095775674984046,0.06206653877927393,0.124421052199018,0.06235451341974407,1,1,1,1,1,1,cases/granite_good_dense.yaml,granite_good_dense,good,dense,favorable_or_mixed,moderate
granite_good_dense,43,30,30.5,Center,35.738571126336396,39.34465557310077,33.75706755645071,31.94093599572738,38.858511405263634,41.66666666666667,97.30620987397697,4.0,97.30620987397697,100.0,98.77115676845794,99.53211598395555,1.4285714285714286,10,100.0,100.0,100.0,0.1,1,1.4,P32_derived_Jv_proxy,2.0679560665327696,1.3318282974396818,0.8383740476761583,1.0724530384979736,0.9445556017647979,0.9876439592428531,90,10,7,83,0.9222222222222223,0.07777777777777778,7.0,1.4285714285714286,1.1459155902616465,1.4285714285714286,0.08912676813146139,1.056788822130185,0.06755401496364521,0.09688708736049989,0.029333072396854676,1,1,1,1,1,1,cases/granite_good_dense.yaml,granite_good_dense,good,dense,favorable_or_mixed,moderate
granite_good_dense,43,40,40.5,Center,36.24077299696824,41.315929083209646,39.018853032855155,34.45844142757057,40.37709223592801,41.66666666666667,96.77402355960844,4.0,96.77402355960844,100.0,98.55318616680867,99.53211598395555,1.2857142857142858,9,100.0,100.0,100.0,0.4,4,1.4,P32_derived_Jv_proxy,1.904645756277856,1.154184813780293,0.7856906643525142,0.8820310167710481,1.0766562025627686,0.9772766371684192,111,9,2,109,0.9819819819819819,0.018018018018018018,7.0,1.2857142857142858,1.4132958946560306,1.2857142857142858,0.025464790894703253,1.3878311037613273,0.12782243240541435,0.1221220049312347,-0.005700427474179648,1,1,1,1,1,1,cases/granite_good_dense.yaml,granite_good_dense,good,dense,favorable_or_mixed,moderate
granite_good_dense,43,50,50.5,Center,37.19877212183832,40.98325851722493,28.82925434521108,27.04180689206281,43.69610491803684,41.66666666666667,98.67228175832462,4.0,98.67228175832462,100.0,99.18216958457558,99.53211598395555,1.0,7,100.0,100.0,100.0,0.0,0,1.4,P32_derived_Jv_proxy,2.011776220358464,1.145246214428148,0.7784083817602602,1.2086533050017532,0.7750055364942077,1.0661940143112758,101,7,3,98,0.9702970297029703,0.0297029702970297,7.0,1.0,1.2859719401825143,1.0,0.03819718634205488,1.2477747538404593,0.07971293543061886,0.12318543022743467,0.04347249479681581,0,1,1,1,1,1,cases/granite_good_dense.yaml,granite_good_dense,good,dense,favorable_or_mixed,moderate
granite_good_dense,43,60,60.5,Center,36.12913909517842,40.44440022139627,43.276965753463294,33.66531043727396,42.316626213722394,41.66666666666667,100.0,4.0,100.0,100.0,99.48230775788286,99.53211598395555,0.8571428571428571,6,100.0,100.0,100.0,0.2,2,1.4,P32_derived_Jv_proxy,2.0595096679545035,1.2658997967004597,0.8508582893264387,0.9549100123832966,1.1978410456848883,1.046291352624279,91,6,5,86,0.945054945054945,0.054945054945054944,7.0,0.8571428571428571,1.158647985708998,0.8571428571428571,0.06366197723675814,1.0949860084722398,0.11687650623342682,0.11828719737348536,0.0014106911400585398,1,1,1,1,1,1,cases/granite_good_dense.yaml,granite_good_dense,good,dense,favorable_or_mixed,moderate
granite_good_dense,43,70,70.5,Center,37.46928190439132,40.55132143930593,29.52540588893789,26.981709442096243,37.3482814578614,36.678635498161455,99.12681546838633,4.0,99.12681546838633,100.0,99.5491483316035,99.53211598395555,0.7142857142857143,5,100.0,100.0,100.0,0.0,0,1.4,P32_derived_Jv_proxy,1.8629555704466705,1.2366830869837049,0.7749456858026204,1.0076854579923347,0.7879896381328186,0.9210126854623321,94,5,2,92,0.9787234042553191,0.02127659574468085,7.0,0.7142857142857143,1.196845172051053,0.7142857142857143,0.025464790894703253,1.1713803811563497,0.12780759696493793,0.1055293574022701,-0.022278239562667834,0,1,1,1,1,1,cases/granite_good_dense.yaml,granite_good_dense,good,dense,favorable_or_mixed,moderate
granite_good_dense,43,80,80.5,Center,34.25067748933933,40.94951652071684,32.56774905935313,34.10866232877284,42.89622821020422,41.66666666666667,99.28374354700345,4.0,99.28374354700345,100.0,99.2988183843689,99.53211598395555,1.0,7,100.0,100.0,100.0,0.2,2,1.4,P32_derived_Jv_proxy,1.9991941497586614,1.1708556179344516,0.8395264312951187,1.1215749446431096,0.9508643754416239,1.0475393082724802,97,7,3,94,0.9690721649484536,0.030927835051546393,7.0,1.0,1.2350423583931078,1.0,0.03819718634205488,1.196845172051053,0.1761348482960463,0.1205250376079654,-0.05560981068808091,1,1,1,1,1,1,cases/granite_good_dense.yaml,granite_good_dense,good,dense,favorable_or_mixed,moderate
granite_good_dense,44,10,10.5,Center,33.36071757854042,39.45076366047601,34.714665482155866,33.93179962087435,43.22957189446938,41.66666666666667,100.0,4.0,100.0,100.0,98.72134854238526,98.24769036935783,1.2857142857142858,9,100.0,100.0,100.0,0.0,0,1.4,P32_derived_Jv_proxy,2.0297497605593864,1.1935967168892958,0.8483109548948455,1.1003461032592246,1.0405850953423852,1.0957854267794365,87,9,2,85,0.9770114942528736,0.022988505747126436,7.0,1.2857142857142858,1.1077184039195915,1.2857142857142858,0.025464790894703253,1.0822536130248883,0.07119448706589582,0.09888791177970879,0.027693424713812975,1,1,1,1,1,1,cases/granite_good_dense.yaml,granite_good_dense,good,dense,favorable_or_mixed,moderate
granite_good_dense,44,20,20.5,Center,34.162019877757245,39.33773181091896,35.877856261072196,32.30403606477364,39.20931107335965,41.66666666666667,100.0,4.0,100.0,100.0,99.86631885255873,100.0,0.2857142857142857,2,100.0,100.0,100.0,0.3,3,1.4,P32_derived_Jv_proxy,2.019000828963462,1.310706793803291,0.8154263785742245,0.9564629750765266,1.05022643243739,0.9967354310569664,92,2,1,91,0.9891304347826086,0.010869565217391304,7.0,0.2857142857142857,1.1713803811563497,0.2857142857142857,0.012732395447351627,1.158647985708998,0.09063003822988946,0.12199715208680018,0.03136711385691071,1,1,1,1,1,1,cases/granite_good_dense.yaml,granite_good_dense,good,dense,favorable_or_mixed,moderate
granite_good_dense,44,30,30.5,Center,39.67150452709375,42.826760753024836,37.573989339627644,35.21428940152544,38.61814451335889,41.66666666666667,98.07268768462812,4.0,98.07268768462812,100.0,98.20901392441166,99.53211598395555,1.5714285714285714,11,100.0,100.0,100.0,0.2,2,1.4,P32_derived_Jv_proxy,2.0478929012775495,1.318122643128882,0.791955200100956,0.9533002678104114,0.9471279142934041,0.9017292887515737,95,11,9,86,0.9052631578947369,0.09473684210526316,7.0,1.5714285714285714,1.2095775674984046,1.5714285714285714,0.11459155902616464,1.0949860084722398,0.09056186551531586,0.11813092093508404,0.027569055419768174,1,1,1,1,1,1,cases/granite_good_dense.yaml,granite_good_dense,good,dense,favorable_or_mixed,moderate
granite_good_dense,44,40,40.5,Center,33.258453823588056,41.2934172299806,47.984740738993274,45.58185983496983,44.44219988349814,41.66666666666667,98.51805789131772,4.0,98.51805789131772,100.0,99.2049760892065,99.53211598395555,1.0,7,100.0,100.0,100.0,0.1,1,1.4,P32_derived_Jv_proxy,2.0276727708399,1.167749387891748,0.829537533192663,0.8836437821206415,1.442783269285983,1.076253864774151,115,7,4,111,0.9652173913043478,0.034782608695652174,7.0,1.0,1.464225476445437,1.0,0.05092958178940651,1.4132958946560306,0.14678366675993026,0.11048555523705028,-0.03629811152287998,0,1,1,1,1,1,cases/granite_good_dense.yaml,granite_good_dense,good,dense,favorable_or_mixed,moderate
granite_good_dense,44,50,50.5,Center,35.41842692372418,39.49463324919146,36.84224098688202,33.27915085525974,38.90795882446009,39.106934139595644,97.38221739683563,4.0,97.38221739683563,100.0,99.11532901085494,99.53211598395555,1.1428571428571428,8,100.0,100.0,100.0,0.1,1,1.4,P32_derived_Jv_proxy,2.0769200032545396,1.3086411011932157,0.7697078113663637,0.9260694567894662,1.0401998108561994,0.985145464675422,112,8,2,110,0.9821428571428571,0.017857142857142856,7.0,1.1428571428571428,1.4260282901033823,1.1428571428571428,0.025464790894703253,1.4005634992086788,0.10028500650489447,0.09880166934126644,-0.001483337163628029,1,1,1,1,1,1,cases/granite_good_dense.yaml,granite_good_dense,good,dense,favorable_or_mixed,moderate
granite_good_dense,44,60,60.5,Center,37.58955662413105,41.667802891145264,38.21998098856715,36.40481617319898,40.710530919671676,40.3793216252043,99.31836290221592,4.0,99.31836290221592,100.0,99.48230775788286,99.53211598395555,0.8571428571428571,6,100.0,100.0,100.0,0.3,3,1.4,P32_derived_Jv_proxy,1.9209258411654437,1.1987351459489006,0.8511528515432198,0.9840976108986137,1.0167712636448443,0.9770260991688378,95,6,1,94,0.9894736842105263,0.010526315789473684,7.0,0.8571428571428571,1.2095775674984046,0.8571428571428571,0.012732395447351627,1.196845172051053,0.030270547323898,0.12160176095341446,0.09133121362951646,1,1,1,1,1,1,cases/granite_good_dense.yaml,granite_good_dense,good,dense,favorable_or_mixed,moderate
granite_good_dense,44,70,70.5,Center,34.28036400341038,40.28323853672262,39.78450843158079,39.528267045643936,41.02677250946796,41.66666666666667,100.0,4.0,100.0,100.0,98.52618444536691,100.0,1.1428571428571428,8,100.0,100.0,100.0,0.2,2,1.4,P32_derived_Jv_proxy,1.8871244580056037,1.1734309200975903,0.7668665709854164,0.863812102052383,1.1605626015996455,1.0184576513645378,85,8,3,82,0.9647058823529412,0.03529411764705882,7.0,1.1428571428571428,1.0822536130248883,1.1428571428571428,0.03819718634205488,1.0440564266828334,0.11883731512502493,0.10178058001924772,-0.01705673510577721,1,1,1,1,1,1,cases/granite_good_dense.yaml,granite_good_dense,good,dense,favorable_or_mixed,moderate
granite_good_dense,44,80,80.5,Center,37.479257375929485,42.15638534057921,42.29658677718389,43.8358436750538,43.367045317928365,41.66666666666667,100.0,4.0,100.0,100.0,99.36565895808953,99.53211598395555,0.8571428571428571,6,100.0,100.0,100.0,0.2,2,1.4,P32_derived_Jv_proxy,1.8911915984779206,1.1338681868846598,0.8304130042641316,0.9368095717233638,1.1285332137970339,1.028718306077912,100,6,1,99,0.99,0.01,7.0,0.8571428571428571,1.2732395447351628,0.8571428571428571,0.012732395447351627,1.260507149287811,0.08576141626967748,0.11716254377515467,0.03140112750547719,1,1,1,1,1,1,cases/granite_good_dense.yaml,granite_good_dense,good,dense,favorable_or_mixed,moderate
granite_good_dense,45,10,10.5,Center,35.747206006891396,39.78434412217576,36.22160452251558,35.895992077660146,39.944966121804136,36.64626718426181,98.83727156788827,4.0,98.83727156788827,100.0,98.95464614197192,99.53211598395555,1.2857142857142858,9,100.0,100.0,100.0,0.2,2,1.4,P32_derived_Jv_proxy,1.8261556730447512,1.1635149703648753,0.8496590157020523,0.9735714875435414,1.013270925720257,1.0040373167680008,116,9,4,112,0.9655172413793104,0.034482758620689655,7.0,1.2857142857142858,1.4769578718927887,1.2857142857142858,0.05092958178940651,1.4260282901033823,0.12200170160101909,0.09671601813014075,-0.02528568347087834,1,1,1,1,1,1,cases/granite_good_dense.yaml,granite_good_dense,good,dense,favorable_or_mixed,moderate
granite_good_dense,45,20,20.5,Center,34.686408572023424,40.144271633430236,39.66663701882937,35.234735063013204,50.51613548154264,44.60150688527412,99.00108770935412,4.0,99.00108770935412,100.0,99.23197781064826,99.53211598395555,1.1428571428571428,8,100.0,100.0,100.0,0.2,2,1.4,P32_derived_Jv_proxy,2.1513082284342087,1.1009268179788008,0.7864071955653008,1.0218526797357737,1.1435786710654958,1.2583647286671709,100,8,3,97,0.97,0.03,7.0,1.1428571428571428,1.2732395447351628,1.1428571428571428,0.03819718634205488,1.2350423583931078,0.10053990883896624,0.11637074354827404,0.015830834709307795,1,1,1,0,1,1,cases/granite_good_dense.yaml,granite_good_dense,good,dense,favorable_or_mixed,moderate
granite_good_dense,45,30,30.5,Center,36.91066240001442,42.71310291845549,38.673531346401944,39.3885923247251,43.632852072653044,44.80829877784519,98.73839107469072,4.0,98.73839107469072,100.0,99.04848843713432,99.53211598395555,1.2857142857142858,9,99.03067423053223,100.0,99.03067423053223,0.5,5,1.4,P32_derived_Jv_proxy,2.0613369651747333,1.225118515162864,0.8142440752357023,1.0056215446230223,1.047760425626684,1.0215331851669374,90,9,2,88,0.9777777777777777,0.022222222222222223,7.0,1.2857142857142858,1.1459155902616465,1.2857142857142858,0.025464790894703253,1.1204507993669433,0.07629972372139371,0.11987319539461527,0.043573471673221564,1,1,1,1,1,1,cases/granite_good_dense.yaml,granite_good_dense,good,dense,favorable_or_mixed,moderate
granite_good_dense,45,40,40.5,Center,34.41498155251631,41.00926249688986,34.2592020579449,38.02957469402792,39.568968310104125,41.66666666666667,100.0,4.0,100.0,100.0,99.79947827883811,100.0,0.42857142857142855,3,100.0,100.0,100.0,0.2,2,1.4,P32_derived_Jv_proxy,1.9007732107489943,1.262068668318817,0.8311185198537709,0.9644582360670817,0.9954734976587537,0.9648788078816348,93,3,1,92,0.989247311827957,0.010752688172043012,7.0,0.42857142857142855,1.1841127766037014,0.42857142857142855,0.012732395447351627,1.1713803811563497,0.08404298395577603,0.12808188056992842,0.04403889661415239,1,1,1,1,1,1,cases/granite_good_dense.yaml,granite_good_dense,good,dense,favorable_or_mixed,moderate
granite_good_dense,45,50,50.5,Center,35.047980561748716,40.86325804472633,29.693249513161224,28.3997316881409,41.659577736641936,41.66666666666667,99.1697122815732,4.0,99.1697122815732,100.0,99.20497608920651,99.53211598395555,1.0,7,100.0,100.0,100.0,0.1,1,1.4,P32_derived_Jv_proxy,1.9606319047185583,1.1953002261818557,0.732466821971432,1.1089999404300668,0.8472171302665115,1.0194874253796407,94,7,1,93,0.9893617021276596,0.010638297872340425,7.0,1.0,1.196845172051053,1.0,0.012732395447351627,1.1841127766037014,0.09462566029864605,0.0994098283616539,0.004784168063007854,1,1,1,1,1,1,cases/granite_good_dense.yaml,granite_good_dense,good,dense,favorable_or_mixed,moderate
granite_good_dense,45,60,60.5,Center,36.38178111090547,41.794133762304774,54.817578205600476,48.43101074194371,47.49223449687069,41.66666666666667,100.0,4.0,100.0,100.0,99.61598890532413,100.0,0.5714285714285714,4,100.0,100.0,100.0,0.2,2,1.4,P32_derived_Jv_proxy,2.040785138902626,1.1469757294934566,0.8574356988982988,0.8192791170080463,1.50673157090621,1.1363373330566593,89,4,2,87,0.9775280898876404,0.02247191011235955,7.0,0.5714285714285714,1.1331831948142947,0.5714285714285714,0.025464790894703253,1.1077184039195915,0.12584097811042705,0.13107426240407638,0.005233284293649332,0,0,1,1,1,1,cases/granite_good_dense.yaml,granite_good_dense,good,dense,favorable_or_mixed,moderate
granite_good_dense,45,70,70.5,Center,36.1310997149201,40.93143756392725,41.03955788052276,42.30296771373459,39.61459306428516,40.61795721928035,95.56579367299875,4.0,95.56579367299875,95.29938543642461,98.8379973421786,99.53211598395555,1.2857142857142858,9,100.0,100.0,100.0,0.3,3,1.4,P32_derived_Jv_proxy,2.0581170553187316,1.242287705918559,0.8045821584856107,0.8242635686462363,1.1358513359496707,0.9678280417689845,102,9,2,100,0.9803921568627451,0.0196078431372549,7.0,1.2857142857142858,1.298704335629866,1.2857142857142858,0.025464790894703253,1.2732395447351628,0.10413026187995178,0.10161043993648189,-0.002519821943469891,1,1,1,1,1,1,cases/granite_good_dense.yaml,granite_good_dense,good,dense,favorable_or_mixed,moderate
granite_good_dense,45,80,80.5,Center,34.33171225884067,39.749009540739685,43.64186263474358,40.62255045488944,42.83248587169822,41.66666666666667,98.9072069219421,4.0,98.9072069219421,100.0,98.73667554032262,99.53211598395555,1.1428571428571428,8,100.0,100.0,100.0,0.3,3,1.4,P32_derived_Jv_proxy,1.9293937360158915,1.1725280661625757,0.8794268317203574,1.0450010233410612,1.271182232500084,1.077573664516048,90,8,5,85,0.9444444444444444,0.05555555555555555,7.0,1.1428571428571428,1.1459155902616465,1.1428571428571428,0.06366197723675814,1.0822536130248883,0.11797964357117674,0.10417639671423173,-0.013803246856945006,0,1,1,1,1,1,cases/granite_good_dense.yaml,granite_good_dense,good,dense,favorable_or_mixed,moderate
granite_good_dense,46,10,10.5,Center,38.35098645114026,43.24152492097064,36.49146629521206,27.808282059488054,41.3222923561534,41.66666666666667,99.2313073381131,4.0,99.2313073381131,100.0,98.44401687370892,98.24769036935783,1.4285714285714286,10,100.0,100.0,100.0,0.3,3,1.4,P32_derived_Jv_proxy,2.044499698609395,1.2450778029504979,0.7666835362820142,1.0016884208196255,0.9515131075364317,0.955615983286323,115,10,1,114,0.991304347826087,0.008695652173913044,7.0,1.4285714285714286,1.464225476445437,1.4285714285714286,0.012732395447351627,1.4514930809980855,0.0629244286203573,0.11494029110806114,0.052015862487703846,1,1,1,1,1,1,cases/granite_good_dense.yaml,granite_good_dense,good,dense,favorable_or_mixed,moderate
granite_good_dense,46,20,20.5,Center,34.111804338797235,39.04358969184048,41.25308664815564,43.35285735270212,41.3139631220062,41.66666666666667,97.42649656494207,4.0,97.42649656494207,100.0,99.73263770511745,99.53211598395555,0.5714285714285714,4,100.0,100.0,100.0,0.1,1,1.4,P32_derived_Jv_proxy,2.0759359316489467,1.2312618770624415,0.8286035153117532,0.854765021161679,1.2093492985135421,1.0581497103131425,92,4,2,90,0.9782608695652174,0.021739130434782608,7.0,0.5714285714285714,1.1713803811563497,0.5714285714285714,0.025464790894703253,1.1459155902616465,0.050126419572253944,0.10145629866909633,0.05132987909684239,1,1,1,1,1,1,cases/granite_good_dense.yaml,granite_good_dense,good,dense,favorable_or_mixed,moderate
granite_good_dense,46,30,30.5,Center,34.49196942064731,40.98957262322687,40.41062739738707,39.57547840404003,44.33705589184503,41.66666666666667,99.00940882678476,4.0,99.00940882678476,100.0,99.27181666292714,99.53211598395555,0.8571428571428571,6,100.0,100.0,100.0,0.5,5,1.4,P32_derived_Jv_proxy,1.9946916728584796,1.1372764641214048,0.7972617615452214,0.9612002372652427,1.1715952459704078,1.0816667033683904,106,6,3,103,0.9716981132075472,0.02830188679245283,7.0,0.8571428571428571,1.3496339174192724,0.8571428571428571,0.03819718634205488,1.3114367310772175,0.10876639994729376,0.13158371989350315,0.02281731994620939,1,1,1,1,1,1,cases/granite_good_dense.yaml,granite_good_dense,good,dense,favorable_or_mixed,moderate
granite_good_dense,46,40,40.5,Center,36.44686116988408,40.700319326233604,36.63151218211259,31.37852103313306,44.58205457928445,41.66666666666667,98.3615074415732,4.0,98.3615074415732,100.0,97.98318794248357,99.53211598395555,1.5714285714285714,11,100.0,100.0,100.0,0.3,3,1.4,P32_derived_Jv_proxy,1.9298624811419376,1.1317010625645607,0.7696400750471136,0.9967815167135692,1.0050663076682467,1.0953735822546449,91,11,5,86,0.945054945054945,0.054945054945054944,7.0,1.5714285714285714,1.158647985708998,1.5714285714285714,0.06366197723675814,1.0949860084722398,0.10321167442436308,0.10073243223788608,-0.002479242186476993,1,1,1,1,1,1,cases/granite_good_dense.yaml,granite_good_dense,good,dense,favorable_or_mixed,moderate
granite_good_dense,46,50,50.5,Center,33.81955668966573,40.36266373388827,39.8943007220277,39.484175411402596,43.13479058674618,41.66666666666667,98.13436418216823,4.0,98.13436418216823,100.0,98.9546461419719,99.53211598395555,1.2857142857142858,9,100.0,100.0,100.0,0.4,4,1.4,P32_derived_Jv_proxy,2.0828643711135526,1.280993836493369,0.8183637498045371,0.9877254382166475,1.179622225332665,1.0686804733982522,102,9,4,98,0.9607843137254902,0.0392156862745098,7.0,1.2857142857142858,1.298704335629866,1.2857142857142858,0.05092958178940651,1.2477747538404593,0.11335489656227327,0.11772174058787499,0.004366844025601724,1,1,1,1,1,1,cases/granite_good_dense.yaml,granite_good_dense,good,dense,favorable_or_mixed,moderate
granite_good_dense,46,60,60.5,Center,33.64534883564609,39.950328159609406,35.44790118399959,39.94211785120866,44.97898262991418,41.126595984633795,99.65527058166062,4.0,99.65527058166062,100.0,99.23197781064827,99.53211598395555,1.1428571428571428,8,100.0,100.0,100.0,0.3,3,1.4,P32_derived_Jv_proxy,2.088294976701433,1.219810153708582,0.787488661642069,1.0035980915157732,1.0535750827598422,1.1258726699368853,101,8,4,97,0.9603960396039604,0.039603960396039604,7.0,1.1428571428571428,1.2859719401825143,1.1428571428571428,0.05092958178940651,1.2350423583931078,0.08347695574665526,0.09766949525141777,0.014192539504762514,1,1,1,1,1,1,cases/granite_good_dense.yaml,granite_good_dense,good,dense,favorable_or_mixed,moderate
granite_good_dense,46,70,70.5,Center,37.62129436254992,42.45243244671972,41.24238660812731,33.688328004852934,44.923491144054715,41.66666666666667,100.0,4.0,100.0,100.0,99.5491483316035,99.53211598395555,0.7142857142857143,5,100.0,100.0,100.0,0.5,5,1.4,P32_derived_Jv_proxy,2.08798522031548,1.2443633181993552,0.7146177002593118,0.9068532265413864,1.0962511340168564,1.0582077057760193,99,5,4,95,0.9595959595959596,0.04040404040404041,7.0,0.7142857142857143,1.260507149287811,0.7142857142857143,0.05092958178940651,1.2095775674984046,0.12350655543712252,0.11089992784126379,-0.012606627595858733,1,1,1,1,1,1,cases/granite_good_dense.yaml,granite_good_dense,good,dense,favorable_or_mixed,moderate
granite_good_dense,46,80,80.5,Center,35.88972991204579,41.52443687235341,40.51228635325521,30.658013213457675,41.03564553614128,41.66666666666667,100.0,4.0,100.0,100.0,99.7994782788381,100.0,0.42857142857142855,3,100.0,100.0,100.0,0.1,1,1.4,P32_derived_Jv_proxy,1.9434175283967565,1.2253810139695702,0.7375062092815164,0.8095538025499626,1.1287988639796909,0.9882288268540599,98,3,1,97,0.9897959183673469,0.01020408163265306,7.0,0.42857142857142855,1.2477747538404593,0.42857142857142855,0.012732395447351627,1.2350423583931078,0.11799371798437808,0.14899106170374954,0.030997343719371462,1,1,1,1,1,1,cases/granite_good_dense.yaml,granite_good_dense,good,dense,favorable_or_mixed,moderate
granite_good_dense,47,10,10.5,Center,36.82470561513027,41.21314386643343,28.231813055547075,26.890361754609494,37.396884737888705,40.75219097166359,97.05367735068738,4.0,97.05367735068738,100.0,98.58766739494399,98.24769036935783,1.5714285714285714,11,100.0,100.0,100.0,0.2,2,1.4,P32_derived_Jv_proxy,1.9886593846669254,1.317065402014844,0.8315322117238769,1.1340326726109884,0.7666541411249569,0.9074018924420633,96,11,3,93,0.96875,0.03125,7.0,1.5714285714285714,1.2223099629457561,1.5714285714285714,0.03819718634205488,1.1841127766037014,0.08959789901354331,0.1056178903786491,0.01601999136510579,0,1,1,1,1,1,cases/granite_good_dense.yaml,granite_good_dense,good,dense,favorable_or_mixed,moderate
granite_good_dense,47,20,20.5,Center,33.49397899596638,41.39422596872549,38.18225000529747,32.34355338428957,44.82520081012173,43.98063344245479,97.00628821519003,4.0,97.00628821519003,98.68030132598334,99.11532901085492,99.53211598395555,1.1428571428571428,8,100.0,100.0,100.0,0.1,1,1.4,P32_derived_Jv_proxy,2.068944472604086,1.126106120461492,0.819203616474043,1.099955981099678,1.1399735459885398,1.0828853484055587,105,8,4,101,0.9619047619047619,0.0380952380952381,7.0,1.1428571428571428,1.336901521971921,1.1428571428571428,0.05092958178940651,1.2859719401825143,0.07287052538948613,0.12947844685264487,0.05660792146315874,1,1,1,1,1,1,cases/granite_good_dense.yaml,granite_good_dense,good,dense,favorable_or_mixed,moderate
granite_good_dense,47,30,30.5,Center,34.64181730012115,39.79453261797296,34.32500855270228,26.227747294225026,42.09363350747568,41.66666666666667,96.91052456425643,4.0,96.91052456425643,100.0,98.83799734217858,99.53211598395555,1.2857142857142858,9,100.0,100.0,100.0,0.0,0,1.4,P32_derived_Jv_proxy,1.9971362924778373,1.1560877938608336,0.7184833609217793,0.9753002153924862,0.9908547307240212,1.0577742905432277,98,9,3,95,0.9693877551020408,0.030612244897959183,7.0,1.2857142857142858,1.2477747538404593,1.2857142857142858,0.03819718634205488,1.2095775674984046,0.11334969327044575,0.11578646333660947,0.002436770066163718,1,1,1,1,1,1,cases/granite_good_dense.yaml,granite_good_dense,good,dense,favorable_or_mixed,moderate
granite_good_dense,47,40,40.5,Center,35.30170238357349,39.966386032026456,35.0273532695992,28.58458354159939,37.83952261808364,35.7563820783265,97.75587320067079,4.0,97.75587320067079,100.0,98.67731447329554,99.53211598395555,1.4285714285714286,10,100.0,100.0,100.0,0.3,3,1.4,P32_derived_Jv_proxy,1.8394012518136482,1.2352012524572527,0.8291184761673813,1.040244918896443,0.9922284452179295,0.946783694371603,81,10,7,74,0.9135802469135802,0.08641975308641975,7.0,1.4285714285714286,1.0313240312354817,1.4285714285714286,0.08912676813146139,0.9421972631040204,0.08474088382239553,0.12039591890446,0.03565503508206447,1,1,1,1,1,1,cases/granite_good_dense.yaml,granite_good_dense,good,dense,favorable_or_mixed,moderate
granite_good_dense,47,50,50.5,Center,36.94305895511031,42.36944876609083,47.150861176736655,46.14191670103424,46.00496462335258,41.66666666666667,99.95753518003646,4.0,99.95753518003646,100.0,99.61598890532413,100.0,0.5714285714285714,4,100.0,100.0,100.0,0.1,1,1.4,P32_derived_Jv_proxy,2.0119536482713394,1.1041957186253786,0.8667482388836127,0.9429325330905892,1.2763117757527846,1.0858051252290857,74,4,0,74,1.0,0.0,7.0,0.5714285714285714,0.9421972631040204,0.5714285714285714,0.0,0.9421972631040204,0.11598258099417114,0.12451939925680688,0.008536818262635748,0,1,1,1,1,1,cases/granite_good_dense.yaml,granite_good_dense,good,dense,favorable_or_mixed,moderate
granite_good_dense,47,60,60.5,Center,34.95364574898859,40.278931550920326,30.75005398568231,33.0425227036971,43.53029069595459,41.66666666666667,97.67651138022039,4.0,97.67651138022039,100.0,98.90483791589922,99.53211598395555,1.1428571428571428,8,100.0,100.0,100.0,0.1,1,1.4,P32_derived_Jv_proxy,2.010624570953173,1.138663628832917,0.8118322372390778,1.2371106640207947,0.8797381024716737,1.0807210871749147,90,8,3,87,0.9666666666666667,0.03333333333333333,7.0,1.1428571428571428,1.1459155902616465,1.1428571428571428,0.03819718634205488,1.1077184039195915,0.10012390871952159,0.12492545857527992,0.02480154985575833,1,1,1,1,1,1,cases/granite_good_dense.yaml,granite_good_dense,good,dense,favorable_or_mixed,moderate
granite_good_dense,47,70,70.5,Center,34.03521056455543,41.30556479424637,37.288751406632535,35.244795260324636,43.81621573764539,38.792303401862625,98.52496709653023,4.0,98.52496709653023,100.0,99.16513723692763,99.53211598395555,1.2857142857142858,9,100.0,100.0,100.0,0.2,2,1.4,P32_derived_Jv_proxy,1.9462100598430718,1.1535700970921554,0.8361728848092417,1.0720236138734187,1.0955933807403964,1.0607823898766477,97,9,3,94,0.9690721649484536,0.030927835051546393,7.0,1.2857142857142858,1.2350423583931078,1.2857142857142858,0.03819718634205488,1.196845172051053,0.1448726621574017,0.11109538564125676,-0.03377727651614493,1,1,1,1,1,1,cases/granite_good_dense.yaml,granite_good_dense,good,dense,favorable_or_mixed,moderate
granite_good_dense,47,80,80.5,Center,35.92952672944754,42.89221070960669,35.50131430806663,31.576409360794674,44.61220482121712,44.8049997712858,97.31213841054549,4.0,97.31213841054549,100.0,98.86499906362035,98.24769036935783,1.4285714285714286,10,100.0,100.0,100.0,0.2,2,1.4,P32_derived_Jv_proxy,2.1854922586179426,1.2029639934534653,0.8277898581244975,1.1237058604924062,0.9880818797139918,1.0401003838029081,86,10,3,83,0.9651162790697675,0.03488372093023256,7.0,1.4285714285714286,1.0949860084722398,1.4285714285714286,0.03819718634205488,1.056788822130185,0.08296777810181999,0.12621139724777575,0.04324361914595576,1,1,1,1,1,1,cases/granite_good_dense.yaml,granite_good_dense,good,dense,favorable_or_mixed,moderate
granite_good_dense,48,10,10.5,Center,35.01097017187652,41.58985252246771,37.7209046963278,39.98376823441466,41.30263121894541,41.66666666666667,99.72724377018486,4.0,99.72724377018486,100.0,99.48230775788286,99.53211598395555,0.8571428571428571,6,100.0,100.0,100.0,0.1,1,1.4,P32_derived_Jv_proxy,2.0773571524812673,1.2552263666419514,0.8248837140900633,0.9522725464488841,1.077402440182252,0.9930939571529585,100,6,2,98,0.98,0.02,7.0,0.8571428571428571,1.2732395447351628,0.8571428571428571,0.025464790894703253,1.2477747538404593,0.15546991161733903,0.1163027652883788,-0.039167146328960234,1,1,1,1,1,1,cases/granite_good_dense.yaml,granite_good_dense,good,dense,favorable_or_mixed,moderate
granite_good_dense,48,20,20.5,Center,36.18600817707396,41.248454338514094,32.08287848053199,29.264427508647717,37.41872192354615,41.66666666666667,100.0,4.0,100.0,100.0,99.5491483316035,99.53211598395555,0.7142857142857143,5,100.0,100.0,100.0,0.0,0,1.4,P32_derived_Jv_proxy,2.0429346254970686,1.3911067505216688,0.7998423713662136,1.0167205954901573,0.8866100489320744,0.9071545230873759,85,5,3,82,0.9647058823529412,0.03529411764705882,7.0,0.7142857142857143,1.0822536130248883,0.7142857142857143,0.03819718634205488,1.0440564266828334,0.015143735294488203,0.09006548396209502,0.07492174866760681,1,1,1,1,1,1,cases/granite_good_dense.yaml,granite_good_dense,good,dense,favorable_or_mixed,moderate
granite_good_dense,48,30,30.5,Center,36.406274721243854,41.67589306839608,40.61959842456799,49.624539847035926,49.76074541209731,49.76119012862181,93.84375382746568,4.0,93.84375382746568,97.29162509248779,98.49382509978159,99.53211598395555,1.5714285714285714,11,100.0,100.0,100.0,0.3,3,1.4,P32_derived_Jv_proxy,2.1559197575569824,1.1156787707397071,0.8048841485889537,1.0703939749864075,1.1157307012481992,1.1939934995617931,73,11,6,67,0.9178082191780822,0.0821917808219178,7.0,1.5714285714285714,0.9294648676566688,1.5714285714285714,0.07639437268410976,0.853070494972559,0.08179103072197647,0.10537738450999212,0.023586353788015657,1,1,1,1,1,1,cases/granite_good_dense.yaml,granite_good_dense,good,dense,favorable_or_mixed,moderate
granite_good_dense,48,40,40.5,Center,35.22647009773058,40.89024667566846,44.84168009771383,40.82064703772925,50.536461024602495,54.344034537873796,97.54335560435725,4.0,97.54335560435725,98.05915277669897,98.52082682122334,98.24769036935783,1.7142857142857142,12,100.0,100.0,100.0,0.4,4,1.4,P32_derived_Jv_proxy,2.095396083035593,1.0797583921074898,0.7875583548730196,0.9418390975530702,1.2729541158483177,1.2359050172879973,101,12,5,96,0.9504950495049505,0.04950495049504951,7.0,1.7142857142857142,1.2859719401825143,1.7142857142857142,0.06366197723675814,1.2223099629457561,0.12592878490623638,0.10626421499048522,-0.019664569915751162,0,1,1,1,1,1,cases/granite_good_dense.yaml,granite_good_dense,good,dense,favorable_or_mixed,moderate
granite_good_dense,48,50,50.5,Center,34.21383020676357,41.200168819884595,30.502595931526542,30.10292666408227,42.85740249786053,41.66666666666667,98.7370039756175,4.0,98.7370039756175,100.0,99.73263770511745,99.53211598395555,0.5714285714285714,4,100.0,100.0,100.0,0.3,3,1.4,P32_derived_Jv_proxy,1.9783836195846518,1.146853976587817,0.767523369166922,1.1095839766507354,0.8915282430289442,1.040223953577008,93,4,3,90,0.967741935483871,0.03225806451612903,7.0,0.5714285714285714,1.1841127766037014,0.5714285714285714,0.03819718634205488,1.1459155902616465,0.1003944598771056,0.11038328932760832,0.009988829450502723,1,1,1,1,1,1,cases/granite_good_dense.yaml,granite_good_dense,good,dense,favorable_or_mixed,moderate
granite_good_dense,48,60,60.5,Center,35.920681731330184,42.980225513103285,32.58435331968227,26.697840228395492,42.874898667923794,39.21802305225758,97.25300495046943,4.0,97.25300495046943,100.0,98.58766739494399,98.24769036935783,1.5714285714285714,11,100.0,100.0,100.0,0.3,3,1.4,P32_derived_Jv_proxy,1.971322047882785,1.1671187916994252,0.8021782042711498,1.0979377283755933,0.907119568704122,0.9975494115276947,101,11,4,97,0.9603960396039604,0.039603960396039604,7.0,1.5714285714285714,1.2859719401825143,1.5714285714285714,0.05092958178940651,1.2350423583931078,0.05825637749388646,0.09789115307465213,0.03963477558076567,1,1,1,1,1,1,cases/granite_good_dense.yaml,granite_good_dense,good,dense,favorable_or_mixed,moderate
granite_good_dense,48,70,70.5,Center,32.37615124500324,39.14222347665919,26.468196917251134,24.503883438181568,40.905337870898016,41.66666666666667,98.47714868991152,4.0,98.47714868991152,100.0,99.20497608920651,99.53211598395555,1.0,7,100.0,100.0,100.0,0.0,0,1.4,P32_derived_Jv_proxy,1.94678895182255,1.2196678562042629,0.7591455424399571,1.1964933311168784,0.8175214131215207,1.0450437976598388,104,7,2,102,0.9807692307692307,0.019230769230769232,7.0,1.0,1.3241691265245692,1.0,0.025464790894703253,1.298704335629866,0.10418900060711933,0.0939797481332939,-0.010209252473825425,1,1,1,1,1,1,cases/granite_good_dense.yaml,granite_good_dense,good,dense,favorable_or_mixed,moderate
granite_good_dense,48,80,80.5,Center,36.94759374724271,43.009025860441945,27.702625073284796,28.056435437913468,40.91516596326345,41.66666666666667,98.12917138243974,4.0,98.12917138243974,100.0,99.08832728941317,99.53211598395555,1.0,7,100.0,100.0,100.0,0.2,2,1.4,P32_derived_Jv_proxy,2.1241605052545904,1.2883602559267398,0.7879303546949652,1.166426211814707,0.7497815761101401,0.9513158027811937,101,7,4,97,0.9603960396039604,0.039603960396039604,7.0,1.0,1.2859719401825143,1.0,0.05092958178940651,1.2350423583931078,0.07876208139949614,0.12371153710386051,0.04494945570436437,0,1,1,1,1,1,cases/granite_good_dense.yaml,granite_good_dense,good,dense,favorable_or_mixed,moderate
granite_good_dense,49,10,10.5,Center,33.668746893912825,40.73526520692952,37.00494345313972,29.190723185861124,41.88065072381145,41.66666666666667,99.11116651571766,4.0,99.11116651571766,100.0,99.13813551548587,99.53211598395555,1.1428571428571428,8,100.0,100.0,100.0,0.1,1,1.4,P32_derived_Jv_proxy,1.9858423726504968,1.2403748388383906,0.7691105050920306,0.9403233742878602,1.0990888247115032,1.0281177871572342,108,8,7,101,0.9351851851851852,0.06481481481481481,7.0,1.1428571428571428,1.3750987083139756,1.1428571428571428,0.08912676813146139,1.2859719401825143,0.12427185864473689,0.11784759569981651,-0.006424262944920378,1,1,1,1,1,1,cases/granite_good_dense.yaml,granite_good_dense,good,dense,favorable_or_mixed,moderate
granite_good_dense,49,20,20.5,Center,36.209687074110626,42.29581169975483,46.17991416967609,41.63698751420586,45.63226592860802,41.44671169905332,98.68828108131821,4.0,98.68828108131821,100.0,98.52082682122334,98.24769036935783,1.7142857142857142,12,100.0,100.0,100.0,0.3,3,1.4,P32_derived_Jv_proxy,2.060479688464345,1.1563304204598934,0.849321811699394,0.9947213720145752,1.2753469555028003,1.0788837971130019,94,12,4,90,0.9574468085106383,0.0425531914893617,7.0,1.7142857142857142,1.196845172051053,1.7142857142857142,0.05092958178940651,1.1459155902616465,0.09722692934684751,0.10952554623089827,0.012298616884050761,0,1,1,1,1,1,cases/granite_good_dense.yaml,granite_good_dense,good,dense,favorable_or_mixed,moderate
granite_good_dense,49,30,30.5,Center,33.3374784563051,41.1191210877733,37.891926768391805,36.157569430176935,38.41236611025471,41.097269363525804,98.92928093622605,4.0,98.92928093622605,100.0,99.29881838436891,99.53211598395555,1.0,7,100.0,100.0,100.0,0.2,2,1.4,P32_derived_Jv_proxy,1.9247434091343099,1.2410249985005262,0.8510089040231382,0.9449752299402078,1.1366164606017264,0.9341728396445846,87,7,2,85,0.9770114942528736,0.022988505747126436,7.0,1.0,1.1077184039195915,1.0,0.025464790894703253,1.0822536130248883,0.10116105673221854,0.1417002463722986,0.040539189640080076,1,1,1,1,1,1,cases/granite_good_dense.yaml,granite_good_dense,good,dense,favorable_or_mixed,moderate
granite_good_dense,49,40,40.5,Center,33.308094401261776,39.3822058246841,36.79201496204941,35.825652226674656,43.56345202551643,41.66666666666667,98.71844965207121,4.0,98.71844965207121,100.0,98.669834966602,99.53211598395555,1.2857142857142858,9,100.0,100.0,100.0,0.5,5,1.4,P32_derived_Jv_proxy,2.1916531291096084,1.255856661888432,0.8137247045740205,0.9755195898514384,1.104596814180269,1.1061709498814207,102,9,2,100,0.9803921568627451,0.0196078431372549,7.0,1.2857142857142858,1.298704335629866,1.2857142857142858,0.025464790894703253,1.2732395447351628,0.15916327347618853,0.121557615193985,-0.037605658282203525,1,1,1,1,1,1,cases/granite_good_dense.yaml,granite_good_dense,good,dense,favorable_or_mixed,moderate
granite_good_dense,49,50,50.5,Center,37.21728650192616,43.31120816880674,35.19812134996626,34.126690205478916,40.43418322796553,40.89734794260192,99.12554730897448,4.0,99.12554730897448,100.0,98.45934387164628,99.53211598395555,1.2857142857142858,9,100.0,100.0,100.0,0.2,2,1.4,P32_derived_Jv_proxy,2.0566653302935376,1.264047508632372,0.8329329341064164,1.0006301870681273,0.9457465779549672,0.933573200506716,90,9,6,84,0.9333333333333333,0.06666666666666667,7.0,1.2857142857142858,1.1459155902616465,1.2857142857142858,0.07639437268410976,1.0695212175775366,0.1281808427255855,0.12603668666137746,-0.002144156064208036,1,1,1,1,1,1,cases/granite_good_dense.yaml,granite_good_dense,good,dense,favorable_or_mixed,moderate
granite_good_dense,49,60,60.5,Center,36.63687905604893,41.26909965743772,35.487501003386846,28.036888739041732,43.552580960611905,39.60986172536521,98.97529884321894,4.0,98.97529884321894,100.0,99.41546718416224,99.53211598395555,1.0,7,100.0,100.0,100.0,0.3,3,1.4,P32_derived_Jv_proxy,2.0694650092498312,1.2123261933860547,0.7673141075131426,1.0711784664713686,0.9686278394263957,1.0553315027981873,103,7,3,100,0.970873786407767,0.02912621359223301,7.0,1.0,1.3114367310772175,1.0,0.03819718634205488,1.2732395447351628,0.09482962532134098,0.11325497345329194,0.018425348131950958,1,1,1,1,1,1,cases/granite_good_dense.yaml,granite_good_dense,good,dense,favorable_or_mixed,moderate
granite_good_dense,49,70,70.5,Center,37.449942362607274,40.95918411650758,40.81744159432969,39.307584763144064,40.745870720224964,41.66666666666667,99.80458435497147,4.0,99.80458435497147,100.0,98.8703566877639,100.0,0.8571428571428571,6,100.0,100.0,100.0,0.1,1,1.4,P32_derived_Jv_proxy,2.0756948414721355,1.2757448154612523,0.7601050585352687,0.8801099366306078,1.0899200110674876,0.9947920496737471,91,6,2,89,0.978021978021978,0.02197802197802198,7.0,0.8571428571428571,1.158647985708998,0.8571428571428571,0.025464790894703253,1.1331831948142947,0.14354684623779068,0.12608074442946537,-0.017466101808325307,1,1,1,1,1,1,cases/granite_good_dense.yaml,granite_good_dense,good,dense,favorable_or_mixed,moderate
granite_good_dense,49,80,80.5,Center,37.08600341808781,43.62922347074321,36.410757983049606,32.61744266677911,43.09418674783889,41.66666666666667,99.22411563683602,4.0,99.22411563683602,100.0,99.61598890532413,100.0,0.5714285714285714,4,100.0,100.0,100.0,0.1,1,1.4,P32_derived_Jv_proxy,2.0010631223218946,1.1771628851927514,0.7874232425535401,1.0253224805356316,0.9817924453215988,0.987736735143519,102,4,1,101,0.9901960784313726,0.00980392156862745,7.0,0.5714285714285714,1.298704335629866,0.5714285714285714,0.012732395447351627,1.2859719401825143,0.0661661206413039,0.09428831705060192,0.028122196409298028,1,1,1,1,1,1,cases/granite_good_dense.yaml,granite_good_dense,good,dense,favorable_or_mixed,moderate
granite_good_dense,50,10,10.5,Center,35.54359286288119,41.254618573718865,28.122689560101268,29.5629925743407,42.18063707900508,41.66666666666667,98.49348706516408,4.0,98.49348706516408,100.0,99.61598890532413,100.0,0.5714285714285714,4,100.0,100.0,100.0,0.1,1,1.4,P32_derived_Jv_proxy,1.9905966136187307,1.18120065838303,0.7990046882232779,1.2439277892950458,0.7912168493655658,1.0224464202385362,106,4,0,106,1.0,0.0,7.0,0.5714285714285714,1.3496339174192724,0.5714285714285714,0.0,1.3496339174192724,0.056992379468762455,0.09963015017148924,0.042637770702726785,0,1,1,1,1,1,cases/granite_good_dense.yaml,granite_good_dense,good,dense,favorable_or_mixed,moderate
granite_good_dense,50,20,20.5,Center,38.1875270999112,44.049402077576815,37.65449521140533,39.005719510395664,47.8675516699438,41.66666666666667,98.11715813299496,4.0,98.11715813299496,100.0,98.74415504701619,99.53211598395555,1.2857142857142858,9,100.0,100.0,100.0,0.2,2,1.4,P32_derived_Jv_proxy,2.0233701098270886,1.0887021512388988,0.8092280787054913,1.0432524595679455,0.9860417280461424,1.0866788063466268,81,9,3,78,0.9629629629629629,0.037037037037037035,7.0,1.2857142857142858,1.0313240312354817,1.2857142857142858,0.03819718634205488,0.9931268448934268,0.03341158889609064,0.13509732362416504,0.1016857347280744,1,1,1,1,1,1,cases/granite_good_dense.yaml,granite_good_dense,good,dense,favorable_or_mixed,moderate
granite_good_dense,50,30,30.5,Center,35.26080484752601,41.38247693632333,30.962570631677217,29.944567260732292,42.03022242219612,37.942552607661646,97.52518287358895,4.0,97.52518287358895,100.0,98.56066567350224,99.53211598395555,1.4285714285714286,10,100.0,100.0,100.0,0.1,1,1.4,P32_derived_Jv_proxy,1.9828399200815594,1.1765027240151704,0.7919063224720547,1.1069557459213057,0.8781016419099018,1.0156526514077322,98,10,3,95,0.9693877551020408,0.030612244897959183,7.0,1.4285714285714286,1.2477747538404593,1.4285714285714286,0.03819718634205488,1.2095775674984046,0.11707512359821881,0.10514592414115975,-0.011929199457059059,1,1,1,1,1,1,cases/granite_good_dense.yaml,granite_good_dense,good,dense,favorable_or_mixed,moderate
granite_good_dense,50,40,40.5,Center,34.0822623255625,41.78734823540865,45.223340785118744,50.60447116300253,44.56696901248397,41.66666666666667,96.82394699031688,4.0,96.82394699031688,100.0,99.18216958457558,99.53211598395555,1.0,7,100.0,100.0,100.0,0.2,2,1.4,P32_derived_Jv_proxy,2.1019226338353407,1.1504659452722283,0.8383296847423095,0.9074568225639893,1.326887879482113,1.0665182380422025,109,7,5,104,0.9541284403669725,0.045871559633027525,7.0,1.0,1.3878311037613273,1.0,0.06366197723675814,1.3241691265245692,0.07372680674455279,0.09897016243186196,0.025243355687309177,0,1,1,1,1,1,cases/granite_good_dense.yaml,granite_good_dense,good,dense,favorable_or_mixed,moderate
granite_good_dense,50,50,50.5,Center,34.891001689288146,42.41644954837472,30.205784457955932,25.970577263283133,37.16515999874631,40.61358275318088,97.20068324524297,4.0,97.20068324524297,100.0,98.83799734217858,99.53211598395555,1.2857142857142858,9,99.54363016238614,100.0,99.54363016238614,0.2,2,1.4,P32_derived_Jv_proxy,1.8169634275789377,1.2220886915148266,0.8204860435607261,1.1839512304140811,0.8657184659513338,0.8761968621716094,124,9,5,119,0.9596774193548387,0.04032258064516129,7.0,1.2857142857142858,1.5788170354716018,1.2857142857142858,0.06366197723675814,1.5151550582348436,0.04917258236469024,0.10805012536099545,0.05887754299630521,1,1,1,1,1,1,cases/granite_good_dense.yaml,granite_good_dense,good,dense,favorable_or_mixed,moderate
granite_good_dense,50,60,60.5,Center,32.68344077985166,40.99744484020682,36.773687015041865,32.28645873267144,38.63622409502765,41.66666666666667,94.11635098552911,4.0,94.11635098552911,100.0,97.41371954528299,99.53211598395555,1.7142857142857142,12,100.0,100.0,100.0,0.4,4,1.4,P32_derived_Jv_proxy,2.0052049274602886,1.226057814198813,0.8326383737874927,0.983819165047113,1.1251473571201145,0.9424056607824621,96,12,2,94,0.9791666666666666,0.020833333333333332,7.0,1.7142857142857142,1.2223099629457561,1.7142857142857142,0.025464790894703253,1.196845172051053,0.12018224792235632,0.1058082051646867,-0.014374042757669625,1,1,1,1,1,1,cases/granite_good_dense.yaml,granite_good_dense,good,dense,favorable_or_mixed,moderate
granite_good_dense,50,70,70.5,Center,37.364010438426384,43.821401633914554,44.41236689230002,39.53138695538038,44.34980785781685,41.66666666666667,96.20960260567021,4.0,96.20960260567021,96.20118415345445,98.47101859515065,98.24769036935783,1.5714285714285714,11,100.0,100.0,100.0,0.1,1,1.4,P32_derived_Jv_proxy,2.0770137839920877,1.1422064705819133,0.7934334333627714,0.8416164724672145,1.1886402549182695,1.0120581771508959,83,11,4,79,0.9518072289156626,0.04819277108433735,7.0,1.5714285714285714,1.056788822130185,1.5714285714285714,0.05092958178940651,1.0058592403407784,0.14851101396565614,0.11430216084704947,-0.034208853118606664,1,1,1,1,1,1,cases/granite_good_dense.yaml,granite_good_dense,good,dense,favorable_or_mixed,moderate
granite_good_dense,50,80,80.5,Center,37.253788802501056,42.468069867718505,32.13173608413323,22.405809542670315,35.440125101839634,34.6595094999978,97.41681028367347,4.0,97.41681028367347,100.0,97.98568569861884,98.24769036935783,2.0,14,100.0,100.0,100.0,0.2,2,1.4,P32_derived_Jv_proxy,1.9310708323245596,1.3668605914800518,0.726353616796915,0.9847721818928779,0.8625092136125506,0.8345122632657939,88,14,4,84,0.9545454545454546,0.045454545454545456,7.0,2.0,1.1204507993669433,2.0,0.05092958178940651,1.0695212175775366,0.07096432028930122,0.11335373605826538,0.042389415768964156,1,1,1,1,1,1,cases/granite_good_dense.yaml,granite_good_dense,good,dense,favorable_or_mixed,moderate
granite_good_dense,51,10,10.5,Center,37.80559413580589,41.12921594948882,47.99853342708214,43.969187127771434,38.189392382716186,41.66666666666667,98.3283938574617,4.0,98.3283938574617,100.0,99.48230775788286,99.53211598395555,0.8571428571428571,6,99.50876622143042,100.0,99.50876622143042,0.3,3,1.4,P32_derived_Jv_proxy,1.854562791141699,1.2545871894475393,0.8399892687470744,0.698837378076231,1.269614577532124,0.9285222560434155,97,6,2,95,0.979381443298969,0.020618556701030927,7.0,0.8571428571428571,1.2350423583931078,0.8571428571428571,0.025464790894703253,1.2095775674984046,0.164073714029923,0.10765546566451811,-0.05641824836540488,0,1,1,1,1,1,cases/granite_good_dense.yaml,granite_good_dense,good,dense,favorable_or_mixed,moderate
granite_good_dense,51,20,20.5,Center,38.07342715567927,41.52638503781992,52.017096315175074,51.032069552625835,47.39073663067779,48.53383928971113,97.9587529836789,4.0,97.9587529836789,100.0,99.11532901085492,99.53211598395555,1.1428571428571428,8,100.0,100.0,100.0,0.2,2,1.4,P32_derived_Jv_proxy,2.13984376415413,1.123460250930498,0.7516677018140919,0.8005115847696642,1.3662309962925383,1.1412198915825913,92,8,5,87,0.9456521739130435,0.05434782608695652,7.0,1.1428571428571428,1.1713803811563497,1.1428571428571428,0.06366197723675814,1.1077184039195915,0.07308920404443953,0.12040777139703662,0.047318567352597096,0,1,1,1,1,1,cases/granite_good_dense.yaml,granite_good_dense,good,dense,favorable_or_mixed,moderate
granite_good_dense,51,30,30.5,Center,34.24016772566881,41.53892379343127,37.42659187225716,30.84627677622741,41.162301596064275,40.773620828327466,97.79822867265318,4.0,97.79822867265318,100.0,98.22068864791605,98.24769036935783,1.8571428571428572,13,100.0,100.0,100.0,0.6,6,1.4,P32_derived_Jv_proxy,1.9540516178820673,1.1816617823240974,0.8285797027245974,1.0148563614281834,1.0930609970172427,0.9909332702204828,103,13,5,98,0.9514563106796117,0.04854368932038835,7.0,1.8571428571428572,1.3114367310772175,1.8571428571428572,0.06366197723675814,1.2477747538404593,0.12749058761997456,0.11614058499137403,-0.01135000262860053,1,1,1,1,1,1,cases/granite_good_dense.yaml,granite_good_dense,good,dense,favorable_or_mixed,moderate
granite_good_dense,51,40,40.5,Center,35.55871187635412,42.523717167641614,41.41420484473215,30.54641906518958,37.45062395255487,41.66666666666667,97.3503553540548,4.0,97.3503553540548,100.0,99.02148671569255,99.53211598395555,1.1428571428571428,8,100.0,100.0,100.0,0.2,2,1.4,P32_derived_Jv_proxy,1.9966398631278592,1.3393626224099304,0.7506282870795209,0.7209151212181115,1.1646711216294598,0.8806996764867229,90,8,3,87,0.9666666666666667,0.03333333333333333,7.0,1.1428571428571428,1.1459155902616465,1.1428571428571428,0.03819718634205488,1.1077184039195915,0.11182431269340365,0.10345218320381488,-0.008372129489588764,1,1,1,1,1,1,cases/granite_good_dense.yaml,granite_good_dense,good,dense,favorable_or_mixed,moderate
granite_good_dense,51,50,50.5,Center,34.71479317488753,41.69693011222216,24.741889381660922,24.175711605442004,39.78033002795984,38.317554879675434,96.77166681499303,4.0,96.77166681499303,100.0,99.3486266104416,99.53211598395555,1.1428571428571428,8,100.0,100.0,100.0,0.3,3,1.4,P32_derived_Jv_proxy,1.8395890997719475,1.1590082053497304,0.7422939160130672,1.222687149840396,0.7127189050793208,0.9540349834123513,102,8,4,98,0.9607843137254902,0.0392156862745098,7.0,1.1428571428571428,1.298704335629866,1.1428571428571428,0.05092958178940651,1.2477747538404593,0.12859168596601178,0.12669093985081992,-0.0019007461151918648,0,1,1,1,1,1,cases/granite_good_dense.yaml,granite_good_dense,good,dense,favorable_or_mixed,moderate
granite_good_dense,51,60,60.5,Center,34.769882101363436,40.94910354635995,57.092718241457355,63.828492692131015,40.88142259668076,41.66666666666667,98.2409566762088,4.0,98.2409566762088,100.0,99.43249953181018,100.0,0.7142857142857143,5,100.0,100.0,100.0,0.1,1,1.4,P32_derived_Jv_proxy,2.0048856987951225,1.2252508006035525,0.8449114449754581,0.6844096127961086,1.642016446159263,0.99834719337378,91,5,1,90,0.989010989010989,0.01098901098901099,7.0,0.7142857142857143,1.158647985708998,0.7142857142857143,0.012732395447351627,1.1459155902616465,0.09759399051856066,0.12798307395937025,0.030389083440809594,0,0,1,1,1,1,cases/granite_good_dense.yaml,granite_good_dense,good,dense,favorable_or_mixed,moderate
granite_good_dense,51,70,70.5,Center,35.72247949030074,39.201752130632656,29.233748644437924,28.738655027447745,35.36441492219965,34.83297712012578,98.88006102829766,4.0,98.88006102829766,100.0,98.4195050193674,99.53211598395555,1.5714285714285714,11,100.0,100.0,100.0,0.3,3,1.4,P32_derived_Jv_proxy,1.9680939222288596,1.4071535286233978,0.8919132994352862,1.1089419327464858,0.8183572098452847,0.9021131199532668,109,11,4,105,0.963302752293578,0.03669724770642202,7.0,1.5714285714285714,1.3878311037613273,1.5714285714285714,0.05092958178940651,1.336901521971921,0.0873661219129086,0.11556874136259243,0.02820261944968383,1,1,1,1,1,1,cases/granite_good_dense.yaml,granite_good_dense,good,dense,favorable_or_mixed,moderate
granite_good_dense,51,80,80.5,Center,35.369556222067736,40.00041942190274,39.495249187269664,38.11527151283305,43.135683569279145,41.66666666666667,99.65788815354871,4.0,99.65788815354871,100.0,99.29881838436891,99.53211598395555,1.0,7,100.0,100.0,100.0,0.2,2,1.4,P32_derived_Jv_proxy,2.012598478996485,1.1765166676166026,0.779064432407465,0.9027734722884271,1.116645313254675,1.0783807818189939,83,7,3,80,0.963855421686747,0.03614457831325301,7.0,1.0,1.056788822130185,1.0,0.03819718634205488,1.0185916357881302,0.06911258639029272,0.12275725415448047,0.05364466776418775,1,1,1,1,1,1,cases/granite_good_dense.yaml,granite_good_dense,good,dense,favorable_or_mixed,moderate
granite_medium,42,10,10.5,Center,15.85490196635796,18.32494518754669,15.898767088730368,13.15479824413932,17.33929271282378,17.599086823543363,97.49384993280182,4.0,97.49384993280182,100.0,98.72134854238526,98.24769036935783,1.2857142857142858,9,99.80581347465449,100.0,99.80581347465449,0.7,7,1.1,P32_derived_Jv_proxy,1.4660576031742303,2.070233803101225,0.8649277138228487,1.0250012572190166,1.0027666599557339,0.9462125280793342,83,9,2,81,0.9759036144578314,0.024096385542168676,7.0,1.2857142857142858,1.056788822130185,1.2857142857142858,0.025464790894703253,1.0313240312354817,0.22812414374527146,0.3784892694498654,0.15036512570459393,1,1,1,1,1,1,cases/granite_medium.yaml,granite_medium,medium,medium,mixed,moderate
granite_medium,42,20,20.5,Center,16.593504546842244,19.05535984702837,17.76101131515152,12.45698888110836,17.185523843664438,18.75,100.0,4.0,100.0,100.0,99.73263770511745,99.53211598395555,0.5714285714285714,4,99.33084283939634,100.0,99.33084283939634,0.7,7,1.1,P32_derived_Jv_proxy,1.5036029414476721,2.240280103321118,0.8144351795766924,0.8926088927430118,1.070359264073089,0.9018734876499576,96,4,1,95,0.9895833333333334,0.010416666666666666,7.0,0.5714285714285714,1.2223099629457561,0.5714285714285714,0.012732395447351627,1.2095775674984046,0.34534867647256695,0.4426370459636666,0.09728836949109965,1,1,1,1,1,1,cases/granite_medium.yaml,granite_medium,medium,medium,mixed,moderate
granite_medium,42,30,30.5,Center,15.901294156079395,18.758740716440883,15.738684787342853,13.871514241547716,19.807421632118974,18.75,99.65666607911649,4.0,99.65666607911649,100.0,99.33865723664779,100.0,0.7142857142857143,5,100.0,100.0,100.0,0.5,5,1.1,P32_derived_Jv_proxy,1.5962342856205836,2.0225997013074353,0.8106102889220763,1.1316567898661758,0.9897738280205091,1.0559035881741776,79,5,2,77,0.9746835443037974,0.02531645569620253,7.0,0.7142857142857143,1.0058592403407784,0.7142857142857143,0.025464790894703253,0.9803944494460752,0.33181415247139023,0.43542665885847054,0.1036125063870803,1,1,1,1,1,1,cases/granite_medium.yaml,granite_medium,medium,medium,mixed,moderate
granite_medium,42,40,40.5,Center,16.220864772727207,18.69190658844327,17.73174077057093,16.751962378066768,22.07797318331259,23.28139196526908,100.0,4.0,100.0,100.0,99.73263770511747,99.53211598395555,0.5714285714285714,4,99.49889260002249,100.0,99.49889260002249,0.8,8,1.1,P32_derived_Jv_proxy,1.630406693072223,1.8573493020914944,0.8029491566057084,1.009873484150154,1.0931439857869982,1.1811514828007346,81,4,1,80,0.9876543209876543,0.012345679012345678,7.0,0.5714285714285714,1.0313240312354817,0.5714285714285714,0.012732395447351627,1.0185916357881302,0.15106341993919303,0.4313885501351056,0.28032513019591254,1,1,1,1,1,1,cases/granite_medium.yaml,granite_medium,medium,medium,mixed,moderate
granite_medium,42,50,50.5,Center,16.328319054170283,18.220577561813574,18.635773145381275,16.747083680331578,19.598832030177675,18.75,100.0,4.0,100.0,100.0,99.18216958457558,99.53211598395555,1.0,7,99.53233938012305,100.0,99.53233938012305,1.0,10,1.1,P32_derived_Jv_proxy,1.6158422750057877,2.0988508286698635,0.801914337164499,0.8985959531084314,1.1413160830307063,1.0756427431396371,113,7,2,111,0.9823008849557522,0.017699115044247787,7.0,1.0,1.4387606855507338,1.0,0.025464790894703253,1.4132958946560306,0.2675838633570209,0.4575846304650084,0.19000076710798752,1,1,1,1,1,1,cases/granite_medium.yaml,granite_medium,medium,medium,mixed,moderate
granite_medium,42,60,60.5,Center,16.720063952220798,18.525773522924762,13.775429107866106,12.93961485828967,16.236342152837828,18.75,100.0,4.0,100.0,100.0,99.73263770511745,99.53211598395555,0.5714285714285714,4,100.0,100.0,100.0,0.2,2,1.1,P32_derived_Jv_proxy,1.3591562055425541,2.1542991355046723,0.809268819463607,0.969510772207947,0.8238861494328448,0.8764191213255483,91,4,1,90,0.989010989010989,0.01098901098901099,7.0,0.5714285714285714,1.158647985708998,0.5714285714285714,0.012732395447351627,1.1459155902616465,0.2971308110849692,0.3950287042595285,0.09789789317455933,1,1,1,1,1,1,cases/granite_medium.yaml,granite_medium,medium,medium,mixed,moderate
granite_medium,42,70,70.5,Center,16.823554727303453,19.21409235253225,15.934761300785606,14.22045954753075,20.196508123339406,18.75,99.24407736843182,4.0,99.24407736843182,100.0,99.73263770511745,99.53211598395555,0.5714285714285714,4,100.0,100.0,100.0,0.8,8,1.1,P32_derived_Jv_proxy,1.6101462894742917,2.0221542678211515,0.7891648501805587,1.0533063114087906,0.9471697009981251,1.0511299598639474,93,4,1,92,0.989247311827957,0.010752688172043012,7.0,0.5714285714285714,1.1841127766037014,0.5714285714285714,0.012732395447351627,1.1713803811563497,0.25718349932991724,0.45241620042964337,0.19523270109972612,1,1,1,1,1,1,cases/granite_medium.yaml,granite_medium,medium,medium,mixed,moderate
granite_medium,42,80,80.5,Center,17.27379320742413,19.401784874809458,16.333966393991908,12.218084445117178,18.697020919581778,18.75,97.65080672843295,4.0,97.65080672843295,100.0,99.43249953181018,100.0,0.7142857142857143,5,100.0,100.0,100.0,0.8,8,1.1,P32_derived_Jv_proxy,1.5083156540386697,2.0125993374963005,0.7952730469422277,1.030404587958243,0.9455923315656984,0.9636753030829283,106,5,3,103,0.9716981132075472,0.02830188679245283,7.0,0.7142857142857143,1.3496339174192724,0.7142857142857143,0.03819718634205488,1.3114367310772175,0.12246168570931881,0.43881671190415417,0.31635502619483535,1,1,1,1,1,1,cases/granite_medium.yaml,granite_medium,medium,medium,mixed,moderate
granite_medium,43,10,10.5,Center,16.40811899837793,19.195903885347843,25.77598588014184,20.99460766790626,26.512434897215872,19.70843414509383,99.48123782139201,4.0,99.48123782139201,100.0,99.48230775788285,99.53211598395555,0.8571428571428571,6,100.0,100.0,100.0,0.7,7,1.1,P32_derived_Jv_proxy,1.6480503488510536,1.739105572076357,0.827807401415175,0.9191948836702305,1.5709287507416296,1.3811506379469167,91,6,1,90,0.989010989010989,0.01098901098901099,7.0,0.8571428571428571,1.158647985708998,0.8571428571428571,0.012732395447351627,1.1459155902616465,0.3246292910597991,0.456186033576923,0.1315567425171239,0,0,1,0,1,1,cases/granite_medium.yaml,granite_medium,medium,medium,mixed,moderate
granite_medium,43,20,20.5,Center,14.394844890456678,17.666079365734483,14.500915589729315,13.093987441231793,17.329843970755945,18.75,97.54220950972687,4.0,97.54220950972687,100.0,98.6943468209435,100.0,1.1428571428571428,8,100.0,100.0,100.0,0.4,4,1.1,P32_derived_Jv_proxy,1.4449546828134687,2.038018672738061,0.7890776707083306,1.0851433198448603,1.0073686587163546,0.9809671751146604,92,8,2,90,0.9782608695652174,0.021739130434782608,7.0,1.1428571428571428,1.1713803811563497,1.1428571428571428,0.025464790894703253,1.1459155902616465,0.2700885880867332,0.415210700500774,0.14512211241404083,1,1,1,1,1,1,cases/granite_medium.yaml,granite_medium,medium,medium,mixed,moderate
granite_medium,43,30,30.5,Center,17.42108503331932,19.178903037915426,16.590180465987974,14.350722448845728,19.990321230127652,18.75,100.0,4.0,100.0,100.0,99.61598890532413,100.0,0.5714285714285714,4,100.0,100.0,100.0,0.6,6,1.1,P32_derived_Jv_proxy,1.4814915871150987,1.859589162677273,0.8383740476761583,1.0724530384979736,0.9523046603732105,1.0423078520501463,90,4,0,90,1.0,0.0,7.0,0.5714285714285714,1.1459155902616465,0.5714285714285714,0.0,1.1459155902616465,0.27124859152044556,0.44675530795999197,0.1755067164395464,1,1,1,1,1,1,cases/granite_medium.yaml,granite_medium,medium,medium,mixed,moderate
granite_medium,43,40,40.5,Center,15.508935686237077,17.68080628473996,19.763872351691862,18.909585018840875,20.930098721468234,18.75,100.0,4.0,100.0,100.0,99.61598890532414,100.0,0.5714285714285714,4,100.0,100.0,100.0,0.5,5,1.1,P32_derived_Jv_proxy,1.5364236789178587,1.8759817436701933,0.7856906643525142,0.8820310167710481,1.2743538790499143,1.1837751279212132,79,4,1,78,0.9873417721518988,0.012658227848101266,7.0,0.5714285714285714,1.0058592403407784,0.5714285714285714,0.012732395447351627,0.9931268448934268,0.31046395112433556,0.3709669788353337,0.060503027710998136,0,1,1,1,1,1,cases/granite_medium.yaml,granite_medium,medium,medium,mixed,moderate
granite_medium,43,50,50.5,Center,16.257660516160747,17.91166390215165,11.215978385405334,11.588071361090169,17.027193921644503,18.75,98.76777267396757,4.0,98.76777267396757,100.0,99.61598890532413,100.0,0.5714285714285714,4,99.44344320385842,100.0,99.44344320385842,0.8,8,1.1,P32_derived_Jv_proxy,1.4484934281045614,2.120673927903039,0.7784083817602602,1.2086533050017532,0.6898888295924382,0.9506204456861823,100,4,0,100,1.0,0.0,7.0,0.5714285714285714,1.2732395447351628,0.5714285714285714,0.0,1.2732395447351628,0.3173978736970303,0.48746239397895497,0.17006452028192465,0,1,1,1,1,1,cases/granite_medium.yaml,granite_medium,medium,medium,mixed,moderate
granite_medium,43,60,60.5,Center,17.024728928789973,19.058161021851053,19.60062965368898,22.576173861132045,19.292579441983438,18.75,98.76439710103526,4.0,98.76439710103526,100.0,99.73263770511747,99.53211598395555,0.5714285714285714,4,99.02838152013894,100.0,99.02838152013894,0.5,5,1.1,P32_derived_Jv_proxy,1.6450666616351908,2.10061908591048,0.8508582893264387,0.9549100123832966,1.1513034795251855,1.0123001594888204,88,4,2,86,0.9772727272727273,0.022727272727272728,7.0,0.5714285714285714,1.1204507993669433,0.5714285714285714,0.025464790894703253,1.0949860084722398,0.3634189440384239,0.4664541897391259,0.103035245700702,1,1,1,1,1,1,cases/granite_medium.yaml,granite_medium,medium,medium,mixed,moderate
granite_medium,43,70,70.5,Center,16.606832216825303,17.972828863693277,14.918209508637545,14.897273964698678,18.75,18.75,100.0,4.0,100.0,100.0,100.0,100.0,0.0,0,100.0,100.0,100.0,0.5,5,1.1,P32_derived_Jv_proxy,1.5,2.0,0.7749456858026204,1.0076854579923347,0.8983175908481257,1.0432414475317615,88,0,0,88,1.0,0.0,7.0,0.0,1.1204507993669433,0.0,0.0,1.1204507993669433,0.0,0.4535217171365825,0.4535217171365825,1,1,1,1,1,1,cases/granite_medium.yaml,granite_medium,medium,medium,mixed,moderate
granite_medium,43,80,80.5,Center,15.19007245959979,18.16098742364661,14.153324421819798,14.44229735032001,18.58873383125126,18.75,99.57258766783505,4.0,99.57258766783505,100.0,99.47233838408904,100.0,0.42857142857142855,3,99.53230597915568,100.0,99.53230597915568,0.8,8,1.1,P32_derived_Jv_proxy,1.5008322265257992,2.01035324202783,0.8395264312951187,1.1215749446431096,0.931748315188267,1.0235530369371713,92,3,3,89,0.967391304347826,0.03260869565217391,7.0,0.42857142857142855,1.1713803811563497,0.42857142857142855,0.03819718634205488,1.1331831948142947,0.24594179077863065,0.46024615875693153,0.21430436797830088,1,1,1,1,1,1,cases/granite_medium.yaml,granite_medium,medium,medium,mixed,moderate
granite_medium,44,10,10.5,Center,15.438464517528782,18.256778006281717,15.572455320171503,13.921447608316065,19.027623599401185,18.75,100.0,4.0,100.0,100.0,99.4993401055308,100.0,0.5714285714285714,4,100.0,100.0,100.0,0.6,6,1.1,P32_derived_Jv_proxy,1.5195229569468176,1.997073323731008,0.8483109548948455,1.1003461032592246,1.0086790239074999,1.0422224333808647,82,4,2,80,0.975609756097561,0.024390243902439025,7.0,0.5714285714285714,1.0440564266828334,0.5714285714285714,0.025464790894703253,1.0185916357881302,0.2924448120504213,0.4364478081718688,0.1440029961214475,1,1,1,1,1,1,cases/granite_medium.yaml,granite_medium,medium,medium,mixed,moderate
granite_medium,44,20,20.5,Center,16.29555954952794,18.764415967264338,15.081129642507483,13.639748165362832,16.58394968228782,16.357797362854683,98.49382298031935,4.0,98.49382298031935,100.0,99.48230775788286,99.53211598395555,0.8571428571428571,6,100.0,100.0,100.0,0.8,8,1.1,P32_derived_Jv_proxy,1.4705382016694972,2.212211096731969,0.8154263785742245,0.9564629750765266,0.9254747955521639,0.8837978070417714,91,6,0,91,1.0,0.0,7.0,0.8571428571428571,1.158647985708998,0.8571428571428571,0.0,1.158647985708998,0.4223905713036106,0.41360978841316076,-0.008780782890449812,1,1,1,1,1,1,cases/granite_medium.yaml,granite_medium,medium,medium,mixed,moderate
granite_medium,44,30,30.5,Center,16.967238242925422,18.31672031427677,21.19584890934279,20.798138480953654,22.017604279287088,18.75,98.7079890089641,4.0,98.7079890089641,100.0,99.27181666292714,99.53211598395555,0.8571428571428571,6,100.0,100.0,100.0,0.5,5,1.1,P32_derived_Jv_proxy,1.4438742888687244,1.7303575563563858,0.791955200100956,0.9533002678104114,1.249222095303607,1.2020494882004453,82,6,2,80,0.975609756097561,0.024390243902439025,7.0,0.8571428571428571,1.0440564266828334,0.8571428571428571,0.025464790894703253,1.0185916357881302,0.25073257725110576,0.4394154271414282,0.18868284989032247,1,1,1,1,1,1,cases/granite_medium.yaml,granite_medium,medium,medium,mixed,moderate
granite_medium,44,40,40.5,Center,14.597860602285422,18.124581248204155,17.656708544175167,18.452632539963027,16.212811341366358,18.75,100.0,4.0,100.0,100.0,99.79947827883811,100.0,0.42857142857142855,3,100.0,100.0,100.0,0.4,4,1.1,P32_derived_Jv_proxy,1.3528764760989787,2.1076023598670375,0.829537533192663,0.8836437821206415,1.2095408378821522,0.894520602674491,91,3,2,89,0.978021978021978,0.02197802197802198,7.0,0.42857142857142855,1.158647985708998,0.42857142857142855,0.025464790894703253,1.1331831948142947,0.047917246738736985,0.40962392861140107,0.3617066818726641,1,1,1,1,1,1,cases/granite_medium.yaml,granite_medium,medium,medium,mixed,moderate
granite_medium,44,50,50.5,Center,16.255853994633192,18.126694137293843,17.078105533519754,17.202705775379496,17.42153493605243,18.75,99.92427665459093,4.0,99.92427665459093,100.0,99.61598890532413,100.0,0.5714285714285714,4,100.0,100.0,100.0,0.6,6,1.1,P32_derived_Jv_proxy,1.4553112200259524,2.1100511318195765,0.7697078113663637,0.9260694567894662,1.050581872792289,0.9610983008870538,85,4,1,84,0.9882352941176471,0.011764705882352941,7.0,0.5714285714285714,1.0822536130248883,0.5714285714285714,0.012732395447351627,1.0695212175775366,0.3448907011892661,0.41402425130636455,0.06913355011709843,1,1,1,1,1,1,cases/granite_medium.yaml,granite_medium,medium,medium,mixed,moderate
granite_medium,44,60,60.5,Center,17.343449196412358,19.225111639246624,16.989957721630105,15.616407816399162,17.502936902123782,18.75,99.0776985242205,4.0,99.0776985242205,100.0,99.61598890532413,100.0,0.5714285714285714,4,99.15147338152615,100.0,99.15147338152615,0.8,8,1.1,P32_derived_Jv_proxy,1.4182977094869784,2.0051425445548268,0.8511528515432198,0.9840976108986137,0.9796181560669388,0.9104205598677955,100,4,1,99,0.99,0.01,7.0,0.5714285714285714,1.2732395447351628,0.5714285714285714,0.012732395447351627,1.260507149287811,0.4343399116715816,0.4904693082234822,0.056129396551900634,1,1,1,1,1,1,cases/granite_medium.yaml,granite_medium,medium,medium,mixed,moderate
granite_medium,44,70,70.5,Center,15.093069871210034,17.736034944462336,15.915239053950355,15.092335235587743,16.637521332047378,18.75,98.91606151113557,4.0,98.91606151113557,100.0,99.61598890532413,100.0,0.5714285714285714,4,100.0,100.0,100.0,0.3,3,1.1,P32_derived_Jv_proxy,1.459343291071535,2.2140396314648547,0.7668665709854164,0.863812102052383,1.0544732907059953,0.9380631795181513,88,4,0,88,1.0,0.0,7.0,0.5714285714285714,1.1204507993669433,0.5714285714285714,0.0,1.1204507993669433,0.21233415951689472,0.46268483295936746,0.25035067344247275,1,1,1,1,1,1,cases/granite_medium.yaml,granite_medium,medium,medium,mixed,moderate
granite_medium,44,80,80.5,Center,17.172754686850602,19.315784639933998,19.78533508849463,19.72612965377421,19.923584632851924,18.75,100.0,4.0,100.0,100.0,99.68282947904478,100.0,0.42857142857142855,3,100.0,100.0,100.0,0.9,9,1.1,P32_derived_Jv_proxy,1.52416416261203,1.9506382382423804,0.8304130042641316,0.9368095717233638,1.1521351960873532,1.0314664925214243,80,3,2,78,0.975,0.025,7.0,0.42857142857142855,1.0185916357881302,0.42857142857142855,0.025464790894703253,0.9931268448934268,0.25907584910972237,0.44209485864316067,0.1830190095334383,1,1,1,1,1,1,cases/granite_medium.yaml,granite_medium,medium,medium,mixed,moderate
granite_medium,45,10,10.5,Center,16.166856373245032,17.992672691761587,20.80979058087842,22.275350503573588,21.982009249353172,20.78775325827045,100.0,4.0,100.0,100.0,99.48230775788286,99.53211598395555,0.8571428571428571,6,100.0,100.0,100.0,0.5,5,1.1,P32_derived_Jv_proxy,1.596920918004436,1.8892303138516833,0.8496590157020523,0.9735714875435414,1.2871884366658384,1.2217200649361117,81,6,2,79,0.9753086419753086,0.024691358024691357,7.0,0.8571428571428571,1.0313240312354817,0.8571428571428571,0.025464790894703253,1.0058592403407784,0.500310478364453,0.40133683582779556,-0.09897364253665741,0,1,1,1,1,1,cases/granite_medium.yaml,granite_medium,medium,medium,mixed,moderate
granite_medium,45,20,20.5,Center,15.24552617693482,17.64439067742148,14.306956750123614,14.204370527744008,18.400362907390818,18.75,100.0,4.0,100.0,100.0,99.79947827883811,100.0,0.42857142857142855,3,99.30590282278126,100.0,99.30590282278126,0.6,6,1.1,P32_derived_Jv_proxy,1.4865040278911397,2.0186354819346763,0.7864071955653008,1.0218526797357737,0.938436403183566,1.0428449042979258,86,3,0,86,1.0,0.0,7.0,0.42857142857142855,1.0949860084722398,0.42857142857142855,0.0,1.0949860084722398,0.19444689612897526,0.41019622669528477,0.21574933056630952,1,1,1,1,1,1,cases/granite_medium.yaml,granite_medium,medium,medium,mixed,moderate
granite_medium,45,30,30.5,Center,15.251754967297211,17.649365718372366,15.860066924912875,14.543063292495935,18.380188849050235,18.75,97.20813421439131,4.0,97.20813421439131,100.0,99.27181666292714,99.53211598395555,0.8571428571428571,6,100.0,100.0,100.0,0.5,5,1.1,P32_derived_Jv_proxy,1.4349257823922856,1.907648258772617,0.8142440752357023,1.0056215446230223,1.039884718769742,1.0414078977306878,84,6,1,83,0.9880952380952381,0.011904761904761904,7.0,0.8571428571428571,1.0695212175775366,0.8571428571428571,0.012732395447351627,1.056788822130185,0.5061112900989932,0.4423180576339174,-0.06379323246507584,1,1,1,1,1,1,cases/granite_medium.yaml,granite_medium,medium,medium,mixed,moderate
granite_medium,45,40,40.5,Center,15.757929306813352,18.777318196856417,16.22937258164697,16.85844473192408,18.603463836852324,18.75,100.0,4.0,100.0,100.0,99.93315942627937,100.0,0.14285714285714285,1,100.0,100.0,100.0,0.6,6,1.1,P32_derived_Jv_proxy,1.532261554694992,2.062039938987643,0.8311185198537709,0.9644582360670817,1.0299178442582413,0.9907412571815927,100,1,1,99,0.99,0.01,7.0,0.14285714285714285,1.2732395447351628,0.14285714285714285,0.012732395447351627,1.260507149287811,0.1380090357396646,0.4660521845207598,0.3280431487810952,1,1,1,1,1,1,cases/granite_medium.yaml,granite_medium,medium,medium,mixed,moderate
granite_medium,45,50,50.5,Center,16.049164186628563,18.7120948781895,13.985403394303207,15.111563294154841,19.64278016577157,18.75,99.94610005194507,4.0,99.94610005194507,100.0,99.48230775788286,99.53211598395555,0.8571428571428571,6,99.19309871810268,100.0,99.19309871810268,0.4,4,1.1,P32_derived_Jv_proxy,1.5985774717699424,2.0589321222933172,0.732466821971432,1.1089999404300668,0.8714100766664978,1.049737097510491,84,6,0,84,1.0,0.0,7.0,0.8571428571428571,1.0695212175775366,0.8571428571428571,0.0,1.0695212175775366,0.3551247461923531,0.4366082807849845,0.08148353459263136,1,1,1,1,1,1,cases/granite_medium.yaml,granite_medium,medium,medium,mixed,moderate
granite_medium,45,60,60.5,Center,17.043000157963277,19.578410032800374,19.043459781120976,21.497191502359986,17.491741749340278,18.75,100.0,4.0,100.0,100.0,99.86631885255873,100.0,0.2857142857142857,2,99.16182781198654,100.0,99.16182781198654,1.0,10,1.1,P32_derived_Jv_proxy,1.3736397325157879,1.9558622098642378,0.8574356988982988,0.8192791170080463,1.1173771991208363,0.8934199314467196,78,2,1,77,0.9871794871794872,0.01282051282051282,7.0,0.2857142857142857,0.9931268448934268,0.2857142857142857,0.012732395447351627,0.9803944494460752,0.15663481701079873,0.4282765907464695,0.2716417737356708,1,1,1,1,1,1,cases/granite_medium.yaml,granite_medium,medium,medium,mixed,moderate
granite_medium,45,70,70.5,Center,15.198158892349753,17.21736943235012,20.58110297749743,21.789030662472125,19.711822146316926,18.75,100.0,4.0,100.0,100.0,99.86631885255873,100.0,0.2857142857142857,2,99.3074180907299,100.0,99.3074180907299,0.5,5,1.1,P32_derived_Jv_proxy,1.4852182209360199,1.9062986498115575,0.8045821584856107,0.8242635686462363,1.3541839589436897,1.1448800133939112,84,2,2,82,0.9761904761904762,0.023809523809523808,7.0,0.2857142857142857,1.0695212175775366,0.2857142857142857,0.025464790894703253,1.0440564266828334,0.25084784016699124,0.4053943572868778,0.15454651711988654,0,1,1,1,1,1,cases/granite_medium.yaml,granite_medium,medium,medium,mixed,moderate
granite_medium,45,80,80.5,Center,16.533439826049246,19.142297722644063,17.377895706721652,13.84106594355702,18.09022673837141,18.75,100.0,4.0,100.0,100.0,99.93315942627937,100.0,0.14285714285714285,1,99.69557720870885,100.0,99.69557720870885,0.5,5,1.1,P32_derived_Jv_proxy,1.4258921972322387,1.9622725643216143,0.8794268317203574,1.0450010233410612,1.051075631541715,0.9450394618495499,95,1,0,95,1.0,0.0,7.0,0.14285714285714285,1.2095775674984046,0.14285714285714285,0.0,1.2095775674984046,0.38035129147902713,0.4214320607554347,0.04108076927640758,1,1,1,1,1,1,cases/granite_medium.yaml,granite_medium,medium,medium,mixed,moderate
granite_medium,46,10,10.5,Center,16.388352859155322,18.478204451811575,16.280484775485128,11.172553750248523,18.5998291618601,18.75,100.0,4.0,100.0,100.0,99.86631885255873,100.0,0.2857142857142857,2,99.90422402608928,100.0,99.90422402608928,0.5,5,1.1,P32_derived_Jv_proxy,1.5279786774947604,2.0916929560043793,0.7666835362820142,1.0016884208196255,0.9934180033468138,1.0065820632283675,79,2,0,79,1.0,0.0,7.0,0.2857142857142857,1.0058592403407784,0.2857142857142857,0.0,1.0058592403407784,0.3809140210625529,0.40240720066221336,0.02149317959966046,1,1,1,1,1,1,cases/granite_medium.yaml,granite_medium,medium,medium,mixed,moderate
granite_medium,46,20,20.5,Center,16.24625999668389,18.59509696518894,18.168078392943674,17.668523704452312,18.27333033921638,18.75,98.97895969303967,4.0,98.97895969303967,100.0,99.24901015829622,100.0,0.8571428571428571,6,100.0,100.0,100.0,0.5,5,1.1,P32_derived_Jv_proxy,1.5766345987328596,2.18149221881476,0.8286035153117532,0.854765021161679,1.1182929730690052,0.9826961576712977,87,6,1,86,0.9885057471264368,0.011494252873563218,7.0,0.8571428571428571,1.1077184039195915,0.8571428571428571,0.012732395447351627,1.0949860084722398,0.32887918164370655,0.44176492360293307,0.11288574195922652,1,1,1,1,1,1,cases/granite_medium.yaml,granite_medium,medium,medium,mixed,moderate
granite_medium,46,30,30.5,Center,15.510777907006204,18.432700948684833,16.2520363163742,17.80896528181801,18.360076854056086,18.75,100.0,4.0,100.0,100.0,99.93315942627937,100.0,0.14285714285714285,1,100.0,100.0,100.0,0.7,7,1.1,P32_derived_Jv_proxy,1.521588418790401,2.082366569925903,0.7972617615452214,0.9612002372652427,1.047789892538734,0.9960600405317199,76,1,0,76,1.0,0.0,7.0,0.14285714285714285,0.9676620539987236,0.14285714285714285,0.0,0.9676620539987236,0.4174501147046167,0.46500332410637235,0.04755320940175567,1,1,1,1,1,1,cases/granite_medium.yaml,granite_medium,medium,medium,mixed,moderate
granite_medium,46,40,40.5,Center,17.182110721718477,19.187314644545786,15.532755452060906,17.255357649611312,19.214463863053368,18.75,99.16230250135622,4.0,99.16230250135622,100.0,99.86631885255873,100.0,0.2857142857142857,2,100.0,100.0,100.0,0.5,5,1.1,P32_derived_Jv_proxy,1.606862096729209,2.1176434890417406,0.7696400750471136,0.9967815167135692,0.9040074123388835,1.0014149566528998,95,2,0,95,1.0,0.0,7.0,0.2857142857142857,1.2095775674984046,0.2857142857142857,0.0,1.2095775674984046,0.18042751874482876,0.42355174705917453,0.24312422831434577,1,1,1,1,1,1,cases/granite_medium.yaml,granite_medium,medium,medium,mixed,moderate
granite_medium,46,50,50.5,Center,17.139706181596363,20.455744096634334,17.460904403858088,15.960906096909321,19.638354062500557,18.75,99.86162022856986,4.0,99.86162022856986,100.0,99.68282947904477,100.0,0.42857142857142855,3,100.0,100.0,100.0,0.5,5,1.1,P32_derived_Jv_proxy,1.4498741350072655,1.8573201711981693,0.8183637498045371,0.9877254382166475,1.0187400074924626,0.9600410510479418,84,3,1,83,0.9880952380952381,0.011904761904761904,7.0,0.42857142857142855,1.0695212175775366,0.42857142857142855,0.012732395447351627,1.056788822130185,0.4334181286533153,0.445357187711067,0.011939059057751722,1,1,1,1,1,1,cases/granite_medium.yaml,granite_medium,medium,medium,mixed,moderate
granite_medium,46,60,60.5,Center,16.066122986352994,19.07683848643683,15.924504968774656,17.368997343008587,19.51836150829854,18.75,98.49806927641704,4.0,98.49806927641704,100.0,99.43249953181018,100.0,0.7142857142857143,5,100.0,100.0,100.0,0.2,2,1.1,P32_derived_Jv_proxy,1.4245105747579159,1.8682054206332606,0.787488661642069,1.0035980915157732,0.991185302284899,1.0231444545790762,96,5,1,95,0.9895833333333334,0.010416666666666666,7.0,0.7142857142857143,1.2223099629457561,0.7142857142857143,0.012732395447351627,1.2095775674984046,0.4013540199056044,0.4306010622553398,0.029247042349735408,1,1,1,1,1,1,cases/granite_medium.yaml,granite_medium,medium,medium,mixed,moderate
granite_medium,46,70,70.5,Center,15.90190523798659,17.94394821677816,17.11960457086194,15.644438797965025,19.793662644105655,18.75,99.22526752528309,4.0,99.22526752528309,100.0,99.66579713139683,99.53211598395555,0.7142857142857143,5,100.0,100.0,100.0,0.3,3,1.1,P32_derived_Jv_proxy,1.6382591833074298,2.0916638730384367,0.7146177002593118,0.9068532265413864,1.076575687922382,1.103082911574497,75,5,2,73,0.9733333333333334,0.02666666666666667,7.0,0.7142857142857143,0.954929658551372,0.7142857142857143,0.025464790894703253,0.9294648676566688,0.31768449648876473,0.46722341654533517,0.14953892005657043,1,1,1,1,1,1,cases/granite_medium.yaml,granite_medium,medium,medium,mixed,moderate
granite_medium,46,80,80.5,Center,17.316171086612542,20.034819290060426,18.964159267854605,13.414392886853099,18.75,18.75,100.0,4.0,100.0,100.0,100.0,100.0,0.0,0,100.0,100.0,100.0,0.5,5,1.1,P32_derived_Jv_proxy,1.5,2.0,0.7375062092815164,0.8095538025499626,1.095170472328964,0.9358706823625884,83,0,0,83,1.0,0.0,7.0,0.0,1.056788822130185,0.0,0.0,1.056788822130185,0.0,0.3999879350890414,0.3999879350890414,1,1,1,1,1,1,cases/granite_medium.yaml,granite_medium,medium,medium,mixed,moderate
granite_medium,47,10,10.5,Center,15.154766806375454,16.960776039354954,13.190520604707716,14.220599871170661,17.037217799741402,18.75,99.2458053082421,4.0,99.2458053082421,100.0,99.79947827883811,100.0,0.42857142857142855,3,100.0,100.0,100.0,0.1,1,1.1,P32_derived_Jv_proxy,1.4798491477783782,2.2142695279515077,0.8315322117238769,1.1340326726109884,0.8703875667132404,1.0045069730423346,78,3,1,77,0.9871794871794872,0.01282051282051282,7.0,0.42857142857142855,0.9931268448934268,0.42857142857142855,0.012732395447351627,0.9803944494460752,0.2870922406352707,0.4513402560128966,0.1642480153776259,1,1,1,1,1,1,cases/granite_medium.yaml,granite_medium,medium,medium,mixed,moderate
granite_medium,47,20,20.5,Center,15.10742749570059,18.67082640848608,18.449853086615295,17.15050055919188,22.335793267869978,18.75,99.70778416655995,4.0,99.70778416655995,100.0,99.36565895808953,99.53211598395555,0.8571428571428571,6,100.0,100.0,100.0,0.6,6,1.1,P32_derived_Jv_proxy,1.5821221189112245,1.842777664665345,0.819203616474043,1.099955981099678,1.2212438611316139,1.1962937675708953,108,6,0,108,1.0,0.0,7.0,0.8571428571428571,1.3750987083139756,0.8571428571428571,0.0,1.3750987083139756,0.25929451818224214,0.434575697262212,0.17528117907996987,1,1,1,1,1,1,cases/granite_medium.yaml,granite_medium,medium,medium,mixed,moderate
granite_medium,47,30,30.5,Center,16.124857825569258,18.523311728728174,16.225005220589473,11.15812481179304,18.899980749558058,18.75,99.54118934987477,4.0,99.54118934987477,100.0,99.43249953181018,100.0,0.7142857142857143,5,100.0,100.0,100.0,0.1,1,1.1,P32_derived_Jv_proxy,1.5209566586833485,2.0570589011152083,0.7184833609217793,0.9753002153924862,1.006210745924309,1.0203348637838718,93,5,3,90,0.967741935483871,0.03225806451612903,7.0,0.7142857142857143,1.1841127766037014,0.7142857142857143,0.03819718634205488,1.1459155902616465,0.2536368354377446,0.46368446230198335,0.21004762686423872,1,1,1,1,1,1,cases/granite_medium.yaml,granite_medium,medium,medium,mixed,moderate
granite_medium,47,40,40.5,Center,17.024584412144215,19.274172821965184,17.26261143432454,13.1661078128169,18.46359050745985,18.75,99.89189885801385,4.0,99.89189885801385,100.0,99.27181666292714,99.53211598395555,0.8571428571428571,6,100.0,100.0,100.0,0.8,8,1.1,P32_derived_Jv_proxy,1.4572247561993739,2.019728671899862,0.8291184761673813,1.040244918896443,1.0139813704944558,0.957944638040104,116,6,2,114,0.9827586206896551,0.017241379310344827,7.0,0.8571428571428571,1.4769578718927887,0.8571428571428571,0.025464790894703253,1.4514930809980855,0.29694914326012,0.42903073135552616,0.13208158809540615,1,1,1,1,1,1,cases/granite_medium.yaml,granite_medium,medium,medium,mixed,moderate
granite_medium,47,50,50.5,Center,17.356050976669536,19.90539856299414,19.774378045362372,16.18066559505942,18.784878143884676,18.75,98.97729192000845,4.0,98.97729192000845,100.0,99.68282947904478,100.0,0.42857142857142855,3,100.0,100.0,100.0,0.3,3,1.1,P32_derived_Jv_proxy,1.5700195454063033,2.088417196983437,0.8667482388836127,0.9429325330905892,1.1393362506219655,0.9437077124799396,86,3,2,84,0.9767441860465116,0.023255813953488372,7.0,0.42857142857142855,1.0949860084722398,0.42857142857142855,0.025464790894703253,1.0695212175775366,0.30228723472735775,0.38924192596813767,0.08695469124077992,1,1,1,1,1,1,cases/granite_medium.yaml,granite_medium,medium,medium,mixed,moderate
granite_medium,47,60,60.5,Center,16.745503497872406,19.296727844076646,13.390119585676738,13.273683604256053,18.663236776362258,18.75,100.0,4.0,100.0,100.0,99.33865723664779,100.0,0.7142857142857143,5,100.0,100.0,100.0,0.7,7,1.1,P32_derived_Jv_proxy,1.4880857406989079,2.000683589328703,0.8118322372390778,1.2371106640207947,0.7996247821021335,0.9671710627401088,100,5,1,99,0.99,0.01,7.0,0.7142857142857143,1.2732395447351628,0.7142857142857143,0.012732395447351627,1.260507149287811,0.3398085128066173,0.36854536903026225,0.02873685622364497,0,1,1,1,1,1,cases/granite_medium.yaml,granite_medium,medium,medium,mixed,moderate
granite_medium,47,70,70.5,Center,14.596646905560537,17.714676493415194,18.84859969628499,12.33269170556166,19.770927411955736,18.75,98.89543517817005,4.0,98.89543517817005,100.0,99.61598890532413,100.0,0.5714285714285714,4,99.54077731487267,100.0,99.54077731487267,1.0,10,1.1,P32_derived_Jv_proxy,1.5072705329388634,1.969432233038513,0.8361728848092417,1.0720236138734187,1.2912965435304657,1.116076120233123,103,4,2,101,0.9805825242718447,0.019417475728155338,7.0,0.5714285714285714,1.3114367310772175,0.5714285714285714,0.025464790894703253,1.2859719401825143,0.32141734763493623,0.45799474432587284,0.1365773966909366,0,1,1,1,1,1,cases/granite_medium.yaml,granite_medium,medium,medium,mixed,moderate
granite_medium,47,80,80.5,Center,15.04497662036511,17.96050118280334,14.16472544306971,13.19776480312975,17.734500667098118,18.75,98.99428501591248,4.0,98.99428501591248,100.0,99.33865723664778,100.0,0.7142857142857143,5,100.0,100.0,100.0,0.6,6,1.1,P32_derived_Jv_proxy,1.4890527821072426,2.0970327030239972,0.8277898581244975,1.1237058604924062,0.9414920209245204,0.9874168034953494,94,5,3,91,0.9680851063829787,0.031914893617021274,7.0,0.7142857142857143,1.196845172051053,0.7142857142857143,0.03819718634205488,1.158647985708998,0.27549458179927755,0.4353862099713244,0.15989162817204683,1,1,1,1,1,1,cases/granite_medium.yaml,granite_medium,medium,medium,mixed,moderate
granite_medium,48,10,10.5,Center,15.13445956318009,17.978363300127143,17.308185792243737,16.432632086846098,18.846425648479233,18.75,98.27177617079268,4.0,98.27177617079268,100.0,99.7994782788381,100.0,0.42857142857142855,3,100.0,100.0,100.0,0.7,7,1.1,P32_derived_Jv_proxy,1.5086127374928526,1.97629065370446,0.8248837140900633,0.9522725464488841,1.1436276082399401,1.048283724934291,80,3,0,80,1.0,0.0,7.0,0.42857142857142855,1.0185916357881302,0.42857142857142855,0.0,1.0185916357881302,0.3235615812040503,0.4531302173268781,0.12956863612282776,1,1,1,1,1,1,cases/granite_medium.yaml,granite_medium,medium,medium,mixed,moderate
granite_medium,48,20,20.5,Center,16.250758461508227,18.52425017663129,14.403481061133476,12.535973619709134,17.092407343062103,18.75,97.81603911845768,4.0,97.81603911845768,100.0,99.5491483316035,99.53211598395555,0.7142857142857143,5,100.0,100.0,100.0,0.6,6,1.1,P32_derived_Jv_proxy,1.515874709467716,2.178987893189645,0.7998423713662136,1.0167205954901573,0.8863266963969566,0.9227044107094016,105,5,1,104,0.9904761904761905,0.009523809523809525,7.0,0.7142857142857143,1.336901521971921,0.7142857142857143,0.012732395447351627,1.3241691265245692,0.3234397961006882,0.3975520602985071,0.07411226419781891,1,1,1,1,1,1,cases/granite_medium.yaml,granite_medium,medium,medium,mixed,moderate
granite_medium,48,30,30.5,Center,16.19968588627847,18.544505910246013,14.690743511015652,13.764694127356483,18.02109886645351,18.75,100.0,4.0,100.0,100.0,99.93315942627937,100.0,0.14285714285714285,1,100.0,100.0,100.0,0.6,6,1.1,P32_derived_Jv_proxy,1.4329542163467555,1.984001520316003,0.8048841485889537,1.0703939749864075,0.9068536028503535,0.9717756274378108,90,1,0,90,1.0,0.0,7.0,0.14285714285714285,1.1459155902616465,0.14285714285714285,0.0,1.1459155902616465,0.407382760465153,0.34471833130795526,-0.06266442915719772,1,1,1,1,1,1,cases/granite_medium.yaml,granite_medium,medium,medium,mixed,moderate
granite_medium,48,40,40.5,Center,16.622543289076788,19.295146336876833,17.421433633055702,17.712308766788595,18.029261298773374,18.75,98.68629770706943,4.0,98.68629770706943,100.0,99.61598890532413,100.0,0.5714285714285714,4,100.0,100.0,100.0,0.2,2,1.1,P32_derived_Jv_proxy,1.5063106052409785,2.063743104232858,0.7875583548730196,0.9418390975530702,1.0480606565485013,0.9343936026189082,88,4,1,87,0.9886363636363636,0.011363636363636364,7.0,0.5714285714285714,1.1204507993669433,0.5714285714285714,0.012732395447351627,1.1077184039195915,0.22088812116765533,0.4141028799639046,0.19321475879624928,1,1,1,1,1,1,cases/granite_medium.yaml,granite_medium,medium,medium,mixed,moderate
granite_medium,48,50,50.5,Center,14.322838467758862,17.24750953884571,11.002217039960504,10.2250360602012,15.731490987073292,15.413365759281792,99.75348018410548,4.0,99.75348018410548,100.0,99.41546718416224,99.53211598395555,1.0,7,99.82009976113292,100.0,99.82009976113292,0.9,9,1.1,P32_derived_Jv_proxy,1.3940976708016077,2.3019335630495017,0.767523369166922,1.1095839766507354,0.7681589836209369,0.9121021763543331,96,7,4,92,0.9583333333333334,0.041666666666666664,7.0,1.0,1.2223099629457561,1.0,0.05092958178940651,1.1713803811563497,0.4771722080612768,0.4749338216072526,-0.0022383864540241882,0,1,1,1,1,1,cases/granite_medium.yaml,granite_medium,medium,medium,mixed,moderate
granite_medium,48,60,60.5,Center,15.980099991990896,19.120692266223163,16.124158675229303,12.840525806202013,20.664874045377292,18.75,98.57236265825954,4.0,98.57236265825954,100.0,99.27181666292714,99.53211598395555,0.8571428571428571,6,99.9320369955041,100.0,99.9320369955041,0.6,6,1.1,P32_derived_Jv_proxy,1.5361332102360954,1.8908012638216163,0.8021782042711498,1.0979377283755933,1.009014879963868,1.0807597213350866,88,6,3,85,0.9659090909090909,0.03409090909090909,7.0,0.8571428571428571,1.1204507993669433,0.8571428571428571,0.03819718634205488,1.0822536130248883,0.33027304532341273,0.43587750484062204,0.10560445951720931,1,1,1,1,1,1,cases/granite_medium.yaml,granite_medium,medium,medium,mixed,moderate
granite_medium,48,70,70.5,Center,14.524756952748152,17.560187382568255,11.971483851874535,10.943442488068914,18.621989681619606,18.75,99.6432174649827,4.0,99.6432174649827,100.0,99.40549781036842,100.0,0.5714285714285714,4,99.76649058594704,100.0,99.76649058594704,0.8,8,1.1,P32_derived_Jv_proxy,1.4937406923011927,2.032895527009258,0.7591455424399571,1.1964933311168784,0.8242123355881334,1.0604664560758268,97,4,0,97,1.0,0.0,7.0,0.5714285714285714,1.2350423583931078,0.5714285714285714,0.0,1.2350423583931078,0.2788666276926728,0.45503669847171846,0.17617007077904567,1,1,1,1,1,1,cases/granite_medium.yaml,granite_medium,medium,medium,mixed,moderate
granite_medium,48,80,80.5,Center,16.379622140746125,19.066778666423712,11.552562758190618,10.861557612384667,17.02524443473541,18.75,100.0,4.0,100.0,100.0,99.86631885255873,100.0,0.2857142857142857,2,99.46872965826002,100.0,99.46872965826002,0.7,7,1.1,P32_derived_Jv_proxy,1.4596594713781852,2.1944870499495424,0.7879303546949652,1.166426211814707,0.7053009317872075,0.8929271552680573,87,2,1,86,0.9885057471264368,0.011494252873563218,7.0,0.2857142857142857,1.1077184039195915,0.2857142857142857,0.012732395447351627,1.0949860084722398,0.24947601621880033,0.44239235495406815,0.1929163387352678,0,1,1,1,1,1,cases/granite_medium.yaml,granite_medium,medium,medium,mixed,moderate
granite_medium,49,10,10.5,Center,16.083952837903794,19.45971100416014,15.308174245393758,17.14546896769521,17.916220378912733,18.75,98.8146176734923,4.0,98.8146176734923,100.0,99.73263770511747,99.53211598395555,0.5714285714285714,4,100.0,100.0,100.0,0.4,4,1.1,P32_derived_Jv_proxy,1.3995427976560755,1.9770700026943366,0.7691105050920306,0.9403233742878602,0.9517669194675938,0.920682757060604,112,4,2,110,0.9821428571428571,0.017857142857142856,7.0,0.5714285714285714,1.4260282901033823,0.5714285714285714,0.025464790894703253,1.4005634992086788,0.5571509631028876,0.4668179740039984,-0.0903329890988892,1,1,1,1,1,1,cases/granite_medium.yaml,granite_medium,medium,medium,mixed,moderate
granite_medium,49,20,20.5,Center,15.41997198930588,18.011761061074967,20.74437901039816,19.802798047555296,19.683038972382555,18.75,100.0,4.0,100.0,100.0,99.86631885255873,100.0,0.2857142857142857,2,100.0,100.0,100.0,0.2,2,1.1,P32_derived_Jv_proxy,1.5241407904205337,1.9405774010329904,0.849321811699394,0.9947213720145752,1.3452929113480157,1.0927881457921051,75,2,2,73,0.9733333333333334,0.02666666666666667,7.0,0.2857142857142857,0.954929658551372,0.2857142857142857,0.025464790894703253,0.9294648676566688,0.276867442142562,0.4061495756063219,0.12928213346375994,0,1,1,1,1,1,cases/granite_medium.yaml,granite_medium,medium,medium,mixed,moderate
granite_medium,49,30,30.5,Center,15.70803760261675,19.374611702557704,19.66272871071615,16.791994811677377,19.96731615293651,18.75,99.61407126375924,4.0,99.61407126375924,100.0,99.61598890532413,100.0,0.5714285714285714,4,99.9557009253785,100.0,99.9557009253785,0.5,5,1.1,P32_derived_Jv_proxy,1.6033662328428935,2.0037804737994027,0.8510089040231382,0.9449752299402078,1.2517622638897044,1.0305918105342242,86,4,2,84,0.9767441860465116,0.023255813953488372,7.0,0.5714285714285714,1.0949860084722398,0.5714285714285714,0.025464790894703253,1.0695212175775366,0.18726252294409396,0.41150657761532716,0.2242440546712332,0,1,1,1,1,1,cases/granite_medium.yaml,granite_medium,medium,medium,mixed,moderate
granite_medium,49,40,40.5,Center,15.890497270083667,18.788310931510665,15.517781969661263,15.453789783402074,18.211207664419778,18.75,99.89402166272359,4.0,99.89402166272359,100.0,99.86631885255873,100.0,0.2857142857142857,2,100.0,100.0,100.0,1.0,10,1.1,P32_derived_Jv_proxy,1.4835258779376395,2.039127838171209,0.8137247045740205,0.9755195898514384,0.9765447679775195,0.9692839197097274,91,2,2,89,0.978021978021978,0.02197802197802198,7.0,0.2857142857142857,1.158647985708998,0.2857142857142857,0.025464790894703253,1.1331831948142947,0.3284147368860426,0.44881445157155897,0.12039971468551636,1,1,1,1,1,1,cases/granite_medium.yaml,granite_medium,medium,medium,mixed,moderate
granite_medium,49,50,50.5,Center,15.989054190067668,18.60708610265051,17.99871804194958,16.242166801639776,20.839123562040697,18.71945795466483,97.63684301839658,4.0,97.63684301839658,100.0,98.9546461419719,99.53211598395555,1.2857142857142858,9,100.0,100.0,100.0,0.8,8,1.1,P32_derived_Jv_proxy,1.4490809082913834,1.8871810372102564,0.8329329341064164,1.0006301870681273,1.1256899769049695,1.1199563137976905,98,9,2,96,0.9795918367346939,0.02040816326530612,7.0,1.2857142857142858,1.2477747538404593,1.2857142857142858,0.025464790894703253,1.2223099629457561,0.30633213891989297,0.4223132327017953,0.11598109378190236,1,1,1,1,1,1,cases/granite_medium.yaml,granite_medium,medium,medium,mixed,moderate
granite_medium,49,60,60.5,Center,15.277268160832822,17.20886490517578,13.483374874265795,12.895726120054363,16.93033216587404,18.75,100.0,4.0,100.0,100.0,99.73263770511747,99.53211598395555,0.5714285714285714,4,100.0,100.0,100.0,0.5,5,1.1,P32_derived_Jv_proxy,1.4051748958772539,2.1161795493447535,0.7673141075131426,1.0711784664713686,0.8825776135051338,0.9838145780772579,81,4,1,80,0.9876543209876543,0.012345679012345678,7.0,0.5714285714285714,1.0313240312354817,0.5714285714285714,0.012732395447351627,1.0185916357881302,0.11429089395477077,0.42490966292172916,0.3106187689669584,1,1,1,1,1,1,cases/granite_medium.yaml,granite_medium,medium,medium,mixed,moderate
granite_medium,49,70,70.5,Center,16.17953973577281,17.695641305433814,20.2551090564664,22.392332823544947,22.000644584517847,18.75,99.66217624225237,4.0,99.66217624225237,100.0,99.5491483316035,99.53211598395555,0.7142857142857143,5,99.06573570674585,100.0,99.06573570674585,0.5,5,1.1,P32_derived_Jv_proxy,1.4267576389426915,1.789217237852694,0.7601050585352687,0.8801099366306078,1.2518964931791319,1.2432804330048266,103,5,1,102,0.9902912621359223,0.009708737864077669,7.0,0.7142857142857143,1.3114367310772175,0.7142857142857143,0.012732395447351627,1.298704335629866,0.3322908877898664,0.42879854110819327,0.09650765331832689,0,1,1,1,1,1,cases/granite_medium.yaml,granite_medium,medium,medium,mixed,moderate
granite_medium,49,80,80.5,Center,16.133713351997223,18.980243767757656,15.580579507065524,14.677849200050597,18.914803520335646,18.75,100.0,4.0,100.0,100.0,99.93315942627937,100.0,0.14285714285714285,1,99.28441221411266,100.0,99.28441221411266,0.5,5,1.1,P32_derived_Jv_proxy,1.512957549340148,1.9997152123158748,0.7874232425535401,1.0253224805356316,0.9657156518859792,0.9965521914142549,91,1,0,91,1.0,0.0,7.0,0.14285714285714285,1.158647985708998,0.14285714285714285,0.0,1.158647985708998,0.505737890448207,0.37481887878997977,-0.13091901165822728,1,1,1,1,1,1,cases/granite_medium.yaml,granite_medium,medium,medium,mixed,moderate
granite_medium,50,10,10.5,Center,14.989058815344286,17.397450690806206,15.437517142502715,12.469503796998803,22.781326093051717,18.75,100.0,4.0,100.0,100.0,99.86631885255873,100.0,0.2857142857142857,2,99.97675530067373,100.0,99.97675530067373,1.0,10,1.1,P32_derived_Jv_proxy,1.5392968028564442,1.8831432324499884,0.7990046882232779,1.2439277892950458,1.0299190451303948,1.3094634666842686,87,2,0,87,1.0,0.0,7.0,0.2857142857142857,1.1077184039195915,0.2857142857142857,0.0,1.1077184039195915,0.14861878109833437,0.46368029898168217,0.3150615178833478,1,1,1,0,1,1,cases/granite_medium.yaml,granite_medium,medium,medium,mixed,moderate
granite_medium,50,20,20.5,Center,15.48542742562192,17.862476856113094,14.30999657600338,14.270489609345685,18.001266860000246,18.75,98.13752468350422,4.0,98.13752468350422,100.0,98.83799734217858,99.53211598395555,1.2857142857142858,9,99.8351027642598,100.0,99.8351027642598,0.9,9,1.1,P32_derived_Jv_proxy,1.3212267543772647,1.8270711589018265,0.8092280787054913,1.0432524595679455,0.9240943877549229,1.0077699193121503,86,9,3,83,0.9651162790697675,0.03488372093023256,7.0,1.2857142857142858,1.0949860084722398,1.2857142857142858,0.03819718634205488,1.056788822130185,0.23523243362003576,0.44917111424616796,0.2139386806261322,1,1,1,1,1,1,cases/granite_medium.yaml,granite_medium,medium,medium,mixed,moderate
granite_medium,50,30,30.5,Center,15.502511794952715,18.19392210653758,15.069030870831481,13.47505526732953,20.552444653989767,18.75,100.0,4.0,100.0,100.0,99.7994782788381,100.0,0.42857142857142855,3,100.0,100.0,100.0,0.5,5,1.1,P32_derived_Jv_proxy,1.572414132861042,1.9559370064089412,0.7919063224720547,1.1069557459213057,0.972038020041219,1.1296324417374912,74,3,0,74,1.0,0.0,7.0,0.42857142857142855,0.9421972631040204,0.42857142857142855,0.0,0.9421972631040204,0.46923742441660776,0.45094485875369117,-0.018292565662916593,1,1,1,1,1,1,cases/granite_medium.yaml,granite_medium,medium,medium,mixed,moderate
granite_medium,50,40,40.5,Center,16.29787666236592,19.98238969826908,21.060815910449712,23.832948417965053,21.73317983101896,18.75,98.64910054908714,4.0,98.64910054908714,100.0,99.68282947904477,100.0,0.42857142857142855,3,100.0,100.0,100.0,0.9,9,1.1,P32_derived_Jv_proxy,1.5281044873180194,1.8188998836828252,0.8383296847423095,0.9074568225639893,1.2922429311961898,1.0876166544235464,89,3,2,87,0.9775280898876404,0.02247191011235955,7.0,0.42857142857142855,1.1331831948142947,0.42857142857142855,0.025464790894703253,1.1077184039195915,0.41480759558262814,0.41281446910099273,-0.00199312648163541,0,1,1,1,1,1,cases/granite_medium.yaml,granite_medium,medium,medium,mixed,moderate
granite_medium,50,50,50.5,Center,16.049563634202684,19.511205560274558,16.128623528472836,11.978990426952656,20.579369257930665,18.75,100.0,4.0,100.0,100.0,99.86631885255873,100.0,0.2857142857142857,2,100.0,100.0,100.0,0.3,3,1.1,P32_derived_Jv_proxy,1.5839109960781457,1.942521017477881,0.8204860435607261,1.1839512304140811,1.004925984037452,1.054746165958649,89,2,1,88,0.9887640449438202,0.011235955056179775,7.0,0.2857142857142857,1.1331831948142947,0.2857142857142857,0.012732395447351627,1.1204507993669433,0.2937609741426487,0.40265291450989893,0.10889194036725025,1,1,1,1,1,1,cases/granite_medium.yaml,granite_medium,medium,medium,mixed,moderate
granite_medium,50,60,60.5,Center,14.278876943702109,17.911133464271234,17.940670875891165,14.528906429702147,18.75,18.75,100.0,4.0,100.0,100.0,100.0,100.0,0.0,0,99.24862086945019,100.0,99.24862086945019,0.8,8,1.1,P32_derived_Jv_proxy,1.5,2.0,0.8326383737874927,0.983819165047113,1.2564483149918972,1.0468349218323967,103,0,0,103,1.0,0.0,7.0,0.0,1.3114367310772175,0.0,0.0,1.3114367310772175,0.0,0.46705161152759633,0.46705161152759633,0,1,1,1,1,1,cases/granite_medium.yaml,granite_medium,medium,medium,mixed,moderate
granite_medium,50,70,70.5,Center,16.390523761243607,19.223196768861783,18.373098400769123,15.560221530353497,18.335019285299655,18.75,100.0,4.0,100.0,100.0,99.73263770511747,99.53211598395555,0.5714285714285714,4,100.0,100.0,100.0,0.6,6,1.1,P32_derived_Jv_proxy,1.529450965034462,2.2346184675415373,0.7934334333627714,0.8416164724672145,1.1209585897562002,0.9537965774245821,68,4,2,66,0.9705882352941176,0.029411764705882353,7.0,0.5714285714285714,0.8658028904199107,0.5714285714285714,0.025464790894703253,0.8403380995252073,0.43954989266137334,0.5233863492860997,0.08383645662472639,1,1,1,1,1,1,cases/granite_medium.yaml,granite_medium,medium,medium,mixed,moderate
granite_medium,50,80,80.5,Center,16.078526753800848,18.328981279470664,16.68356548268517,14.239445368397545,20.51340992006821,18.75,98.6710278632755,4.0,98.6710278632755,100.0,99.68282947904478,100.0,0.42857142857142855,3,100.0,100.0,100.0,0.4,4,1.1,P32_derived_Jv_proxy,1.4953080528171707,1.8413156312840382,0.726353616796915,0.9847721818928779,1.037630234296267,1.1191789443881537,80,3,0,80,1.0,0.0,7.0,0.42857142857142855,1.0185916357881302,0.42857142857142855,0.0,1.0185916357881302,0.15943143228426582,0.4222695852053283,0.2628381529210625,1,1,1,1,1,1,cases/granite_medium.yaml,granite_medium,medium,medium,mixed,moderate
granite_medium,51,10,10.5,Center,17.62023263207418,19.169288820101766,25.823744284972488,21.428528454057304,19.8432049148202,18.75,99.49830661514027,4.0,99.49830661514027,100.0,99.15516786313381,100.0,0.8571428571428571,6,100.0,100.0,100.0,0.8,8,1.1,P32_derived_Jv_proxy,1.5798292829683471,2.0182597280434282,0.8399892687470744,0.698837378076231,1.4655734021334894,1.0351560300980875,90,6,1,89,0.9888888888888889,0.011111111111111112,7.0,0.8571428571428571,1.1459155902616465,0.8571428571428571,0.012732395447351627,1.1331831948142947,0.21433525950979837,0.45293016308569156,0.2385949035758932,0,1,1,1,1,1,cases/granite_medium.yaml,granite_medium,medium,medium,mixed,moderate
granite_medium,51,20,20.5,Center,17.2953780082114,18.863931623673032,18.819219095299076,19.254428779555273,17.464504161203813,18.75,99.41881648796786,4.0,99.41881648796786,100.0,99.79947827883811,100.0,0.42857142857142855,3,99.3993335068941,100.0,99.3993335068941,0.5,5,1.1,P32_derived_Jv_proxy,1.4525515221908447,2.0860495865821793,0.7516677018140919,0.8005115847696642,1.0881068390852282,0.92581464509164,89,3,2,87,0.9775280898876404,0.02247191011235955,7.0,0.42857142857142855,1.1331831948142947,0.42857142857142855,0.025464790894703253,1.1077184039195915,0.31333894967183296,0.4266297255186223,0.11329077584678937,1,1,1,1,1,1,cases/granite_medium.yaml,granite_medium,medium,medium,mixed,moderate
granite_medium,51,30,30.5,Center,15.368523875952981,18.644533146435407,15.158367407424027,14.247179352222052,17.05413380117429,18.75,98.57848395430834,4.0,98.57848395430834,100.0,99.27181666292714,99.53211598395555,0.8571428571428571,6,99.86590178983982,100.0,99.86590178983982,0.6,6,1.1,P32_derived_Jv_proxy,1.4220689949830359,2.087210253763532,0.8285797027245974,1.0148563614281834,0.986325526756816,0.914698891478268,88,6,2,86,0.9772727272727273,0.022727272727272728,7.0,0.8571428571428571,1.1204507993669433,0.8571428571428571,0.025464790894703253,1.0949860084722398,0.2703653614247409,0.4688786042669474,0.1985132428422065,1,1,1,1,1,1,cases/granite_medium.yaml,granite_medium,medium,medium,mixed,moderate
granite_medium,51,40,40.5,Center,14.97438439951038,17.907467772694044,22.8236737149675,17.302702042205215,20.614571287319816,18.75,99.29632785449664,4.0,99.29632785449664,100.0,99.4054978103684,100.0,0.5714285714285714,4,99.11690083340086,100.0,99.11690083340086,0.5,5,1.1,P32_derived_Jv_proxy,1.5286452736864737,1.9155268927005114,0.7506282870795209,0.7209151212181115,1.5241811019432474,1.1511717652650846,79,4,1,78,0.9873417721518988,0.012658227848101266,7.0,0.5714285714285714,1.0058592403407784,0.5714285714285714,0.012732395447351627,0.9931268448934268,0.19518628104321523,0.49225922667746236,0.29707294563424713,0,0,1,1,1,1,cases/granite_medium.yaml,granite_medium,medium,medium,mixed,moderate
granite_medium,51,50,50.5,Center,15.0446680778335,18.070580753360215,11.07982293188625,10.01112026287828,17.658116921988267,18.75,99.04223699533773,4.0,99.04223699533773,100.0,99.33865723664778,100.0,0.7142857142857143,5,98.8955656872109,100.0,98.8955656872109,0.9,9,1.1,P32_derived_Jv_proxy,1.4729411219133404,2.0660921220887967,0.7422939160130672,1.222687149840396,0.7364617733382254,0.9771748436311185,97,5,4,93,0.9587628865979382,0.041237113402061855,7.0,0.7142857142857143,1.2350423583931078,0.7142857142857143,0.05092958178940651,1.1841127766037014,0.3329230816490627,0.39293456899700663,0.060011487347943926,0,1,1,1,1,1,cases/granite_medium.yaml,granite_medium,medium,medium,mixed,moderate
granite_medium,51,60,60.5,Center,16.477943810569567,19.406365122637418,26.115332766598463,28.858672251237607,19.65463433469593,18.75,99.94929276488197,4.0,99.94929276488197,100.0,99.86631885255873,100.0,0.2857142857142857,2,99.47039187517092,100.0,99.47039187517092,0.7,7,1.1,P32_derived_Jv_proxy,1.5578423890636255,1.984929393337522,0.8449114449754581,0.6844096127961086,1.5848659921905497,1.0127931846324436,108,2,1,107,0.9907407407407407,0.009259259259259259,7.0,0.2857142857142857,1.3750987083139756,0.2857142857142857,0.012732395447351627,1.3623663128666241,0.25837169806329596,0.40026771652525284,0.14189601846195687,0,0,1,1,1,1,cases/granite_medium.yaml,granite_medium,medium,medium,mixed,moderate
granite_medium,51,70,70.5,Center,17.610361415191544,19.325562866279764,16.00341966735511,16.196590495292263,19.28750455171927,18.75,96.33223992966512,4.0,96.33223992966512,96.24693763775349,99.04848843713431,99.53211598395555,1.2857142857142858,9,100.0,100.0,100.0,0.4,4,1.1,P32_derived_Jv_proxy,1.6372938297602986,2.0778198638563485,0.8919132994352862,1.1089419327464858,0.9087502118809323,0.9980306749757389,83,9,2,81,0.9759036144578314,0.024096385542168676,7.0,1.2857142857142858,1.056788822130185,1.2857142857142858,0.025464790894703253,1.0313240312354817,0.40131717702309144,0.453497831516365,0.05218065449327358,1,1,1,1,1,1,cases/granite_medium.yaml,granite_medium,medium,medium,mixed,moderate
granite_medium,51,80,80.5,Center,16.291865545916053,18.42492597052411,18.46302521901898,17.719759553561982,19.571382338947693,18.75,98.32082693855423,4.0,98.32082693855423,100.0,99.73263770511747,99.53211598395555,0.5714285714285714,4,99.57267868521083,100.0,99.57267868521083,0.7,7,1.1,P32_derived_Jv_proxy,1.4425632561708481,1.8777185006604271,0.779064432407465,0.9027734722884271,1.1332664860868056,1.0622231193904206,92,4,2,90,0.9782608695652174,0.021739130434782608,7.0,0.5714285714285714,1.1713803811563497,0.5714285714285714,0.025464790894703253,1.1459155902616465,0.1740763099385062,0.4410566309674917,0.2669803210289855,1,1,1,1,1,1,cases/granite_medium.yaml,granite_medium,medium,medium,mixed,moderate
granite_sparse,42,10,10.5,Center,16.5977057243571,19.183470719859685,17.785913350139868,14.365128210080247,19.230873349162543,18.75,100.0,4.0,100.0,100.0,99.93315942627937,100.0,0.14285714285714285,1,100.0,100.0,100.0,0.2,2,0.25,P32_derived_Jv_proxy,1.5336990588683324,1.9946070892194492,0.8649277138228487,1.0250012572190166,1.0715886668624977,1.0024710142390336,14,1,0,14,1.0,0.0,7.0,0.14285714285714285,0.17825353626292278,0.14285714285714285,0.0,0.17825353626292278,0.19931707115155006,0.44058207443727915,0.24126500328572908,1,1,1,1,1,1,cases/granite_sparse.yaml,granite_sparse,good_to_medium,sparse,mixed,moderate
granite_sparse,42,20,20.5,Center,17.015763939937525,19.54026673704092,18.71299502019613,18.432120305214163,18.713365958173885,18.75,100.0,4.0,100.0,100.0,99.68282947904477,100.0,0.42857142857142855,3,100.0,100.0,100.0,0.2,2,0.25,P32_derived_Jv_proxy,1.4440452703512718,1.9426656650775231,0.8144351795766924,0.8926088927430118,1.0997446301117901,0.9576822164203345,14,3,2,12,0.8571428571428571,0.14285714285714285,7.0,0.42857142857142855,0.17825353626292278,0.42857142857142855,0.025464790894703253,0.15278874536821951,0.18121556025293317,0.31141034127140177,0.1301947810184686,1,1,1,1,1,1,cases/granite_sparse.yaml,granite_sparse,good_to_medium,sparse,mixed,moderate
granite_sparse,42,30,30.5,Center,16.033146892184714,18.914287256557397,15.141967851212396,13.166519396460329,18.75,18.75,100.0,4.0,100.0,100.0,100.0,100.0,0.0,0,99.6549751317874,100.0,99.6549751317874,0.1,1,0.25,P32_derived_Jv_proxy,1.5,2.0,0.8106102889220763,1.1316567898661758,0.9444164612870404,0.9913141185639739,16,0,0,16,1.0,0.0,7.0,0.0,0.20371832715762603,0.0,0.0,0.20371832715762603,0.0,0.4424459979394616,0.4424459979394616,1,1,1,1,1,1,cases/granite_sparse.yaml,granite_sparse,good_to_medium,sparse,mixed,moderate
granite_sparse,42,40,40.5,Center,15.685531525849335,18.075022150743422,15.22032217088404,14.991276776408046,18.584252627985865,18.75,100.0,4.0,100.0,100.0,99.93315942627937,100.0,0.14285714285714285,1,100.0,100.0,100.0,0.3,3,0.25,P32_derived_Jv_proxy,1.4713817744236442,1.9781713501429559,0.8029491566057084,1.009873484150154,0.9703414988393194,1.0281731592357413,17,1,1,16,0.9411764705882353,0.058823529411764705,7.0,0.14285714285714285,0.21645072260497766,0.14285714285714285,0.012732395447351627,0.20371832715762603,0.4558287398968667,0.3606694767509969,-0.09515926314586975,1,1,1,1,1,1,cases/granite_sparse.yaml,granite_sparse,good_to_medium,sparse,mixed,moderate
granite_sparse,42,50,50.5,Center,16.186682799544194,18.062527345228645,20.135728243370085,15.129231317754122,19.767149809456537,18.75,100.0,4.0,100.0,100.0,99.93315942627937,100.0,0.14285714285714285,1,100.0,100.0,100.0,0.2,2,0.25,P32_derived_Jv_proxy,1.5284871587420905,1.9488937702661373,0.801914337164499,0.8985959531084314,1.2439687916746656,1.0943734191593173,16,1,1,15,0.9375,0.0625,7.0,0.14285714285714285,0.20371832715762603,0.14285714285714285,0.012732395447351627,0.1909859317102744,0.2765891496983125,0.4540902459171978,0.17750109621888532,1,1,1,1,1,1,cases/granite_sparse.yaml,granite_sparse,good_to_medium,sparse,mixed,moderate
granite_sparse,42,60,60.5,Center,17.199640132611375,19.057142286243703,15.216291107163755,14.525478442901631,17.78908181604319,18.75,100.0,4.0,100.0,100.0,99.93315942627937,100.0,0.14285714285714285,1,100.0,100.0,100.0,0.1,1,0.25,P32_derived_Jv_proxy,1.4391684065802883,2.0333550220069356,0.809268819463607,0.969510772207947,0.884686597501125,0.9334600932734886,15,1,0,15,1.0,0.0,7.0,0.14285714285714285,0.1909859317102744,0.14285714285714285,0.0,0.1909859317102744,0.10604931917522786,0.32465644069168065,0.21860712151645278,1,1,1,1,1,1,cases/granite_sparse.yaml,granite_sparse,good_to_medium,sparse,mixed,moderate
granite_sparse,42,70,70.5,Center,15.898748307013808,18.157875859901143,15.06552140321463,13.32807360242853,18.49295304604795,18.75,100.0,4.0,100.0,100.0,99.93315942627937,100.0,0.14285714285714285,1,100.0,100.0,100.0,0.0,0,0.25,P32_derived_Jv_proxy,1.4831136981250543,2.0054237592884774,0.7891648501805587,1.0533063114087906,0.9475916664815937,1.0184535453778916,10,1,1,9,0.9,0.1,7.0,0.14285714285714285,0.12732395447351627,0.14285714285714285,0.012732395447351627,0.11459155902616464,0.06731035030312227,0.2674728500825341,0.2001624997794118,1,1,1,1,1,1,cases/granite_sparse.yaml,granite_sparse,good_to_medium,sparse,mixed,moderate
granite_sparse,42,80,80.5,Center,15.859498240139184,17.813260201896572,15.296177482018473,14.062944376651892,18.037968687337663,18.75,99.20825331634533,4.0,99.20825331634533,100.0,99.93315942627937,100.0,0.14285714285714285,1,100.0,100.0,100.0,0.0,0,0.25,P32_derived_Jv_proxy,1.472859656399921,2.0353233514635343,0.7952730469422277,1.030404587958243,0.9644805434830852,1.012614674848637,14,1,0,14,1.0,0.0,7.0,0.14285714285714285,0.17825353626292278,0.14285714285714285,0.0,0.17825353626292278,0.6545194890958868,0.24451367099677856,-0.4100058180991082,1,1,1,1,1,1,cases/granite_sparse.yaml,granite_sparse,good_to_medium,sparse,mixed,moderate
granite_sparse,43,10,10.5,Center,15.775209203739808,18.455460962720963,17.018235524585435,14.943452093961643,17.996447759874567,18.75,100.0,4.0,100.0,100.0,99.93315942627937,100.0,0.14285714285714285,1,100.0,100.0,100.0,0.2,2,0.25,P32_derived_Jv_proxy,1.45878814415023,2.0353842917417153,0.827807401415175,0.9191948836702305,1.078796186141921,0.9751285972334379,24,1,1,23,0.9583333333333334,0.041666666666666664,7.0,0.14285714285714285,0.30557749073643903,0.14285714285714285,0.012732395447351627,0.2928450952890874,0.13105643173950754,0.4013785435066386,0.27032211176713106,1,1,1,1,1,1,cases/granite_sparse.yaml,granite_sparse,good_to_medium,sparse,mixed,moderate
granite_sparse,43,20,20.5,Center,17.874843328617047,21.93690889318088,15.289137955164039,13.093987441231793,18.75,18.75,100.0,4.0,100.0,100.0,100.0,100.0,0.0,0,100.0,100.0,100.0,0.0,0,0.25,P32_derived_Jv_proxy,1.5,2.0,0.7890776707083306,1.0851433198448603,0.8553438860460736,0.8547238852702927,16,0,0,16,1.0,0.0,7.0,0.0,0.20371832715762603,0.0,0.0,0.20371832715762603,0.0,0.42699756571425285,0.42699756571425285,1,1,1,1,1,1,cases/granite_sparse.yaml,granite_sparse,good_to_medium,sparse,mixed,moderate
granite_sparse,43,30,30.5,Center,18.84536579671707,20.746896225924615,15.042648941890103,14.011956851084234,17.44198698789436,18.75,99.96424401885174,4.0,99.96424401885174,100.0,99.68282947904477,100.0,0.42857142857142855,3,100.0,100.0,100.0,0.2,2,0.25,P32_derived_Jv_proxy,1.3841676035209727,2.000769628205443,0.8383740476761583,1.0724530384979736,0.7982147496712739,0.8407034381412409,11,3,3,8,0.7272727272727273,0.2727272727272727,7.0,0.42857142857142855,0.1400563499208679,0.42857142857142855,0.03819718634205488,0.10185916357881301,0.28826059946729343,0.37931963896261955,0.09105903949532612,0,1,1,1,1,1,cases/granite_sparse.yaml,granite_sparse,good_to_medium,sparse,mixed,moderate
granite_sparse,43,40,40.5,Center,16.54821200156347,18.86562280467116,18.160776663577046,18.909585018840875,18.75,18.75,100.0,4.0,100.0,100.0,100.0,100.0,0.0,0,100.0,100.0,100.0,0.1,1,0.25,P32_derived_Jv_proxy,1.5,2.0,0.7856906643525142,0.8820310167710481,1.0974464589806572,0.9938712436971585,17,0,0,17,1.0,0.0,7.0,0.0,0.21645072260497766,0.0,0.0,0.21645072260497766,0.0,0.5035146974081877,0.5035146974081877,1,1,1,1,1,1,cases/granite_sparse.yaml,granite_sparse,good_to_medium,sparse,mixed,moderate
granite_sparse,43,50,50.5,Center,17.385384672340123,19.154119176681682,11.818464843744412,12.282924621529988,18.039537088262968,18.75,100.0,4.0,100.0,100.0,99.93315942627937,100.0,0.14285714285714285,1,100.0,100.0,100.0,0.0,0,0.25,P32_derived_Jv_proxy,1.4495171979689871,2.011530706574354,0.7784083817602602,1.2086533050017532,0.6797931174078308,0.9418097967263558,13,1,0,13,1.0,0.0,7.0,0.14285714285714285,0.16552114081557115,0.14285714285714285,0.0,0.16552114081557115,0.24437946174580172,0.33036720862134117,0.08598774687553945,0,1,1,1,1,1,cases/granite_sparse.yaml,granite_sparse,good_to_medium,sparse,mixed,moderate
granite_sparse,43,60,60.5,Center,16.07764228971179,17.997954439726133,24.601882338497568,20.65467723053224,22.81490339068306,18.75,100.0,4.0,100.0,100.0,99.79947827883811,100.0,0.42857142857142855,3,100.0,100.0,100.0,0.3,3,0.25,P32_derived_Jv_proxy,1.4721715446137071,1.7540495800274558,0.8508582893264387,0.9549100123832966,1.530192169671576,1.2676386901127317,24,3,2,22,0.9166666666666666,0.08333333333333333,7.0,0.42857142857142855,0.30557749073643903,0.42857142857142855,0.025464790894703253,0.2801126998417358,0.3012201544225124,0.380669983806342,0.0794498293838296,0,0,1,0,1,1,cases/granite_sparse.yaml,granite_sparse,good_to_medium,sparse,mixed,moderate
granite_sparse,43,70,70.5,Center,17.6816144121705,19.136017376136532,14.158605109591251,14.897273964698678,17.56676296318206,18.75,100.0,4.0,100.0,100.0,99.68282947904477,100.0,0.42857142857142855,3,100.0,100.0,100.0,0.2,2,0.25,P32_derived_Jv_proxy,1.4512840031144112,2.1112067904795087,0.7749456858026204,1.0076854579923347,0.8007529617796487,0.9179947226160339,17,3,2,15,0.8823529411764706,0.11764705882352941,7.0,0.42857142857142855,0.21645072260497766,0.42857142857142855,0.025464790894703253,0.1909859317102744,0.32195495374726846,0.36438687728430763,0.04243192353703917,1,1,1,1,1,1,cases/granite_sparse.yaml,granite_sparse,good_to_medium,sparse,mixed,moderate
granite_sparse,43,80,80.5,Center,14.798015713430388,17.692251171368984,14.69744523689434,15.348898047947776,19.292781238027477,18.75,100.0,4.0,100.0,100.0,99.86631885255873,100.0,0.2857142857142857,2,100.0,100.0,100.0,0.0,0,0.25,P32_derived_Jv_proxy,1.5368831681793154,1.9983817391727443,0.8395264312951187,1.1215749446431096,0.993203786339761,1.090465031903266,15,2,0,15,1.0,0.0,7.0,0.2857142857142857,0.1909859317102744,0.2857142857142857,0.0,0.1909859317102744,0.30160015997043665,0.4008798768510794,0.09927971688064274,1,1,1,1,1,1,cases/granite_sparse.yaml,granite_sparse,good_to_medium,sparse,mixed,moderate
granite_sparse,44,10,10.5,Center,14.619403929324431,17.28819675161333,15.274470259250005,13.921447608316065,18.75,18.75,100.0,4.0,100.0,100.0,100.0,100.0,0.0,0,100.0,100.0,100.0,0.2,2,0.25,P32_derived_Jv_proxy,1.5,2.0,0.8483109548948455,1.1003461032592246,1.044808005380548,1.0845549868149351,15,0,0,15,1.0,0.0,7.0,0.0,0.1909859317102744,0.0,0.0,0.1909859317102744,0.0,0.39714921571587836,0.39714921571587836,1,1,1,1,1,1,cases/granite_sparse.yaml,granite_sparse,good_to_medium,sparse,mixed,moderate
granite_sparse,44,20,20.5,Center,14.470922863597423,16.663337961328494,17.146876649320937,16.624577380169015,18.75,18.75,100.0,4.0,100.0,100.0,100.0,100.0,0.0,0,100.0,100.0,100.0,0.3,3,0.25,P32_derived_Jv_proxy,1.5,2.0,0.8154263785742245,0.9564629750765266,1.1849193593903438,1.1252247324944218,23,0,0,23,1.0,0.0,7.0,0.0,0.2928450952890874,0.0,0.0,0.2928450952890874,0.0,0.39603853700212777,0.39603853700212777,1,1,1,1,1,1,cases/granite_sparse.yaml,granite_sparse,good_to_medium,sparse,mixed,moderate
granite_sparse,44,30,30.5,Center,20.735610813422067,22.384808793116807,19.48816141586453,20.30119933626713,20.214342455625278,18.75,99.19959809749278,4.0,99.19959809749278,100.0,99.86631885255873,100.0,0.2857142857142857,2,100.0,100.0,100.0,0.1,1,0.25,P32_derived_Jv_proxy,1.4867188409944176,1.887198291497197,0.791955200100956,0.9533002678104114,0.9398402386704678,0.9030384240691421,14,2,0,14,1.0,0.0,7.0,0.2857142857142857,0.17825353626292278,0.2857142857142857,0.0,0.17825353626292278,0.26714226138986497,0.31095984333587157,0.0438175819460066,1,1,1,1,1,1,cases/granite_sparse.yaml,granite_sparse,good_to_medium,sparse,mixed,moderate
granite_sparse,44,40,40.5,Center,13.9693026267067,17.344168939307345,23.822624661460193,25.214623943190972,22.823849228497473,18.75,100.0,4.0,100.0,100.0,99.86631885255873,100.0,0.2857142857142857,2,100.0,100.0,100.0,0.1,1,0.25,P32_derived_Jv_proxy,1.5644242305554599,1.8537050929972325,0.829537533192663,0.8836437821206415,1.7053553278970262,1.3159378986889045,22,2,1,21,0.9545454545454546,0.045454545454545456,7.0,0.2857142857142857,0.2801126998417358,0.2857142857142857,0.012732395447351627,0.26738030439438415,0.10917530995891733,0.4008592216255916,0.2916839116666743,0,0,1,0,1,1,cases/granite_sparse.yaml,granite_sparse,good_to_medium,sparse,mixed,moderate
granite_sparse,44,50,50.5,Center,16.500488058494298,18.39948244190322,17.710761973023242,17.202705775379496,18.171934205701373,18.75,100.0,4.0,100.0,100.0,99.93315942627937,100.0,0.14285714285714285,1,100.0,100.0,100.0,0.2,2,0.25,P32_derived_Jv_proxy,1.48253783027009,2.048939056360564,0.7697078113663637,0.9260694567894662,1.073347764638144,0.9876329001687773,13,1,0,13,1.0,0.0,7.0,0.14285714285714285,0.16552114081557115,0.14285714285714285,0.0,0.16552114081557115,0.48785781148152585,0.38230515044014934,-0.1055526610413765,1,1,1,1,1,1,cases/granite_sparse.yaml,granite_sparse,good_to_medium,sparse,mixed,moderate
granite_sparse,44,60,60.5,Center,17.28610030172692,19.161540726089218,18.121723701520125,16.85538737892468,18.75,18.75,100.0,4.0,100.0,100.0,100.0,100.0,0.0,0,100.0,100.0,100.0,0.1,1,0.25,P32_derived_Jv_proxy,1.5,2.0,0.8511528515432198,0.9840976108986137,1.0483407700526721,0.9785225660101076,15,0,0,15,1.0,0.0,7.0,0.0,0.1909859317102744,0.0,0.0,0.1909859317102744,0.0,0.41377962806948454,0.41377962806948454,1,1,1,1,1,1,cases/granite_sparse.yaml,granite_sparse,good_to_medium,sparse,mixed,moderate
granite_sparse,44,70,70.5,Center,15.359005830139786,18.048539259410493,17.125629553931073,15.092335235587743,18.11920558662725,18.75,100.0,4.0,100.0,100.0,99.93315942627937,100.0,0.14285714285714285,1,100.0,100.0,100.0,0.1,1,0.25,P32_derived_Jv_proxy,1.4138600546765352,1.9377785346380612,0.7668665709854164,0.863812102052383,1.115022010104622,1.0039153488379904,23,1,1,22,0.9565217391304348,0.043478260869565216,7.0,0.14285714285714285,0.2928450952890874,0.14285714285714285,0.012732395447351627,0.2801126998417358,0.07089479657014897,0.40551336828632034,0.3346185717161714,1,1,1,1,1,1,cases/granite_sparse.yaml,granite_sparse,good_to_medium,sparse,mixed,moderate
granite_sparse,44,80,80.5,Center,19.300112794165194,21.708620955494403,19.22220105403615,19.72612965377421,18.9527827257542,18.75,100.0,4.0,100.0,100.0,99.93315942627937,100.0,0.14285714285714285,1,100.0,100.0,100.0,0.2,2,0.25,P32_derived_Jv_proxy,1.560753512682476,2.0551958908369623,0.8304130042641316,0.9368095717233638,0.9959631458655207,0.8730532798287813,14,1,1,13,0.9285714285714286,0.07142857142857142,7.0,0.14285714285714285,0.17825353626292278,0.14285714285714285,0.012732395447351627,0.16552114081557115,0.13302961542089775,0.351103909986213,0.21807429456531524,1,1,1,1,1,1,cases/granite_sparse.yaml,granite_sparse,good_to_medium,sparse,mixed,moderate
granite_sparse,45,10,10.5,Center,16.318446305864594,18.161382549634997,17.683555997694558,17.295908641821985,18.75,18.75,100.0,4.0,100.0,100.0,100.0,100.0,0.0,0,99.96990844009652,100.0,99.96990844009652,0.1,1,0.25,P32_derived_Jv_proxy,1.5,2.0,0.8496590157020523,0.9735714875435414,1.0836543912479808,1.0324103877420299,13,0,0,13,1.0,0.0,7.0,0.0,0.16552114081557115,0.0,0.0,0.16552114081557115,0.0,0.33427257841496005,0.33427257841496005,1,1,1,1,1,1,cases/granite_sparse.yaml,granite_sparse,good_to_medium,sparse,mixed,moderate
granite_sparse,45,20,20.5,Center,15.847673349552695,18.34128495549819,14.571201457079624,14.204370527744008,18.75,18.75,100.0,4.0,100.0,100.0,100.0,100.0,0.0,0,100.0,100.0,100.0,0.2,2,0.25,P32_derived_Jv_proxy,1.5,2.0,0.7864071955653008,1.0218526797357737,0.9194536722004623,1.022283882808292,20,0,0,20,1.0,0.0,7.0,0.0,0.25464790894703254,0.0,0.0,0.25464790894703254,0.0,0.4776675406101414,0.4776675406101414,1,1,1,1,1,1,cases/granite_sparse.yaml,granite_sparse,good_to_medium,sparse,mixed,moderate
granite_sparse,45,30,30.5,Center,16.804547755912772,19.44626108352154,16.101361638001386,14.68396520613781,18.451536313012237,18.75,100.0,4.0,100.0,100.0,99.93315942627937,100.0,0.14285714285714285,1,100.0,100.0,100.0,0.0,0,0.25,P32_derived_Jv_proxy,1.548750380967201,2.108979874340084,0.8142440752357023,1.0056215446230223,0.9581550108860284,0.9488475051200347,21,1,0,21,1.0,0.0,7.0,0.14285714285714285,0.26738030439438415,0.14285714285714285,0.0,0.26738030439438415,0.6116475248784039,0.4288170959163311,-0.1828304289620728,1,1,1,1,1,1,cases/granite_sparse.yaml,granite_sparse,good_to_medium,sparse,mixed,moderate
granite_sparse,45,40,40.5,Center,14.444703057016318,17.212463660655313,15.48784122073737,15.313711306610795,17.93209970038593,18.75,100.0,4.0,100.0,100.0,99.93315942627937,100.0,0.14285714285714285,1,100.0,100.0,100.0,0.1,1,0.25,P32_derived_Jv_proxy,1.4300551639080221,1.991337971604861,0.8311185198537709,0.9644582360670817,1.0722159645375584,1.0418090085137306,16,1,0,16,1.0,0.0,7.0,0.14285714285714285,0.20371832715762603,0.14285714285714285,0.0,0.20371832715762603,0.32901095558357596,0.36361962579947604,0.034608670215900084,1,1,1,1,1,1,cases/granite_sparse.yaml,granite_sparse,good_to_medium,sparse,mixed,moderate
granite_sparse,45,50,50.5,Center,18.514562842483286,21.586560677433443,14.607979265016395,13.026310636941894,20.40382028637054,18.75,99.24004460030775,4.0,99.24004460030775,100.0,99.86631885255873,100.0,0.2857142857142857,2,100.0,100.0,100.0,0.0,0,0.25,P32_derived_Jv_proxy,1.5419947103470923,1.8949716137729473,0.732466821971432,1.1089999404300668,0.7889994157192363,0.9452094102095968,20,2,1,19,0.95,0.05,7.0,0.2857142857142857,0.25464790894703254,0.2857142857142857,0.012732395447351627,0.2419155134996809,0.19823958028267086,0.2960307739900956,0.09779119370742473,0,1,1,1,1,1,cases/granite_sparse.yaml,granite_sparse,good_to_medium,sparse,mixed,moderate
granite_sparse,45,60,60.5,Center,17.36686154495751,19.950450810221934,25.14867485680355,21.497191502359986,22.630123655322542,18.75,100.0,4.0,100.0,100.0,99.93315942627937,100.0,0.14285714285714285,1,100.0,100.0,100.0,0.1,1,0.25,P32_derived_Jv_proxy,1.4842157698099245,1.822376403470374,0.8574356988982988,0.8192791170080463,1.448084030134132,1.1343164057088693,17,1,0,17,1.0,0.0,7.0,0.14285714285714285,0.21645072260497766,0.14285714285714285,0.0,0.21645072260497766,0.15001590852764235,0.4304300952387402,0.28041418671109786,0,1,1,1,1,1,cases/granite_sparse.yaml,granite_sparse,good_to_medium,sparse,mixed,moderate
granite_sparse,45,70,70.5,Center,16.41938926411034,18.600851117305545,18.943604202831033,17.095732726196868,17.906388296661124,18.75,98.79919256752021,4.0,98.79919256752021,100.0,99.73263770511745,99.53211598395555,0.5714285714285714,4,100.0,100.0,100.0,0.3,3,0.25,P32_derived_Jv_proxy,1.4525563460042485,2.0622856456057055,0.8045821584856107,0.8242635686462363,1.153733789857711,0.9626649976248496,19,4,1,18,0.9473684210526315,0.05263157894736842,7.0,0.5714285714285714,0.2419155134996809,0.5714285714285714,0.012732395447351627,0.22918311805232927,0.2190173279465888,0.3600559064425828,0.141038578495994,1,1,1,1,1,1,cases/granite_sparse.yaml,granite_sparse,good_to_medium,sparse,mixed,moderate
granite_sparse,45,80,80.5,Center,16.781638301886865,19.429660132933577,19.54120618641949,17.67307609233831,20.33105114382915,18.75,100.0,4.0,100.0,100.0,99.93315942627937,100.0,0.14285714285714285,1,100.0,100.0,100.0,0.4,4,0.25,P32_derived_Jv_proxy,1.4774233470365294,1.8750218375855194,0.8794268317203574,1.0450010233410612,1.1644397188695426,1.0463925258974398,23,1,1,22,0.9565217391304348,0.043478260869565216,7.0,0.14285714285714285,0.2928450952890874,0.14285714285714285,0.012732395447351627,0.2801126998417358,0.35378586258664135,0.41175113738139313,0.057965274794751775,1,1,1,1,1,1,cases/granite_sparse.yaml,granite_sparse,good_to_medium,sparse,mixed,moderate
granite_sparse,46,10,10.5,Center,15.223189563767574,17.164458904778545,16.04681851246092,11.99822060622992,17.960884778762598,18.75,99.5679301299184,4.0,99.5679301299184,100.0,99.68282947904477,100.0,0.42857142857142855,3,99.0226462892841,100.0,99.0226462892841,0.2,2,0.25,P32_derived_Jv_proxy,1.5048890471804337,2.126889145310557,0.7666835362820142,1.0016884208196255,1.0541035730549957,1.046399707581946,23,3,1,22,0.9565217391304348,0.043478260869565216,7.0,0.42857142857142855,0.2928450952890874,0.42857142857142855,0.012732395447351627,0.2801126998417358,0.2725897238703391,0.3646422198919198,0.09205249602158072,1,1,1,1,1,1,cases/granite_sparse.yaml,granite_sparse,good_to_medium,sparse,mixed,moderate
granite_sparse,46,20,20.5,Center,18.20923969857994,20.84187855706949,18.030683633255045,19.50878580871595,18.306483092307115,18.75,98.84706438066178,4.0,98.84706438066178,100.0,99.86631885255873,100.0,0.2857142857142857,2,100.0,100.0,100.0,0.1,1,0.25,P32_derived_Jv_proxy,1.4871587971415852,2.011737652229728,0.8286035153117532,0.854765021161679,0.9901942053440694,0.8783509145867096,15,2,0,15,1.0,0.0,7.0,0.2857142857142857,0.1909859317102744,0.2857142857142857,0.0,0.1909859317102744,0.4502273678219201,0.3932923359101689,-0.0569350319117512,1,1,1,1,1,1,cases/granite_sparse.yaml,granite_sparse,good_to_medium,sparse,mixed,moderate
granite_sparse,46,30,30.5,Center,16.944352135206117,20.136332139497938,16.715736979175936,17.80896528181801,18.75,18.75,100.0,4.0,100.0,100.0,100.0,100.0,0.0,0,100.0,100.0,100.0,0.0,0,0.25,P32_derived_Jv_proxy,1.5,2.0,0.7972617615452214,0.9612002372652427,0.9865078845029916,0.9311526980239558,16,0,0,16,1.0,0.0,7.0,0.0,0.20371832715762603,0.0,0.0,0.20371832715762603,0.0,0.2976833752919248,0.2976833752919248,1,1,1,1,1,1,cases/granite_sparse.yaml,granite_sparse,good_to_medium,sparse,mixed,moderate
granite_sparse,46,40,40.5,Center,15.25216325431971,17.032136511651025,15.319764763786432,16.395099011383646,18.41364478143253,18.75,100.0,4.0,100.0,100.0,99.7496700527654,100.0,0.2857142857142857,2,100.0,100.0,100.0,0.3,3,0.25,P32_derived_Jv_proxy,1.4861629227842006,2.019931276159014,0.7696400750471136,0.9967815167135692,1.0044322571388407,1.081111859856012,19,2,2,17,0.8947368421052632,0.10526315789473684,7.0,0.2857142857142857,0.2419155134996809,0.2857142857142857,0.025464790894703253,0.21645072260497766,0.38861198362009297,0.4155429684125975,0.026930984792504553,1,1,1,1,1,1,cases/granite_sparse.yaml,granite_sparse,good_to_medium,sparse,mixed,moderate
granite_sparse,46,50,50.5,Center,17.52892665985141,20.9202674913763,15.611027671699992,14.36688856404392,17.499567609434738,18.75,100.0,4.0,100.0,100.0,99.79947827883811,100.0,0.42857142857142855,3,100.0,100.0,100.0,0.3,3,0.25,P32_derived_Jv_proxy,1.5005589352687205,2.184930430897819,0.8183637498045371,0.9877254382166475,0.8905866271581698,0.8364887120419644,23,3,0,23,1.0,0.0,7.0,0.42857142857142855,0.2928450952890874,0.42857142857142855,0.0,0.2928450952890874,0.5626278537411535,0.3989135939086831,-0.16371425983247045,1,1,1,1,1,1,cases/granite_sparse.yaml,granite_sparse,good_to_medium,sparse,mixed,moderate
granite_sparse,46,60,60.5,Center,16.58647377217726,19.694700549729387,15.409297765018023,15.041449424143241,18.75,18.75,100.0,4.0,100.0,100.0,100.0,100.0,0.0,0,100.0,100.0,100.0,0.3,3,0.25,P32_derived_Jv_proxy,1.5,2.0,0.787488661642069,1.0035980915157732,0.9290279523346382,0.9520327538190284,17,0,0,17,1.0,0.0,7.0,0.0,0.21645072260497766,0.0,0.0,0.21645072260497766,0.0,0.45054116690773094,0.45054116690773094,1,1,1,1,1,1,cases/granite_sparse.yaml,granite_sparse,good_to_medium,sparse,mixed,moderate
granite_sparse,46,70,70.5,Center,15.51996470172028,17.51296079092686,16.46567588170326,15.159747602183817,19.217322788258933,18.75,98.69266389089113,4.0,98.69266389089113,100.0,99.86631885255873,100.0,0.2857142857142857,2,100.0,100.0,100.0,0.2,2,0.25,P32_derived_Jv_proxy,1.5284975391145736,1.9764531234822373,0.7146177002593118,0.9068532265413864,1.0609351372995168,1.0973200372957534,17,2,2,15,0.8823529411764706,0.11764705882352941,7.0,0.2857142857142857,0.21645072260497766,0.2857142857142857,0.025464790894703253,0.1909859317102744,0.4383878821108558,0.47416938588735935,0.035781503776503576,1,1,1,1,1,1,cases/granite_sparse.yaml,granite_sparse,good_to_medium,sparse,mixed,moderate
granite_sparse,46,80,80.5,Center,15.549008179672846,17.99021085326768,18.964159267854605,13.414392886853099,18.75,18.75,100.0,4.0,100.0,100.0,100.0,100.0,0.0,0,100.0,100.0,100.0,0.0,0,0.25,P32_derived_Jv_proxy,1.5,2.0,0.7375062092815164,0.8095538025499626,1.2196378732790412,1.0422334764683603,17,0,0,17,1.0,0.0,7.0,0.0,0.21645072260497766,0.0,0.0,0.21645072260497766,0.0,0.4074297281409416,0.4074297281409416,1,1,1,1,1,1,cases/granite_sparse.yaml,granite_sparse,good_to_medium,sparse,mixed,moderate
granite_sparse,47,10,10.5,Center,16.9831893124115,19.007093546342094,13.74680500338644,13.099652324343733,17.637901544067084,18.75,99.61949275591319,4.0,99.61949275591319,100.0,99.86631885255873,100.0,0.2857142857142857,2,100.0,100.0,100.0,0.2,2,0.25,P32_derived_Jv_proxy,1.5053578294977346,2.1456899279956323,0.8315322117238769,1.1340326726109884,0.8094360105460359,0.9279641572270522,20,2,1,19,0.95,0.05,7.0,0.2857142857142857,0.25464790894703254,0.2857142857142857,0.012732395447351627,0.2419155134996809,0.5180588181550647,0.42470486627040793,-0.09335395188465678,1,1,1,1,1,1,cases/granite_sparse.yaml,granite_sparse,good_to_medium,sparse,mixed,moderate
granite_sparse,47,20,20.5,Center,15.363385018017569,18.98715680083689,16.566378207801797,14.554599022930306,18.75,18.75,100.0,4.0,100.0,100.0,100.0,100.0,0.0,0,100.0,100.0,100.0,0.1,1,0.25,P32_derived_Jv_proxy,1.5,2.0,0.819203616474043,1.099955981099678,1.0783026128924977,0.9875096201435258,21,0,0,21,1.0,0.0,7.0,0.0,0.26738030439438415,0.0,0.0,0.26738030439438415,0.0,0.3753515207158147,0.3753515207158147,1,1,1,1,1,1,cases/granite_sparse.yaml,granite_sparse,good_to_medium,sparse,mixed,moderate
granite_sparse,47,30,30.5,Center,16.32750974433747,18.75610662865071,13.75340757266188,11.15812481179304,16.495087128609963,18.75,100.0,4.0,100.0,100.0,99.79947827883811,100.0,0.42857142857142855,3,99.46783792249275,100.0,99.46783792249275,0.3,3,0.25,P32_derived_Jv_proxy,1.3133142268334983,2.02517793104369,0.7184833609217793,0.9753002153924862,0.8423456968036224,0.8794515543760587,18,3,1,17,0.9444444444444444,0.05555555555555555,7.0,0.42857142857142855,0.22918311805232927,0.42857142857142855,0.012732395447351627,0.21645072260497766,0.38198895350705897,0.4076162658777246,0.025627312370665623,1,1,1,1,1,1,cases/granite_sparse.yaml,granite_sparse,good_to_medium,sparse,mixed,moderate
granite_sparse,47,40,40.5,Center,17.437990448315865,19.742205356206206,16.960348557766803,18.48281679839119,18.82796689279454,18.75,100.0,4.0,100.0,100.0,99.93315942627937,100.0,0.14285714285714285,1,100.0,100.0,100.0,0.3,3,0.25,P32_derived_Jv_proxy,1.4920041829778066,1.981559209949985,0.8291184761673813,1.040244918896443,0.9726091207605179,0.9536911683919717,14,1,0,14,1.0,0.0,7.0,0.14285714285714285,0.17825353626292278,0.14285714285714285,0.0,0.17825353626292278,0.4756839022193914,0.37127806321219714,-0.10440583900719425,1,1,1,1,1,1,cases/granite_sparse.yaml,granite_sparse,good_to_medium,sparse,mixed,moderate
granite_sparse,47,50,50.5,Center,17.460679746181118,20.025395753661716,18.6085977141382,16.18066559505942,17.867865474088134,18.75,98.68855186948237,4.0,98.68855186948237,100.0,99.93315942627937,100.0,0.14285714285714285,1,100.0,100.0,100.0,0.1,1,0.25,P32_derived_Jv_proxy,1.5035753681857218,2.1076459910450867,0.8667482388836127,0.9429325330905892,1.0657430286016296,0.8922602925747887,18,1,0,18,1.0,0.0,7.0,0.14285714285714285,0.22918311805232927,0.14285714285714285,0.0,0.22918311805232927,0.1592180105363311,0.2958537023806246,0.13663569184429347,1,1,1,1,1,1,cases/granite_sparse.yaml,granite_sparse,good_to_medium,sparse,mixed,moderate
granite_sparse,47,60,60.5,Center,16.775325304323943,19.331093086243722,12.527002454671768,11.464623653487582,17.366581313366186,18.75,98.98245593397381,4.0,98.98245593397381,100.0,99.93315942627937,100.0,0.14285714285714285,1,100.0,100.0,100.0,0.1,1,0.25,P32_derived_Jv_proxy,1.449701627244305,2.1342770965452496,0.8118322372390778,1.2371106640207947,0.7467516860279816,0.8983755463742756,21,1,1,20,0.9523809523809523,0.047619047619047616,7.0,0.14285714285714285,0.26738030439438415,0.14285714285714285,0.012732395447351627,0.25464790894703254,0.3394708625266111,0.4720048115638521,0.13253394903724103,0,1,1,1,1,1,cases/granite_sparse.yaml,granite_sparse,good_to_medium,sparse,mixed,moderate
granite_sparse,47,70,70.5,Center,14.67893662697627,17.8145443468369,16.7420273433925,13.376759634128733,18.75,18.75,100.0,4.0,100.0,100.0,100.0,100.0,0.0,0,100.0,100.0,100.0,0.1,1,0.25,P32_derived_Jv_proxy,1.5,2.0,0.8361728848092417,1.0720236138734187,1.1405476955752216,1.052510781917877,12,0,0,12,1.0,0.0,7.0,0.0,0.15278874536821951,0.0,0.0,0.15278874536821951,0.0,0.4338965701021308,0.4338965701021308,1,1,1,1,1,1,cases/granite_sparse.yaml,granite_sparse,good_to_medium,sparse,mixed,moderate
granite_sparse,47,80,80.5,Center,15.037622908526242,17.95172241541056,14.8251156881596,14.660008682369194,18.75,18.75,100.0,4.0,100.0,100.0,100.0,100.0,0.0,0,100.0,100.0,100.0,0.2,2,0.25,P32_derived_Jv_proxy,1.5,2.0,0.8277898581244975,1.1237058604924062,0.985868297026776,1.0444680218486535,23,0,0,23,1.0,0.0,7.0,0.0,0.2928450952890874,0.0,0.0,0.2928450952890874,0.0,0.3380489984443199,0.3380489984443199,1,1,1,1,1,1,cases/granite_sparse.yaml,granite_sparse,good_to_medium,sparse,mixed,moderate
granite_sparse,48,10,10.5,Center,14.228119798750061,16.901713982703424,16.669500313427562,16.432632086846098,18.241081565294696,18.75,100.0,4.0,100.0,100.0,99.93315942627937,100.0,0.14285714285714285,1,100.0,100.0,100.0,0.2,2,0.25,P32_derived_Jv_proxy,1.4628873992796234,2.00592733700838,0.8248837140900633,0.9522725464488841,1.171588414295751,1.0792444827762397,19,1,0,19,1.0,0.0,7.0,0.14285714285714285,0.2419155134996809,0.14285714285714285,0.0,0.2419155134996809,0.08542820221985137,0.4114486406552934,0.32602043843544204,1,1,1,1,1,1,cases/granite_sparse.yaml,granite_sparse,good_to_medium,sparse,mixed,moderate
granite_sparse,48,20,20.5,Center,18.257568392136644,20.81181412633625,15.84743118236933,12.721130538652782,18.40081368969576,18.75,100.0,4.0,100.0,100.0,99.93315942627937,100.0,0.14285714285714285,1,100.0,100.0,100.0,0.2,2,0.25,P32_derived_Jv_proxy,1.4911589469762112,2.0292748190603347,0.7998423713662136,1.0167205954901573,0.8679924315219689,0.8841523174287099,22,1,0,22,1.0,0.0,7.0,0.14285714285714285,0.2801126998417358,0.14285714285714285,0.0,0.2801126998417358,0.1065585137470545,0.3944713554346986,0.2879128416876441,1,1,1,1,1,1,cases/granite_sparse.yaml,granite_sparse,good_to_medium,sparse,mixed,moderate
granite_sparse,48,30,30.5,Center,16.44616977166169,18.8266670522186,18.463074203391272,13.764694127356483,21.51296713111118,18.75,100.0,4.0,100.0,100.0,99.93315942627937,100.0,0.14285714285714285,1,100.0,100.0,100.0,0.1,1,0.25,P32_derived_Jv_proxy,1.5923188887511392,1.915518587563599,0.8048841485889537,1.0703939749864075,1.1226367269541933,1.142685907783981,22,1,0,22,1.0,0.0,7.0,0.14285714285714285,0.2801126998417358,0.14285714285714285,0.0,0.2801126998417358,0.7071009884922246,0.3390492873569305,-0.36805170113529406,1,1,1,1,1,1,cases/granite_sparse.yaml,granite_sparse,good_to_medium,sparse,mixed,moderate
granite_sparse,48,40,40.5,Center,14.923933665189054,17.323431137092772,17.616741748156137,17.9580311362402,17.98441815888448,18.75,98.85015919968032,4.0,98.85015919968032,100.0,99.93315942627937,100.0,0.14285714285714285,1,100.0,100.0,100.0,0.1,1,0.25,P32_derived_Jv_proxy,1.4529222751521123,2.0013263507592662,0.7875583548730196,0.9418390975530702,1.1804355435623661,1.0381556642307659,19,1,1,18,0.9473684210526315,0.05263157894736842,7.0,0.14285714285714285,0.2419155134996809,0.14285714285714285,0.012732395447351627,0.22918311805232927,0.672937415371261,0.4197635694484949,-0.25317384592276604,1,1,1,1,1,1,cases/granite_sparse.yaml,granite_sparse,good_to_medium,sparse,mixed,moderate
granite_sparse,48,50,50.5,Center,13.784376005907712,16.59909501766029,13.582511462253112,13.54631699883702,18.92629476438614,18.75,100.0,4.0,100.0,100.0,99.93315942627937,100.0,0.14285714285714285,1,100.0,100.0,100.0,0.1,1,0.25,P32_derived_Jv_proxy,1.4903589573511327,1.9702955507808138,0.767523369166922,1.1095839766507354,0.985355554464846,1.140200399133198,22,1,0,22,1.0,0.0,7.0,0.14285714285714285,0.2801126998417358,0.14285714285714285,0.0,0.2801126998417358,0.02381852406642415,0.3562731400393494,0.33245461597292525,1,1,1,1,1,1,cases/granite_sparse.yaml,granite_sparse,good_to_medium,sparse,mixed,moderate
granite_sparse,48,60,60.5,Center,14.844201301174053,17.76155375497479,14.655195131324435,12.840525806202013,18.617639759086632,18.75,98.67930301621449,4.0,98.67930301621449,100.0,99.7496700527654,100.0,0.2857142857142857,2,100.0,100.0,100.0,0.3,3,0.25,P32_derived_Jv_proxy,1.4834567530075933,1.9660062434204046,0.8021782042711498,1.0979377283755933,0.9872673398847893,1.048198824039933,16,2,2,14,0.875,0.125,7.0,0.2857142857142857,0.20371832715762603,0.2857142857142857,0.025464790894703253,0.17825353626292278,0.1963037511101523,0.45401633463392876,0.25771258352377646,1,1,1,1,1,1,cases/granite_sparse.yaml,granite_sparse,good_to_medium,sparse,mixed,moderate
granite_sparse,48,70,70.5,Center,16.958077036416217,20.50203052459022,12.154740806075683,10.943442488068914,18.75,18.75,100.0,4.0,100.0,100.0,100.0,100.0,0.0,0,100.0,100.0,100.0,0.0,0,0.25,P32_derived_Jv_proxy,1.5,2.0,0.7591455424399571,1.1964933311168784,0.716752305109493,0.9145435608200452,9,0,0,9,1.0,0.0,7.0,0.0,0.11459155902616464,0.0,0.0,0.11459155902616464,0.0,0.31925054272333364,0.31925054272333364,0,1,1,1,1,1,cases/granite_sparse.yaml,granite_sparse,good_to_medium,sparse,mixed,moderate
granite_sparse,48,80,80.5,Center,15.9171613896841,18.52844898417342,12.883802315140644,12.62539594706106,18.75,18.75,100.0,4.0,100.0,100.0,100.0,100.0,0.0,0,100.0,100.0,100.0,0.2,2,0.25,P32_derived_Jv_proxy,1.5,2.0,0.7879303546949652,1.166426211814707,0.809428389881793,1.011957342787614,20,0,0,20,1.0,0.0,7.0,0.0,0.25464790894703254,0.0,0.0,0.25464790894703254,0.0,0.40298841587698553,0.40298841587698553,1,1,1,1,1,1,cases/granite_sparse.yaml,granite_sparse,good_to_medium,sparse,mixed,moderate
granite_sparse,49,10,10.5,Center,15.83725224303357,19.1612319965983,16.192030723590445,16.0327145186607,18.75,18.75,100.0,4.0,100.0,100.0,100.0,100.0,0.0,0,100.0,100.0,100.0,0.2,2,0.25,P32_derived_Jv_proxy,1.5,2.0,0.7691105050920306,0.9403233742878602,1.02240151732842,0.9785383321557138,14,0,0,14,1.0,0.0,7.0,0.0,0.17825353626292278,0.0,0.0,0.17825353626292278,0.0,0.40442511636765766,0.40442511636765766,1,1,1,1,1,1,cases/granite_sparse.yaml,granite_sparse,good_to_medium,sparse,mixed,moderate
granite_sparse,49,20,20.5,Center,15.636814312026686,18.265050243927202,19.09753110314793,19.802798047555296,18.75,18.75,100.0,4.0,100.0,100.0,100.0,100.0,0.0,0,100.0,100.0,100.0,0.3,3,0.25,P32_derived_Jv_proxy,1.5,2.0,0.849321811699394,0.9947213720145752,1.2213185321552047,1.0265506937893059,20,0,0,20,1.0,0.0,7.0,0.0,0.25464790894703254,0.0,0.0,0.25464790894703254,0.0,0.43690597410394016,0.43690597410394016,1,1,1,1,1,1,cases/granite_sparse.yaml,granite_sparse,good_to_medium,sparse,mixed,moderate
granite_sparse,49,30,30.5,Center,14.032533781536232,17.308011356873603,17.620040120110932,17.411194387308754,17.986844868245225,18.75,99.06094267669349,4.0,99.06094267669349,100.0,99.93315942627937,100.0,0.14285714285714285,1,100.0,100.0,100.0,0.1,1,0.25,P32_derived_Jv_proxy,1.4675589565003644,2.0310599901255637,0.8510089040231382,0.9449752299402078,1.2556563479145213,1.0392207687743418,23,1,0,23,1.0,0.0,7.0,0.14285714285714285,0.2928450952890874,0.14285714285714285,0.0,0.2928450952890874,0.26416658404742654,0.3922308761708442,0.12806429212341763,0,1,1,1,1,1,cases/granite_sparse.yaml,granite_sparse,good_to_medium,sparse,mixed,moderate
granite_sparse,49,40,40.5,Center,17.259084137428317,20.40647524464786,17.223533392240146,16.121543502003593,20.56225805472022,18.75,100.0,4.0,100.0,100.0,99.93315942627937,100.0,0.14285714285714285,1,100.0,100.0,100.0,0.1,1,0.25,P32_derived_Jv_proxy,1.5412644208289241,1.9175174462801083,0.8137247045740205,0.9755195898514384,0.9979401719752281,1.0076339891237815,19,1,1,18,0.9473684210526315,0.05263157894736842,7.0,0.14285714285714285,0.2419155134996809,0.14285714285714285,0.012732395447351627,0.22918311805232927,0.1825805405053832,0.4224551043784246,0.2398745638730414,1,1,1,1,1,1,cases/granite_sparse.yaml,granite_sparse,good_to_medium,sparse,mixed,moderate
granite_sparse,49,50,50.5,Center,13.683821516650102,15.924396912218644,15.991653656022603,15.357010592465508,18.454787779167983,18.75,100.0,4.0,100.0,100.0,99.93315942627937,100.0,0.14285714285714285,1,100.0,100.0,100.0,0.0,0,0.25,P32_derived_Jv_proxy,1.4895054811656263,2.0196638107459775,0.8329329341064164,1.0006301870681273,1.1686540661586673,1.1589002635954015,14,1,1,13,0.9285714285714286,0.07142857142857142,7.0,0.14285714285714285,0.17825353626292278,0.14285714285714285,0.012732395447351627,0.16552114081557115,0.105611885504862,0.4724000937791718,0.3667882082743098,1,1,1,1,1,1,cases/granite_sparse.yaml,granite_sparse,good_to_medium,sparse,mixed,moderate
granite_sparse,49,60,60.5,Center,17.356136476390773,19.55057702421846,16.641724715629916,14.552290076261576,20.49833600786153,18.75,100.0,4.0,100.0,100.0,99.86631885255873,100.0,0.2857142857142857,2,100.0,100.0,100.0,0.1,1,0.25,P32_derived_Jv_proxy,1.4695557713425007,1.8450904549608727,0.7673141075131426,1.0711784664713686,0.9588380880887485,1.0484772895689485,17,2,0,17,1.0,0.0,7.0,0.2857142857142857,0.21645072260497766,0.2857142857142857,0.0,0.21645072260497766,0.1167339434306719,0.38745502736143855,0.27072108393076666,1,1,1,1,1,1,cases/granite_sparse.yaml,granite_sparse,good_to_medium,sparse,mixed,moderate
granite_sparse,49,70,70.5,Center,19.8876909858226,21.751264363863353,18.88212706846893,17.688413143414827,18.75,18.75,100.0,4.0,100.0,100.0,100.0,100.0,0.0,0,100.0,100.0,100.0,0.0,0,0.25,P32_derived_Jv_proxy,1.5,2.0,0.7601050585352687,0.8801099366306078,0.949437875011709,0.8620188549200143,8,0,0,8,1.0,0.0,7.0,0.0,0.10185916357881301,0.0,0.0,0.10185916357881301,0.0,0.3633663424798994,0.3633663424798994,1,1,1,1,1,1,cases/granite_sparse.yaml,granite_sparse,good_to_medium,sparse,mixed,moderate
granite_sparse,49,80,80.5,Center,15.779379821053444,18.56339386806791,17.635987629671614,14.677849200050597,21.084058870118866,18.75,100.0,4.0,100.0,100.0,99.86631885255873,100.0,0.2857142857142857,2,100.0,100.0,100.0,0.1,1,0.25,P32_derived_Jv_proxy,1.5544053064002021,1.8742054524884904,0.7874232425535401,1.0253224805356316,1.1176603789041832,1.1357868620342595,23,2,0,23,1.0,0.0,7.0,0.2857142857142857,0.2928450952890874,0.2857142857142857,0.0,0.2928450952890874,0.144962737061186,0.34076915142363895,0.19580641436245294,1,1,1,1,1,1,cases/granite_sparse.yaml,granite_sparse,good_to_medium,sparse,mixed,moderate
granite_sparse,50,10,10.5,Center,16.410473761409946,19.047253839889667,12.016227139866134,11.966950623311169,18.139380822960977,18.75,100.0,4.0,100.0,100.0,99.93315942627937,100.0,0.14285714285714285,1,100.0,100.0,100.0,0.1,1,0.25,P32_derived_Jv_proxy,1.483989112805705,2.0567135348239383,0.7990046882232779,1.2439277892950458,0.7322291430807376,0.952335752725289,13,1,0,13,1.0,0.0,7.0,0.14285714285714285,0.16552114081557115,0.14285714285714285,0.0,0.16552114081557115,0.41298997551914596,0.3981271946827858,-0.014862780836360168,0,1,1,1,1,1,cases/granite_sparse.yaml,granite_sparse,good_to_medium,sparse,mixed,moderate
granite_sparse,50,20,20.5,Center,18.363031012721375,21.18179934317501,15.12222286057096,15.71217366300862,18.75,18.75,100.0,4.0,100.0,100.0,100.0,100.0,0.0,0,100.0,100.0,100.0,0.0,0,0.25,P32_derived_Jv_proxy,1.5,2.0,0.8092280787054913,1.0432524595679455,0.8235145303678201,0.8851939203192122,13,0,0,13,1.0,0.0,7.0,0.0,0.16552114081557115,0.0,0.0,0.16552114081557115,0.0,0.4619869455188147,0.4619869455188147,1,1,1,1,1,1,cases/granite_sparse.yaml,granite_sparse,good_to_medium,sparse,mixed,moderate
granite_sparse,50,30,30.5,Center,15.629509655422892,18.34296822317035,15.290087847583376,15.75053633326021,20.39217336977966,18.75,99.73549782458811,4.0,99.73549782458811,100.0,99.68282947904478,100.0,0.42857142857142855,3,100.0,100.0,100.0,0.1,1,0.25,P32_derived_Jv_proxy,1.571194848263233,1.9405222380375566,0.7919063224720547,1.1069557459213057,0.9782832721356841,1.1117161149535661,22,3,1,21,0.9545454545454546,0.045454545454545456,7.0,0.42857142857142855,0.2801126998417358,0.42857142857142855,0.012732395447351627,0.26738030439438415,0.3155558207991511,0.3859329153590234,0.07037709455987229,1,1,1,1,1,1,cases/granite_sparse.yaml,granite_sparse,good_to_medium,sparse,mixed,moderate
granite_sparse,50,40,40.5,Center,15.954763407300545,19.561707733655254,18.60263733707105,17.29349873525337,18.75,18.75,100.0,4.0,100.0,100.0,100.0,100.0,0.0,0,100.0,100.0,100.0,0.1,1,0.25,P32_derived_Jv_proxy,1.5,2.0,0.8383296847423095,0.9074568225639893,1.1659613409597098,0.9585052724073401,19,0,0,19,1.0,0.0,7.0,0.0,0.2419155134996809,0.0,0.0,0.2419155134996809,0.0,0.3070959142795394,0.3070959142795394,1,1,1,1,1,1,cases/granite_sparse.yaml,granite_sparse,good_to_medium,sparse,mixed,moderate
granite_sparse,50,50,50.5,Center,15.65451473822195,19.03095074515836,15.186957588324319,11.978990426952656,18.978822031834774,18.75,100.0,4.0,100.0,100.0,99.93315942627937,100.0,0.14285714285714285,1,100.0,100.0,100.0,0.1,1,0.25,P32_derived_Jv_proxy,1.5011375849669422,1.9789106907052638,0.8204860435607261,1.1839512304140811,0.9701327599279684,0.997260845555136,19,1,1,18,0.9473684210526315,0.05263157894736842,7.0,0.14285714285714285,0.2419155134996809,0.14285714285714285,0.012732395447351627,0.22918311805232927,0.16823571944665083,0.3735385324840187,0.20530281303736786,1,1,1,1,1,1,cases/granite_sparse.yaml,granite_sparse,good_to_medium,sparse,mixed,moderate
granite_sparse,50,60,60.5,Center,14.046574712940917,17.619738260319505,17.881566368037205,14.528906429702147,18.663519795178193,18.75,100.0,4.0,100.0,100.0,99.93315942627937,100.0,0.14285714285714285,1,100.0,100.0,100.0,0.1,1,0.25,P32_derived_Jv_proxy,1.507205626257352,2.019460352698028,0.8326383737874927,0.983819165047113,1.2730197029147017,1.0592393325847147,21,1,0,21,1.0,0.0,7.0,0.14285714285714285,0.26738030439438415,0.14285714285714285,0.0,0.26738030439438415,0.0765331116748511,0.3724602302707605,0.29592711859590937,0,1,1,1,1,1,cases/granite_sparse.yaml,granite_sparse,good_to_medium,sparse,mixed,moderate
granite_sparse,50,70,70.5,Center,15.65824615767646,18.3643641489984,18.96542517333382,17.789124129921166,19.12510491106433,18.75,97.79848148206666,4.0,97.79848148206666,100.0,99.86631885255873,100.0,0.2857142857142857,2,100.0,100.0,100.0,0.3,3,0.25,P32_derived_Jv_proxy,1.5583419063301742,1.9901065194408416,0.7934334333627714,0.8416164724672145,1.2112100539456658,1.041424835398258,23,2,2,21,0.9130434782608695,0.08695652173913043,7.0,0.2857142857142857,0.2928450952890874,0.2857142857142857,0.025464790894703253,0.26738030439438415,0.44850994783898446,0.3296201685143706,-0.11888977932461386,1,1,1,1,1,1,cases/granite_sparse.yaml,granite_sparse,good_to_medium,sparse,mixed,moderate
granite_sparse,50,80,80.5,Center,16.72099957676667,19.061378751267977,15.53024188371098,12.121029263991606,18.75,18.75,100.0,4.0,100.0,100.0,100.0,100.0,0.0,0,100.0,100.0,100.0,0.0,0,0.25,P32_derived_Jv_proxy,1.5,2.0,0.726353616796915,0.9847721818928779,0.9287866919923728,0.9836644161300628,21,0,0,21,1.0,0.0,7.0,0.0,0.26738030439438415,0.0,0.0,0.26738030439438415,0.0,0.43336338904451543,0.43336338904451543,1,1,1,1,1,1,cases/granite_sparse.yaml,granite_sparse,good_to_medium,sparse,mixed,moderate
granite_sparse,51,10,10.5,Center,17.855447775893342,19.425182548685335,24.231117873979038,23.11496006740649,18.964234790567243,18.75,100.0,4.0,100.0,100.0,99.93315942627937,100.0,0.14285714285714285,1,100.0,100.0,100.0,0.3,3,0.25,P32_derived_Jv_proxy,1.5256750068543903,2.0105387331815137,0.8399892687470744,0.698837378076231,1.3570714203366825,0.9762706086821672,22,1,0,22,1.0,0.0,7.0,0.14285714285714285,0.2801126998417358,0.14285714285714285,0.0,0.2801126998417358,0.3523183482683614,0.5529623131255281,0.20064396485716673,0,1,1,1,1,1,cases/granite_sparse.yaml,granite_sparse,good_to_medium,sparse,mixed,moderate
granite_sparse,51,20,20.5,Center,16.653930544797362,18.164309962656066,22.278946260889917,21.838914152813466,20.612100445220182,18.75,100.0,4.0,100.0,100.0,99.93315942627937,100.0,0.14285714285714285,1,98.85620720871259,100.0,98.85620720871259,0.3,3,0.25,P32_derived_Jv_proxy,1.553120796344275,1.924612132664959,0.7516677018140919,0.8005115847696642,1.3377590473889538,1.1347582422671998,18,1,0,18,1.0,0.0,7.0,0.14285714285714285,0.22918311805232927,0.14285714285714285,0.0,0.22918311805232927,0.1438116055350125,0.4955308455994577,0.3517192400644452,0,1,1,1,1,1,cases/granite_sparse.yaml,granite_sparse,good_to_medium,sparse,mixed,moderate
granite_sparse,51,30,30.5,Center,17.100639071018495,20.74587218384122,18.227481488184505,16.81508896065348,22.065972883972766,18.75,99.60774874293932,4.0,99.60774874293932,100.0,99.79947827883811,100.0,0.42857142857142855,3,100.0,100.0,100.0,0.1,1,0.25,P32_derived_Jv_proxy,1.52315274927263,1.9453935667305604,0.8285797027245974,1.0148563614281834,1.0658947547215203,1.063631969214568,15,3,1,14,0.9333333333333333,0.06666666666666667,7.0,0.42857142857142855,0.1909859317102744,0.42857142857142855,0.012732395447351627,0.17825353626292278,0.2236133778879018,0.3572409490118954,0.1336275711239936,1,1,1,1,1,1,cases/granite_sparse.yaml,granite_sparse,good_to_medium,sparse,mixed,moderate
granite_sparse,51,40,40.5,Center,16.034177958307986,19.17484668414347,21.625964256602323,21.087691643674898,18.96287262155453,18.75,99.33480409444893,4.0,99.33480409444893,100.0,99.79947827883811,100.0,0.42857142857142855,3,100.0,100.0,100.0,0.1,1,0.25,P32_derived_Jv_proxy,1.4753295109945073,1.9702623417092613,0.7506282870795209,0.7209151212181115,1.3487416887123294,0.9889452016967504,20,3,1,19,0.95,0.05,7.0,0.42857142857142855,0.25464790894703254,0.42857142857142855,0.012732395447351627,0.2419155134996809,0.33233268353704026,0.37036262966594713,0.038029946128906866,0,1,1,1,1,1,cases/granite_sparse.yaml,granite_sparse,good_to_medium,sparse,mixed,moderate
granite_sparse,51,50,50.5,Center,17.996517673852093,21.616131656887298,10.729553803913456,9.896149512905911,16.942254442132736,18.75,100.0,4.0,100.0,100.0,99.68282947904478,100.0,0.42857142857142855,3,99.23065166218609,100.0,99.23065166218609,0.3,3,0.25,P32_derived_Jv_proxy,1.3775544949581746,2.044078706883159,0.7422939160130672,1.222687149840396,0.5962016651423003,0.7837782777722221,17,3,2,15,0.8823529411764706,0.11764705882352941,7.0,0.42857142857142855,0.21645072260497766,0.42857142857142855,0.025464790894703253,0.1909859317102744,0.22618273050402904,0.5273949373655848,0.3012122068615558,0,0,1,0,1,1,cases/granite_sparse.yaml,granite_sparse,good_to_medium,sparse,mixed,moderate
granite_sparse,51,60,60.5,Center,16.332844129648578,19.235478668629437,25.395106520276947,28.722821711458952,18.75,18.75,100.0,4.0,100.0,100.0,100.0,100.0,0.0,0,100.0,100.0,100.0,0.3,3,0.25,P32_derived_Jv_proxy,1.5,2.0,0.8449114449754581,0.6844096127961086,1.5548490096821463,0.9747612899583732,22,0,0,22,1.0,0.0,7.0,0.0,0.2801126998417358,0.0,0.0,0.2801126998417358,0.0,0.33886166366473613,0.33886166366473613,0,0,1,1,1,1,cases/granite_sparse.yaml,granite_sparse,good_to_medium,sparse,mixed,moderate
granite_sparse,51,70,70.5,Center,17.47102095781229,19.172651026175455,15.599744136227047,14.04505608901888,18.75,18.75,100.0,4.0,100.0,100.0,100.0,100.0,0.0,0,100.0,100.0,100.0,0.3,3,0.25,P32_derived_Jv_proxy,1.5,2.0,0.8919132994352862,1.1089419327464858,0.8928925318043026,0.977955525002858,23,0,0,23,1.0,0.0,7.0,0.0,0.2928450952890874,0.0,0.0,0.2928450952890874,0.0,0.44446666010841784,0.44446666010841784,1,1,1,1,1,1,cases/granite_sparse.yaml,granite_sparse,good_to_medium,sparse,mixed,moderate
granite_sparse,51,80,80.5,Center,19.32925800770373,21.85999797588415,17.54014386522115,17.404903125065914,19.258007291502047,18.75,100.0,4.0,100.0,100.0,99.93315942627937,100.0,0.14285714285714285,1,100.0,100.0,100.0,0.5,5,0.25,P32_derived_Jv_proxy,1.5102384814394891,1.9659261719774435,0.779064432407465,0.9027734722884271,0.9074401023686723,0.8809702229957841,16,1,0,16,1.0,0.0,7.0,0.14285714285714285,0.20371832715762603,0.14285714285714285,0.0,0.20371832715762603,0.19204590521235898,0.4228250031864462,0.23077909797408724,1,1,1,1,1,1,cases/granite_sparse.yaml,granite_sparse,good_to_medium,sparse,mixed,moderate
granite_dense_unfavorable,42,10,10.5,Center,9.899094115368234,11.441279009822752,10.33368432213282,9.193682054451358,10.827886546715886,12.0,100.0,4.0,100.0,100.0,99.86631885255873,100.0,0.2857142857142857,2,97.6413442556088,100.0,97.6413442556088,2.4,24,2.2,P32_derived_Jv_proxy,1.0983395292496614,2.549905726205881,0.8649277138228487,1.0250012572190166,1.043902017871503,0.9463877716311047,187,2,1,186,0.9946524064171123,0.0053475935828877,7.0,0.2857142857142857,2.3809579486547543,0.2857142857142857,0.012732395447351627,2.368225553207403,0.8619923933249299,0.8908592905900214,0.028866897265091507,1,1,1,1,1,1,cases/granite_dense_unfavorable.yaml,granite_dense_unfavorable,medium_to_poor,dense,unfavorable,high
granite_dense_unfavorable,42,20,20.5,Center,9.77695763075548,11.22749238036333,12.692285543187808,11.796556995337065,12.257026191544742,12.0,100.0,4.0,100.0,100.0,99.93315942627937,100.0,0.14285714285714285,1,100.0,100.0,100.0,1.1,11,2.2,P32_derived_Jv_proxy,1.1812697941444903,2.4195009880067198,0.8144351795766924,0.8926088927430118,1.2981835477389767,1.0916975738039285,181,1,0,181,1.0,0.0,7.0,0.14285714285714285,2.3045635759706444,0.14285714285714285,0.0,2.3045635759706444,0.9473485287279009,0.8891460140566586,-0.05820251467124227,0,1,1,1,1,1,cases/granite_dense_unfavorable.yaml,granite_dense_unfavorable,medium_to_poor,dense,unfavorable,high
granite_dense_unfavorable,42,30,30.5,Center,9.733870305493802,11.483037005413268,9.40848251055994,8.050637603009504,11.924000526414021,12.0,100.0,4.0,100.0,100.0,99.86631885255873,100.0,0.2857142857142857,2,98.11650345253786,100.0,98.11650345253786,2.1,21,2.2,P32_derived_Jv_proxy,1.1467010765942223,2.3745172036887694,0.8106102889220763,1.1316567898661758,0.9665715912867451,1.0384012975655201,181,2,1,180,0.994475138121547,0.0055248618784530384,7.0,0.2857142857142857,2.3045635759706444,0.2857142857142857,0.012732395447351627,2.291831180523293,0.8814245098099143,0.8860894565672214,0.004664946757307109,1,1,1,1,1,1,cases/granite_dense_unfavorable.yaml,granite_dense_unfavorable,medium_to_poor,dense,unfavorable,high
granite_dense_unfavorable,42,40,40.5,Center,10.329705042595632,11.903303827981192,9.845956667847668,9.59441713690115,12.0,12.0,100.0,4.0,100.0,100.0,100.0,100.0,0.0,0,98.32655671403168,100.0,98.32655671403168,2.2,22,2.2,P32_derived_Jv_proxy,1.2,2.5,0.8029491566057084,1.009873484150154,0.9531691976921726,1.008123473400007,158,0,0,158,1.0,0.0,7.0,0.0,2.011718480681557,0.0,0.0,2.011718480681557,0.0,0.8819251305875319,0.8819251305875319,1,1,1,1,1,1,cases/granite_dense_unfavorable.yaml,granite_dense_unfavorable,medium_to_poor,dense,unfavorable,high
granite_dense_unfavorable,42,50,50.5,Center,10.605217347468313,11.834236249204421,11.546786078003839,9.682708043362638,11.95591850737672,12.0,100.0,4.0,100.0,100.0,99.93315942627937,100.0,0.14285714285714285,1,98.82235237708493,100.0,98.82235237708493,1.7,17,2.2,P32_derived_Jv_proxy,1.2046173777601357,2.519299451325865,0.801914337164499,0.8985959531084314,1.0887835392416825,1.0102822231709696,173,1,1,172,0.9942196531791907,0.005780346820809248,7.0,0.14285714285714285,2.2027044123918316,0.14285714285714285,0.012732395447351627,2.1899720169444796,0.8253065550397751,0.8911948930675598,0.06588833802778471,1,1,1,1,1,1,cases/granite_dense_unfavorable.yaml,granite_dense_unfavorable,medium_to_poor,dense,unfavorable,high
granite_dense_unfavorable,42,60,60.5,Center,10.722412278154295,11.880396035095918,10.784691126145178,9.359574288505723,12.56825768188916,12.0,98.95734833401265,4.0,98.95734833401265,100.0,99.7496700527654,100.0,0.2857142857142857,2,98.96840246214987,100.0,98.96840246214987,2.2,22,2.2,P32_derived_Jv_proxy,1.2413264077950117,2.451452317568638,0.809268819463607,0.969510772207947,1.0058082870137133,1.0578988818858586,176,2,1,175,0.9943181818181818,0.005681818181818182,7.0,0.2857142857142857,2.2409015987338865,0.2857142857142857,0.012732395447351627,2.2281692032865346,0.8490474817607478,0.8851094976002911,0.03606201583954327,1,1,1,1,1,1,cases/granite_dense_unfavorable.yaml,granite_dense_unfavorable,medium_to_poor,dense,unfavorable,high
granite_dense_unfavorable,42,70,70.5,Center,9.869245533138063,11.27161281888763,9.743459952593183,8.251702594476773,11.745730121598156,12.0,99.51098223298702,4.0,99.51098223298702,100.0,99.33865723664778,100.0,0.7142857142857143,5,96.54591209339148,100.0,96.54591209339148,3.0,30,2.2,P32_derived_Jv_proxy,1.2264816043375508,2.6241873829889895,0.7891648501805587,1.0533063114087906,0.9872547926665186,1.0420629514452497,201,5,2,199,0.9900497512437811,0.009950248756218905,7.0,0.7142857142857143,2.559211484917677,0.7142857142857143,0.025464790894703253,2.5337466940229736,0.824628959201817,0.8864021365108353,0.06177317730901832,1,1,1,1,1,1,cases/granite_dense_unfavorable.yaml,granite_dense_unfavorable,medium_to_poor,dense,unfavorable,high
granite_dense_unfavorable,42,80,80.5,Center,10.639239500734845,11.949907790728615,10.907633080347313,9.124585405531512,12.535733876423308,12.0,100.0,4.0,100.0,100.0,99.93315942627937,100.0,0.14285714285714285,1,95.57441151816931,100.0,95.57441151816931,2.4,24,2.2,P32_derived_Jv_proxy,1.1673457943824108,2.363131996056551,0.7952730469422277,1.030404587958243,1.0252267635853043,1.0490234816831983,181,1,0,181,1.0,0.0,7.0,0.14285714285714285,2.3045635759706444,0.14285714285714285,0.0,2.3045635759706444,0.5841117255030779,0.886063709316285,0.3019519838132071,1,1,1,1,1,1,cases/granite_dense_unfavorable.yaml,granite_dense_unfavorable,medium_to_poor,dense,unfavorable,high
granite_dense_unfavorable,43,10,10.5,Center,9.509317550753694,11.124976954248368,12.030866860070722,9.563809340135451,12.219435670774956,12.0,100.0,4.0,100.0,100.0,99.68282947904478,100.0,0.42857142857142855,3,94.87816482171843,100.0,94.87816482171843,2.5,25,2.2,P32_derived_Jv_proxy,1.2287896986097266,2.517010215292921,0.827807401415175,0.9191948836702305,1.2651661694815495,1.0983785153917682,184,3,1,183,0.9945652173913043,0.005434782608695652,7.0,0.42857142857142855,2.3427607623126994,0.42857142857142855,0.012732395447351627,2.330028366865348,0.8154484105761963,0.8894271077308247,0.07397869715462835,0,1,1,1,1,1,cases/granite_dense_unfavorable.yaml,granite_dense_unfavorable,medium_to_poor,dense,unfavorable,high
granite_dense_unfavorable,43,20,20.5,Center,9.33676069312137,11.45854343542839,9.842376902605618,8.380151962388348,12.092473806220271,12.0,100.0,4.0,100.0,100.0,99.7496700527654,100.0,0.2857142857142857,2,97.73276010928585,100.0,97.73276010928585,2.8,28,2.2,P32_derived_Jv_proxy,1.2185701451167106,2.5184283448367757,0.7890776707083306,1.0851433198448603,1.054153279290616,1.0553238179323776,163,2,1,162,0.9938650306748467,0.006134969325153374,7.0,0.2857142857142857,2.0753804579183153,0.2857142857142857,0.012732395447351627,2.0626480624709633,0.8145991737273083,0.8871988429907871,0.07259966926347883,1,1,1,1,1,1,cases/granite_dense_unfavorable.yaml,granite_dense_unfavorable,medium_to_poor,dense,unfavorable,high
granite_dense_unfavorable,43,30,30.5,Center,11.213175107021241,12.344604122729065,10.286460735940716,9.325005835161955,12.047071499492366,12.0,98.91909549007961,4.0,98.91909549007961,100.0,99.43249953181018,100.0,0.7142857142857143,5,98.0824015338882,100.0,98.0824015338882,1.8,18,2.2,P32_derived_Jv_proxy,1.1862124236025087,2.429027509716971,0.8383740476761583,1.0724530384979736,0.9173548649480865,0.9758977590306945,182,5,4,178,0.978021978021978,0.02197802197802198,7.0,0.7142857142857143,2.317295971417996,0.7142857142857143,0.05092958178940651,2.2663663896285895,0.835155649783174,0.8854245550150429,0.05026890523186889,1,1,1,1,1,1,cases/granite_dense_unfavorable.yaml,granite_dense_unfavorable,medium_to_poor,dense,unfavorable,high
granite_dense_unfavorable,43,40,40.5,Center,10.827906549893642,12.344246056022358,11.465694341353721,12.10213441205816,11.887641533265988,12.0,100.0,4.0,100.0,100.0,99.93315942627937,100.0,0.14285714285714285,1,98.17633543589336,100.0,98.17633543589336,2.1,21,2.2,P32_derived_Jv_proxy,1.2021155950328353,2.529766470638598,0.7856906643525142,0.8820310167710481,1.0589022253305598,0.9630107403332577,175,1,1,174,0.9942857142857143,0.005714285714285714,7.0,0.14285714285714285,2.2281692032865346,0.14285714285714285,0.012732395447351627,2.215436807839183,0.8422150861201197,0.8826769323080408,0.040461846187921036,1,1,1,1,1,1,cases/granite_dense_unfavorable.yaml,granite_dense_unfavorable,medium_to_poor,dense,unfavorable,high
granite_dense_unfavorable,43,50,50.5,Center,10.788978185816173,11.886614984972072,7.8812602599163215,7.861071757779192,12.041851229057565,12.0,100.0,4.0,100.0,100.0,99.93315942627937,100.0,0.14285714285714285,1,95.75073554238276,100.0,95.75073554238276,2.4,24,2.2,P32_derived_Jv_proxy,1.2333058663146035,2.5592224059893645,0.7784083817602602,1.2086533050017532,0.7304918152747302,1.0130597520220648,178,1,1,177,0.9943820224719101,0.0056179775280898875,7.0,0.14285714285714285,2.2663663896285895,0.14285714285714285,0.012732395447351627,2.253633994181238,0.8267831330379626,0.8956976370214675,0.06891450398350496,0,1,1,1,1,1,cases/granite_dense_unfavorable.yaml,granite_dense_unfavorable,medium_to_poor,dense,unfavorable,high
granite_dense_unfavorable,43,60,60.5,Center,10.076077216345059,11.27956297342101,12.814322225486269,13.218993427540635,12.38590216582658,12.0,98.7202147533551,4.0,98.7202147533551,100.0,99.7496700527654,100.0,0.2857142857142857,2,97.2496072376399,100.0,97.2496072376399,2.1,21,2.2,P32_derived_Jv_proxy,1.2215055685638436,2.441555149558936,0.8508582893264387,0.9549100123832966,1.2717570489336192,1.0980835157366053,173,2,1,172,0.9942196531791907,0.005780346820809248,7.0,0.2857142857142857,2.2027044123918316,0.2857142857142857,0.012732395447351627,2.1899720169444796,0.8636873360015183,0.8878888006262766,0.024201464624758362,0,1,1,1,1,1,cases/granite_dense_unfavorable.yaml,granite_dense_unfavorable,medium_to_poor,dense,unfavorable,high
granite_dense_unfavorable,43,70,70.5,Center,10.906496914549002,11.803611910343063,9.445854648888039,9.534255337407153,11.883678519359561,12.0,100.0,4.0,100.0,100.0,99.93315942627937,100.0,0.14285714285714285,1,98.95947718114446,100.0,98.95947718114446,1.5,15,2.2,P32_derived_Jv_proxy,1.191654240206073,2.5073450335855942,0.7749456858026204,1.0076854579923347,0.8660759474737941,1.0067832295423351,155,1,0,155,1.0,0.0,7.0,0.14285714285714285,1.9735212943395022,0.14285714285714285,0.0,1.9735212943395022,0.9075704717533915,0.8828999515014676,-0.024670520251923844,1,1,1,1,1,1,cases/granite_dense_unfavorable.yaml,granite_dense_unfavorable,medium_to_poor,dense,unfavorable,high
granite_dense_unfavorable,43,80,80.5,Center,9.923091026794243,11.863875687269683,9.161230903965123,9.096168526882444,11.908188201755271,12.0,100.0,4.0,100.0,100.0,99.79947827883811,100.0,0.42857142857142855,3,99.46687931021965,100.0,99.46687931021965,2.0,20,2.2,P32_derived_Jv_proxy,1.160233347192391,2.458046705191254,0.8395264312951187,1.1215749446431096,0.9232235075973856,1.0037350791304342,168,3,3,165,0.9821428571428571,0.017857142857142856,7.0,0.42857142857142855,2.139042435155073,0.42857142857142855,0.03819718634205488,2.1008452488130183,0.8094291014985127,0.8810928126042935,0.07166371110578085,1,1,1,1,1,1,cases/granite_dense_unfavorable.yaml,granite_dense_unfavorable,medium_to_poor,dense,unfavorable,high
granite_dense_unfavorable,44,10,10.5,Center,10.354581001870413,12.244824379041932,9.246279488695233,7.940985679272191,11.281991185107769,12.0,100.0,4.0,100.0,100.0,99.86631885255873,100.0,0.2857142857142857,2,97.93142124742278,100.0,97.93142124742278,2.0,20,2.2,P32_derived_Jv_proxy,1.134878255986202,2.5133881469047687,0.8483109548948455,1.1003461032592246,0.8929651027912205,0.9213681499930587,192,2,1,191,0.9947916666666666,0.005208333333333333,7.0,0.2857142857142857,2.4446199258915122,0.2857142857142857,0.012732395447351627,2.4318875304441607,0.7508492261361813,0.8961185551388287,0.14526932900264733,1,1,1,1,1,1,cases/granite_dense_unfavorable.yaml,granite_dense_unfavorable,medium_to_poor,dense,unfavorable,high
granite_dense_unfavorable,44,20,20.5,Center,10.047662108690306,11.569931718696141,10.974001055565399,10.63972952330817,12.0,12.0,100.0,4.0,100.0,100.0,100.0,100.0,0.0,0,98.31858303071742,100.0,98.31858303071742,1.7,17,2.2,P32_derived_Jv_proxy,1.2,2.5,0.8154263785742245,0.9564629750765266,1.0921944763721598,1.037171203059816,180,0,0,180,1.0,0.0,7.0,0.0,2.291831180523293,0.0,0.0,2.291831180523293,0.0,0.8813854271898807,0.8813854271898807,1,1,1,1,1,1,cases/granite_dense_unfavorable.yaml,granite_dense_unfavorable,medium_to_poor,dense,unfavorable,high
granite_dense_unfavorable,44,30,30.5,Center,10.441062844866385,11.271488333874574,11.934568277928921,9.920362283416694,12.0,12.0,100.0,4.0,100.0,100.0,100.0,100.0,0.0,0,98.71318842731291,100.0,98.71318842731291,1.9,19,2.2,P32_derived_Jv_proxy,1.2,2.5,0.791955200100956,0.9533002678104114,1.1430415136134207,1.0646331384592758,181,0,0,181,1.0,0.0,7.0,0.0,2.3045635759706444,0.0,0.0,2.3045635759706444,0.0,0.8871164061346325,0.8871164061346325,1,1,1,1,1,1,cases/granite_dense_unfavorable.yaml,granite_dense_unfavorable,medium_to_poor,dense,unfavorable,high
granite_dense_unfavorable,44,40,40.5,Center,9.588838409735802,11.905421319473918,13.345240489317016,12.209776559401268,12.0,12.0,100.0,4.0,100.0,100.0,100.0,100.0,0.0,0,98.3480835922647,100.0,98.3480835922647,1.7,17,2.2,P32_derived_Jv_proxy,1.2,2.5,0.829537533192663,0.8836437821206415,1.3917473544832333,1.007944169130023,158,0,0,158,1.0,0.0,7.0,0.0,2.011718480681557,0.0,0.0,2.011718480681557,0.0,0.8942020819797274,0.8942020819797274,0,1,1,1,1,1,cases/granite_dense_unfavorable.yaml,granite_dense_unfavorable,medium_to_poor,dense,unfavorable,high
granite_dense_unfavorable,44,50,50.5,Center,11.035852344951726,12.305937299099797,11.152503184733163,11.009731696242877,11.729478288880562,12.0,98.71059601723456,4.0,98.71059601723456,100.0,99.68282947904478,100.0,0.42857142857142855,3,99.04137860018596,100.0,99.04137860018596,2.2,22,2.2,P32_derived_Jv_proxy,1.182939358800302,2.5004907540693977,0.7697078113663637,0.9260694567894662,1.0105701703987366,0.9531560257290272,162,3,2,160,0.9876543209876543,0.012345679012345678,7.0,0.42857142857142855,2.0626480624709633,0.42857142857142855,0.025464790894703253,2.0371832715762603,0.882059607991329,0.897403636903336,0.015344028912007035,1,1,1,1,1,1,cases/granite_dense_unfavorable.yaml,granite_dense_unfavorable,medium_to_poor,dense,unfavorable,high
granite_dense_unfavorable,44,60,60.5,Center,10.301393577023182,11.419034317525272,11.588489809496588,8.996425742466997,12.214121859678462,12.0,98.67833544877031,4.0,98.67833544877031,100.0,99.73263770511747,99.53211598395555,0.5714285714285714,4,95.70298854795982,100.0,95.70298854795982,2.5,25,2.2,P32_derived_Jv_proxy,1.2916356212213262,2.6553640418738373,0.8511528515432198,0.9840976108986137,1.1249438945177495,1.069628264531348,182,4,1,181,0.9945054945054945,0.005494505494505495,7.0,0.5714285714285714,2.317295971417996,0.5714285714285714,0.012732395447351627,2.3045635759706444,0.7626148776903741,0.8917376208453814,0.12912274315500738,1,1,1,1,1,1,cases/granite_dense_unfavorable.yaml,granite_dense_unfavorable,medium_to_poor,dense,unfavorable,high
granite_dense_unfavorable,44,70,70.5,Center,9.833860653414925,11.55587946496118,11.898221625692187,12.531067866888156,12.639324330507128,12.0,100.0,4.0,100.0,100.0,99.93315942627937,100.0,0.14285714285714285,1,98.4037882811603,100.0,98.4037882811603,1.7,17,2.2,P32_derived_Jv_proxy,1.248479461583509,2.4765512626301276,0.7668665709854164,0.863812102052383,1.209923756806579,1.0937570237584324,179,1,1,178,0.994413407821229,0.00558659217877095,7.0,0.14285714285714285,2.279098785075941,0.14285714285714285,0.012732395447351627,2.2663663896285895,0.8686543507396769,0.8914706978507138,0.02281634711103686,1,1,1,1,1,1,cases/granite_dense_unfavorable.yaml,granite_dense_unfavorable,medium_to_poor,dense,unfavorable,high
granite_dense_unfavorable,44,80,80.5,Center,10.63861862870963,11.966237802016352,12.215520597931969,12.624722978415493,12.0,12.0,100.0,4.0,100.0,100.0,100.0,100.0,0.0,0,99.17853371987995,100.0,99.17853371987995,1.6,16,2.2,P32_derived_Jv_proxy,1.2,2.5,0.8304130042641316,0.9368095717233638,1.1482243159809182,1.0028214547080085,159,0,0,159,1.0,0.0,7.0,0.0,2.024450876128909,0.0,0.0,2.024450876128909,0.0,0.9060102131559773,0.9060102131559773,1,1,1,1,1,1,cases/granite_dense_unfavorable.yaml,granite_dense_unfavorable,medium_to_poor,dense,unfavorable,high
granite_dense_unfavorable,45,10,10.5,Center,10.502296740989463,11.688381674813426,12.105730636006266,11.132066705419504,13.252894900921683,12.0,100.0,4.0,100.0,100.0,99.68282947904478,100.0,0.42857142857142855,3,98.00770712143466,100.0,98.00770712143466,1.5,15,2.2,P32_derived_Jv_proxy,1.2432142204009098,2.3928525337815594,0.8496590157020523,0.9735714875435414,1.1526745943826509,1.1338519967635494,195,3,1,194,0.9948717948717949,0.005128205128205128,7.0,0.42857142857142855,2.482817112233567,0.42857142857142855,0.012732395447351627,2.4700847167862157,0.8671631573267431,0.8921381126369747,0.02497495531023164,1,1,1,1,1,1,cases/granite_dense_unfavorable.yaml,granite_dense_unfavorable,medium_to_poor,dense,unfavorable,high
granite_dense_unfavorable,45,20,20.5,Center,10.486886715893936,12.136985241285787,9.279992098535557,8.88917340471149,11.922437901530186,12.0,100.0,4.0,100.0,100.0,99.68282947904477,100.0,0.42857142857142855,3,98.70294137549467,100.0,98.70294137549467,2.5,25,2.2,P32_derived_Jv_proxy,1.2407412299454903,2.58655745788649,0.7864071955653008,1.0218526797357737,0.8849139263105409,0.9823228474377816,183,3,1,182,0.994535519125683,0.00546448087431694,7.0,0.42857142857142855,2.330028366865348,0.42857142857142855,0.012732395447351627,2.317295971417996,0.8268543969783875,0.8904747896778178,0.06362039269943032,1,1,1,1,1,1,cases/granite_dense_unfavorable.yaml,granite_dense_unfavorable,medium_to_poor,dense,unfavorable,high
granite_dense_unfavorable,45,30,30.5,Center,10.082999048368134,11.66806955161738,10.403651792247532,9.3977377319282,11.980529958061098,12.0,100.0,4.0,100.0,100.0,99.93315942627937,100.0,0.14285714285714285,1,99.22115325838806,100.0,99.22115325838806,1.4,14,2.2,P32_derived_Jv_proxy,1.150549341886194,2.3998971335791817,0.8142440752357023,1.0056215446230223,1.0318013264050931,1.0267791004382902,174,1,0,174,1.0,0.0,7.0,0.14285714285714285,2.215436807839183,0.14285714285714285,0.0,2.215436807839183,0.7544909539185926,0.8902078772306561,0.13571692331206353,1,1,1,1,1,1,cases/granite_dense_unfavorable.yaml,granite_dense_unfavorable,medium_to_poor,dense,unfavorable,high
granite_dense_unfavorable,45,40,40.5,Center,9.538528022219342,11.366212673983894,9.627029670026527,9.142471069550407,11.110080614734002,12.0,98.72925017148118,4.0,98.72925017148118,100.0,99.68282947904478,100.0,0.42857142857142855,3,96.33324864204849,100.0,96.33324864204849,2.2,22,2.2,P32_derived_Jv_proxy,1.1674791988549738,2.6202811055172086,0.8311185198537709,0.9644582360670817,1.009278333889781,0.9774654877049633,184,3,0,184,1.0,0.0,7.0,0.42857142857142855,2.3427607623126994,0.42857142857142855,0.0,2.3427607623126994,0.8305920564968723,0.8940468053333964,0.06345474883652413,1,1,1,1,1,1,cases/granite_dense_unfavorable.yaml,granite_dense_unfavorable,medium_to_poor,dense,unfavorable,high
granite_dense_unfavorable,45,50,50.5,Center,10.623895486301572,12.386647553974896,8.276586588884097,8.179122726184579,11.857634216378443,12.0,100.0,4.0,100.0,100.0,99.86631885255873,100.0,0.2857142857142857,2,99.23202522203336,100.0,99.23202522203336,1.6,16,2.2,P32_derived_Jv_proxy,1.1376785176190936,2.419269436252917,0.732466821971432,1.1089999404300668,0.7790538413669365,0.9572916452743752,195,2,0,195,1.0,0.0,7.0,0.2857142857142857,2.482817112233567,0.2857142857142857,0.0,2.482817112233567,0.8225994262101303,0.8880616115247423,0.06546218531461201,0,1,1,1,1,1,cases/granite_dense_unfavorable.yaml,granite_dense_unfavorable,medium_to_poor,dense,unfavorable,high
granite_dense_unfavorable,45,60,60.5,Center,10.202916312052658,11.720757920334737,12.78902623626826,13.758202561510391,11.6028598027968,12.0,100.0,4.0,100.0,100.0,99.86631885255873,100.0,0.2857142857142857,2,98.5014122146834,100.0,98.5014122146834,2.7,27,2.2,P32_derived_Jv_proxy,1.1856268032689965,2.5590584258041296,0.8574356988982988,0.8192791170080463,1.2534677189462626,0.989941084156905,183,2,1,182,0.994535519125683,0.00546448087431694,7.0,0.2857142857142857,2.330028366865348,0.2857142857142857,0.012732395447351627,2.317295971417996,0.8013132840907906,0.890628086515616,0.08931480242482537,0,1,1,1,1,1,cases/granite_dense_unfavorable.yaml,granite_dense_unfavorable,medium_to_poor,dense,unfavorable,high
granite_dense_unfavorable,45,70,70.5,Center,10.341695834391048,11.715682076947813,12.440367438709021,13.94497962398216,12.0,12.0,100.0,4.0,100.0,100.0,100.0,100.0,0.0,0,98.49129633176176,100.0,98.49129633176176,2.1,21,2.2,P32_derived_Jv_proxy,1.2,2.5,0.8045821584856107,0.8242635686462363,1.202933023551021,1.0242681494073334,189,0,0,189,1.0,0.0,7.0,0.0,2.4064227395494573,0.0,0.0,2.4064227395494573,0.0,0.901720644818576,0.901720644818576,1,1,1,1,1,1,cases/granite_dense_unfavorable.yaml,granite_dense_unfavorable,medium_to_poor,dense,unfavorable,high
granite_dense_unfavorable,45,80,80.5,Center,10.174645101987027,11.78013092336746,11.519855532628764,11.310768699096519,12.0,12.0,100.0,4.0,100.0,100.0,100.0,100.0,0.0,0,97.92322773940845,100.0,97.92322773940845,1.9,19,2.2,P32_derived_Jv_proxy,1.2,2.5,0.8794268317203574,1.0450010233410612,1.1322120248085144,1.0186644000871332,178,0,0,178,1.0,0.0,7.0,0.0,2.2663663896285895,0.0,0.0,2.2663663896285895,0.0,0.8895767560948132,0.8895767560948132,1,1,1,1,1,1,cases/granite_dense_unfavorable.yaml,granite_dense_unfavorable,medium_to_poor,dense,unfavorable,high
granite_dense_unfavorable,46,10,10.5,Center,10.48213939135222,11.818827458159646,11.191924030738694,11.35056722511758,13.12014575892485,12.0,100.0,4.0,100.0,100.0,99.86631885255873,100.0,0.2857142857142857,2,97.62841387360652,100.0,97.62841387360652,1.7,17,2.2,P32_derived_Jv_proxy,1.2488431311625414,2.4153305756162973,0.7666835362820142,1.0016884208196255,1.0677137188208017,1.1101055333426313,178,2,1,177,0.9943820224719101,0.0056179775280898875,7.0,0.2857142857142857,2.2663663896285895,0.2857142857142857,0.012732395447351627,2.253633994181238,0.8482559144710026,0.8928468105931415,0.04459089612213896,1,1,1,1,1,1,cases/granite_dense_unfavorable.yaml,granite_dense_unfavorable,medium_to_poor,dense,unfavorable,high
granite_dense_unfavorable,46,20,20.5,Center,10.396117305652872,11.899157676877808,15.049180983729585,14.378895928277212,14.787241176764221,13.180810985619914,100.0,4.0,100.0,100.0,99.73263770511745,99.53211598395555,0.5714285714285714,4,97.9531413178931,100.0,97.9531413178931,1.8,18,2.2,P32_derived_Jv_proxy,1.2091022233670157,2.102130388724214,0.8286035153117532,0.854765021161679,1.4475770656749531,1.2427132725115893,181,4,1,180,0.994475138121547,0.0055248618784530384,7.0,0.5714285714285714,2.3045635759706444,0.5714285714285714,0.012732395447351627,2.291831180523293,0.8377864195286977,0.8850132957453783,0.04722687621668065,0,1,1,1,1,1,cases/granite_dense_unfavorable.yaml,granite_dense_unfavorable,medium_to_poor,dense,unfavorable,high
granite_dense_unfavorable,46,30,30.5,Center,10.027278396799852,11.916218846375983,10.6980716666726,11.397737780363528,12.0,12.0,100.0,4.0,100.0,100.0,100.0,100.0,0.0,0,98.04416393741535,100.0,98.04416393741535,1.5,15,2.2,P32_derived_Jv_proxy,1.2,2.5,0.7972617615452214,0.9612002372652427,1.066896843124135,1.0070308505327172,149,0,0,149,1.0,0.0,7.0,0.0,1.8971269216553923,0.0,0.0,1.8971269216553923,0.0,0.8790188286574191,0.8790188286574191,1,1,1,1,1,1,cases/granite_dense_unfavorable.yaml,granite_dense_unfavorable,medium_to_poor,dense,unfavorable,high
granite_dense_unfavorable,46,40,40.5,Center,10.548113190654492,11.779109678274112,10.603803604468311,9.721210804144246,12.420291492475046,12.0,100.0,4.0,100.0,100.0,99.86631885255873,100.0,0.2857142857142857,2,98.11530094063002,100.0,98.11530094063002,2.3,23,2.2,P32_derived_Jv_proxy,1.3038316090943163,2.659267286601339,0.7696400750471136,0.9967815167135692,1.0052796564472934,1.0544338096608064,191,2,0,191,1.0,0.0,7.0,0.2857142857142857,2.4318875304441607,0.2857142857142857,0.0,2.4318875304441607,0.9125390560725493,0.8800565302423788,-0.03248252583017042,1,1,1,1,1,1,cases/granite_dense_unfavorable.yaml,granite_dense_unfavorable,medium_to_poor,dense,unfavorable,high
granite_dense_unfavorable,46,50,50.5,Center,9.80579958643969,11.70293847968466,10.864581131946334,10.214979902021966,12.300551664560398,12.0,100.0,4.0,100.0,100.0,99.93315942627937,100.0,0.14285714285714285,1,98.4468461622813,100.0,98.4468461622813,2.0,20,2.2,P32_derived_Jv_proxy,1.2097683646362367,2.4640403417154952,0.8183637498045371,0.9877254382166475,1.107975034179856,1.0510652248504209,187,1,0,187,1.0,0.0,7.0,0.14285714285714285,2.3809579486547543,0.14285714285714285,0.0,2.3809579486547543,0.7200544758523904,0.8977064207284757,0.17765194487608538,1,1,1,1,1,1,cases/granite_dense_unfavorable.yaml,granite_dense_unfavorable,medium_to_poor,dense,unfavorable,high
granite_dense_unfavorable,46,60,60.5,Center,10.003707744364945,11.878355286267345,10.206729498214331,9.626527631451674,12.332677410744305,12.0,97.86571240734193,4.0,97.86571240734193,100.0,99.68282947904478,100.0,0.42857142857142855,3,99.16098246156847,100.0,99.16098246156847,2.2,22,2.2,P32_derived_Jv_proxy,1.2496838906271233,2.5212787112896455,0.787488661642069,1.0035980915157732,1.020294650647281,1.038247898259299,189,3,1,188,0.9947089947089947,0.005291005291005291,7.0,0.42857142857142855,2.4064227395494573,0.42857142857142855,0.012732395447351627,2.393690344102106,0.8920608795086221,0.8873716997162495,-0.0046891797923726,1,1,1,1,1,1,cases/granite_dense_unfavorable.yaml,granite_dense_unfavorable,medium_to_poor,dense,unfavorable,high
granite_dense_unfavorable,46,70,70.5,Center,10.722126561605561,12.099008321065314,10.370154629420215,9.702238465397643,12.0,12.0,100.0,4.0,100.0,100.0,100.0,100.0,0.0,0,98.07491810116619,100.0,98.07491810116619,1.8,18,2.2,P32_derived_Jv_proxy,1.2,2.5,0.7146177002593118,0.9068532265413864,0.9671733093092084,0.9918168234587513,153,0,0,153,1.0,0.0,7.0,0.0,1.948056503444799,0.0,0.0,1.948056503444799,0.0,0.8908294161200406,0.8908294161200406,1,1,1,1,1,1,cases/granite_dense_unfavorable.yaml,granite_dense_unfavorable,medium_to_poor,dense,unfavorable,high
granite_dense_unfavorable,46,80,80.5,Center,9.980179078198615,11.54707257822932,11.79655528309098,8.42462015573609,11.502285899764024,12.0,100.0,4.0,100.0,100.0,99.68282947904478,100.0,0.42857142857142855,3,96.866221406088,100.0,96.866221406088,2.1,21,2.2,P32_derived_Jv_proxy,1.1753090359974894,2.561452798957203,0.7375062092815164,0.8095538025499626,1.181998358011449,0.9961213824402787,184,3,1,183,0.9945652173913043,0.005434782608695652,7.0,0.42857142857142855,2.3427607623126994,0.42857142857142855,0.012732395447351627,2.330028366865348,0.8379154816441392,0.9002596016516158,0.06234412000747658,1,1,1,1,1,1,cases/granite_dense_unfavorable.yaml,granite_dense_unfavorable,medium_to_poor,dense,unfavorable,high
granite_dense_unfavorable,47,10,10.5,Center,9.748221545304837,10.909927188214754,8.18662579641368,8.233458360846573,10.806552398097097,12.0,97.70009281859662,4.0,97.70009281859662,100.0,99.68282947904477,100.0,0.42857142857142855,3,98.12193587776493,100.0,98.12193587776493,1.7,17,2.2,P32_derived_Jv_proxy,1.1437868899148864,2.6283219617812414,0.8315322117238769,1.1340326726109884,0.839807113365895,0.9905247039385079,171,3,1,170,0.9941520467836257,0.005847953216374269,7.0,0.42857142857142855,2.177239621497128,0.42857142857142855,0.012732395447351627,2.1645072260497766,0.7769282666046549,0.8896422102911581,0.11271394368650323,1,1,1,1,1,1,cases/granite_dense_unfavorable.yaml,granite_dense_unfavorable,medium_to_poor,dense,unfavorable,high
granite_dense_unfavorable,47,20,20.5,Center,9.491357434212482,11.730090188121537,10.809076308273921,9.314943374675396,12.150544432773595,12.0,100.0,4.0,100.0,100.0,99.93315942627937,100.0,0.14285714285714285,1,99.90927476771157,100.0,99.90927476771157,1.2,12,2.2,P32_derived_Jv_proxy,1.2495112470863023,2.5659899314677124,0.819203616474043,1.099955981099678,1.1388335528605844,1.0358440760394008,155,1,0,155,1.0,0.0,7.0,0.14285714285714285,1.9735212943395022,0.14285714285714285,0.0,1.9735212943395022,0.6489763681357082,0.891240372109699,0.24226400397399073,1,1,1,1,1,1,cases/granite_dense_unfavorable.yaml,granite_dense_unfavorable,medium_to_poor,dense,unfavorable,high
granite_dense_unfavorable,47,30,30.5,Center,10.049033035493943,11.543752726524922,8.7357341204965,7.141199879547546,10.304153837427185,12.0,99.78368066189365,4.0,99.78368066189365,100.0,99.86631885255873,100.0,0.2857142857142857,2,99.06271243655212,100.0,99.06271243655212,1.6,16,2.2,P32_derived_Jv_proxy,1.0503311404677975,2.566082587441604,0.7184833609217793,0.9753002153924862,0.869310916746042,0.8926173387056863,176,2,0,176,1.0,0.0,7.0,0.2857142857142857,2.2409015987338865,0.2857142857142857,0.0,2.2409015987338865,0.8810011387336119,0.8880513421171727,0.007050203383560882,1,1,1,1,1,1,cases/granite_dense_unfavorable.yaml,granite_dense_unfavorable,medium_to_poor,dense,unfavorable,high
granite_dense_unfavorable,47,40,40.5,Center,10.154420234843432,11.496201362402733,10.369234962122418,9.178512871985294,11.582627505547796,12.0,99.8116956543249,4.0,99.8116956543249,100.0,99.4993401055308,100.0,0.5714285714285714,4,97.43987625561681,100.0,97.43987625561681,1.9,19,2.2,P32_derived_Jv_proxy,1.1469014732296663,2.466861194944246,0.8291184761673813,1.040244918896443,1.021154799812389,1.007517800047215,164,4,0,164,1.0,0.0,7.0,0.5714285714285714,2.0881128533656668,0.5714285714285714,0.0,2.0881128533656668,0.8793653830513941,0.8953528451852308,0.015987462133836727,1,1,1,1,1,1,cases/granite_dense_unfavorable.yaml,granite_dense_unfavorable,medium_to_poor,dense,unfavorable,high
granite_dense_unfavorable,47,50,50.5,Center,10.188921049630034,11.685523088886697,13.114378782257122,10.697463150542282,12.132689904440452,12.0,100.0,4.0,100.0,100.0,99.79947827883811,100.0,0.42857142857142855,3,95.82258061988004,100.0,95.82258061988004,2.1,21,2.2,P32_derived_Jv_proxy,1.157972194216774,2.3908097090311453,0.8667482388836127,0.9429325330905892,1.2871214447905956,1.0382667350149712,173,3,0,173,1.0,0.0,7.0,0.42857142857142855,2.2027044123918316,0.42857142857142855,0.0,2.2027044123918316,0.8105736672274517,0.8913596073317563,0.08078594010430462,0,1,1,1,1,1,cases/granite_dense_unfavorable.yaml,granite_dense_unfavorable,medium_to_poor,dense,unfavorable,high
granite_dense_unfavorable,47,60,60.5,Center,10.192238448167563,11.745054514557426,9.988384287949525,8.495157506723874,13.460989740654979,12.0,100.0,4.0,100.0,100.0,99.61598890532413,100.0,0.5714285714285714,4,97.89242038402497,100.0,97.89242038402497,2.4,24,2.2,P32_derived_Jv_proxy,1.2351256916690687,2.3463054085641937,0.8118322372390778,1.2371106640207947,0.9799990785876199,1.1460985322776267,170,4,1,169,0.9941176470588236,0.0058823529411764705,7.0,0.5714285714285714,2.1645072260497766,0.5714285714285714,0.012732395447351627,2.151774830602425,0.79324978768508,0.8898369115266547,0.09658712384157464,1,1,1,1,1,1,cases/granite_dense_unfavorable.yaml,granite_dense_unfavorable,medium_to_poor,dense,unfavorable,high
granite_dense_unfavorable,47,70,70.5,Center,9.451944616907912,11.471000306133044,10.7148974997712,8.56112616584239,12.0,12.0,100.0,4.0,100.0,100.0,100.0,100.0,0.0,0,97.7128291152851,100.0,97.7128291152851,2.0,20,2.2,P32_derived_Jv_proxy,1.2,2.5,0.8361728848092417,1.0720236138734187,1.1336183117920602,1.046116265342973,185,0,0,185,1.0,0.0,7.0,0.0,2.355493157760051,0.0,0.0,2.355493157760051,0.0,0.8912361317010153,0.8912361317010153,1,1,1,1,1,1,cases/granite_dense_unfavorable.yaml,granite_dense_unfavorable,medium_to_poor,dense,unfavorable,high
granite_dense_unfavorable,47,80,80.5,Center,9.291970545680593,11.09263591346279,9.488074040422143,9.382405556716284,12.0,12.0,100.0,4.0,100.0,100.0,100.0,100.0,0.0,0,98.42696063740816,100.0,98.42696063740816,1.7,17,2.2,P32_derived_Jv_proxy,1.2,2.5,0.8277898581244975,1.1237058604924062,1.0211046186357864,1.0817987801651339,189,0,0,189,1.0,0.0,7.0,0.0,2.4064227395494573,0.0,0.0,2.4064227395494573,0.0,0.8818765931662198,0.8818765931662198,1,1,1,1,1,1,cases/granite_dense_unfavorable.yaml,granite_dense_unfavorable,medium_to_poor,dense,unfavorable,high
granite_dense_unfavorable,48,10,10.5,Center,9.738673725327006,11.568659823261116,10.274331439196718,10.516884535581502,11.43241739187267,12.0,98.89668604588908,4.0,98.89668604588908,100.0,99.93315942627937,100.0,0.14285714285714285,1,99.38237638822338,100.0,99.38237638822338,1.5,15,2.2,P32_derived_Jv_proxy,1.1614668610821568,2.5247957597906576,0.8248837140900633,0.9522725464488841,1.0550031481675628,0.9882231448179932,178,1,1,177,0.9943820224719101,0.0056179775280898875,7.0,0.14285714285714285,2.2663663896285895,0.14285714285714285,0.012732395447351627,2.253633994181238,0.8431362519563546,0.8809008976185349,0.037764645662180296,1,1,1,1,1,1,cases/granite_dense_unfavorable.yaml,granite_dense_unfavorable,medium_to_poor,dense,unfavorable,high
granite_dense_unfavorable,48,20,20.5,Center,10.663366453124176,12.155178379559587,9.838304626111674,8.14152354473778,11.315722218831892,12.0,99.511140145147,4.0,99.511140145147,100.0,99.68282947904477,100.0,0.42857142857142855,3,97.61384317610349,100.0,97.61384317610349,2.0,20,2.2,P32_derived_Jv_proxy,1.1694108247559842,2.5797403794351594,0.7998423713662136,1.0167205954901573,0.9226265147465907,0.9309383923036998,184,3,1,183,0.9945652173913043,0.005434782608695652,7.0,0.42857142857142855,2.3427607623126994,0.42857142857142855,0.012732395447351627,2.330028366865348,0.7639569907629519,0.8895163387092265,0.12555934794627466,1,1,1,1,1,1,cases/granite_dense_unfavorable.yaml,granite_dense_unfavorable,medium_to_poor,dense,unfavorable,high
granite_dense_unfavorable,48,30,30.5,Center,9.917903179466753,11.353467926477261,8.338866117378435,8.80940424150815,10.534250098242568,12.0,100.0,4.0,100.0,100.0,99.86631885255873,100.0,0.2857142857142857,2,96.76197433327629,100.0,96.76197433327629,3.0,30,2.2,P32_derived_Jv_proxy,1.1152487054322375,2.7371159909178675,0.8048841485889537,1.0703939749864075,0.8407892239402546,0.9278442645419196,182,2,2,180,0.989010989010989,0.01098901098901099,7.0,0.2857142857142857,2.317295971417996,0.2857142857142857,0.025464790894703253,2.291831180523293,0.8125776457628092,0.8911437483841267,0.07856610262131747,1,1,1,1,1,1,cases/granite_dense_unfavorable.yaml,granite_dense_unfavorable,medium_to_poor,dense,unfavorable,high
granite_dense_unfavorable,48,40,40.5,Center,10.015032561297346,11.625267895425125,12.08326655588017,11.493139927193727,12.453729370453829,12.0,99.35327743447708,4.0,99.35327743447708,100.0,99.93315942627937,100.0,0.14285714285714285,1,97.97411081340466,100.0,97.97411081340466,1.9,19,2.2,P32_derived_Jv_proxy,1.2275313614472627,2.4557715796897326,0.7875583548730196,0.9418390975530702,1.2065129575889173,1.0712638609691503,184,1,0,184,1.0,0.0,7.0,0.14285714285714285,2.3427607623126994,0.14285714285714285,0.0,2.3427607623126994,0.6326334240032343,0.8938821473585361,0.2612487233553018,1,1,1,1,1,1,cases/granite_dense_unfavorable.yaml,granite_dense_unfavorable,medium_to_poor,dense,unfavorable,high
granite_dense_unfavorable,48,50,50.5,Center,9.83666063098206,11.84527064556066,8.601089258870147,8.669642879255692,12.0,12.0,100.0,4.0,100.0,100.0,100.0,100.0,0.0,0,98.02677057264188,100.0,98.02677057264188,2.5,25,2.2,P32_derived_Jv_proxy,1.2,2.5,0.767523369166922,1.1095839766507354,0.8743911761863276,1.0130625427708002,170,0,0,170,1.0,0.0,7.0,0.0,2.1645072260497766,0.0,0.0,2.1645072260497766,0.0,0.8881558295225597,0.8881558295225597,1,1,1,1,1,1,cases/granite_dense_unfavorable.yaml,granite_dense_unfavorable,medium_to_poor,dense,unfavorable,high
granite_dense_unfavorable,48,60,60.5,Center,9.60899530975259,11.497465122085936,9.435562332109553,8.217936515969289,12.0,12.0,100.0,4.0,100.0,100.0,100.0,100.0,0.0,0,99.33247607426938,100.0,99.33247607426938,1.2,12,2.2,P32_derived_Jv_proxy,1.2,2.5,0.8021782042711498,1.0979377283755933,0.9819509769697762,1.0437083194058772,175,0,0,175,1.0,0.0,7.0,0.0,2.2281692032865346,0.0,0.0,2.2281692032865346,0.0,0.8944785163466213,0.8944785163466213,1,1,1,1,1,1,cases/granite_dense_unfavorable.yaml,granite_dense_unfavorable,medium_to_poor,dense,unfavorable,high
granite_dense_unfavorable,48,70,70.5,Center,9.972946540256814,12.057124988250534,7.7199813781122035,7.003803192364105,11.916540997642334,12.0,99.52633076132346,4.0,99.52633076132346,100.0,99.7496700527654,100.0,0.2857142857142857,2,99.59501519757202,100.0,99.59501519757202,1.6,16,2.2,P32_derived_Jv_proxy,1.176005480123781,2.4550248530458108,0.7591455424399571,1.1964933311168784,0.774092325367404,0.9883401730723372,167,2,0,167,1.0,0.0,7.0,0.2857142857142857,2.1263100397077217,0.2857142857142857,0.0,2.1263100397077217,0.8539815611597747,0.8696019952165541,0.015620434056779375,0,1,1,1,1,1,cases/granite_dense_unfavorable.yaml,granite_dense_unfavorable,medium_to_poor,dense,unfavorable,high
granite_dense_unfavorable,48,80,80.5,Center,10.289556946650954,11.977608713531623,8.308087371519559,8.080253406119077,12.10781238530363,12.0,100.0,4.0,100.0,100.0,99.93315942627937,100.0,0.14285714285714285,1,97.4771536484137,100.0,97.4771536484137,2.2,22,2.2,P32_derived_Jv_proxy,1.25889656390904,2.5943091087245618,0.7879303546949652,1.166426211814707,0.807429067606616,1.0108705898552948,172,1,1,171,0.9941860465116279,0.005813953488372093,7.0,0.14285714285714285,2.1899720169444796,0.14285714285714285,0.012732395447351627,2.177239621497128,0.7910666821826187,0.8839933549256093,0.0929266727429906,1,1,1,1,1,1,cases/granite_dense_unfavorable.yaml,granite_dense_unfavorable,medium_to_poor,dense,unfavorable,high
granite_dense_unfavorable,49,10,10.5,Center,10.350893621258786,12.523376593707553,9.646284420480617,10.021894818875369,11.483322909534332,12.0,99.09964698975035,4.0,99.09964698975035,100.0,99.79947827883811,100.0,0.42857142857142855,3,98.10484908115559,100.0,98.10484908115559,1.6,16,2.2,P32_derived_Jv_proxy,1.2145041137246455,2.6375698315324327,0.7691105050920306,0.9403233742878602,0.931927693727715,0.9169510174519704,167,3,1,166,0.9940119760479041,0.005988023952095809,7.0,0.42857142857142855,2.1263100397077217,0.42857142857142855,0.012732395447351627,2.11357764426037,0.8419190538676995,0.8802882991686665,0.03836924530096697,1,1,1,1,1,1,cases/granite_dense_unfavorable.yaml,granite_dense_unfavorable,medium_to_poor,dense,unfavorable,high
granite_dense_unfavorable,49,20,20.5,Center,10.122322370245229,11.823682432268681,12.27248147554036,12.673790750435389,12.026440319553716,12.0,100.0,4.0,100.0,100.0,99.93315942627937,100.0,0.14285714285714285,1,99.12581248147762,100.0,99.12581248147762,1.9,19,2.2,P32_derived_Jv_proxy,1.2247131516927257,2.5452789716727673,0.849321811699394,0.9947213720145752,1.2124175684836482,1.0171484550981915,189,1,1,188,0.9947089947089947,0.005291005291005291,7.0,0.14285714285714285,2.4064227395494573,0.14285714285714285,0.012732395447351627,2.393690344102106,0.765038691876676,0.8759906706174319,0.11095197874075591,1,1,1,1,1,1,cases/granite_dense_unfavorable.yaml,granite_dense_unfavorable,medium_to_poor,dense,unfavorable,high
granite_dense_unfavorable,49,30,30.5,Center,9.46035264428296,11.66859054511772,11.494163835351767,9.470897309224075,11.432424279659378,12.0,100.0,4.0,100.0,100.0,99.86631885255873,100.0,0.2857142857142857,2,98.72053630729887,100.0,98.72053630729887,2.2,22,2.2,P32_derived_Jv_proxy,1.151140423997951,2.519943182732619,0.8510089040231382,0.9449752299402078,1.2149825981696223,0.9797605148158055,181,2,0,181,1.0,0.0,7.0,0.2857142857142857,2.3045635759706444,0.2857142857142857,0.0,2.3045635759706444,0.9252808232327919,0.8868955027763292,-0.0383853204564627,1,1,1,1,1,1,cases/granite_dense_unfavorable.yaml,granite_dense_unfavorable,medium_to_poor,dense,unfavorable,high
granite_dense_unfavorable,49,40,40.5,Center,9.784644364597485,11.568986014201883,10.475521361508262,10.3177878412823,12.386312554095513,12.0,100.0,4.0,100.0,100.0,99.86631885255873,100.0,0.2857142857142857,2,97.05831421631072,100.0,97.05831421631072,2.3,23,2.2,P32_derived_Jv_proxy,1.2822870246715947,2.5852589070564798,0.8137247045740205,0.9755195898514384,1.0706082889849822,1.070648070530148,194,2,1,193,0.9948453608247423,0.005154639175257732,7.0,0.2857142857142857,2.4700847167862157,0.2857142857142857,0.012732395447351627,2.457352321338864,0.883065783711435,0.8921733933183977,0.009107609606962774,1,1,1,1,1,1,cases/granite_dense_unfavorable.yaml,granite_dense_unfavorable,medium_to_poor,dense,unfavorable,high
granite_dense_unfavorable,49,50,50.5,Center,10.375889760154775,12.074827682974572,10.45557430537967,9.828486779177926,12.0,12.0,100.0,4.0,100.0,100.0,100.0,100.0,0.0,0,98.90154284066833,100.0,98.90154284066833,1.7,17,2.2,P32_derived_Jv_proxy,1.2,2.5,0.8329329341064164,1.0006301870681273,1.0076797794759633,0.9938030020022498,177,0,0,177,1.0,0.0,7.0,0.0,2.253633994181238,0.0,0.0,2.253633994181238,0.0,0.87131725767384,0.87131725767384,1,1,1,1,1,1,cases/granite_dense_unfavorable.yaml,granite_dense_unfavorable,medium_to_poor,dense,unfavorable,high
granite_dense_unfavorable,49,60,60.5,Center,10.5773582984868,11.914717218813054,9.537653622898842,9.313465648807409,12.0,12.0,100.0,4.0,100.0,100.0,100.0,100.0,0.0,0,98.81559993860245,100.0,98.81559993860245,2.2,22,2.2,P32_derived_Jv_proxy,1.2,2.5,0.7673141075131426,1.0711784664713686,0.9017046935304538,1.0071577679621542,190,0,0,190,1.0,0.0,7.0,0.0,2.4191551349968092,0.0,0.0,2.4191551349968092,0.0,0.884825656337319,0.884825656337319,1,1,1,1,1,1,cases/granite_dense_unfavorable.yaml,granite_dense_unfavorable,medium_to_poor,dense,unfavorable,high
granite_dense_unfavorable,49,70,70.5,Center,10.436512914157404,11.41446493685662,11.948134152557959,11.32058441178549,11.702008492858747,12.0,98.7788380734636,4.0,98.7788380734636,100.0,99.93315942627937,100.0,0.14285714285714285,1,95.29041268060897,100.0,95.29041268060897,2.3,23,2.2,P32_derived_Jv_proxy,1.2048808850124593,2.549447121385717,0.7601050585352687,0.8801099366306078,1.144839684560731,1.0251911550469324,201,1,0,201,1.0,0.0,7.0,0.14285714285714285,2.559211484917677,0.14285714285714285,0.0,2.559211484917677,0.6224705245782404,0.8880906885644366,0.26562016398619626,1,1,1,1,1,1,cases/granite_dense_unfavorable.yaml,granite_dense_unfavorable,medium_to_poor,dense,unfavorable,high
granite_dense_unfavorable,49,80,80.5,Center,9.941034260945537,11.69496751676324,9.437707382610112,9.15922432087495,11.63593713949363,12.0,98.63594248479185,4.0,98.63594248479185,100.0,99.7994782788381,100.0,0.42857142857142855,3,96.07410082008064,100.0,96.07410082008064,2.6,26,2.2,P32_derived_Jv_proxy,1.1914790371906503,2.5770163684169343,0.7874232425535401,1.0253224805356316,0.9493687613256901,0.9949524975434948,177,3,1,176,0.9943502824858758,0.005649717514124294,7.0,0.42857142857142855,2.253633994181238,0.42857142857142855,0.012732395447351627,2.2409015987338865,0.8489837652793539,0.8846708252444119,0.03568705996505794,1,1,1,1,1,1,cases/granite_dense_unfavorable.yaml,granite_dense_unfavorable,medium_to_poor,dense,unfavorable,high
granite_dense_unfavorable,50,10,10.5,Center,10.13754022797462,11.766406311095777,8.118157590297042,8.51414186141012,12.202009936359373,12.0,100.0,4.0,100.0,100.0,99.86631885255873,100.0,0.2857142857142857,2,96.68945044863125,100.0,96.68945044863125,3.1,31,2.2,P32_derived_Jv_proxy,1.2264517900322633,2.5204103841993146,0.7990046882232779,1.2439277892950458,0.8008015167125969,1.0370209572699203,185,2,2,183,0.9891891891891892,0.010810810810810811,7.0,0.2857142857142857,2.355493157760051,0.2857142857142857,0.025464790894703253,2.330028366865348,0.8835084989886192,0.8820787355989743,-0.0014297633896448447,1,1,1,1,1,1,cases/granite_dense_unfavorable.yaml,granite_dense_unfavorable,medium_to_poor,dense,unfavorable,high
granite_dense_unfavorable,50,20,20.5,Center,10.629872148296062,12.261582455141937,9.678222630765415,10.055791144325516,12.0,12.0,100.0,4.0,100.0,100.0,100.0,100.0,0.0,0,99.24462235656115,100.0,99.24462235656115,1.0,10,2.2,P32_derived_Jv_proxy,1.2,2.5,0.8092280787054913,1.0432524595679455,0.9104740391742911,0.9786665011552207,168,0,0,168,1.0,0.0,7.0,0.0,2.139042435155073,0.0,0.0,2.139042435155073,0.0,0.8883714561014214,0.8883714561014214,1,1,1,1,1,1,cases/granite_dense_unfavorable.yaml,granite_dense_unfavorable,medium_to_poor,dense,unfavorable,high
granite_dense_unfavorable,50,30,30.5,Center,10.401956704550901,12.207853317021307,8.860700427082824,8.576599040700419,11.676070458330555,12.0,100.0,4.0,100.0,100.0,99.93315942627937,100.0,0.14285714285714285,1,98.4471484989041,100.0,98.4471484989041,2.1,21,2.2,P32_derived_Jv_proxy,1.172606217623857,2.5128414469031712,0.7919063224720547,1.1069557459213057,0.851830158378397,0.9564392817573183,164,1,1,163,0.9939024390243902,0.006097560975609756,7.0,0.14285714285714285,2.0881128533656668,0.14285714285714285,0.012732395447351627,2.0753804579183153,0.9795623871009285,0.8968042494719979,-0.08275813762893058,1,1,1,1,1,1,cases/granite_dense_unfavorable.yaml,granite_dense_unfavorable,medium_to_poor,dense,unfavorable,high
granite_dense_unfavorable,50,40,40.5,Center,9.781508956173269,11.992845930089972,11.90568789572547,11.067839190562157,12.0,12.0,100.0,4.0,100.0,100.0,100.0,100.0,0.0,0,98.70444852968838,100.0,98.70444852968838,1.4,14,2.2,P32_derived_Jv_proxy,1.2,2.5,0.8383296847423095,0.9074568225639893,1.2171627045550673,1.0005965281261622,197,0,0,197,1.0,0.0,7.0,0.0,2.5082819031282706,0.0,0.0,2.5082819031282706,0.0,0.8854876406646773,0.8854876406646773,1,1,1,1,1,1,cases/granite_dense_unfavorable.yaml,granite_dense_unfavorable,medium_to_poor,dense,unfavorable,high
granite_dense_unfavorable,50,50,50.5,Center,10.084390701034453,12.25943735309406,9.55015835136854,7.6665538732497,12.127058813289775,12.0,98.90116066098689,4.0,98.90116066098689,100.0,99.86631885255873,100.0,0.2857142857142857,2,100.0,100.0,100.0,1.4,14,2.2,P32_derived_Jv_proxy,1.2999693775162662,2.6386504151221906,0.8204860435607261,1.1839512304140811,0.9470238346069721,0.9892019073966004,181,2,1,180,0.994475138121547,0.0055248618784530384,7.0,0.2857142857142857,2.3045635759706444,0.2857142857142857,0.012732395447351627,2.291831180523293,0.7522589099805626,0.8741709791974517,0.12191206921688913,1,1,1,1,1,1,cases/granite_dense_unfavorable.yaml,granite_dense_unfavorable,medium_to_poor,dense,unfavorable,high
granite_dense_unfavorable,50,60,60.5,Center,9.812810726320105,12.308990635028366,11.451052870985393,9.298500115009373,11.957177381525625,12.0,100.0,4.0,100.0,100.0,99.93315942627937,100.0,0.14285714285714285,1,99.0850142761916,100.0,99.0850142761916,1.5,15,2.2,P32_derived_Jv_proxy,1.222587699081847,2.557413260523969,0.8326383737874927,0.983819165047113,1.1669493267888236,0.9714181882223903,185,1,0,185,1.0,0.0,7.0,0.14285714285714285,2.355493157760051,0.14285714285714285,0.0,2.355493157760051,0.7410805544058479,0.8861350706959628,0.1450545162901149,1,1,1,1,1,1,cases/granite_dense_unfavorable.yaml,granite_dense_unfavorable,medium_to_poor,dense,unfavorable,high
granite_dense_unfavorable,50,70,70.5,Center,9.992039281275014,11.718901727858649,12.041956260269782,11.385039443149546,12.16080552690939,12.0,99.54166335605453,4.0,99.54166335605453,100.0,99.93315942627937,100.0,0.14285714285714285,1,99.59323617202656,100.0,99.59323617202656,1.7,17,2.2,P32_derived_Jv_proxy,1.20414325366075,2.4665344492501524,0.7934334333627714,0.8416164724672145,1.205155016037246,1.0377086359552132,189,1,0,189,1.0,0.0,7.0,0.14285714285714285,2.4064227395494573,0.14285714285714285,0.0,2.4064227395494573,0.809866262623678,0.8963919293196392,0.08652566669596118,1,1,1,1,1,1,cases/granite_dense_unfavorable.yaml,granite_dense_unfavorable,medium_to_poor,dense,unfavorable,high
granite_dense_unfavorable,50,80,80.5,Center,10.495484876380376,11.964500775711187,9.939354805575027,7.757458728954627,12.0,12.0,100.0,4.0,100.0,100.0,100.0,100.0,0.0,0,98.54387100516655,100.0,98.54387100516655,2.1,21,2.2,P32_derived_Jv_proxy,1.2,2.5,0.726353616796915,0.9847721818928779,0.9470124460798477,1.00296704601005,165,0,0,165,1.0,0.0,7.0,0.0,2.1008452488130183,0.0,0.0,2.1008452488130183,0.0,0.869561658660835,0.869561658660835,1,1,1,1,1,1,cases/granite_dense_unfavorable.yaml,granite_dense_unfavorable,medium_to_poor,dense,unfavorable,high
granite_dense_unfavorable,51,10,10.5,Center,11.265990737033274,12.256423328354204,15.351404125098002,13.714258210596675,12.0,12.0,100.0,4.0,100.0,100.0,100.0,100.0,0.0,0,99.14725358886113,100.0,99.14725358886113,2.4,24,2.2,P32_derived_Jv_proxy,1.2,2.5,0.8399892687470744,0.698837378076231,1.3626324114252342,0.9790784536822427,203,0,0,203,1.0,0.0,7.0,0.0,2.58467627581238,0.0,0.0,2.58467627581238,0.0,0.8899097490551813,0.8899097490551813,0,1,1,1,1,1,cases/granite_dense_unfavorable.yaml,granite_dense_unfavorable,medium_to_poor,dense,unfavorable,high
granite_dense_unfavorable,51,20,20.5,Center,10.811574829514631,11.792098919801504,12.732167079682648,13.976905057800618,12.0,12.0,100.0,4.0,100.0,100.0,100.0,100.0,0.0,0,97.70777814801195,100.0,97.70777814801195,2.1,21,2.2,P32_derived_Jv_proxy,1.2,2.5,0.7516677018140919,0.8005115847696642,1.1776422288568889,1.017630540721583,203,0,0,203,1.0,0.0,7.0,0.0,2.58467627581238,0.0,0.0,2.58467627581238,0.0,0.8706192407321711,0.8706192407321711,1,1,1,1,1,1,cases/granite_dense_unfavorable.yaml,granite_dense_unfavorable,medium_to_poor,dense,unfavorable,high
granite_dense_unfavorable,51,30,30.5,Center,9.546071946568402,11.58094663239187,9.337014314421964,8.54892309493549,10.485158534459227,12.0,98.40705280044183,4.0,98.40705280044183,100.0,99.7994782788381,100.0,0.42857142857142855,3,97.90061008402617,100.0,97.90061008402617,2.4,24,2.2,P32_derived_Jv_proxy,1.1370620449075373,2.7233984479410256,0.8285797027245974,1.0148563614281834,0.9781001407367782,0.9053800926024712,184,3,1,183,0.9945652173913043,0.005434782608695652,7.0,0.42857142857142855,2.3427607623126994,0.42857142857142855,0.012732395447351627,2.330028366865348,0.7964541837984502,0.8915069643178859,0.09505278051943566,1,1,1,1,1,1,cases/granite_dense_unfavorable.yaml,granite_dense_unfavorable,medium_to_poor,dense,unfavorable,high
granite_dense_unfavorable,51,40,40.5,Center,9.82563816076088,11.75021917533594,13.54220560219669,11.380048429833867,12.0,12.0,100.0,4.0,100.0,100.0,100.0,100.0,0.0,0,98.71503006826592,100.0,98.71503006826592,1.5,15,2.2,P32_derived_Jv_proxy,1.2,2.5,0.7506282870795209,0.7209151212181115,1.3782520158617368,1.0212575460029167,156,0,0,156,1.0,0.0,7.0,0.0,1.9862536897868537,0.0,0.0,1.9862536897868537,0.0,0.8909356857376678,0.8909356857376678,0,1,1,1,1,1,cases/granite_dense_unfavorable.yaml,granite_dense_unfavorable,medium_to_poor,dense,unfavorable,high
granite_dense_unfavorable,51,50,50.5,Center,9.35050634684551,11.231160378635039,7.762582308647422,7.152686315143876,12.08089417069262,12.0,100.0,4.0,100.0,100.0,99.86631885255873,100.0,0.2857142857142857,2,92.09472088093487,100.0,92.09472088093487,3.3,33,2.2,P32_derived_Jv_proxy,1.2143057858081772,2.5180513817722976,0.7422939160130672,1.222687149840396,0.8301777487447201,1.075658593004693,181,2,0,181,1.0,0.0,7.0,0.2857142857142857,2.3045635759706444,0.2857142857142857,0.0,2.3045635759706444,0.7793532102435607,0.8837340496447735,0.10438083940121279,1,1,1,1,1,1,cases/granite_dense_unfavorable.yaml,granite_dense_unfavorable,medium_to_poor,dense,unfavorable,high
granite_dense_unfavorable,51,60,60.5,Center,9.538780063466536,11.233989559876255,15.563472551685804,18.04448519209218,11.552087227482884,12.0,100.0,4.0,100.0,100.0,99.93315942627937,100.0,0.14285714285714285,1,97.94703826389484,100.0,97.94703826389484,2.3,23,2.2,P32_derived_Jv_proxy,1.1527400876584941,2.493037948299962,0.8449114449754581,0.6844096127961086,1.6315998951788184,1.0283156456494102,200,1,0,200,1.0,0.0,7.0,0.14285714285714285,2.5464790894703255,0.14285714285714285,0.0,2.5464790894703255,0.6470863291572944,0.8872952048088981,0.24020887565160376,0,0,1,1,1,1,cases/granite_dense_unfavorable.yaml,granite_dense_unfavorable,medium_to_poor,dense,unfavorable,high
granite_dense_unfavorable,51,70,70.5,Center,10.785083613463314,11.835521513503359,10.283066760269685,11.0834494885627,12.399469541792618,12.0,100.0,4.0,100.0,100.0,99.93315942627937,100.0,0.14285714285714285,1,97.6576547935556,100.0,97.6576547935556,2.1,21,2.2,P32_derived_Jv_proxy,1.1939936837605403,2.422356752300407,0.8919132994352862,1.1089419327464858,0.9534526693361053,1.0476487688054845,184,1,0,184,1.0,0.0,7.0,0.14285714285714285,2.3427607623126994,0.14285714285714285,0.0,2.3427607623126994,0.7699344251027642,0.8868592796474566,0.11692485454469237,1,1,1,1,1,1,cases/granite_dense_unfavorable.yaml,granite_dense_unfavorable,medium_to_poor,dense,unfavorable,high
granite_dense_unfavorable,51,80,80.5,Center,10.31680683274156,11.66756511767987,10.503995761896562,9.27961900355553,11.573007584376565,12.0,100.0,4.0,100.0,100.0,99.93315942627937,100.0,0.14285714285714285,1,97.45281021194285,100.0,97.45281021194285,2.2,22,2.2,P32_derived_Jv_proxy,1.1440099900880798,2.4631264841747855,0.779064432407465,0.9027734722884271,1.018144076184594,0.9918956926874125,144,1,0,144,1.0,0.0,7.0,0.14285714285714285,1.8334649444186342,0.14285714285714285,0.0,1.8334649444186342,0.885160876466225,0.8961503140648547,0.010989437598629692,1,1,1,1,1,1,cases/granite_dense_unfavorable.yaml,granite_dense_unfavorable,medium_to_poor,dense,unfavorable,high
granite_sparse_unfavorable,42,10,10.5,Center,11.192707461309006,12.93642503523138,12.029052121778095,9.959822225655637,13.0,13.0,100.0,4.0,100.0,100.0,100.0,100.0,0.0,0,100.0,100.0,100.0,0.3,3,0.3,P32_derived_Jv_proxy,1.3,2.5,0.8649277138228487,1.0250012572190166,1.0747222835368626,1.0049144152728036,17,0,0,17,1.0,0.0,7.0,0.0,0.21645072260497766,0.0,0.0,0.21645072260497766,0.0,0.9186980132097553,0.9186980132097553,1,1,1,1,1,1,cases/granite_sparse_unfavorable.yaml,granite_sparse_unfavorable,uncertain,sparse,unfavorable,high
granite_sparse_unfavorable,42,20,20.5,Center,11.99457793322653,13.774124573000622,13.271646072005899,12.779603411615154,13.0,13.0,100.0,4.0,100.0,100.0,100.0,100.0,0.0,0,100.0,100.0,100.0,0.2,2,0.3,P32_derived_Jv_proxy,1.3,2.5,0.8144351795766924,0.8926088927430118,1.1064704523901359,0.9437986371549141,22,0,0,22,1.0,0.0,7.0,0.0,0.2801126998417358,0.0,0.0,0.2801126998417358,0.0,0.910138426958816,0.910138426958816,1,1,1,1,1,1,cases/granite_sparse_unfavorable.yaml,granite_sparse_unfavorable,uncertain,sparse,unfavorable,high
granite_sparse_unfavorable,42,30,30.5,Center,11.506726116249673,13.574473221558632,10.179691928983134,9.128786781545827,12.505912271802003,13.0,100.0,4.0,100.0,100.0,99.93315942627937,100.0,0.14285714285714285,1,99.80330114980032,100.0,99.80330114980032,0.4,4,0.3,P32_derived_Jv_proxy,1.283199368331266,2.5854386917264605,0.8106102889220763,1.1316567898661758,0.8846731751620892,0.9212815899139595,26,1,1,25,0.9615384615384616,0.038461538461538464,7.0,0.14285714285714285,0.3310422816311423,0.14285714285714285,0.012732395447351627,0.3183098861837907,0.9190440210331571,0.9132308808304916,-0.005813140202665434,1,1,1,1,1,1,cases/granite_sparse_unfavorable.yaml,granite_sparse_unfavorable,uncertain,sparse,unfavorable,high
granite_sparse_unfavorable,42,40,40.5,Center,12.070902377423472,13.90975036401112,11.011455128781112,10.704933092543918,13.541021831178634,13.0,99.4539034044819,4.0,99.4539034044819,100.0,99.93315942627937,100.0,0.14285714285714285,1,98.63934869581605,100.0,98.63934869581605,0.4,4,0.3,P32_derived_Jv_proxy,1.3760325435825007,2.5177585605612784,0.8029491566057084,1.009873484150154,0.9122313133255163,0.973491362304639,14,1,0,14,1.0,0.0,7.0,0.14285714285714285,0.17825353626292278,0.14285714285714285,0.0,0.17825353626292278,0.7715717728002844,0.8882718735837862,0.11670010078350179,1,1,1,1,1,1,cases/granite_sparse_unfavorable.yaml,granite_sparse_unfavorable,uncertain,sparse,unfavorable,high
granite_sparse_unfavorable,42,50,50.5,Center,11.234507322403516,12.536453468205307,12.601090440384013,10.489600380309525,13.0,13.0,100.0,4.0,100.0,100.0,100.0,100.0,0.0,0,100.0,100.0,100.0,0.5,5,0.3,P32_derived_Jv_proxy,1.3,2.5,0.801914337164499,0.8985959531084314,1.1216415708106129,1.036975890587424,18,0,0,18,1.0,0.0,7.0,0.0,0.22918311805232927,0.0,0.0,0.22918311805232927,0.0,0.9190611652090521,0.9190611652090521,1,1,1,1,1,1,cases/granite_sparse_unfavorable.yaml,granite_sparse_unfavorable,uncertain,sparse,unfavorable,high
granite_sparse_unfavorable,42,60,60.5,Center,10.905306932352271,12.083042684768289,11.069602752802231,10.139538812547865,13.0,13.0,100.0,4.0,100.0,100.0,100.0,100.0,0.0,0,100.0,100.0,100.0,0.2,2,0.3,P32_derived_Jv_proxy,1.3,2.5,0.809268819463607,0.969510772207947,1.0150656759565886,1.0758879480238546,21,0,0,21,1.0,0.0,7.0,0.0,0.26738030439438415,0.0,0.0,0.26738030439438415,0.0,0.9037680289177491,0.9037680289177491,1,1,1,1,1,1,cases/granite_sparse_unfavorable.yaml,granite_sparse_unfavorable,uncertain,sparse,unfavorable,high
granite_sparse_unfavorable,42,70,70.5,Center,11.788771315831143,13.463893003400287,10.441787280374744,9.240797697683782,12.815287363018156,13.0,100.0,4.0,100.0,100.0,99.93315942627937,100.0,0.14285714285714285,1,100.0,100.0,100.0,0.1,1,0.3,P32_derived_Jv_proxy,1.2733954960448692,2.4826316899313414,0.7891648501805587,1.0533063114087906,0.8857400827134941,0.9518262927209592,19,1,1,18,0.9473684210526315,0.05263157894736842,7.0,0.14285714285714285,0.2419155134996809,0.14285714285714285,0.012732395447351627,0.22918311805232927,0.8410507804642184,0.9138486696551857,0.0727978891909673,1,1,1,1,1,1,cases/granite_sparse_unfavorable.yaml,granite_sparse_unfavorable,uncertain,sparse,unfavorable,high
granite_sparse_unfavorable,42,80,80.5,Center,11.092322549424523,12.458807007915127,11.456952800319817,9.750308101145311,13.0,13.0,100.0,4.0,100.0,100.0,100.0,100.0,0.0,0,100.0,100.0,100.0,0.2,2,0.3,P32_derived_Jv_proxy,1.3,2.5,0.7952730469422277,1.030404587958243,1.0328723086865348,1.0434385886017057,16,0,0,16,1.0,0.0,7.0,0.0,0.20371832715762603,0.0,0.0,0.20371832715762603,0.0,0.9037192035198989,0.9037192035198989,1,1,1,1,1,1,cases/granite_sparse_unfavorable.yaml,granite_sparse_unfavorable,uncertain,sparse,unfavorable,high
granite_sparse_unfavorable,43,10,10.5,Center,10.099654786145809,11.815614121838951,12.66983870012835,10.360793451813405,13.0,13.0,100.0,4.0,100.0,100.0,100.0,100.0,0.0,0,100.0,100.0,100.0,0.2,2,0.3,P32_derived_Jv_proxy,1.3,2.5,0.827807401415175,0.9191948836702305,1.2544823529521216,1.1002390452115336,18,0,0,18,1.0,0.0,7.0,0.0,0.22918311805232927,0.0,0.0,0.22918311805232927,0.0,0.8452365246852388,0.8452365246852388,0,1,1,1,1,1,cases/granite_sparse_unfavorable.yaml,granite_sparse_unfavorable,uncertain,sparse,unfavorable,high
granite_sparse_unfavorable,43,20,20.5,Center,9.854476175210618,12.093909975676537,10.600468982247069,9.078497959254044,13.0,13.0,100.0,4.0,100.0,100.0,100.0,100.0,0.0,0,100.0,100.0,100.0,0.2,2,0.3,P32_derived_Jv_proxy,1.3,2.5,0.7890776707083306,1.0851433198448603,1.0757009092896312,1.0749211814992674,13,0,0,13,1.0,0.0,7.0,0.0,0.16552114081557115,0.0,0.0,0.16552114081557115,0.0,0.8988633396860453,0.8988633396860453,1,1,1,1,1,1,cases/granite_sparse_unfavorable.yaml,granite_sparse_unfavorable,uncertain,sparse,unfavorable,high
granite_sparse_unfavorable,43,30,30.5,Center,11.757494938656908,12.94384677911864,11.108868620598845,9.949834231199704,13.0,13.0,100.0,4.0,100.0,100.0,100.0,100.0,0.0,0,100.0,100.0,100.0,0.3,3,0.3,P32_derived_Jv_proxy,1.3,2.5,0.8383740476761583,1.0724530384979736,0.9448329494129335,1.0043382173661037,25,0,0,25,1.0,0.0,7.0,0.0,0.3183098861837907,0.0,0.0,0.3183098861837907,0.0,0.9067590089806218,0.9067590089806218,1,1,1,1,1,1,cases/granite_sparse_unfavorable.yaml,granite_sparse_unfavorable,uncertain,sparse,unfavorable,high
granite_sparse_unfavorable,43,40,40.5,Center,11.59484655094279,13.218588297482667,12.591471820080088,13.110645613063006,13.0,13.0,100.0,4.0,100.0,100.0,100.0,100.0,0.0,0,100.0,100.0,100.0,0.3,3,0.3,P32_derived_Jv_proxy,1.3,2.5,0.7856906643525142,0.8820310167710481,1.085954157716409,0.9834635671704599,17,0,0,17,1.0,0.0,7.0,0.0,0.21645072260497766,0.0,0.0,0.21645072260497766,0.0,0.9152305161696863,0.9152305161696863,1,1,1,1,1,1,cases/granite_sparse_unfavorable.yaml,granite_sparse_unfavorable,uncertain,sparse,unfavorable,high
granite_sparse_unfavorable,43,50,50.5,Center,12.623344142505022,13.907603580292957,8.499995707960249,8.516161070927458,13.0,13.0,100.0,4.0,100.0,100.0,100.0,100.0,0.0,0,100.0,100.0,100.0,0.4,4,0.3,P32_derived_Jv_proxy,1.3,2.5,0.7784083817602602,1.2086533050017532,0.6733553020502124,0.9347404766714067,20,0,0,20,1.0,0.0,7.0,0.0,0.25464790894703254,0.0,0.0,0.25464790894703254,0.0,0.9135404161565381,0.9135404161565381,0,1,1,1,1,1,cases/granite_sparse_unfavorable.yaml,granite_sparse_unfavorable,uncertain,sparse,unfavorable,high
granite_sparse_unfavorable,43,60,60.5,Center,11.624264114572352,13.012665175620537,13.283226335463288,14.320576213169021,13.0,13.0,100.0,4.0,100.0,100.0,100.0,100.0,0.0,0,100.0,100.0,100.0,0.3,3,0.3,P32_derived_Jv_proxy,1.3,2.5,0.8508582893264387,0.9549100123832966,1.1427154617737252,0.9990267039496056,17,0,0,17,1.0,0.0,7.0,0.0,0.21645072260497766,0.0,0.0,0.21645072260497766,0.0,0.9024541608147899,0.9024541608147899,1,1,1,1,1,1,cases/granite_sparse_unfavorable.yaml,granite_sparse_unfavorable,uncertain,sparse,unfavorable,high
granite_sparse_unfavorable,43,70,70.5,Center,10.891458524951952,11.787336536503883,10.343291925988696,10.328776615524417,13.0,13.0,100.0,4.0,100.0,100.0,100.0,100.0,0.0,0,100.0,100.0,100.0,0.2,2,0.3,P32_derived_Jv_proxy,1.3,2.5,0.7749456858026204,1.0076854579923347,0.9496700466969208,1.1028784967444216,22,0,0,22,1.0,0.0,7.0,0.0,0.2801126998417358,0.0,0.0,0.2801126998417358,0.0,0.9030009716665152,0.9030009716665152,1,1,1,1,1,1,cases/granite_sparse_unfavorable.yaml,granite_sparse_unfavorable,uncertain,sparse,unfavorable,high
granite_sparse_unfavorable,43,80,80.5,Center,10.28839316097254,12.30062458904669,9.904612153499523,10.185180547483112,13.0,13.0,100.0,4.0,100.0,100.0,100.0,100.0,0.0,0,100.0,100.0,100.0,0.4,4,0.3,P32_derived_Jv_proxy,1.3,2.5,0.8395264312951187,1.1215749446431096,0.962697672856357,1.0568569023377952,22,0,0,22,1.0,0.0,7.0,0.0,0.2801126998417358,0.0,0.0,0.2801126998417358,0.0,0.9242194218952227,0.9242194218952227,1,1,1,1,1,1,cases/granite_sparse_unfavorable.yaml,granite_sparse_unfavorable,uncertain,sparse,unfavorable,high
granite_sparse_unfavorable,44,10,10.5,Center,11.456465104977934,13.547858980458686,10.59029937974667,9.65220367509914,13.0,13.0,100.0,4.0,100.0,100.0,100.0,100.0,0.0,0,100.0,100.0,100.0,0.1,1,0.3,P32_derived_Jv_proxy,1.3,2.5,0.8483109548948455,1.1003461032592246,0.9243950278472103,0.9595612132331084,17,0,0,17,1.0,0.0,7.0,0.0,0.21645072260497766,0.0,0.0,0.21645072260497766,0.0,0.8787444124961449,0.8787444124961449,1,1,1,1,1,1,cases/granite_sparse_unfavorable.yaml,granite_sparse_unfavorable,uncertain,sparse,unfavorable,high
granite_sparse_unfavorable,44,20,20.5,Center,11.195276406907825,12.891415156947115,11.888501143529183,11.526373650250516,13.0,13.0,100.0,4.0,100.0,100.0,100.0,100.0,0.0,0,100.0,100.0,100.0,0.3,3,0.3,P32_derived_Jv_proxy,1.3,2.5,0.8154263785742245,0.9564629750765266,1.0619211809896554,1.0084230351540862,21,0,0,21,1.0,0.0,7.0,0.0,0.26738030439438415,0.0,0.0,0.26738030439438415,0.0,0.928302706169676,0.928302706169676,1,1,1,1,1,1,cases/granite_sparse_unfavorable.yaml,granite_sparse_unfavorable,uncertain,sparse,unfavorable,high
granite_sparse_unfavorable,44,30,30.5,Center,11.423055665825279,12.331583535851918,12.929115634422997,10.747059140368084,13.0,13.0,100.0,4.0,100.0,100.0,100.0,100.0,0.0,0,100.0,100.0,100.0,0.3,3,0.3,P32_derived_Jv_proxy,1.3,2.5,0.791955200100956,0.9533002678104114,1.131843878963441,1.0542036196896187,27,0,0,27,1.0,0.0,7.0,0.0,0.3437746770784939,0.0,0.0,0.3437746770784939,0.0,0.9252733516898389,0.9252733516898389,1,1,1,1,1,1,cases/granite_sparse_unfavorable.yaml,granite_sparse_unfavorable,uncertain,sparse,unfavorable,high
granite_sparse_unfavorable,44,40,40.5,Center,9.052080738607765,11.238987498381405,14.457343863426766,13.227257939351373,13.0,13.0,100.0,4.0,100.0,100.0,100.0,100.0,0.0,0,100.0,100.0,100.0,0.1,1,0.3,P32_derived_Jv_proxy,1.3,2.5,0.829537533192663,0.8836437821206415,1.5971293541124938,1.1566878245813699,17,0,0,17,1.0,0.0,7.0,0.0,0.21645072260497766,0.0,0.0,0.21645072260497766,0.0,0.8979664820072951,0.8979664820072951,0,0,1,1,1,1,cases/granite_sparse_unfavorable.yaml,granite_sparse_unfavorable,uncertain,sparse,unfavorable,high
granite_sparse_unfavorable,44,50,50.5,Center,12.421837803211274,13.85143189377949,12.517403259559897,11.92720933759645,13.0,13.0,100.0,4.0,100.0,100.0,100.0,100.0,0.0,0,100.0,100.0,100.0,0.2,2,0.3,P32_derived_Jv_proxy,1.3,2.5,0.7697078113663637,0.9260694567894662,1.0076933427937627,0.9385311280228106,24,0,0,24,1.0,0.0,7.0,0.0,0.30557749073643903,0.0,0.0,0.30557749073643903,0.0,0.889299535336444,0.889299535336444,1,1,1,1,1,1,cases/granite_sparse_unfavorable.yaml,granite_sparse_unfavorable,uncertain,sparse,unfavorable,high
granite_sparse_unfavorable,44,60,60.5,Center,12.441672202256417,13.79152061152692,12.409994777491942,11.686401916054443,12.75977940771371,13.0,100.0,4.0,100.0,100.0,99.93315942627937,100.0,0.14285714285714285,1,100.0,100.0,100.0,0.1,1,0.3,P32_derived_Jv_proxy,1.3188184309505941,2.5946252976816138,0.8511528515432198,0.9840976108986137,0.9974539254652016,0.925190177872708,18,1,0,18,1.0,0.0,7.0,0.14285714285714285,0.22918311805232927,0.14285714285714285,0.0,0.22918311805232927,0.9480578079579576,0.8850551288784678,-0.06300267907948975,1,1,1,1,1,1,cases/granite_sparse_unfavorable.yaml,granite_sparse_unfavorable,uncertain,sparse,unfavorable,high
granite_sparse_unfavorable,44,70,70.5,Center,10.398338805371846,12.219204044647286,12.332248260883619,12.332819318240908,13.0,13.0,100.0,4.0,100.0,100.0,100.0,100.0,0.0,0,99.47983189519782,100.0,99.47983189519782,0.3,3,0.3,P32_derived_Jv_proxy,1.3,2.5,0.7668665709854164,0.863812102052383,1.1859825392987486,1.0638990847930678,21,0,0,21,1.0,0.0,7.0,0.0,0.26738030439438415,0.0,0.0,0.26738030439438415,0.0,0.9050387170864972,0.9050387170864972,1,1,1,1,1,1,cases/granite_sparse_unfavorable.yaml,granite_sparse_unfavorable,uncertain,sparse,unfavorable,high
granite_sparse_unfavorable,44,80,80.5,Center,10.471508458397905,11.778273545859149,13.233480647759635,13.676783226616784,13.0,13.0,100.0,4.0,100.0,100.0,100.0,100.0,0.0,0,100.0,100.0,100.0,0.2,2,0.3,P32_derived_Jv_proxy,1.3,2.5,0.8304130042641316,0.9368095717233638,1.2637606797850307,1.10372712514988,23,0,0,23,1.0,0.0,7.0,0.0,0.2928450952890874,0.0,0.0,0.2928450952890874,0.0,0.9120303921756288,0.9120303921756288,0,1,1,1,1,1,cases/granite_sparse_unfavorable.yaml,granite_sparse_unfavorable,uncertain,sparse,unfavorable,high
granite_sparse_unfavorable,45,10,10.5,Center,12.388512727457595,13.787618909743916,13.443087424247238,11.991829991663243,14.173738978072816,13.0,100.0,4.0,100.0,100.0,99.93315942627937,100.0,0.14285714285714285,1,100.0,100.0,100.0,0.1,1,0.3,P32_derived_Jv_proxy,1.356598295515763,2.4283852903970886,0.8496590157020523,0.9735714875435414,1.085125205905654,1.0280048404917852,16,1,0,16,1.0,0.0,7.0,0.14285714285714285,0.20371832715762603,0.14285714285714285,0.0,0.20371832715762603,0.781548884772412,0.8849072948986016,0.10335841012618963,1,1,1,1,1,1,cases/granite_sparse_unfavorable.yaml,granite_sparse_unfavorable,uncertain,sparse,unfavorable,high
granite_sparse_unfavorable,45,20,20.5,Center,11.180108243878612,12.939284310783691,10.10269967690854,9.848363565902513,13.0,13.0,100.0,4.0,100.0,100.0,100.0,100.0,0.0,0,100.0,100.0,100.0,0.2,2,0.3,P32_derived_Jv_proxy,1.3,2.5,0.7864071955653008,1.0218526797357737,0.903631651548635,1.004692352973936,13,0,0,13,1.0,0.0,7.0,0.0,0.16552114081557115,0.0,0.0,0.16552114081557115,0.0,0.8915910527942277,0.8915910527942277,1,1,1,1,1,1,cases/granite_sparse_unfavorable.yaml,granite_sparse_unfavorable,uncertain,sparse,unfavorable,high
granite_sparse_unfavorable,45,30,30.5,Center,11.350097018122993,13.134358219194478,11.416214391468726,11.038389195314686,13.15642183747128,13.0,100.0,4.0,100.0,100.0,99.93315942627937,100.0,0.14285714285714285,1,100.0,100.0,100.0,0.0,0,0.3,P32_derived_Jv_proxy,1.324374954608594,2.5154891806783266,0.8142440752357023,1.0056215446230223,1.005825269443967,1.001679839845129,16,1,0,16,1.0,0.0,7.0,0.14285714285714285,0.20371832715762603,0.14285714285714285,0.0,0.20371832715762603,0.8804931764917933,0.9027362508367347,0.022243074344941438,1,1,1,1,1,1,cases/granite_sparse_unfavorable.yaml,granite_sparse_unfavorable,uncertain,sparse,unfavorable,high
granite_sparse_unfavorable,45,40,40.5,Center,12.444029157405998,14.828439104530075,11.329096615364715,11.688521680800697,13.0,13.0,100.0,4.0,100.0,100.0,100.0,100.0,0.0,0,100.0,100.0,100.0,0.3,3,0.3,P32_derived_Jv_proxy,1.3,2.5,0.8311185198537709,0.9644582360670817,0.910404216517145,0.8766937577420749,20,0,0,20,1.0,0.0,7.0,0.0,0.25464790894703254,0.0,0.0,0.25464790894703254,0.0,0.8897161959800461,0.8897161959800461,1,1,1,1,1,1,cases/granite_sparse_unfavorable.yaml,granite_sparse_unfavorable,uncertain,sparse,unfavorable,high
granite_sparse_unfavorable,45,50,50.5,Center,9.905569022161991,11.549133974190287,9.191966181285526,9.03157537494638,13.0,13.0,100.0,4.0,100.0,100.0,100.0,100.0,0.0,0,100.0,100.0,100.0,0.1,1,0.3,P32_derived_Jv_proxy,1.3,2.5,0.732466821971432,1.1089999404300668,0.9279594297632067,1.125625525606688,13,0,0,13,1.0,0.0,7.0,0.0,0.16552114081557115,0.0,0.0,0.16552114081557115,0.0,0.936050113759823,0.936050113759823,1,1,1,1,1,1,cases/granite_sparse_unfavorable.yaml,granite_sparse_unfavorable,uncertain,sparse,unfavorable,high
granite_sparse_unfavorable,45,60,60.5,Center,12.722707216733548,14.615406695287229,14.309453881812017,14.904719441636257,13.0,13.0,100.0,4.0,100.0,100.0,100.0,100.0,0.0,0,100.0,100.0,100.0,0.0,0,0.3,P32_derived_Jv_proxy,1.3,2.5,0.8574356988982988,0.8192791170080463,1.124717690822241,0.8894723404578184,19,0,0,19,1.0,0.0,7.0,0.0,0.2419155134996809,0.0,0.0,0.2419155134996809,0.0,0.878558652579018,0.878558652579018,1,1,1,1,1,1,cases/granite_sparse_unfavorable.yaml,granite_sparse_unfavorable,uncertain,sparse,unfavorable,high
granite_sparse_unfavorable,45,70,70.5,Center,11.245581917559042,12.739657462972822,13.543563872457977,15.107061259314007,13.055122645761957,13.0,100.0,4.0,100.0,100.0,99.93315942627937,100.0,0.14285714285714285,1,100.0,100.0,100.0,0.1,1,0.3,P32_derived_Jv_proxy,1.338811519585055,2.562191108172622,0.8045821584856107,0.8242635686462363,1.2043453128299948,1.024762454069587,21,1,0,21,1.0,0.0,7.0,0.14285714285714285,0.26738030439438415,0.14285714285714285,0.0,0.26738030439438415,0.8749254538019523,0.8836619968487404,0.008736543046788059,1,1,1,1,1,1,cases/granite_sparse_unfavorable.yaml,granite_sparse_unfavorable,uncertain,sparse,unfavorable,high
granite_sparse_unfavorable,45,80,80.5,Center,11.551571762015843,13.374326707537547,12.47984349368116,12.253332757354562,13.0,13.0,100.0,4.0,100.0,100.0,100.0,100.0,0.0,0,100.0,100.0,100.0,0.4,4,0.3,P32_derived_Jv_proxy,1.3,2.5,0.8794268317203574,1.0450010233410612,1.0803589113922734,0.9720115475176345,18,0,0,18,1.0,0.0,7.0,0.0,0.22918311805232927,0.0,0.0,0.22918311805232927,0.0,0.9003612501431495,0.9003612501431495,1,1,1,1,1,1,cases/granite_sparse_unfavorable.yaml,granite_sparse_unfavorable,uncertain,sparse,unfavorable,high
granite_sparse_unfavorable,46,10,10.5,Center,12.220289871909612,13.77862782515086,11.281865300573367,8.318766286986078,13.0,13.0,100.0,4.0,100.0,100.0,100.0,100.0,0.0,0,100.0,100.0,100.0,0.0,0,0.3,P32_derived_Jv_proxy,1.3,2.5,0.7666835362820142,1.0016884208196255,0.9232076668252058,0.9434901765958443,24,0,0,24,1.0,0.0,7.0,0.0,0.30557749073643903,0.0,0.0,0.30557749073643903,0.0,0.9096037588589995,0.9096037588589995,1,1,1,1,1,1,cases/granite_sparse_unfavorable.yaml,granite_sparse_unfavorable,uncertain,sparse,unfavorable,high
granite_sparse_unfavorable,46,20,20.5,Center,11.176696494519703,12.792590732174842,12.88936269152149,13.526091494043058,13.0,13.0,100.0,4.0,100.0,100.0,100.0,100.0,0.0,0,100.0,100.0,100.0,0.2,2,0.3,P32_derived_Jv_proxy,1.3,2.5,0.8286035153117532,0.854765021161679,1.1532354571712278,1.016213234063957,20,0,0,20,1.0,0.0,7.0,0.0,0.25464790894703254,0.0,0.0,0.25464790894703254,0.0,0.9191060996416577,0.9191060996416577,1,1,1,1,1,1,cases/granite_sparse_unfavorable.yaml,granite_sparse_unfavorable,uncertain,sparse,unfavorable,high
granite_sparse_unfavorable,46,30,30.5,Center,12.723590738454476,15.120462976228307,11.589577638895316,12.347549262060488,13.0,13.0,100.0,4.0,100.0,100.0,100.0,100.0,0.0,0,100.0,100.0,100.0,0.7,7,0.3,P32_derived_Jv_proxy,1.3,2.5,0.7972617615452214,0.9612002372652427,0.910873186440064,0.8597620337709235,25,0,0,25,1.0,0.0,7.0,0.0,0.3183098861837907,0.0,0.0,0.3183098861837907,0.0,0.9154364513568675,0.9154364513568675,1,1,1,1,1,1,cases/granite_sparse_unfavorable.yaml,granite_sparse_unfavorable,uncertain,sparse,unfavorable,high
granite_sparse_unfavorable,46,40,40.5,Center,11.679198426928679,13.04219595851563,10.85745765252476,11.367268647892661,13.0,13.0,100.0,4.0,100.0,100.0,100.0,100.0,0.0,0,100.0,100.0,100.0,0.2,2,0.3,P32_derived_Jv_proxy,1.3,2.5,0.7696400750471136,0.9967815167135692,0.9296406530340957,0.9967646584478682,16,0,0,16,1.0,0.0,7.0,0.0,0.20371832715762603,0.0,0.0,0.20371832715762603,0.0,0.8860075916960047,0.8860075916960047,1,1,1,1,1,1,cases/granite_sparse_unfavorable.yaml,granite_sparse_unfavorable,uncertain,sparse,unfavorable,high
granite_sparse_unfavorable,46,50,50.5,Center,10.440709646133994,12.46068529097077,11.569996027682638,11.066228227190463,13.0,13.0,100.0,4.0,100.0,100.0,100.0,100.0,0.0,0,100.0,100.0,100.0,0.3,3,0.3,P32_derived_Jv_proxy,1.3,2.5,0.8183637498045371,0.9877254382166475,1.10816184146705,1.0432813040724194,17,0,0,17,1.0,0.0,7.0,0.0,0.21645072260497766,0.0,0.0,0.21645072260497766,0.0,0.9304679840777672,0.9304679840777672,1,1,1,1,1,1,cases/granite_sparse_unfavorable.yaml,granite_sparse_unfavorable,uncertain,sparse,unfavorable,high
granite_sparse_unfavorable,46,60,60.5,Center,10.191114076025777,12.100880678576745,10.683779783745832,10.428738267405981,13.0,13.0,100.0,4.0,100.0,100.0,100.0,100.0,0.0,0,100.0,100.0,100.0,0.1,1,0.3,P32_derived_Jv_proxy,1.3,2.5,0.787488661642069,1.0035980915157732,1.0483426742203812,1.0743019739889714,13,0,0,13,1.0,0.0,7.0,0.0,0.16552114081557115,0.0,0.0,0.16552114081557115,0.0,0.8890332412008575,0.8890332412008575,1,1,1,1,1,1,cases/granite_sparse_unfavorable.yaml,granite_sparse_unfavorable,uncertain,sparse,unfavorable,high
granite_sparse_unfavorable,46,70,70.5,Center,11.448493387671496,12.918651534771383,11.2343341818719,10.510758337514114,13.0,13.0,100.0,4.0,100.0,100.0,100.0,100.0,0.0,0,100.0,100.0,100.0,0.0,0,0.3,P32_derived_Jv_proxy,1.3,2.5,0.7146177002593118,0.9068532265413864,0.9812936778187584,1.0062969780560813,16,0,0,16,1.0,0.0,7.0,0.0,0.20371832715762603,0.0,0.0,0.20371832715762603,0.0,0.8683646285579508,0.8683646285579508,1,1,1,1,1,1,cases/granite_sparse_unfavorable.yaml,granite_sparse_unfavorable,uncertain,sparse,unfavorable,high
granite_sparse_unfavorable,46,80,80.5,Center,12.451463170825456,14.40634960676701,13.14848375904586,9.300645734884815,13.0,13.0,100.0,4.0,100.0,100.0,100.0,100.0,0.0,0,100.0,100.0,100.0,0.3,3,0.3,P32_derived_Jv_proxy,1.3,2.5,0.7375062092815164,0.8095538025499626,1.055979010551432,0.9023798779597564,15,0,0,15,1.0,0.0,7.0,0.0,0.1909859317102744,0.0,0.0,0.1909859317102744,0.0,0.9038825895607071,0.9038825895607071,1,1,1,1,1,1,cases/granite_sparse_unfavorable.yaml,granite_sparse_unfavorable,uncertain,sparse,unfavorable,high
granite_sparse_unfavorable,47,10,10.5,Center,11.931307228289521,13.353173449730885,10.204378901664354,9.082425611544988,13.088315087676932,13.0,100.0,4.0,100.0,100.0,99.93315942627937,100.0,0.14285714285714285,1,99.29308033320267,100.0,99.29308033320267,0.5,5,0.3,P32_derived_Jv_proxy,1.2855015780055432,2.457171430245894,0.8315322117238769,1.1340326726109884,0.8552607611569533,0.9801651372948136,22,1,1,21,0.9545454545454546,0.045454545454545456,7.0,0.14285714285714285,0.2801126998417358,0.14285714285714285,0.012732395447351627,0.26738030439438415,0.8758674310570828,0.9138662800091959,0.03799884895211314,1,1,1,1,1,1,cases/granite_sparse_unfavorable.yaml,granite_sparse_unfavorable,uncertain,sparse,unfavorable,high
granite_sparse_unfavorable,47,20,20.5,Center,10.505770178558313,12.983773137228994,11.486022224075914,10.091188655898346,13.0,13.0,100.0,4.0,100.0,100.0,100.0,100.0,0.0,0,100.0,100.0,100.0,0.2,2,0.3,P32_derived_Jv_proxy,1.3,2.5,0.819203616474043,1.099955981099678,1.0933060621788815,1.0012497802140796,21,0,0,21,1.0,0.0,7.0,0.0,0.26738030439438415,0.0,0.0,0.26738030439438415,0.0,0.9246077973925024,0.9246077973925024,1,1,1,1,1,1,cases/granite_sparse_unfavorable.yaml,granite_sparse_unfavorable,uncertain,sparse,unfavorable,high
granite_sparse_unfavorable,47,30,30.5,Center,10.39932432725478,11.946147269368947,10.532281099655378,8.001233819189341,13.0,13.0,100.0,4.0,100.0,100.0,100.0,100.0,0.0,0,100.0,100.0,100.0,0.3,3,0.3,P32_derived_Jv_proxy,1.3,2.5,0.7184833609217793,0.9753002153924862,1.0127851356700304,1.088216954543431,18,0,0,18,1.0,0.0,7.0,0.0,0.22918311805232927,0.0,0.0,0.22918311805232927,0.0,0.9193540509831171,0.9193540509831171,1,1,1,1,1,1,cases/granite_sparse_unfavorable.yaml,granite_sparse_unfavorable,uncertain,sparse,unfavorable,high
granite_sparse_unfavorable,47,40,40.5,Center,10.921097920709753,12.364186028483088,11.14214037396222,12.814752980217893,12.58027282167706,13.0,100.0,4.0,100.0,100.0,99.93315942627937,100.0,0.14285714285714285,1,100.0,100.0,100.0,0.4,4,0.3,P32_derived_Jv_proxy,1.3061406313544943,2.619543283466816,0.8291184761673813,1.040244918896443,1.0202399479298967,1.0174768312848235,22,1,1,21,0.9545454545454546,0.045454545454545456,7.0,0.14285714285714285,0.2801126998417358,0.14285714285714285,0.012732395447351627,0.26738030439438415,0.6965666026797923,0.9248641784032624,0.2282975757234701,1,1,1,1,1,1,cases/granite_sparse_unfavorable.yaml,granite_sparse_unfavorable,uncertain,sparse,unfavorable,high
granite_sparse_unfavorable,47,50,50.5,Center,12.867251955476346,14.757261253064772,13.424663983412959,11.218594812574532,13.0,13.0,100.0,4.0,100.0,100.0,100.0,100.0,0.0,0,100.0,100.0,100.0,0.2,2,0.3,P32_derived_Jv_proxy,1.3,2.5,0.8667482388836127,0.9429325330905892,1.0433202077541799,0.8809222644411865,13,0,0,13,1.0,0.0,7.0,0.0,0.16552114081557115,0.0,0.0,0.16552114081557115,0.0,0.9106458166892708,0.9106458166892708,1,1,1,1,1,1,cases/granite_sparse_unfavorable.yaml,granite_sparse_unfavorable,uncertain,sparse,unfavorable,high
granite_sparse_unfavorable,47,60,60.5,Center,11.51377065942294,13.267925858558275,9.364413592257275,9.203087298950864,13.0,13.0,100.0,4.0,100.0,100.0,100.0,100.0,0.0,0,100.0,100.0,100.0,0.2,2,0.3,P32_derived_Jv_proxy,1.3,2.5,0.8118322372390778,1.2371106640207947,0.8133229216784322,0.9798065001708272,18,0,0,18,1.0,0.0,7.0,0.0,0.22918311805232927,0.0,0.0,0.22918311805232927,0.0,0.9282596549416555,0.9282596549416555,1,1,1,1,1,1,cases/granite_sparse_unfavorable.yaml,granite_sparse_unfavorable,uncertain,sparse,unfavorable,high
granite_sparse_unfavorable,47,70,70.5,Center,11.134918982839675,13.51347942014343,11.607805624752132,9.274553346329256,13.0,13.0,100.0,4.0,100.0,100.0,100.0,100.0,0.0,0,100.0,100.0,100.0,0.2,2,0.3,P32_derived_Jv_proxy,1.3,2.5,0.8361728848092417,1.0720236138734187,1.0424687995162996,0.9620024270449528,19,0,0,19,1.0,0.0,7.0,0.0,0.2419155134996809,0.0,0.0,0.2419155134996809,0.0,0.9070933076877753,0.9070933076877753,1,1,1,1,1,1,cases/granite_sparse_unfavorable.yaml,granite_sparse_unfavorable,uncertain,sparse,unfavorable,high
granite_sparse_unfavorable,47,80,80.5,Center,10.940149068727308,13.060210410892166,10.27874687712399,10.16427268644264,13.0,13.0,100.0,4.0,100.0,100.0,100.0,100.0,0.0,0,100.0,100.0,100.0,0.0,0,0.3,P32_derived_Jv_proxy,1.3,2.5,0.8277898581244975,1.1237058604924062,0.9395435850601018,0.9953897824768618,23,0,0,23,1.0,0.0,7.0,0.0,0.2928450952890874,0.0,0.0,0.2928450952890874,0.0,0.8824205718307718,0.8824205718307718,1,1,1,1,1,1,cases/granite_sparse_unfavorable.yaml,granite_sparse_unfavorable,uncertain,sparse,unfavorable,high
granite_sparse_unfavorable,48,10,10.5,Center,10.415547259835336,12.372724101924721,11.52100948644299,12.868237982916515,12.271033580838834,13.0,100.0,4.0,100.0,100.0,99.93315942627937,100.0,0.14285714285714285,1,100.0,100.0,100.0,0.2,2,0.3,P32_derived_Jv_proxy,1.2935444953471016,2.7103303773694982,0.8248837140900633,0.9522725464488841,1.1061357794295228,0.9917810726038846,23,1,1,22,0.9565217391304348,0.043478260869565216,7.0,0.14285714285714285,0.2928450952890874,0.14285714285714285,0.012732395447351627,0.2801126998417358,0.8862354238227491,0.8996957703311667,0.013460346508417542,1,1,1,1,1,1,cases/granite_sparse_unfavorable.yaml,granite_sparse_unfavorable,uncertain,sparse,unfavorable,high
granite_sparse_unfavorable,48,20,20.5,Center,11.546484784118245,13.16184554144323,11.122533580540496,8.819983840132595,13.0,13.0,100.0,4.0,100.0,100.0,100.0,100.0,0.0,0,99.14063410753953,100.0,99.14063410753953,0.7,7,0.3,P32_derived_Jv_proxy,1.3,2.5,0.7998423713662136,1.0167205954901573,0.9632830933825958,0.98770343103225,24,0,0,24,1.0,0.0,7.0,0.0,0.30557749073643903,0.0,0.0,0.30557749073643903,0.0,0.8959923542042532,0.8959923542042532,1,1,1,1,1,1,cases/granite_sparse_unfavorable.yaml,granite_sparse_unfavorable,uncertain,sparse,unfavorable,high
granite_sparse_unfavorable,48,30,30.5,Center,13.028306437565945,14.91408583030502,11.036896430297153,10.712325742954736,13.826738817267785,13.0,100.0,4.0,100.0,100.0,99.93315942627937,100.0,0.14285714285714285,1,99.71842220451575,100.0,99.71842220451575,0.4,4,0.3,P32_derived_Jv_proxy,1.3392035937664066,2.4421542946881254,0.8048841485889537,1.0703939749864075,0.84714743878554,0.9270926139617773,16,1,1,15,0.9375,0.0625,7.0,0.14285714285714285,0.20371832715762603,0.14285714285714285,0.012732395447351627,0.1909859317102744,0.861387448907955,0.8919690684153305,0.03058161950737548,1,1,1,1,1,1,cases/granite_sparse_unfavorable.yaml,granite_sparse_unfavorable,uncertain,sparse,unfavorable,high
granite_sparse_unfavorable,48,40,40.5,Center,12.211968029205211,14.175430683920498,12.455825670835448,12.450901587793204,13.0,13.0,100.0,4.0,100.0,100.0,100.0,100.0,0.0,0,98.88421595533524,100.0,98.88421595533524,0.4,4,0.3,P32_derived_Jv_proxy,1.3,2.5,0.7875583548730196,0.9418390975530702,1.0199687422245984,0.9170797198243991,19,0,0,19,1.0,0.0,7.0,0.0,0.2419155134996809,0.0,0.0,0.2419155134996809,0.0,0.8942211121674613,0.8942211121674613,1,1,1,1,1,1,cases/granite_sparse_unfavorable.yaml,granite_sparse_unfavorable,uncertain,sparse,unfavorable,high
granite_sparse_unfavorable,48,50,50.5,Center,10.388791477153712,12.510144585001706,9.317846697109323,9.392113119193667,13.0,13.0,100.0,4.0,100.0,100.0,100.0,100.0,0.0,0,100.0,100.0,100.0,0.1,1,0.3,P32_derived_Jv_proxy,1.3,2.5,0.767523369166922,1.1095839766507354,0.8969134396046418,1.0391566549586946,20,0,0,20,1.0,0.0,7.0,0.0,0.25464790894703254,0.0,0.0,0.25464790894703254,0.0,0.9204488526851677,0.9204488526851677,1,1,1,1,1,1,cases/granite_sparse_unfavorable.yaml,granite_sparse_unfavorable,uncertain,sparse,unfavorable,high
granite_sparse_unfavorable,48,60,60.5,Center,12.017638461106007,14.379482412294193,9.304894804187258,8.630410128259673,12.1079429601662,13.0,100.0,4.0,100.0,100.0,99.86631885255873,100.0,0.2857142857142857,2,100.0,100.0,100.0,0.3,3,0.3,P32_derived_Jv_proxy,1.2466370410662937,2.590036661888145,0.8021782042711498,1.0979377283755933,0.7742698230023897,0.8420291226764972,19,2,1,18,0.9473684210526315,0.05263157894736842,7.0,0.2857142857142857,0.2419155134996809,0.2857142857142857,0.012732395447351627,0.22918311805232927,0.8585743772726881,0.9256853175199624,0.06711094024727426,0,1,1,1,1,1,cases/granite_sparse_unfavorable.yaml,granite_sparse_unfavorable,uncertain,sparse,unfavorable,high
granite_sparse_unfavorable,48,70,70.5,Center,9.744222956974562,11.780602014798037,8.707452043460561,8.769875888396145,13.534923736186325,13.0,99.1460476777503,4.0,99.1460476777503,100.0,99.93315942627937,100.0,0.14285714285714285,1,100.0,100.0,100.0,0.6,6,0.3,P32_derived_Jv_proxy,1.357302642357039,2.483999979353546,0.7591455424399571,1.1964933311168784,0.8936014787334152,1.1489161351164077,25,1,1,24,0.96,0.04,7.0,0.14285714285714285,0.3183098861837907,0.14285714285714285,0.012732395447351627,0.30557749073643903,0.8993967298635022,0.8966719096226117,-0.002724820240890491,1,1,1,1,1,1,cases/granite_sparse_unfavorable.yaml,granite_sparse_unfavorable,uncertain,sparse,unfavorable,high
granite_sparse_unfavorable,48,80,80.5,Center,11.070022632513243,12.886113583864185,8.93276960516418,8.753607856629001,13.0,13.0,100.0,4.0,100.0,100.0,100.0,100.0,0.0,0,99.99999999999997,100.0,99.99999999999997,0.4,4,0.3,P32_derived_Jv_proxy,1.3,2.5,0.7879303546949652,1.166426211814707,0.80693327391474,1.0088379180731746,21,0,0,21,1.0,0.0,7.0,0.0,0.26738030439438415,0.0,0.0,0.26738030439438415,0.0,0.9347819048529071,0.9347819048529071,1,1,1,1,1,1,cases/granite_sparse_unfavorable.yaml,granite_sparse_unfavorable,uncertain,sparse,unfavorable,high
granite_sparse_unfavorable,49,10,10.5,Center,9.749274458559587,11.795487426244849,11.226474635022708,11.116015399604752,13.0,13.0,100.0,4.0,100.0,100.0,100.0,100.0,0.0,0,100.0,100.0,100.0,0.4,4,0.3,P32_derived_Jv_proxy,1.3,2.5,0.7691105050920306,0.9403233742878602,1.1515189856170458,1.102116388261762,24,0,0,24,1.0,0.0,7.0,0.0,0.30557749073643903,0.0,0.0,0.30557749073643903,0.0,0.9266760839332737,0.9266760839332737,1,1,1,1,1,1,cases/granite_sparse_unfavorable.yaml,granite_sparse_unfavorable,uncertain,sparse,unfavorable,high
granite_sparse_unfavorable,49,20,20.5,Center,10.068591914267468,11.760920960623649,13.240954898182565,13.729939979638338,13.0,13.0,100.0,4.0,100.0,100.0,100.0,100.0,0.0,0,99.03406317796524,100.0,99.03406317796524,0.6,6,0.3,P32_derived_Jv_proxy,1.3,2.5,0.849321811699394,0.9947213720145752,1.3150751377081609,1.1053556131807085,24,0,0,24,1.0,0.0,7.0,0.0,0.30557749073643903,0.0,0.0,0.30557749073643903,0.0,0.8869099812884571,0.8869099812884571,0,1,1,1,1,1,cases/granite_sparse_unfavorable.yaml,granite_sparse_unfavorable,uncertain,sparse,unfavorable,high
granite_sparse_unfavorable,49,30,30.5,Center,10.356022255460909,12.773327582891476,12.964094649069448,12.071761441867402,13.0,13.0,100.0,4.0,100.0,100.0,100.0,100.0,0.0,0,100.0,100.0,100.0,0.1,1,0.3,P32_derived_Jv_proxy,1.3,2.5,0.8510089040231382,0.9449752299402078,1.2518411344889935,1.0177457608941407,24,0,0,24,1.0,0.0,7.0,0.0,0.30557749073643903,0.0,0.0,0.30557749073643903,0.0,0.8976441505477164,0.8976441505477164,0,1,1,1,1,1,cases/granite_sparse_unfavorable.yaml,granite_sparse_unfavorable,uncertain,sparse,unfavorable,high
granite_sparse_unfavorable,49,40,40.5,Center,11.761558331074852,13.906412820658726,11.03230636461831,10.714627583158771,13.0,13.0,100.0,4.0,100.0,100.0,100.0,100.0,0.0,0,100.0,100.0,100.0,0.1,1,0.3,P32_derived_Jv_proxy,1.3,2.5,0.8137247045740205,0.9755195898514384,0.9379969944518486,0.934820515373152,20,0,0,20,1.0,0.0,7.0,0.0,0.25464790894703254,0.0,0.0,0.25464790894703254,0.0,0.8912591669509679,0.8912591669509679,1,1,1,1,1,1,cases/granite_sparse_unfavorable.yaml,granite_sparse_unfavorable,uncertain,sparse,unfavorable,high
granite_sparse_unfavorable,49,50,50.5,Center,11.356200773848066,13.215653852073347,11.32687216416131,10.64752734410942,13.0,13.0,100.0,4.0,100.0,100.0,100.0,100.0,0.0,0,99.99999999999997,100.0,99.99999999999997,0.3,3,0.3,P32_derived_Jv_proxy,1.3,2.5,0.8329329341064164,1.0006301870681273,0.9974173924650667,0.9836819385187276,22,0,0,22,1.0,0.0,7.0,0.0,0.2801126998417358,0.0,0.0,0.2801126998417358,0.0,0.8946533914397854,0.8946533914397854,1,1,1,1,1,1,cases/granite_sparse_unfavorable.yaml,granite_sparse_unfavorable,uncertain,sparse,unfavorable,high
granite_sparse_unfavorable,49,60,60.5,Center,11.62048520389451,13.089732922218555,10.332458091473745,10.089587786208027,13.0,13.0,100.0,4.0,100.0,100.0,100.0,100.0,0.0,0,100.0,100.0,100.0,0.1,1,0.3,P32_derived_Jv_proxy,1.3,2.5,0.7673141075131426,1.0711784664713686,0.8891589215234237,0.9931447858598977,14,0,0,14,1.0,0.0,7.0,0.0,0.17825353626292278,0.0,0.0,0.17825353626292278,0.0,0.8810699655242195,0.8810699655242195,1,1,1,1,1,1,cases/granite_sparse_unfavorable.yaml,granite_sparse_unfavorable,uncertain,sparse,unfavorable,high
granite_sparse_unfavorable,49,70,70.5,Center,12.038122985286403,13.166153661796447,13.091608100805123,12.263966446100946,13.0,13.0,100.0,4.0,100.0,100.0,100.0,100.0,0.0,0,100.0,100.0,100.0,0.0,0,0.3,P32_derived_Jv_proxy,1.3,2.5,0.7601050585352687,0.8801099366306078,1.0875124067768989,0.9873802428511399,20,0,0,20,1.0,0.0,7.0,0.0,0.25464790894703254,0.0,0.0,0.25464790894703254,0.0,0.8900419316388188,0.8900419316388188,1,1,1,1,1,1,cases/granite_sparse_unfavorable.yaml,granite_sparse_unfavorable,uncertain,sparse,unfavorable,high
granite_sparse_unfavorable,49,80,80.5,Center,10.853183133720261,12.768050171699983,10.734863158961499,10.176642112035081,13.0,13.0,100.0,4.0,100.0,100.0,100.0,100.0,0.0,0,100.0,100.0,100.0,0.2,2,0.3,P32_derived_Jv_proxy,1.3,2.5,0.7874232425535401,1.0253224805356316,0.9890981315526549,1.0181664251926366,18,0,0,18,1.0,0.0,7.0,0.0,0.22918311805232927,0.0,0.0,0.22918311805232927,0.0,0.8982542757240176,0.8982542757240176,1,1,1,1,1,1,cases/granite_sparse_unfavorable.yaml,granite_sparse_unfavorable,uncertain,sparse,unfavorable,high
granite_sparse_unfavorable,50,10,10.5,Center,11.751308576606169,13.639469564604413,8.681242296861049,8.645522632585836,13.0,13.0,100.0,4.0,100.0,100.0,100.0,100.0,0.0,0,100.0,100.0,100.0,0.1,1,0.3,P32_derived_Jv_proxy,1.3,2.5,0.7990046882232779,1.2439277892950458,0.7387468587237312,0.9531162438850341,19,0,0,19,1.0,0.0,7.0,0.0,0.2419155134996809,0.0,0.0,0.2419155134996809,0.0,0.8991473733667945,0.8991473733667945,0,1,1,1,1,1,cases/granite_sparse_unfavorable.yaml,granite_sparse_unfavorable,uncertain,sparse,unfavorable,high
granite_sparse_unfavorable,50,20,20.5,Center,12.451022663351914,14.362283845718967,10.484741183329197,10.893773739685976,13.0,13.0,100.0,4.0,100.0,100.0,100.0,100.0,0.0,0,99.9059292007462,100.0,99.9059292007462,0.1,1,0.3,P32_derived_Jv_proxy,1.3,2.5,0.8092280787054913,1.0432524595679455,0.8420787164888688,0.9051485223135296,23,0,0,23,1.0,0.0,7.0,0.0,0.2928450952890874,0.0,0.0,0.2928450952890874,0.0,0.8966271348165522,0.8966271348165522,1,1,1,1,1,1,cases/granite_sparse_unfavorable.yaml,granite_sparse_unfavorable,uncertain,sparse,unfavorable,high
granite_sparse_unfavorable,50,30,30.5,Center,10.878792887766439,12.767473621766163,9.806125213752292,9.291315627425455,13.0,13.0,100.0,4.0,100.0,100.0,100.0,100.0,0.0,0,100.0,100.0,100.0,0.1,1,0.3,P32_derived_Jv_proxy,1.3,2.5,0.7919063224720547,1.1069557459213057,0.9013982814931244,1.0182124032617872,19,0,0,19,1.0,0.0,7.0,0.0,0.2419155134996809,0.0,0.0,0.2419155134996809,0.0,0.9099881608413823,0.9099881608413823,1,1,1,1,1,1,cases/granite_sparse_unfavorable.yaml,granite_sparse_unfavorable,uncertain,sparse,unfavorable,high
granite_sparse_unfavorable,50,40,40.5,Center,10.940090756578385,13.413352018866352,12.897828553702594,11.990159123109004,13.0,13.0,100.0,4.0,100.0,100.0,100.0,100.0,0.0,0,100.0,100.0,100.0,0.3,3,0.3,P32_derived_Jv_proxy,1.3,2.5,0.8383296847423095,0.9074568225639893,1.1789507820990426,0.9691835405285004,24,0,0,24,1.0,0.0,7.0,0.0,0.30557749073643903,0.0,0.0,0.30557749073643903,0.0,0.9159866002538971,0.9159866002538971,1,1,1,1,1,1,cases/granite_sparse_unfavorable.yaml,granite_sparse_unfavorable,uncertain,sparse,unfavorable,high
granite_sparse_unfavorable,50,50,50.5,Center,10.539756069759388,12.81301796853762,10.260603431462258,8.305433362687175,13.0,13.0,100.0,4.0,100.0,100.0,100.0,100.0,0.0,0,100.0,100.0,100.0,0.1,1,0.3,P32_derived_Jv_proxy,1.3,2.5,0.8204860435607261,1.1839512304140811,0.9735143169870816,1.0145931295750552,23,0,0,23,1.0,0.0,7.0,0.0,0.2928450952890874,0.0,0.0,0.2928450952890874,0.0,0.9057697458828111,0.9057697458828111,1,1,1,1,1,1,cases/granite_sparse_unfavorable.yaml,granite_sparse_unfavorable,uncertain,sparse,unfavorable,high
granite_sparse_unfavorable,50,60,60.5,Center,10.885716622683937,13.654822017996619,12.438865140617876,10.073375124593488,13.0,13.0,100.0,4.0,100.0,100.0,100.0,100.0,0.0,0,100.0,100.0,100.0,0.1,1,0.3,P32_derived_Jv_proxy,1.3,2.5,0.8326383737874927,0.983819165047113,1.1426776547441488,0.952044631769379,20,0,0,20,1.0,0.0,7.0,0.0,0.25464790894703254,0.0,0.0,0.25464790894703254,0.0,0.9090024306482529,0.9090024306482529,1,1,1,1,1,1,cases/granite_sparse_unfavorable.yaml,granite_sparse_unfavorable,uncertain,sparse,unfavorable,high
granite_sparse_unfavorable,50,70,70.5,Center,10.901980383153846,12.786102331347141,13.804122740569797,12.333792730078676,13.592518756049653,13.0,100.0,4.0,100.0,100.0,99.93315942627937,100.0,0.14285714285714285,1,100.0,100.0,100.0,0.3,3,0.3,P32_derived_Jv_proxy,1.2986879535767655,2.411702203943428,0.7934334333627714,0.8416164724672145,1.26620322688348,1.06306976151172,23,1,0,23,1.0,0.0,7.0,0.14285714285714285,0.2928450952890874,0.14285714285714285,0.0,0.2928450952890874,0.8909699045501962,0.8764794818057808,-0.014490422744415365,0,1,1,1,1,1,cases/granite_sparse_unfavorable.yaml,granite_sparse_unfavorable,uncertain,sparse,unfavorable,high
granite_sparse_unfavorable,50,80,80.5,Center,13.33745245622882,15.204248506677333,10.767634372706281,8.40391362303418,13.0,13.0,100.0,4.0,100.0,100.0,100.0,100.0,0.0,0,100.0,100.0,100.0,0.4,4,0.3,P32_derived_Jv_proxy,1.3,2.5,0.726353616796915,0.9847721818928779,0.8073231682020062,0.855024172637715,17,0,0,17,1.0,0.0,7.0,0.0,0.21645072260497766,0.0,0.0,0.21645072260497766,0.0,0.9448429552555757,0.9448429552555757,1,1,1,1,1,1,cases/granite_sparse_unfavorable.yaml,granite_sparse_unfavorable,uncertain,sparse,unfavorable,high
granite_sparse_unfavorable,51,10,10.5,Center,11.282605226127767,12.274498455209853,16.630687802189502,14.857113061479732,13.0,13.0,100.0,4.0,100.0,100.0,100.0,100.0,0.0,0,100.0,100.0,100.0,0.2,2,0.3,P32_derived_Jv_proxy,1.3,2.5,0.8399892687470744,0.698837378076231,1.4740113182083938,1.0591064105338015,12,0,0,12,1.0,0.0,7.0,0.0,0.15278874536821951,0.0,0.0,0.15278874536821951,0.0,0.8951673582141876,0.8951673582141876,0,1,1,1,1,1,cases/granite_sparse_unfavorable.yaml,granite_sparse_unfavorable,uncertain,sparse,unfavorable,high
granite_sparse_unfavorable,51,20,20.5,Center,11.831957147580201,12.905021821449285,13.793181002989533,15.14164714595067,13.0,13.0,100.0,4.0,100.0,100.0,100.0,100.0,0.0,0,100.0,100.0,100.0,0.1,1,0.3,P32_derived_Jv_proxy,1.3,2.5,0.7516677018140919,0.8005115847696642,1.165756504266112,1.0073597844207325,20,0,0,20,1.0,0.0,7.0,0.0,0.25464790894703254,0.0,0.0,0.25464790894703254,0.0,0.8892699835582276,0.8892699835582276,1,1,1,1,1,1,cases/granite_sparse_unfavorable.yaml,granite_sparse_unfavorable,uncertain,sparse,unfavorable,high
granite_sparse_unfavorable,51,30,30.5,Center,10.451085518917383,12.678876120209267,11.852610234346555,9.878044350873957,13.0,13.0,100.0,4.0,100.0,100.0,100.0,100.0,0.0,0,100.0,100.0,100.0,0.0,0,0.3,P32_derived_Jv_proxy,1.3,2.5,0.8285797027245974,1.0148563614281834,1.1341032673488596,1.025327471989326,13,0,0,13,1.0,0.0,7.0,0.0,0.16552114081557115,0.0,0.0,0.16552114081557115,0.0,0.9095605953958347,0.9095605953958347,1,1,1,1,1,1,cases/granite_sparse_unfavorable.yaml,granite_sparse_unfavorable,uncertain,sparse,unfavorable,high
granite_sparse_unfavorable,51,40,40.5,Center,10.869845676159887,12.998959152294457,14.670722735713081,12.32838579898669,13.0,13.0,100.0,4.0,100.0,100.0,100.0,100.0,0.0,0,100.0,100.0,100.0,0.3,3,0.3,P32_derived_Jv_proxy,1.3,2.5,0.7506282870795209,0.7209151212181115,1.349671667178257,1.0000800716190694,17,0,0,17,1.0,0.0,7.0,0.0,0.21645072260497766,0.0,0.0,0.21645072260497766,0.0,0.8997845044193826,0.8997845044193826,0,1,1,1,1,1,cases/granite_sparse_unfavorable.yaml,granite_sparse_unfavorable,uncertain,sparse,unfavorable,high
granite_sparse_unfavorable,51,50,50.5,Center,10.619685760013292,12.7556080405906,8.204813769931176,7.748743508072533,13.0,13.0,100.0,4.0,100.0,100.0,100.0,100.0,0.0,0,100.0,100.0,100.0,0.2,2,0.3,P32_derived_Jv_proxy,1.3,2.5,0.7422939160130672,1.222687149840396,0.7726041952036918,1.0191595695502482,26,0,0,26,1.0,0.0,7.0,0.0,0.3310422816311423,0.0,0.0,0.3310422816311423,0.0,0.8935284610689116,0.8935284610689116,0,1,1,1,1,1,cases/granite_sparse_unfavorable.yaml,granite_sparse_unfavorable,uncertain,sparse,unfavorable,high
granite_sparse_unfavorable,51,60,60.5,Center,11.46129493756488,13.49816924329782,17.607273854058683,19.914489719944875,13.0,13.0,100.0,4.0,100.0,100.0,100.0,100.0,0.0,0,100.0,100.0,100.0,0.3,3,0.3,P32_derived_Jv_proxy,1.3,2.5,0.8449114449754581,0.6844096127961086,1.5362377418933786,0.9630935696301798,26,0,0,26,1.0,0.0,7.0,0.0,0.3310422816311423,0.0,0.0,0.3310422816311423,0.0,0.9306044933421369,0.9306044933421369,0,0,1,1,1,1,cases/granite_sparse_unfavorable.yaml,granite_sparse_unfavorable,uncertain,sparse,unfavorable,high
granite_sparse_unfavorable,51,70,70.5,Center,10.40110396695792,11.41414329059475,10.815822601117421,9.73790555505309,13.0,13.0,100.0,4.0,100.0,100.0,100.0,100.0,0.0,0,99.89331051940225,100.0,99.89331051940225,0.3,3,0.3,P32_derived_Jv_proxy,1.3,2.5,0.8919132994352862,1.1089419327464858,1.0398725592472657,1.1389378658591045,18,0,0,18,1.0,0.0,7.0,0.0,0.22918311805232927,0.0,0.0,0.22918311805232927,0.0,0.9095886970685717,0.9095886970685717,1,1,1,1,1,1,cases/granite_sparse_unfavorable.yaml,granite_sparse_unfavorable,uncertain,sparse,unfavorable,high
granite_sparse_unfavorable,51,80,80.5,Center,12.2742379196809,13.881278628119471,11.808719413956073,12.067399500045699,13.0,13.0,100.0,4.0,100.0,100.0,100.0,100.0,0.0,0,100.0,100.0,100.0,0.1,1,0.3,P32_derived_Jv_proxy,1.3,2.5,0.779064432407465,0.9027734722884271,0.9620735308561683,0.9365131518695796,19,0,0,19,1.0,0.0,7.0,0.0,0.2419155134996809,0.0,0.0,0.2419155134996809,0.0,0.8852835429489091,0.8852835429489091,1,1,1,1,1,1,cases/granite_sparse_unfavorable.yaml,granite_sparse_unfavorable,uncertain,sparse,unfavorable,high
granite_sparse_favorable,42,10,10.5,Center,11.192707461309006,12.93642503523138,11.116478126476888,9.959822225655637,12.175037059690139,13.0,100.0,4.0,100.0,100.0,99.79947827883811,100.0,0.42857142857142855,3,100.0,100.0,100.0,0.0,0,0.3,P32_derived_Jv_proxy,1.2931602526090462,2.698587689469325,0.8649277138228487,1.0250012572190166,0.9931893748589761,0.9411438652125561,17,3,1,16,0.9411764705882353,0.058823529411764705,7.0,0.42857142857142855,0.21645072260497766,0.42857142857142855,0.012732395447351627,0.20371832715762603,0.010749440712775171,0.03941918004918632,0.02866973933641115,1,1,1,1,1,1,cases/granite_sparse_favorable.yaml,granite_sparse_favorable,uncertain,sparse,favorable,high
granite_sparse_favorable,42,20,20.5,Center,11.99457793322653,13.774124573000622,13.271646072005899,12.779603411615154,13.0,13.0,100.0,4.0,100.0,100.0,100.0,100.0,0.0,0,100.0,100.0,100.0,0.0,0,0.3,P32_derived_Jv_proxy,1.3,2.5,0.8144351795766924,0.8926088927430118,1.1064704523901359,0.9437986371549141,22,0,0,22,1.0,0.0,7.0,0.0,0.2801126998417358,0.0,0.0,0.2801126998417358,0.0,0.03473293418214396,0.03473293418214396,1,1,1,1,1,1,cases/granite_sparse_favorable.yaml,granite_sparse_favorable,uncertain,sparse,favorable,high
granite_sparse_favorable,42,30,30.5,Center,11.52940432198589,13.6012266780474,10.847175240118313,9.128786781545827,13.317962573887042,13.0,99.61743926337165,4.0,99.61743926337165,100.0,99.79947827883811,100.0,0.42857142857142855,3,100.0,100.0,100.0,0.1,1,0.3,P32_derived_Jv_proxy,1.3934739318657943,2.6137723358593457,0.8106102889220763,1.1316567898661758,0.940827031231214,0.9791736355208644,26,3,1,25,0.9615384615384616,0.038461538461538464,7.0,0.42857142857142855,0.3310422816311423,0.42857142857142855,0.012732395447351627,0.3183098861837907,0.020941675159258488,0.028233317515427903,0.007291642356169414,1,1,1,1,1,1,cases/granite_sparse_favorable.yaml,granite_sparse_favorable,uncertain,sparse,favorable,high
granite_sparse_favorable,42,40,40.5,Center,12.237410867997225,14.101624298945847,11.072237933752238,11.130412727341799,13.636339590472515,13.0,100.0,4.0,100.0,100.0,99.93315942627937,100.0,0.14285714285714285,1,100.0,100.0,100.0,0.0,0,0.3,P32_derived_Jv_proxy,1.3760325435825007,2.5177585605612784,0.8029491566057084,1.009873484150154,0.9047859921666845,0.9670048854933603,14,1,0,14,1.0,0.0,7.0,0.14285714285714285,0.17825353626292278,0.14285714285714285,0.0,0.17825353626292278,0.016648074948395597,0.052856396288441077,0.03620832134004548,1,1,1,1,1,1,cases/granite_sparse_favorable.yaml,granite_sparse_favorable,uncertain,sparse,favorable,high
granite_sparse_favorable,42,50,50.5,Center,11.234507322403516,12.536453468205307,11.865814354110865,9.391489003967044,11.965896553281151,13.0,99.18553203909458,4.0,99.18553203909458,100.0,99.86631885255873,100.0,0.2857142857142857,2,100.0,100.0,100.0,0.0,0,0.3,P32_derived_Jv_proxy,1.2267028946024505,2.5561760926414983,0.801914337164499,0.8985959531084314,1.0561935662677806,0.9544881719242854,18,2,1,17,0.9444444444444444,0.05555555555555555,7.0,0.2857142857142857,0.22918311805232927,0.2857142857142857,0.012732395447351627,0.21645072260497766,0.014481384259219743,0.0295350187160478,0.015053634456828058,1,1,1,1,1,1,cases/granite_sparse_favorable.yaml,granite_sparse_favorable,uncertain,sparse,favorable,high
granite_sparse_favorable,42,60,60.5,Center,10.905306932352271,12.083042684768289,10.540677719120627,10.139538812547865,12.233567266866785,13.0,100.0,4.0,100.0,100.0,99.93315942627937,100.0,0.14285714285714285,1,100.0,100.0,100.0,0.0,0,0.3,P32_derived_Jv_proxy,1.2393354038792437,2.552320688148904,0.809268819463607,0.969510772207947,0.9665640577112126,1.0124575064431616,21,1,0,21,1.0,0.0,7.0,0.14285714285714285,0.26738030439438415,0.14285714285714285,0.0,0.26738030439438415,0.058962000528897884,0.025419954205943562,-0.03354204632295432,1,1,1,1,1,1,cases/granite_sparse_favorable.yaml,granite_sparse_favorable,uncertain,sparse,favorable,high
granite_sparse_favorable,42,70,70.5,Center,11.788771315831143,13.463893003400287,10.441787280374744,9.240797697683782,12.815287363018156,13.0,100.0,4.0,100.0,100.0,99.93315942627937,100.0,0.14285714285714285,1,100.0,100.0,100.0,0.0,0,0.3,P32_derived_Jv_proxy,1.2733954960448692,2.4826316899313414,0.7891648501805587,1.0533063114087906,0.8857400827134941,0.9518262927209592,19,1,1,18,0.9473684210526315,0.05263157894736842,7.0,0.14285714285714285,0.2419155134996809,0.14285714285714285,0.012732395447351627,0.22918311805232927,0.0001599519801394056,0.029113711966515687,0.028953759986376282,1,1,1,1,1,1,cases/granite_sparse_favorable.yaml,granite_sparse_favorable,uncertain,sparse,favorable,high
granite_sparse_favorable,42,80,80.5,Center,11.092322549424523,12.458807007915127,10.78296188255143,8.402221773992137,12.07545472345342,13.0,98.65685541438748,4.0,98.65685541438748,100.0,99.79947827883811,100.0,0.42857142857142855,3,100.0,100.0,100.0,0.0,0,0.3,P32_derived_Jv_proxy,1.2103990374462763,2.4759592470188214,0.7952730469422277,1.030404587958243,0.9721103794543783,0.9692304179510798,16,3,1,15,0.9375,0.0625,7.0,0.42857142857142855,0.20371832715762603,0.42857142857142855,0.012732395447351627,0.1909859317102744,0.019736853320319603,0.0405293219860452,0.020792468665725594,1,1,1,1,1,1,cases/granite_sparse_favorable.yaml,granite_sparse_favorable,uncertain,sparse,favorable,high
granite_sparse_favorable,43,10,10.5,Center,10.099654786145809,11.815614121838951,13.452213890458882,10.360793451813405,13.741573686421145,13.0,99.90603983736601,4.0,99.90603983736601,100.0,99.4054978103684,100.0,0.5714285714285714,4,100.0,100.0,100.0,0.1,1,0.3,P32_derived_Jv_proxy,1.3225868774084153,2.411499888732094,0.827807401415175,0.9191948836702305,1.331947890824144,1.163001224034764,18,4,1,17,0.9444444444444444,0.05555555555555555,7.0,0.5714285714285714,0.22918311805232927,0.5714285714285714,0.012732395447351627,0.21645072260497766,0.04518812420260154,0.04001385834015858,-0.005174265862442962,0,1,1,1,1,1,cases/granite_sparse_favorable.yaml,granite_sparse_favorable,uncertain,sparse,favorable,high
granite_sparse_favorable,43,20,20.5,Center,9.854476175210618,12.093909975676537,10.661370835915534,9.504810934933301,13.087208710212135,13.0,99.71045875510822,4.0,99.71045875510822,100.0,99.93315942627937,100.0,0.14285714285714285,1,100.0,100.0,100.0,0.0,0,0.3,P32_derived_Jv_proxy,1.3088198632327972,2.492939614659863,0.7890776707083306,1.0851433198448603,1.0818810301388415,1.0821321422545178,13,1,0,13,1.0,0.0,7.0,0.14285714285714285,0.16552114081557115,0.14285714285714285,0.0,0.16552114081557115,0.055354723822438,0.047240730794379404,-0.008113993028058597,1,1,1,1,1,1,cases/granite_sparse_favorable.yaml,granite_sparse_favorable,uncertain,sparse,favorable,high
granite_sparse_favorable,43,30,30.5,Center,11.757494938656908,12.94384677911864,11.108868620598845,9.949834231199704,13.0,13.0,100.0,4.0,100.0,100.0,100.0,100.0,0.0,0,100.0,100.0,100.0,0.1,1,0.3,P32_derived_Jv_proxy,1.3,2.5,0.8383740476761583,1.0724530384979736,0.9448329494129335,1.0043382173661037,25,0,0,25,1.0,0.0,7.0,0.0,0.3183098861837907,0.0,0.0,0.3183098861837907,0.0,0.032729568989144586,0.032729568989144586,1,1,1,1,1,1,cases/granite_sparse_favorable.yaml,granite_sparse_favorable,uncertain,sparse,favorable,high
granite_sparse_favorable,43,40,40.5,Center,11.59484655094279,13.218588297482667,14.042016086685615,14.204819140766915,15.14684346473508,13.0,100.0,4.0,100.0,100.0,99.93315942627937,100.0,0.14285714285714285,1,100.0,100.0,100.0,0.2,2,0.3,P32_derived_Jv_proxy,1.3901457778608932,2.3889155540423275,0.7856906643525142,0.8820310167710481,1.2110566556436093,1.1458745157846868,17,1,0,17,1.0,0.0,7.0,0.14285714285714285,0.21645072260497766,0.14285714285714285,0.0,0.21645072260497766,0.01432886531596822,0.03787916889653553,0.02355030358056731,1,1,1,1,1,1,cases/granite_sparse_favorable.yaml,granite_sparse_favorable,uncertain,sparse,favorable,high
granite_sparse_favorable,43,50,50.5,Center,12.623344142505022,13.907603580292957,8.260531755839112,8.573006952844047,12.61636405459819,13.0,100.0,4.0,100.0,100.0,99.86631885255873,100.0,0.2857142857142857,2,100.0,100.0,100.0,0.1,1,0.3,P32_derived_Jv_proxy,1.3120946650277172,2.6573130962501827,0.7784083817602602,1.2086533050017532,0.6543853722584055,0.9071558577119317,20,2,0,20,1.0,0.0,7.0,0.2857142857142857,0.25464790894703254,0.2857142857142857,0.0,0.25464790894703254,0.08924831969042557,0.03655788148254957,-0.052690438207876,0,0,1,1,1,1,cases/granite_sparse_favorable.yaml,granite_sparse_favorable,uncertain,sparse,favorable,high
granite_sparse_favorable,43,60,60.5,Center,11.624264114572352,13.012665175620537,13.370032459673903,14.320576213169021,13.464850764479126,13.0,99.86320448196318,4.0,99.86320448196318,100.0,99.68282947904478,100.0,0.42857142857142855,3,100.0,100.0,100.0,0.0,0,0.3,P32_derived_Jv_proxy,1.4084495171955898,2.6266015718010607,0.8508582893264387,0.9549100123832966,1.1501831279722068,1.0347496521854544,17,3,1,16,0.9411764705882353,0.058823529411764705,7.0,0.42857142857142855,0.21645072260497766,0.42857142857142855,0.012732395447351627,0.20371832715762603,0.07532280297288929,0.03522719846126232,-0.04009560451162697,1,1,1,1,1,1,cases/granite_sparse_favorable.yaml,granite_sparse_favorable,uncertain,sparse,favorable,high
granite_sparse_favorable,43,70,70.5,Center,10.891458524951952,11.787336536503883,10.343291925988696,10.328776615524417,13.0,13.0,100.0,4.0,100.0,100.0,100.0,100.0,0.0,0,100.0,100.0,100.0,0.1,1,0.3,P32_derived_Jv_proxy,1.3,2.5,0.7749456858026204,1.0076854579923347,0.9496700466969208,1.1028784967444216,22,0,0,22,1.0,0.0,7.0,0.0,0.2801126998417358,0.0,0.0,0.2801126998417358,0.0,0.04501863654437688,0.04501863654437688,1,1,1,1,1,1,cases/granite_sparse_favorable.yaml,granite_sparse_favorable,uncertain,sparse,favorable,high
granite_sparse_favorable,43,80,80.5,Center,10.28839316097254,12.30062458904669,9.626012824096051,9.854182570789314,12.733595517779621,13.0,100.0,4.0,100.0,100.0,99.61598890532414,100.0,0.5714285714285714,4,100.0,100.0,100.0,0.1,1,0.3,P32_derived_Jv_proxy,1.243717496324317,2.4413602692082006,0.8395264312951187,1.1215749446431096,0.935618679563187,1.0351991011186927,22,4,2,20,0.9090909090909091,0.09090909090909091,7.0,0.5714285714285714,0.2801126998417358,0.5714285714285714,0.025464790894703253,0.25464790894703254,0.03728445870117536,0.03460006052028208,-0.002684398180893277,1,1,1,1,1,1,cases/granite_sparse_favorable.yaml,granite_sparse_favorable,uncertain,sparse,favorable,high
granite_sparse_favorable,44,10,10.5,Center,11.456465104977934,13.547858980458686,10.801314279706661,10.620424464566131,13.429814958656452,13.0,99.62076112501178,4.0,99.62076112501178,100.0,99.86631885255873,100.0,0.2857142857142857,2,100.0,100.0,100.0,0.0,0,0.3,P32_derived_Jv_proxy,1.3350236033701415,2.4910765203664034,0.8483109548948455,1.1003461032592246,0.9428138767701912,0.9912868873249641,17,2,1,16,0.9411764705882353,0.058823529411764705,7.0,0.2857142857142857,0.21645072260497766,0.2857142857142857,0.012732395447351627,0.20371832715762603,0.03465619837549416,0.02236394476749104,-0.012292253608003123,1,1,1,1,1,1,cases/granite_sparse_favorable.yaml,granite_sparse_favorable,uncertain,sparse,favorable,high
granite_sparse_favorable,44,20,20.5,Center,11.195276406907825,12.891415156947115,11.888501143529183,11.526373650250516,13.0,13.0,100.0,4.0,100.0,100.0,100.0,100.0,0.0,0,100.0,100.0,100.0,0.1,1,0.3,P32_derived_Jv_proxy,1.3,2.5,0.8154263785742245,0.9564629750765266,1.0619211809896554,1.0084230351540862,21,0,0,21,1.0,0.0,7.0,0.0,0.26738030439438415,0.0,0.0,0.26738030439438415,0.0,0.028747228083735754,0.028747228083735754,1,1,1,1,1,1,cases/granite_sparse_favorable.yaml,granite_sparse_favorable,uncertain,sparse,favorable,high
granite_sparse_favorable,44,30,30.5,Center,11.423055665825279,12.331583535851918,13.03656524234825,10.747059140368084,13.196303221068261,13.0,100.0,4.0,100.0,100.0,99.93315942627937,100.0,0.14285714285714285,1,100.0,100.0,100.0,0.0,0,0.3,P32_derived_Jv_proxy,1.2666553595022971,2.4078640062557697,0.791955200100956,0.9533002678104114,1.1412502594511693,1.0701223555516874,27,1,0,27,1.0,0.0,7.0,0.14285714285714285,0.3437746770784939,0.14285714285714285,0.0,0.3437746770784939,0.045227503772523714,0.04553860873928739,0.0003111049667636756,1,1,1,1,1,1,cases/granite_sparse_favorable.yaml,granite_sparse_favorable,uncertain,sparse,favorable,high
granite_sparse_favorable,44,40,40.5,Center,9.052080738607765,11.238987498381405,16.559698473839912,11.500138958276661,14.14611501106233,13.0,100.0,4.0,100.0,100.0,99.86631885255873,100.0,0.2857142857142857,2,100.0,100.0,100.0,0.0,0,0.3,P32_derived_Jv_proxy,1.3064324661813027,2.384926579608108,0.829537533192663,0.8836437821206415,1.8293803327683131,1.2586645383402728,17,2,0,17,1.0,0.0,7.0,0.2857142857142857,0.21645072260497766,0.2857142857142857,0.0,0.21645072260497766,0.030422726823803092,0.040214021409528344,0.009791294585725252,0,0,1,0,1,1,cases/granite_sparse_favorable.yaml,granite_sparse_favorable,uncertain,sparse,favorable,high
granite_sparse_favorable,44,50,50.5,Center,12.421837803211274,13.85143189377949,12.184414825924721,12.305434653867032,12.578887439639345,13.0,100.0,4.0,100.0,100.0,99.61598890532413,100.0,0.5714285714285714,4,100.0,100.0,100.0,0.0,0,0.3,P32_derived_Jv_proxy,1.2622273556687502,2.5367326087588067,0.7697078113663637,0.9260694567894662,0.9808866464811532,0.9081290321535906,24,4,1,23,0.9583333333333334,0.041666666666666664,7.0,0.5714285714285714,0.30557749073643903,0.5714285714285714,0.012732395447351627,0.2928450952890874,0.04222932958609249,0.03713818880678266,-0.005091140779309833,1,1,1,1,1,1,cases/granite_sparse_favorable.yaml,granite_sparse_favorable,uncertain,sparse,favorable,high
granite_sparse_favorable,44,60,60.5,Center,12.441672202256417,13.79152061152692,12.571002219774035,10.174771090685859,12.926324687252597,13.0,100.0,4.0,100.0,100.0,99.86631885255873,100.0,0.2857142857142857,2,100.0,100.0,100.0,0.0,0,0.3,P32_derived_Jv_proxy,1.3504267570401272,2.6210159361129817,0.8511528515432198,0.9840976108986137,1.0103949063610729,0.9372660964193321,18,2,0,18,1.0,0.0,7.0,0.2857142857142857,0.22918311805232927,0.2857142857142857,0.0,0.22918311805232927,0.04041847028051082,0.036143149585228906,-0.0042753206952819145,1,1,1,1,1,1,cases/granite_sparse_favorable.yaml,granite_sparse_favorable,uncertain,sparse,favorable,high
granite_sparse_favorable,44,70,70.5,Center,10.452710471331025,12.283096796464477,12.332248260883619,12.332819318240908,13.0,13.0,100.0,4.0,100.0,100.0,100.0,100.0,0.0,0,100.0,100.0,100.0,0.1,1,0.3,P32_derived_Jv_proxy,1.3,2.5,0.7668665709854164,0.863812102052383,1.1798134364007937,1.0583650210866915,21,0,0,21,1.0,0.0,7.0,0.0,0.26738030439438415,0.0,0.0,0.26738030439438415,0.0,0.043602320045546095,0.043602320045546095,1,1,1,1,1,1,cases/granite_sparse_favorable.yaml,granite_sparse_favorable,uncertain,sparse,favorable,high
granite_sparse_favorable,44,80,80.5,Center,10.471508458397905,11.778273545859149,12.769092089958278,13.676783226616784,12.739381206549663,13.0,100.0,4.0,100.0,100.0,99.93315942627937,100.0,0.14285714285714285,1,100.0,100.0,100.0,0.0,0,0.3,P32_derived_Jv_proxy,1.247919573211896,2.4417964402551298,0.8304130042641316,0.9368095717233638,1.2194128611640251,1.0816000457918051,23,1,1,22,0.9565217391304348,0.043478260869565216,7.0,0.14285714285714285,0.2928450952890874,0.14285714285714285,0.012732395447351627,0.2801126998417358,0.02929412258858355,0.035891638688457905,0.0065975160998743565,1,1,1,1,1,1,cases/granite_sparse_favorable.yaml,granite_sparse_favorable,uncertain,sparse,favorable,high
granite_sparse_favorable,45,10,10.5,Center,12.388512727457595,13.787618909743916,13.306242030009644,11.991829991663243,13.988332782371875,13.0,98.76417443911,4.0,98.76417443911,100.0,99.86631885255873,100.0,0.2857142857142857,2,100.0,100.0,100.0,0.0,0,0.3,P32_derived_Jv_proxy,1.3420897772423495,2.3874114155013437,0.8496590157020523,0.9735714875435414,1.0740790539382516,1.014557544267931,16,2,1,15,0.9375,0.0625,7.0,0.2857142857142857,0.20371832715762603,0.2857142857142857,0.012732395447351627,0.1909859317102744,0.0675097404014604,0.04573856754071892,-0.021771172860741483,1,1,1,1,1,1,cases/granite_sparse_favorable.yaml,granite_sparse_favorable,uncertain,sparse,favorable,high
granite_sparse_favorable,45,20,20.5,Center,11.180108243878612,12.939284310783691,10.193780606835135,10.24918968390223,13.120484807646983,13.0,100.0,4.0,100.0,100.0,99.86631885255873,100.0,0.2857142857142857,2,100.0,100.0,100.0,0.1,1,0.3,P32_derived_Jv_proxy,1.3458908013381259,2.564834798474122,0.7864071955653008,1.0218526797357737,0.9117783463694534,1.01400390411951,13,2,1,12,0.9230769230769231,0.07692307692307693,7.0,0.2857142857142857,0.16552114081557115,0.2857142857142857,0.012732395447351627,0.15278874536821951,0.04588152360025388,0.037155259154067255,-0.008726264446186627,1,1,1,1,1,1,cases/granite_sparse_favorable.yaml,granite_sparse_favorable,uncertain,sparse,favorable,high
granite_sparse_favorable,45,30,30.5,Center,11.350097018122993,13.134358219194478,11.416214391468726,11.038389195314686,13.15642183747128,13.0,100.0,4.0,100.0,100.0,99.93315942627937,100.0,0.14285714285714285,1,100.0,100.0,100.0,0.0,0,0.3,P32_derived_Jv_proxy,1.324374954608594,2.5154891806783266,0.8142440752357023,1.0056215446230223,1.005825269443967,1.001679839845129,16,1,0,16,1.0,0.0,7.0,0.14285714285714285,0.20371832715762603,0.14285714285714285,0.0,0.20371832715762603,0.07891710886065706,0.03436200275328516,-0.0445551061073719,1,1,1,1,1,1,cases/granite_sparse_favorable.yaml,granite_sparse_favorable,uncertain,sparse,favorable,high
granite_sparse_favorable,45,40,40.5,Center,12.444029157405998,14.828439104530075,11.329096615364715,11.688521680800697,13.0,13.0,100.0,4.0,100.0,100.0,100.0,100.0,0.0,0,100.0,100.0,100.0,0.1,1,0.3,P32_derived_Jv_proxy,1.3,2.5,0.8311185198537709,0.9644582360670817,0.910404216517145,0.8766937577420749,20,0,0,20,1.0,0.0,7.0,0.0,0.25464790894703254,0.0,0.0,0.25464790894703254,0.0,0.05131678125997963,0.05131678125997963,1,1,1,1,1,1,cases/granite_sparse_favorable.yaml,granite_sparse_favorable,uncertain,sparse,favorable,high
granite_sparse_favorable,45,50,50.5,Center,9.905569022161991,11.549133974190287,9.191966181285526,9.03157537494638,13.0,13.0,100.0,4.0,100.0,100.0,100.0,100.0,0.0,0,100.0,100.0,100.0,0.0,0,0.3,P32_derived_Jv_proxy,1.3,2.5,0.732466821971432,1.1089999404300668,0.9279594297632067,1.125625525606688,13,0,0,13,1.0,0.0,7.0,0.0,0.16552114081557115,0.0,0.0,0.16552114081557115,0.0,0.03472168004681897,0.03472168004681897,1,1,1,1,1,1,cases/granite_sparse_favorable.yaml,granite_sparse_favorable,uncertain,sparse,favorable,high
granite_sparse_favorable,45,60,60.5,Center,12.722707216733548,14.615406695287229,14.309453881812017,14.904719441636257,13.0,13.0,100.0,4.0,100.0,100.0,100.0,100.0,0.0,0,100.0,100.0,100.0,0.0,0,0.3,P32_derived_Jv_proxy,1.3,2.5,0.8574356988982988,0.8192791170080463,1.124717690822241,0.8894723404578184,19,0,0,19,1.0,0.0,7.0,0.0,0.2419155134996809,0.0,0.0,0.2419155134996809,0.0,0.029932947342436234,0.029932947342436234,1,1,1,1,1,1,cases/granite_sparse_favorable.yaml,granite_sparse_favorable,uncertain,sparse,favorable,high
granite_sparse_favorable,45,70,70.5,Center,11.245581917559042,12.739657462972822,13.477064725268109,15.107061259314007,13.0,13.0,100.0,4.0,100.0,100.0,100.0,100.0,0.0,0,100.0,100.0,100.0,0.0,0,0.3,P32_derived_Jv_proxy,1.3,2.5,0.8045821584856107,0.8242635686462363,1.1984319552396654,1.0204355994487175,21,0,0,21,1.0,0.0,7.0,0.0,0.26738030439438415,0.0,0.0,0.26738030439438415,0.0,0.03013988672750534,0.03013988672750534,1,1,1,1,1,1,cases/granite_sparse_favorable.yaml,granite_sparse_favorable,uncertain,sparse,favorable,high
granite_sparse_favorable,45,80,80.5,Center,11.551571762015843,13.374326707537547,12.47984349368116,12.253332757354562,13.0,13.0,100.0,4.0,100.0,100.0,100.0,100.0,0.0,0,100.0,100.0,100.0,0.0,0,0.3,P32_derived_Jv_proxy,1.3,2.5,0.8794268317203574,1.0450010233410612,1.0803589113922734,0.9720115475176345,18,0,0,18,1.0,0.0,7.0,0.0,0.22918311805232927,0.0,0.0,0.22918311805232927,0.0,0.04028602432415951,0.04028602432415951,1,1,1,1,1,1,cases/granite_sparse_favorable.yaml,granite_sparse_favorable,uncertain,sparse,favorable,high
granite_sparse_favorable,46,10,10.5,Center,12.220289871909612,13.77862782515086,12.013568893579633,8.318766286986078,13.82721954548703,13.0,99.33332009965842,4.0,99.33332009965842,100.0,99.61598890532413,100.0,0.5714285714285714,4,100.0,100.0,100.0,0.0,0,0.3,P32_derived_Jv_proxy,1.4314215576822082,2.5670211557014917,0.7666835362820142,1.0016884208196255,0.9830837909332116,1.0035266008308514,24,4,1,23,0.9583333333333334,0.041666666666666664,7.0,0.5714285714285714,0.30557749073643903,0.5714285714285714,0.012732395447351627,0.2928450952890874,0.058604403050307896,0.03644668442009724,-0.022157718630210654,1,1,1,1,1,1,cases/granite_sparse_favorable.yaml,granite_sparse_favorable,uncertain,sparse,favorable,high
granite_sparse_favorable,46,20,20.5,Center,11.176696494519703,12.792590732174842,13.348184744698754,13.526091494043058,13.356349617887414,13.0,100.0,4.0,100.0,100.0,99.93315942627937,100.0,0.14285714285714285,1,100.0,100.0,100.0,0.1,1,0.3,P32_derived_Jv_proxy,1.322289604238131,2.4784675160228278,0.8286035153117532,0.854765021161679,1.194287126902283,1.0440691723447897,20,1,0,20,1.0,0.0,7.0,0.14285714285714285,0.25464790894703254,0.14285714285714285,0.0,0.25464790894703254,0.0016308829638861377,0.04377373183647515,0.04214284887258901,1,1,1,1,1,1,cases/granite_sparse_favorable.yaml,granite_sparse_favorable,uncertain,sparse,favorable,high
granite_sparse_favorable,46,30,30.5,Center,12.723590738454476,15.120462976228307,11.726283910574875,12.347549262060488,13.224384583195478,13.0,99.2882801121538,4.0,99.2882801121538,100.0,99.7496700527654,100.0,0.2857142857142857,2,100.0,100.0,100.0,0.1,1,0.3,P32_derived_Jv_proxy,1.3006373954922823,2.446664893323322,0.7972617615452214,0.9612002372652427,0.9216175018216011,0.8746018295859224,25,2,2,23,0.92,0.08,7.0,0.2857142857142857,0.3183098861837907,0.2857142857142857,0.025464790894703253,0.2928450952890874,0.027153965758470067,0.026366490764092587,-0.0007874749943774795,1,1,1,1,1,1,cases/granite_sparse_favorable.yaml,granite_sparse_favorable,uncertain,sparse,favorable,high
granite_sparse_favorable,46,40,40.5,Center,11.679198426928679,13.04219595851563,10.786179244999817,11.367268647892661,12.956869599046087,13.0,100.0,4.0,100.0,100.0,99.86631885255873,100.0,0.2857142857142857,2,100.0,100.0,100.0,0.0,0,0.3,P32_derived_Jv_proxy,1.2809051708483383,2.4751017592035027,0.7696400750471136,0.9967815167135692,0.9235376308129305,0.9934576692651338,16,2,1,15,0.9375,0.0625,7.0,0.2857142857142857,0.20371832715762603,0.2857142857142857,0.012732395447351627,0.1909859317102744,0.0960765199778506,0.03185999645702653,-0.06421652352082408,1,1,1,1,1,1,cases/granite_sparse_favorable.yaml,granite_sparse_favorable,uncertain,sparse,favorable,high
granite_sparse_favorable,46,50,50.5,Center,10.440709646133994,12.46068529097077,11.569996027682638,11.066228227190463,13.0,13.0,100.0,4.0,100.0,100.0,100.0,100.0,0.0,0,100.0,100.0,100.0,0.0,0,0.3,P32_derived_Jv_proxy,1.3,2.5,0.8183637498045371,0.9877254382166475,1.10816184146705,1.0432813040724194,17,0,0,17,1.0,0.0,7.0,0.0,0.21645072260497766,0.0,0.0,0.21645072260497766,0.0,0.02553811782466442,0.02553811782466442,1,1,1,1,1,1,cases/granite_sparse_favorable.yaml,granite_sparse_favorable,uncertain,sparse,favorable,high
granite_sparse_favorable,46,60,60.5,Center,10.191114076025777,12.100880678576745,10.650892403353494,10.428738267405981,12.9495741476049,13.0,100.0,4.0,100.0,100.0,99.93315942627937,100.0,0.14285714285714285,1,100.0,100.0,100.0,0.0,0,0.3,P32_derived_Jv_proxy,1.2986692116641323,2.5073372960337297,0.787488661642069,1.0035980915157732,1.0451156099223076,1.0701348514683457,13,1,0,13,1.0,0.0,7.0,0.14285714285714285,0.16552114081557115,0.14285714285714285,0.0,0.16552114081557115,0.03710758314344509,0.030221303633357843,-0.006886279510087245,1,1,1,1,1,1,cases/granite_sparse_favorable.yaml,granite_sparse_favorable,uncertain,sparse,favorable,high
granite_sparse_favorable,46,70,70.5,Center,11.448493387671496,12.918651534771383,11.2343341818719,10.510758337514114,13.0,13.0,100.0,4.0,100.0,100.0,100.0,100.0,0.0,0,100.0,100.0,100.0,0.0,0,0.3,P32_derived_Jv_proxy,1.3,2.5,0.7146177002593118,0.9068532265413864,0.9812936778187584,1.0062969780560813,16,0,0,16,1.0,0.0,7.0,0.0,0.20371832715762603,0.0,0.0,0.20371832715762603,0.0,0.06024135161575073,0.06024135161575073,1,1,1,1,1,1,cases/granite_sparse_favorable.yaml,granite_sparse_favorable,uncertain,sparse,favorable,high
granite_sparse_favorable,46,80,80.5,Center,12.451463170825456,14.40634960676701,13.14848375904586,9.300645734884815,13.0,13.0,100.0,4.0,100.0,100.0,100.0,100.0,0.0,0,100.0,100.0,100.0,0.0,0,0.3,P32_derived_Jv_proxy,1.3,2.5,0.7375062092815164,0.8095538025499626,1.055979010551432,0.9023798779597564,15,0,0,15,1.0,0.0,7.0,0.0,0.1909859317102744,0.0,0.0,0.1909859317102744,0.0,0.04644957799775673,0.04644957799775673,1,1,1,1,1,1,cases/granite_sparse_favorable.yaml,granite_sparse_favorable,uncertain,sparse,favorable,high
granite_sparse_favorable,47,10,10.5,Center,12.016252480284676,13.448241715254456,9.164041164237053,8.990798131854797,11.978307000661447,13.0,97.52957514725865,4.0,97.52957514725865,100.0,99.54914833160352,99.53211598395555,0.7142857142857143,5,100.0,100.0,100.0,0.0,0,0.3,P32_derived_Jv_proxy,1.2657710949765597,2.6162608207855342,0.8315322117238769,1.1340326726109884,0.7626372015129254,0.890696884714256,22,5,2,20,0.9090909090909091,0.09090909090909091,7.0,0.7142857142857143,0.2801126998417358,0.7142857142857143,0.025464790894703253,0.25464790894703254,0.044846290935090516,0.035673535510705956,-0.00917275542438456,0,1,1,1,1,1,cases/granite_sparse_favorable.yaml,granite_sparse_favorable,uncertain,sparse,favorable,high
granite_sparse_favorable,47,20,20.5,Center,10.505770178558313,12.983773137228994,10.857381650205541,8.103677543447107,11.998993421252633,13.0,99.25679098636203,4.0,99.25679098636203,100.0,99.86631885255873,100.0,0.2857142857142857,2,100.0,100.0,100.0,0.0,0,0.3,P32_derived_Jv_proxy,1.2172923265410613,2.527110774244624,0.819203616474043,1.099955981099678,1.0334684145637267,0.924153040447645,21,2,1,20,0.9523809523809523,0.047619047619047616,7.0,0.2857142857142857,0.26738030439438415,0.2857142857142857,0.012732395447351627,0.25464790894703254,0.025989447161641976,0.034793650995657344,0.008804203834015367,1,1,1,1,1,1,cases/granite_sparse_favorable.yaml,granite_sparse_favorable,uncertain,sparse,favorable,high
granite_sparse_favorable,47,30,30.5,Center,10.39932432725478,11.946147269368947,11.065609779083442,9.789901366794101,13.671755884813797,13.0,99.8075503987354,4.0,99.8075503987354,100.0,99.73263770511747,99.53211598395555,0.5714285714285714,4,100.0,100.0,100.0,0.0,0,0.3,P32_derived_Jv_proxy,1.2963361074611792,2.3665150090967564,0.7184833609217793,0.9753002153924862,1.0640700713682374,1.1444489655564078,18,4,2,16,0.8888888888888888,0.1111111111111111,7.0,0.5714285714285714,0.22918311805232927,0.5714285714285714,0.025464790894703253,0.20371832715762603,0.024155441471323313,0.030743329569030697,0.006587888097707384,1,1,1,1,1,1,cases/granite_sparse_favorable.yaml,granite_sparse_favorable,uncertain,sparse,favorable,high
granite_sparse_favorable,47,40,40.5,Center,10.921097920709753,12.364186028483088,11.40708770608488,12.814752980217893,12.557646387790609,13.0,99.110296665605,4.0,99.110296665605,100.0,99.7496700527654,100.0,0.2857142857142857,2,100.0,100.0,100.0,0.0,0,0.3,P32_derived_Jv_proxy,1.2823314759858515,2.5406448119604126,0.8291184761673813,1.040244918896443,1.0445000849643093,1.0156468334318045,22,2,1,21,0.9545454545454546,0.045454545454545456,7.0,0.2857142857142857,0.2801126998417358,0.2857142857142857,0.012732395447351627,0.26738030439438415,0.07828777904859563,0.04611263831643453,-0.0321751407321611,1,1,1,1,1,1,cases/granite_sparse_favorable.yaml,granite_sparse_favorable,uncertain,sparse,favorable,high
granite_sparse_favorable,47,50,50.5,Center,12.867251955476346,14.757261253064772,13.285741859252457,11.218594812574532,12.837447592979094,13.0,100.0,4.0,100.0,100.0,99.93315942627937,100.0,0.14285714285714285,1,100.0,100.0,100.0,0.0,0,0.3,P32_derived_Jv_proxy,1.347311055413472,2.6339689398761044,0.8667482388836127,0.9429325330905892,1.0325236425947188,0.8699071848655541,13,1,0,13,1.0,0.0,7.0,0.14285714285714285,0.16552114081557115,0.14285714285714285,0.0,0.16552114081557115,0.07972991358950898,0.0325602363442723,-0.047169677245236685,1,1,1,1,1,1,cases/granite_sparse_favorable.yaml,granite_sparse_favorable,uncertain,sparse,favorable,high
granite_sparse_favorable,47,60,60.5,Center,11.51377065942294,13.267925858558275,9.478372069403823,9.203087298950864,13.199591288100736,13.0,100.0,4.0,100.0,100.0,99.93315942627937,100.0,0.14285714285714285,1,100.0,100.0,100.0,0.0,0,0.3,P32_derived_Jv_proxy,1.303557595621897,2.4715194574957815,0.8118322372390778,1.2371106640207947,0.8232205026288817,0.9948496418214863,18,1,1,17,0.9444444444444444,0.05555555555555555,7.0,0.14285714285714285,0.22918311805232927,0.14285714285714285,0.012732395447351627,0.21645072260497766,0.032581376707795484,0.03706066808819797,0.004479291380402484,1,1,1,1,1,1,cases/granite_sparse_favorable.yaml,granite_sparse_favorable,uncertain,sparse,favorable,high
granite_sparse_favorable,47,70,70.5,Center,11.134918982839675,13.51347942014343,11.501322330181555,9.274553346329256,12.909412318920001,13.0,100.0,4.0,100.0,100.0,99.93315942627937,100.0,0.14285714285714285,1,100.0,100.0,100.0,0.1,1,0.3,P32_derived_Jv_proxy,1.2975296268606022,2.5133196983312827,0.8361728848092417,1.0720236138734187,1.0329057937382888,0.9552989217326964,19,1,0,19,1.0,0.0,7.0,0.14285714285714285,0.2419155134996809,0.14285714285714285,0.0,0.2419155134996809,0.01238218101326194,0.040473166806193284,0.028090985792931344,1,1,1,1,1,1,cases/granite_sparse_favorable.yaml,granite_sparse_favorable,uncertain,sparse,favorable,high
granite_sparse_favorable,47,80,80.5,Center,10.940149068727308,13.060210410892166,10.21379544768628,10.16427268644264,12.87646598440023,13.0,99.81101860123694,4.0,99.81101860123694,100.0,99.7496700527654,100.0,0.2857142857142857,2,100.0,100.0,100.0,0.0,0,0.3,P32_derived_Jv_proxy,1.2684088123491506,2.4561677486071387,0.8277898581244975,1.1237058604924062,0.9336066065939331,0.9859309750217582,23,2,1,22,0.9565217391304348,0.043478260869565216,7.0,0.2857142857142857,0.2928450952890874,0.2857142857142857,0.012732395447351627,0.2801126998417358,0.06627861330748153,0.04435931701049223,-0.0219192962969893,1,1,1,1,1,1,cases/granite_sparse_favorable.yaml,granite_sparse_favorable,uncertain,sparse,favorable,high
granite_sparse_favorable,48,10,10.5,Center,10.415547259835336,12.372724101924721,11.78809436741931,10.217993943690987,12.957837803005598,13.0,100.0,4.0,100.0,100.0,99.61598890532414,100.0,0.5714285714285714,4,100.0,100.0,100.0,0.0,0,0.3,P32_derived_Jv_proxy,1.2573958054630139,2.598729387576749,0.8248837140900633,0.9522725464488841,1.1317786836680988,1.0472906125005936,23,4,3,20,0.8695652173913043,0.13043478260869565,7.0,0.5714285714285714,0.2928450952890874,0.5714285714285714,0.03819718634205488,0.25464790894703254,0.05484416098976541,0.03828996343875657,-0.016554197551008842,1,1,1,1,1,1,cases/granite_sparse_favorable.yaml,granite_sparse_favorable,uncertain,sparse,favorable,high
granite_sparse_favorable,48,20,20.5,Center,11.64657144677285,13.275934393526628,11.93432301075242,11.437234224989927,13.813498049561845,13.0,98.2885079262496,4.0,98.2885079262496,100.0,99.43249953181018,100.0,0.7142857142857143,5,100.0,100.0,100.0,0.0,0,0.3,P32_derived_Jv_proxy,1.352994031006476,2.4088590085236024,0.7998423713662136,1.0167205954901573,1.0247069762371401,1.040491587266154,24,5,3,21,0.875,0.125,7.0,0.7142857142857143,0.30557749073643903,0.7142857142857143,0.03819718634205488,0.26738030439438415,0.04993356670837967,0.03667580721003194,-0.013257759498347732,1,1,1,1,1,1,cases/granite_sparse_favorable.yaml,granite_sparse_favorable,uncertain,sparse,favorable,high
granite_sparse_favorable,48,30,30.5,Center,13.065094843604493,14.956199166205453,10.419985885133517,9.484073998035997,12.95668429768567,13.0,98.57309200738858,4.0,98.57309200738858,100.0,99.61598890532414,100.0,0.5714285714285714,4,100.0,100.0,100.0,0.1,1,0.3,P32_derived_Jv_proxy,1.2375847011433085,2.3440287666966713,0.8048841485889537,1.0703939749864075,0.7975438379794245,0.8663086225116725,16,4,2,14,0.875,0.125,7.0,0.5714285714285714,0.20371832715762603,0.5714285714285714,0.025464790894703253,0.17825353626292278,0.04119309203485377,0.032672981269199264,-0.00852011076565451,0,1,1,1,1,1,cases/granite_sparse_favorable.yaml,granite_sparse_favorable,uncertain,sparse,favorable,high
granite_sparse_favorable,48,40,40.5,Center,12.349764733656993,14.335382595664582,13.330750260637588,13.14253533187615,14.808666861082376,13.0,99.41551879493252,4.0,99.41551879493252,100.0,99.68282947904478,100.0,0.42857142857142855,3,100.0,100.0,100.0,0.0,0,0.3,P32_derived_Jv_proxy,1.2839861849155523,2.2754195784558275,0.7875583548730196,0.9418390975530702,1.0794335396776507,1.0330151122412965,19,3,3,16,0.8421052631578947,0.15789473684210525,7.0,0.42857142857142855,0.2419155134996809,0.42857142857142855,0.03819718634205488,0.20371832715762603,0.03185299672026021,0.03905015154465752,0.007197154824397312,1,1,1,1,1,1,cases/granite_sparse_favorable.yaml,granite_sparse_favorable,uncertain,sparse,favorable,high
granite_sparse_favorable,48,50,50.5,Center,10.388791477153712,12.510144585001706,9.592854525759234,10.226392074786911,13.38094522388818,13.0,99.63732782811374,4.0,99.63732782811374,100.0,99.93315942627937,100.0,0.14285714285714285,1,100.0,100.0,100.0,0.1,1,0.3,P32_derived_Jv_proxy,1.341256723828881,2.4958511728141515,0.767523369166922,1.1095839766507354,0.9233850296114957,1.0696075599262431,20,1,0,20,1.0,0.0,7.0,0.14285714285714285,0.25464790894703254,0.14285714285714285,0.0,0.25464790894703254,0.08292226760706067,0.0226840368784208,-0.060238230728639874,1,1,1,1,1,1,cases/granite_sparse_favorable.yaml,granite_sparse_favorable,uncertain,sparse,favorable,high
granite_sparse_favorable,48,60,60.5,Center,12.017638461106007,14.379482412294193,9.591397205684988,8.90276455896673,12.547680491030208,13.0,99.79303656829231,4.0,99.79303656829231,100.0,99.93315942627937,100.0,0.14285714285714285,1,100.0,100.0,100.0,0.2,2,0.3,P32_derived_Jv_proxy,1.288111669515699,2.5783660484475233,0.8021782042711498,1.0979377283755933,0.7981099811520103,0.872610023869995,19,1,0,19,1.0,0.0,7.0,0.14285714285714285,0.2419155134996809,0.14285714285714285,0.0,0.2419155134996809,0.000540039028687489,0.029782153535341083,0.029242114506653594,0,1,1,1,1,1,cases/granite_sparse_favorable.yaml,granite_sparse_favorable,uncertain,sparse,favorable,high
granite_sparse_favorable,48,70,70.5,Center,9.744222956974562,11.780602014798037,9.196305895559082,9.19835571243842,14.2702200942861,13.0,100.0,4.0,100.0,100.0,99.79947827883811,100.0,0.42857142857142855,3,100.0,100.0,100.0,0.0,0,0.3,P32_derived_Jv_proxy,1.430404966770768,2.5089972423330202,0.7591455424399571,1.1964933311168784,0.943770061108536,1.2113319910443257,25,3,1,24,0.96,0.04,7.0,0.42857142857142855,0.3183098861837907,0.42857142857142855,0.012732395447351627,0.30557749073643903,0.053401417220991676,0.03673151660028717,-0.016669900620704503,1,1,1,1,1,1,cases/granite_sparse_favorable.yaml,granite_sparse_favorable,uncertain,sparse,favorable,high
granite_sparse_favorable,48,80,80.5,Center,11.070022632513245,12.886113583864185,8.852820205004504,8.753607856629001,12.901643293540376,13.0,98.45954300230312,4.0,98.45954300230312,100.0,99.33865723664779,100.0,0.7142857142857143,5,100.0,100.0,100.0,0.1,1,0.3,P32_derived_Jv_proxy,1.2661895275893904,2.4304267264848414,0.7879303546949652,1.166426211814707,0.7997111206442613,1.0012051507675392,21,5,1,20,0.9523809523809523,0.047619047619047616,7.0,0.7142857142857143,0.26738030439438415,0.7142857142857143,0.012732395447351627,0.25464790894703254,0.024735411847234046,0.03210624034118026,0.007370828493946213,0,1,1,1,1,1,cases/granite_sparse_favorable.yaml,granite_sparse_favorable,uncertain,sparse,favorable,high
granite_sparse_favorable,49,10,10.5,Center,9.749274458559587,11.795487426244849,10.413790978971779,11.116015399604752,12.394576415102543,13.0,100.0,4.0,100.0,100.0,99.93315942627937,100.0,0.14285714285714285,1,100.0,100.0,100.0,0.0,0,0.3,P32_derived_Jv_proxy,1.263841682533128,2.569572996698978,0.7691105050920306,0.9403233742878602,1.0681606126934673,1.0507896763574796,24,1,1,23,0.9583333333333334,0.041666666666666664,7.0,0.14285714285714285,0.30557749073643903,0.14285714285714285,0.012732395447351627,0.2928450952890874,0.003304963606827638,0.026667725540386544,0.023362761933558907,1,1,1,1,1,1,cases/granite_sparse_favorable.yaml,granite_sparse_favorable,uncertain,sparse,favorable,high
granite_sparse_favorable,49,20,20.5,Center,10.16679674767469,11.875632063575082,13.240954898182565,13.729939979638338,13.0,13.0,100.0,4.0,100.0,100.0,100.0,100.0,0.0,0,100.0,100.0,100.0,0.0,0,0.3,P32_derived_Jv_proxy,1.3,2.5,0.849321811699394,0.9947213720145752,1.3023723427156135,1.0946785762985682,24,0,0,24,1.0,0.0,7.0,0.0,0.30557749073643903,0.0,0.0,0.30557749073643903,0.0,0.04710787636490199,0.04710787636490199,0,1,1,1,1,1,cases/granite_sparse_favorable.yaml,granite_sparse_favorable,uncertain,sparse,favorable,high
granite_sparse_favorable,49,30,30.5,Center,10.356022255460909,12.773327582891476,13.702808268896309,14.325015116820245,14.044259931995967,13.0,100.0,4.0,100.0,100.0,99.93315942627937,100.0,0.14285714285714285,1,100.0,100.0,100.0,0.0,0,0.3,P32_derived_Jv_proxy,1.3210256006522716,2.3973398157860446,0.8510089040231382,0.9449752299402078,1.3231729259437022,1.0994989238987944,24,1,0,24,1.0,0.0,7.0,0.14285714285714285,0.30557749073643903,0.14285714285714285,0.0,0.30557749073643903,0.02335203387097684,0.037104078955428776,0.013752045084451936,0,1,1,1,1,1,cases/granite_sparse_favorable.yaml,granite_sparse_favorable,uncertain,sparse,favorable,high
granite_sparse_favorable,49,40,40.5,Center,11.761558331074852,13.906412820658726,11.03230636461831,10.714627583158771,13.0,13.0,100.0,4.0,100.0,100.0,100.0,100.0,0.0,0,100.0,100.0,100.0,0.1,1,0.3,P32_derived_Jv_proxy,1.3,2.5,0.8137247045740205,0.9755195898514384,0.9379969944518486,0.934820515373152,20,0,0,20,1.0,0.0,7.0,0.0,0.25464790894703254,0.0,0.0,0.25464790894703254,0.0,0.027548219197578105,0.027548219197578105,1,1,1,1,1,1,cases/granite_sparse_favorable.yaml,granite_sparse_favorable,uncertain,sparse,favorable,high
granite_sparse_favorable,49,50,50.5,Center,11.35620077384807,13.215653852073356,11.32687216416131,10.64752734410942,13.0,13.0,100.0,4.0,100.0,100.0,100.0,100.0,0.0,0,100.0,100.0,100.0,0.0,0,0.3,P32_derived_Jv_proxy,1.3,2.5,0.8329329341064164,1.0006301870681273,0.9974173924650663,0.983681938518727,22,0,0,22,1.0,0.0,7.0,0.0,0.2801126998417358,0.0,0.0,0.2801126998417358,0.0,0.036569641714317425,0.036569641714317425,1,1,1,1,1,1,cases/granite_sparse_favorable.yaml,granite_sparse_favorable,uncertain,sparse,favorable,high
granite_sparse_favorable,49,60,60.5,Center,11.62048520389451,13.089732922218555,10.32239431845878,10.089587786208027,12.989756388269026,13.0,100.0,4.0,100.0,100.0,99.93315942627937,100.0,0.14285714285714285,1,100.0,100.0,100.0,0.0,0,0.3,P32_derived_Jv_proxy,1.3105795278733194,2.522438939743472,0.7673141075131426,1.0711784664713686,0.8882928842764082,0.9923622174307446,14,1,1,13,0.9285714285714286,0.07142857142857142,7.0,0.14285714285714285,0.17825353626292278,0.14285714285714285,0.012732395447351627,0.16552114081557115,0.02995560335443148,0.03390696320996012,0.0039513598555286356,1,1,1,1,1,1,cases/granite_sparse_favorable.yaml,granite_sparse_favorable,uncertain,sparse,favorable,high
granite_sparse_favorable,49,70,70.5,Center,12.038122985286403,13.166153661796447,13.091608100805123,12.263966446100946,13.0,13.0,100.0,4.0,100.0,100.0,100.0,100.0,0.0,0,100.0,100.0,100.0,0.0,0,0.3,P32_derived_Jv_proxy,1.3,2.5,0.7601050585352687,0.8801099366306078,1.0875124067768989,0.9873802428511399,20,0,0,20,1.0,0.0,7.0,0.0,0.25464790894703254,0.0,0.0,0.25464790894703254,0.0,0.043093935901328706,0.043093935901328706,1,1,1,1,1,1,cases/granite_sparse_favorable.yaml,granite_sparse_favorable,uncertain,sparse,favorable,high
granite_sparse_favorable,49,80,80.5,Center,10.853183133720261,12.768050171699983,10.734863158961499,10.176642112035081,13.0,13.0,100.0,4.0,100.0,100.0,100.0,100.0,0.0,0,100.0,100.0,100.0,0.0,0,0.3,P32_derived_Jv_proxy,1.3,2.5,0.7874232425535401,1.0253224805356316,0.9890981315526549,1.0181664251926366,18,0,0,18,1.0,0.0,7.0,0.0,0.22918311805232927,0.0,0.0,0.22918311805232927,0.0,0.03515806962673429,0.03515806962673429,1,1,1,1,1,1,cases/granite_sparse_favorable.yaml,granite_sparse_favorable,uncertain,sparse,favorable,high
granite_sparse_favorable,50,10,10.5,Center,11.751308576606169,13.639469564604413,7.755344177862747,8.645522632585836,11.412658014565233,13.0,98.58671550456782,4.0,98.58671550456782,100.0,99.61598890532413,100.0,0.5714285714285714,4,100.0,100.0,100.0,0.0,0,0.3,P32_derived_Jv_proxy,1.210088326692922,2.6970933950418243,0.7990046882232779,1.2439277892950458,0.6599557936297955,0.8367376722759112,19,4,1,18,0.9473684210526315,0.05263157894736842,7.0,0.5714285714285714,0.2419155134996809,0.5714285714285714,0.012732395447351627,0.22918311805232927,0.023075710977738195,0.034265568817920755,0.01118985784018256,0,0,1,1,1,1,cases/granite_sparse_favorable.yaml,granite_sparse_favorable,uncertain,sparse,favorable,high
granite_sparse_favorable,50,20,20.5,Center,12.462746468563868,14.375807282528827,10.782640807871056,10.893773739685976,13.496836876017097,13.0,98.5952915802131,4.0,98.5952915802131,100.0,99.93315942627937,100.0,0.14285714285714285,1,100.0,100.0,100.0,0.0,0,0.3,P32_derived_Jv_proxy,1.3678863787522424,2.4897836266093356,0.8092280787054913,1.0432524595679455,0.8651897745869481,0.9388576662696391,23,1,0,23,1.0,0.0,7.0,0.14285714285714285,0.2928450952890874,0.14285714285714285,0.0,0.2928450952890874,0.00540982741615903,0.04012810831991909,0.03471828090376006,1,1,1,1,1,1,cases/granite_sparse_favorable.yaml,granite_sparse_favorable,uncertain,sparse,favorable,high
granite_sparse_favorable,50,30,30.5,Center,10.878792887766439,12.767473621766163,10.57860802678168,9.342704985348474,14.19705165917989,13.0,100.0,4.0,100.0,100.0,99.86631885255873,100.0,0.2857142857142857,2,100.0,100.0,100.0,0.0,0,0.3,P32_derived_Jv_proxy,1.4029833477172426,2.4796623433236755,0.7919063224720547,1.1069557459213057,0.9724064182412806,1.1119703145481,19,2,1,18,0.9473684210526315,0.05263157894736842,7.0,0.2857142857142857,0.2419155134996809,0.2857142857142857,0.012732395447351627,0.22918311805232927,0.04063854305670478,0.041971727461270425,0.001333184404565646,1,1,1,1,1,1,cases/granite_sparse_favorable.yaml,granite_sparse_favorable,uncertain,sparse,favorable,high
granite_sparse_favorable,50,40,40.5,Center,10.940090756578385,13.413352018866352,12.897828553702594,11.990159123109004,13.0,13.0,100.0,4.0,100.0,100.0,100.0,100.0,0.0,0,100.0,100.0,100.0,0.0,0,0.3,P32_derived_Jv_proxy,1.3,2.5,0.8383296847423095,0.9074568225639893,1.1789507820990426,0.9691835405285004,24,0,0,24,1.0,0.0,7.0,0.0,0.30557749073643903,0.0,0.0,0.30557749073643903,0.0,0.028069648039129702,0.028069648039129702,1,1,1,1,1,1,cases/granite_sparse_favorable.yaml,granite_sparse_favorable,uncertain,sparse,favorable,high
granite_sparse_favorable,50,50,50.5,Center,10.539756069759388,12.81301796853762,9.811438897419409,7.866017840844916,12.296949516350367,13.0,100.0,4.0,100.0,100.0,99.93315942627937,100.0,0.14285714285714285,1,100.0,100.0,100.0,0.0,0,0.3,P32_derived_Jv_proxy,1.2391955160168533,2.529400235074092,0.8204860435607261,1.1839512304140811,0.9308980997738967,0.9597231149246446,23,1,0,23,1.0,0.0,7.0,0.14285714285714285,0.2928450952890874,0.14285714285714285,0.0,0.2928450952890874,0.05999001364507017,0.03776610380645884,-0.022223909838611333,1,1,1,1,1,1,cases/granite_sparse_favorable.yaml,granite_sparse_favorable,uncertain,sparse,favorable,high
granite_sparse_favorable,50,60,60.5,Center,10.853813817228712,13.614803786265501,11.840555530148551,9.403777231543431,12.133002149374764,13.0,99.37525704788176,4.0,99.37525704788176,100.0,99.86631885255873,100.0,0.2857142857142857,2,99.70692967159603,100.0,99.70692967159603,0.1,1,0.3,P32_derived_Jv_proxy,1.2451859221343287,2.5619916304443895,0.8326383737874927,0.983819165047113,1.0909119807595689,0.8911624684311965,20,2,1,19,0.95,0.05,7.0,0.2857142857142857,0.25464790894703254,0.2857142857142857,0.012732395447351627,0.2419155134996809,0.04700374332675539,0.030041093649574746,-0.01696264967718064,1,1,1,1,1,1,cases/granite_sparse_favorable.yaml,granite_sparse_favorable,uncertain,sparse,favorable,high
granite_sparse_favorable,50,70,70.5,Center,10.901980383153846,12.786102331347141,13.176752316603908,12.333792730078676,12.858580025836167,13.0,98.91983685258465,4.0,98.91983685258465,100.0,99.79947827883811,100.0,0.42857142857142855,3,100.0,100.0,100.0,0.0,0,0.3,P32_derived_Jv_proxy,1.254322318600732,2.473511909914938,0.7934334333627714,0.8416164724672145,1.2086567626708562,1.0056684744585014,23,3,2,21,0.9130434782608695,0.08695652173913043,7.0,0.42857142857142855,0.2928450952890874,0.42857142857142855,0.025464790894703253,0.26738030439438415,0.06366221052193621,0.04993239989337428,-0.013729810628561934,1,1,1,1,1,1,cases/granite_sparse_favorable.yaml,granite_sparse_favorable,uncertain,sparse,favorable,high
granite_sparse_favorable,50,80,80.5,Center,13.33745245622882,15.204248506677333,11.347835609205879,8.2502044085099,12.96284127808747,13.0,100.0,4.0,100.0,100.0,99.86631885255873,100.0,0.2857142857142857,2,100.0,100.0,100.0,0.0,0,0.3,P32_derived_Jv_proxy,1.2137944572073598,2.3449386544708903,0.726353616796915,0.9847721818928779,0.8508248217901795,0.8525802029869815,17,2,2,15,0.8823529411764706,0.11764705882352941,7.0,0.2857142857142857,0.21645072260497766,0.2857142857142857,0.025464790894703253,0.1909859317102744,0.04510342633430242,0.028355598912142677,-0.016747827422159745,1,1,1,1,1,1,cases/granite_sparse_favorable.yaml,granite_sparse_favorable,uncertain,sparse,favorable,high
granite_sparse_favorable,51,10,10.5,Center,11.282605226127767,12.274498455209853,16.24477854893912,14.857113061479732,12.74976633567117,13.0,99.08364211811131,4.0,99.08364211811131,100.0,99.93315942627937,100.0,0.14285714285714285,1,100.0,100.0,100.0,0.0,0,0.3,P32_derived_Jv_proxy,1.2936851942638945,2.5160044864057034,0.8399892687470744,0.698837378076231,1.4398074047047367,1.0387199429936456,12,1,0,12,1.0,0.0,7.0,0.14285714285714285,0.15278874536821951,0.14285714285714285,0.0,0.15278874536821951,0.023534528836861357,0.03198798437997852,0.008453455543117161,0,1,1,1,1,1,cases/granite_sparse_favorable.yaml,granite_sparse_favorable,uncertain,sparse,favorable,high
granite_sparse_favorable,51,20,20.5,Center,11.831957147580201,12.905021821449285,13.793181002989533,15.14164714595067,13.0,13.0,100.0,4.0,100.0,100.0,100.0,100.0,0.0,0,100.0,100.0,100.0,0.0,0,0.3,P32_derived_Jv_proxy,1.3,2.5,0.7516677018140919,0.8005115847696642,1.165756504266112,1.0073597844207325,20,0,0,20,1.0,0.0,7.0,0.0,0.25464790894703254,0.0,0.0,0.25464790894703254,0.0,0.041921680082814605,0.041921680082814605,1,1,1,1,1,1,cases/granite_sparse_favorable.yaml,granite_sparse_favorable,uncertain,sparse,favorable,high
granite_sparse_favorable,51,30,30.5,Center,10.451085518917383,12.678876120209267,12.34451170088808,9.878044350873957,13.54850453180684,13.0,100.0,4.0,100.0,100.0,99.93315942627937,100.0,0.14285714285714285,1,100.0,100.0,100.0,0.0,0,0.3,P32_derived_Jv_proxy,1.357246248767673,2.5035568025679815,0.8285797027245974,1.0148563614281834,1.1811702888224798,1.0685887616025718,13,1,0,13,1.0,0.0,7.0,0.14285714285714285,0.16552114081557115,0.14285714285714285,0.0,0.16552114081557115,0.06020846890011955,0.03988155877428645,-0.020326910125833098,1,1,1,1,1,1,cases/granite_sparse_favorable.yaml,granite_sparse_favorable,uncertain,sparse,favorable,high
granite_sparse_favorable,51,40,40.5,Center,10.869845676159887,12.998959152294457,13.632783374991108,12.32838579898669,11.625397487117217,13.0,99.40497041333882,4.0,99.40497041333882,100.0,99.86631885255873,100.0,0.2857142857142857,2,100.0,100.0,100.0,0.0,0,0.3,P32_derived_Jv_proxy,1.202024973239671,2.6264535179182182,0.7506282870795209,0.7209151212181115,1.25418370979185,0.8943329501166414,17,2,1,16,0.9411764705882353,0.058823529411764705,7.0,0.2857142857142857,0.21645072260497766,0.2857142857142857,0.012732395447351627,0.20371832715762603,0.043335428459501446,0.03333605000581774,-0.009999378453683705,0,1,1,1,1,1,cases/granite_sparse_favorable.yaml,granite_sparse_favorable,uncertain,sparse,favorable,high
granite_sparse_favorable,51,50,50.5,Center,10.619685760013292,12.7556080405906,7.760086111393988,7.049956682444411,12.614808025264221,13.0,98.85203339801436,4.0,98.85203339801436,100.0,99.86631885255873,100.0,0.2857142857142857,2,100.0,100.0,100.0,0.0,0,0.3,P32_derived_Jv_proxy,1.2591673070652014,2.528259960008568,0.7422939160130672,1.222687149840396,0.7307265287089131,0.9889617166913307,26,2,1,25,0.9615384615384616,0.038461538461538464,7.0,0.2857142857142857,0.3310422816311423,0.2857142857142857,0.012732395447351627,0.3183098861837907,0.039870891715693135,0.03665047224747364,-0.003220419468219493,0,1,1,1,1,1,cases/granite_sparse_favorable.yaml,granite_sparse_favorable,uncertain,sparse,favorable,high
granite_sparse_favorable,51,60,60.5,Center,11.46129493756488,13.49816924329782,18.98309428454317,19.914489719944875,13.763188655399116,13.0,100.0,4.0,100.0,100.0,99.7496700527654,100.0,0.2857142857142857,2,100.0,100.0,100.0,0.0,0,0.3,P32_derived_Jv_proxy,1.3272883201380654,2.4331729249208602,0.8449114449754581,0.6844096127961086,1.6562783165386727,1.0196337301247638,26,2,1,25,0.9615384615384616,0.038461538461538464,7.0,0.2857142857142857,0.3310422816311423,0.2857142857142857,0.012732395447351627,0.3183098861837907,0.06180610134734432,0.03376732825435502,-0.0280387730929893,0,0,1,1,1,1,cases/granite_sparse_favorable.yaml,granite_sparse_favorable,uncertain,sparse,favorable,high
granite_sparse_favorable,51,70,70.5,Center,10.412212702609068,11.426333986976815,11.623173278261378,9.73790555505309,13.773504728250616,13.0,100.0,4.0,100.0,100.0,99.93315942627937,100.0,0.14285714285714285,1,100.0,100.0,100.0,0.0,0,0.3,P32_derived_Jv_proxy,1.3250285439888494,2.4289665280155908,0.8919132994352862,1.1089419327464858,1.1163019437116253,1.2054176557370888,18,1,1,17,0.9444444444444444,0.05555555555555555,7.0,0.14285714285714285,0.22918311805232927,0.14285714285714285,0.012732395447351627,0.21645072260497766,0.023016645252869172,0.04345244451432484,0.020435799261455667,1,1,1,1,1,1,cases/granite_sparse_favorable.yaml,granite_sparse_favorable,uncertain,sparse,favorable,high
granite_sparse_favorable,51,80,80.5,Center,12.2742379196809,13.881278628119471,11.808719413956073,12.067399500045699,13.0,13.0,100.0,4.0,100.0,100.0,100.0,100.0,0.0,0,100.0,100.0,100.0,0.0,0,0.3,P32_derived_Jv_proxy,1.3,2.5,0.779064432407465,0.9027734722884271,0.9620735308561683,0.9365131518695796,19,0,0,19,1.0,0.0,7.0,0.0,0.2419155134996809,0.0,0.0,0.2419155134996809,0.0,0.0415333947342994,0.0415333947342994,1,1,1,1,1,1,cases/granite_sparse_favorable.yaml,granite_sparse_favorable,uncertain,sparse,favorable,high
