case_name,seed,face_x_idx,face_x_coord,Q_face_mean,Q_face_median,Qp_face_mean,Qp_face_median,Q_borehole_mean,Qp_borehole_mean,Q_ratio,Q_difference,Q_log_ratio,Qp_ratio,Qp_difference,face_joints_count,face_rqd_practical,face_rqd_mean,face_rqd_min_dir,RQD_borehole_direct,RQD_borehole_hudson,lambda_borehole,borehole_n_intersections_total,RQD_face_scanline,lambda_face_scanline,RQD_face_scanline_hudson,face_scanline_n_intersections,Jv_face,Jv_method,RQD_face_jv,RQD_face_conservative,RQD_diff_bh_direct_minus_face_scanline,RQD_diff_bh_hudson_minus_face_scanline,RQD_diff_bh_direct_minus_face_jv,RQD_diff_bh_hudson_minus_face_jv,RQD_absdiff_bh_direct_face_scanline,RQD_absdiff_bh_hudson_face_scanline,RQD_absdiff_bh_direct_face_jv,RQD_absdiff_bh_hudson_face_jv,face_joint_count,bh_union_fracture_count,common_union_fracture_count,missed_union_fracture_count,miss_ratio_union,detection_ratio_union,face_area,window_length,face_fracture_density,bh_fracture_frequency_mean,bh_union_fracture_frequency,common_fracture_density,missed_fracture_density,face_orientation_bias,bh_union_orientation_bias,orientation_bias_gap,Q_match_strict,Q_match_normal,Q_match_loose,Qp_match_strict,Qp_match_normal,Qp_match_loose,face_RQD_mean,face_RQD_median,face_RQD_std,face_RQD_min,face_RQD_max,face_RQD_n_points,face_Jn_mean,face_Jn_median,face_Jn_std,face_Jn_min,face_Jn_max,face_Jn_n_points,face_Jr_mean,face_Jr_median,face_Jr_std,face_Jr_min,face_Jr_max,face_Jr_n_points,face_Ja_mean,face_Ja_median,face_Ja_std,face_Ja_min,face_Ja_max,face_Ja_n_points,face_Jw_mean,face_Jw_median,face_Jw_std,face_Jw_min,face_Jw_max,face_Jw_n_points,face_SRF_mean,face_SRF_median,face_SRF_std,face_SRF_min,face_SRF_max,face_SRF_n_points,face_Q_mean,face_Q_median,face_Q_std,face_Q_min,face_Q_max,face_Q_n_points,face_Qprime_mean,face_Qprime_median,face_Qprime_std,face_Qprime_min,face_Qprime_max,face_Qprime_n_points
granite_medium,42,10,10.5,15.85490196635796,14.723106039888297,18.32494518754669,18.32494518754669,15.898767088730368,17.33929271282378,1.0027666599557339,0.04386512237240758,0.0011998860780073617,0.9462125280793342,-0.9856524747229081,83,99.80581347465449,99.80581347465449,99.80581347465449,97.49384993280182,98.72134854238526,1.2857142857142858,9,99.80581347465449,0.7,99.76613872993647,7,1.1,P32_derived_Jv_proxy,100.0,99.80581347465449,-2.3119635418526627,-1.0844649322692277,-2.5061500671981776,-1.2786514576147425,2.3119635418526627,1.0844649322692277,2.5061500671981776,1.2786514576147425,83,9,2,81,0.9759036144578314,0.024096385542168676,78.53981633974483,7.0,1.056788822130185,1.2857142857142858,1.2857142857142858,0.025464790894703253,1.0313240312354817,0.3784892694498654,0.22812414374527146,0.15036512570459393,1,1,1,1,1,1,99.80581347465449,99.80581347465449,0.0,99.80581347465449,99.80581347465449,81,4.0,4.0,0.0,4.0,4.0,81,1.4962359418542859,1.4962359418542859,0.2774421009531901,0.8976679419433615,2.244052640991914,81,2.0372918417822463,2.0372918417822463,0.5210649505602837,0.7746461822726713,3.70075008802144,81,0.8058327165278021,0.8181410398520713,0.09698859505082212,0.5852422834053733,1.0,81,1.0105751285485172,1.0472893591873296,0.2692197399597699,0.5,1.590837079968735,81,15.85490196635796,14.723106039888297,5.312286530319716,8.101554199134108,36.391266600916936,81,18.32494518754669,18.32494518754669,0.0,18.32494518754669,18.32494518754669,81
granite_medium,42,20,20.5,16.593504546842244,14.608369118150026,19.05535984702837,19.05535984702837,17.76101131515152,17.185523843664438,1.070359264073089,1.167506768309277,0.029529572280138527,0.9018734876499576,-1.8698360033639325,96,99.33084283939634,99.33084283939634,99.33084283939634,100.0,99.73263770511745,0.5714285714285714,4,99.33084283939634,0.7,99.76613872993647,7,1.1,P32_derived_Jv_proxy,100.0,99.33084283939634,0.6691571606036604,0.401794865721115,0.0,-0.26736229488254537,0.6691571606036604,0.401794865721115,0.0,0.26736229488254537,96,4,1,95,0.9895833333333334,0.010416666666666666,78.53981633974483,7.0,1.2223099629457561,0.5714285714285714,0.5714285714285714,0.012732395447351627,1.2095775674984046,0.4426370459636666,0.34534867647256695,0.09728836949109965,1,1,1,1,1,1,99.33084283939634,99.33084283939634,0.0,99.33084283939634,99.33084283939634,81,4.0,4.0,0.0,4.0,4.0,81,1.5059681492220285,1.5059681492220285,0.2871934786829382,0.7228739432364981,2.4789695188014664,81,1.962559179574322,1.962559179574322,0.5409803423152704,0.75,3.2524121153230716,81,0.798630632879434,0.8018718996317244,0.08741301252741472,0.5433440278598597,1.0,81,1.0092073471858596,0.9800795884711129,0.29175180259474975,0.5,1.818773120744136,81,16.593504546842244,14.608369118150026,6.0595255743661856,8.369149822018443,36.42316178430114,81,19.05535984702837,19.05535984702837,0.0,19.05535984702837,19.05535984702837,81
granite_medium,42,30,30.5,15.901294156079395,14.393206350291061,18.758740716440883,18.758740716440887,15.738684787342853,19.807421632118974,0.9897738280205091,-0.16260936873654153,-0.004464034154432861,1.0559035881741776,1.0486809156780907,79,100.0,100.0,100.0,99.65666607911649,99.33865723664779,0.7142857142857143,5,100.0,0.5,99.87908957257498,5,1.1,P32_derived_Jv_proxy,100.0,100.0,-0.34333392088350934,-0.6613427633522093,-0.34333392088350934,-0.6613427633522093,0.34333392088350934,0.6613427633522093,0.34333392088350934,0.6613427633522093,79,5,2,77,0.9746835443037974,0.02531645569620253,78.53981633974483,7.0,1.0058592403407784,0.7142857142857143,0.7142857142857143,0.025464790894703253,0.9803944494460752,0.43542665885847054,0.33181415247139023,0.1036125063870803,1,1,1,1,1,1,100.0,100.0,0.0,100.0,100.0,81,4.0,4.0,0.0,4.0,4.0,81,1.5261454716503404,1.5261454716503404,0.2836708215670138,0.6174695453346843,2.358337616580056,81,2.0339124767484624,2.0339124767484624,0.45238151189259246,1.0407683875485347,3.2052037385137884,81,0.7859828510482846,0.7902061459452242,0.09814277936060319,0.41211259942630074,1.0,81,0.9982078557519091,1.0207631939712856,0.25956750463695677,0.5,1.4964035952855428,81,15.901294156079395,14.393206350291061,4.852226654099163,8.48144381533107,28.441456358086644,81,18.758740716440883,18.758740716440887,3.552713678800501e-15,18.758740716440887,18.758740716440887,81
granite_medium,42,40,40.5,16.220864772727207,15.010725412844598,18.69190658844327,18.691906588443274,17.73174077057093,22.07797318331259,1.0931439857869982,1.5108759978437227,0.03867736973954883,1.1811514828007346,3.3860665948693196,81,99.49889260002249,99.49889260002249,99.49889260002249,100.0,99.73263770511747,0.5714285714285714,4,99.49889260002249,0.8,99.69656540975667,8,1.1,P32_derived_Jv_proxy,100.0,99.49889260002249,0.5011073999775135,0.23374510509498236,0.0,-0.26736229488253116,0.5011073999775135,0.23374510509498236,0.0,0.26736229488253116,81,4,1,80,0.9876543209876543,0.012345679012345678,78.53981633974483,7.0,1.0313240312354817,0.5714285714285714,0.5714285714285714,0.012732395447351627,1.0185916357881302,0.4313885501351056,0.15106341993919303,0.28032513019591254,1,1,1,1,1,1,99.49889260002249,99.49889260002249,0.0,99.49889260002249,99.49889260002249,81,4.0,4.0,0.0,4.0,4.0,81,1.518092277837356,1.518092277837356,0.27616184475622907,0.7145311090637994,2.222005521722759,81,2.0202393452315346,2.0202393452315346,0.4746077501419293,0.8536302373555824,3.3295700574525444,81,0.80108886078776,0.7830120710909552,0.10261550287205679,0.5791784315829681,1.0,81,0.9914101247756762,0.9808340827685149,0.2531766761769635,0.5,1.7645533590169384,81,16.220864772727207,15.010725412844598,5.249792561701203,8.563210153956364,34.51929788126735,81,18.69190658844327,18.691906588443274,3.552713678800501e-15,18.691906588443274,18.691906588443274,81
granite_medium,42,50,50.5,16.328319054170283,14.511113874459708,18.220577561813574,18.220577561813577,18.635773145381275,19.598832030177675,1.1413160830307063,2.3074540912109924,0.057405937236511884,1.0756427431396371,1.3782544683641014,113,99.53233938012305,99.53233938012305,99.53233938012305,100.0,99.18216958457558,1.0,7,99.53233938012305,1.0,99.53211598395555,10,1.1,P32_derived_Jv_proxy,100.0,99.53233938012305,0.46766061987695196,-0.3501697955474725,0.0,-0.8178304154244245,0.46766061987695196,0.3501697955474725,0.0,0.8178304154244245,113,7,2,111,0.9823008849557522,0.017699115044247787,78.53981633974483,7.0,1.4387606855507338,1.0,1.0,0.025464790894703253,1.4132958946560306,0.4575846304650084,0.2675838633570209,0.19000076710798752,1,1,1,1,1,1,99.53233938012305,99.53233938012305,0.0,99.53233938012305,99.53233938012305,81,4.0,4.0,0.0,4.0,4.0,81,1.4731563676247734,1.4731563676247734,0.3196278660738519,0.8034068907264641,2.2319429134868844,81,2.0118283715895533,2.0118283715895533,0.5340259008823194,0.75,3.286501051489928,81,0.801977084343542,0.8126918194318841,0.09422359011018473,0.575396349393484,1.0,81,1.0039593712621988,1.0038870558080872,0.3151960495864051,0.5,1.850565605707763,81,16.328319054170283,14.511113874459708,6.494083730696685,8.236635901489466,35.12951961701371,81,18.220577561813574,18.220577561813577,3.552713678800501e-15,18.220577561813577,18.220577561813577,81
granite_medium,42,60,60.5,16.720063952220798,15.44637834817224,18.525773522924762,18.52577352292476,13.775429107866106,16.236342152837828,0.8238861494328448,-2.9446348443546917,-0.08413279811991292,0.8764191213255483,-2.289431370086934,91,100.0,100.0,100.0,100.0,99.73263770511745,0.5714285714285714,4,100.0,0.2,99.98026467728904,2,1.1,P32_derived_Jv_proxy,100.0,100.0,0.0,-0.26736229488254537,0.0,-0.26736229488254537,0.0,0.26736229488254537,0.0,0.26736229488254537,91,4,1,90,0.989010989010989,0.01098901098901099,78.53981633974483,7.0,1.158647985708998,0.5714285714285714,0.5714285714285714,0.012732395447351627,1.1459155902616465,0.3950287042595285,0.2971308110849692,0.09789789317455933,1,1,1,1,1,1,100.0,100.0,0.0,100.0,100.0,81,4.0,4.0,0.0,4.0,4.0,81,1.4916342479101152,1.4916342479101152,0.33767422395652363,0.560683486030395,2.468246437218701,81,2.0129176334584478,2.0129176334584478,0.482616592724966,0.8364157409990702,3.086959428127223,81,0.796531347629674,0.8009249700722829,0.08300327805529423,0.5657463866024023,1.0,81,0.9485468535984315,0.9675484791222612,0.23298584419055413,0.5,1.5727726683934522,81,16.720063952220798,15.44637834817224,5.2944717888093695,8.033595265346412,35.67031805861811,81,18.525773522924762,18.52577352292476,3.552713678800501e-15,18.52577352292476,18.52577352292476,81
granite_medium,42,70,70.5,16.823554727303453,15.458604116974815,19.21409235253225,19.214092352532255,15.934761300785606,20.196508123339406,0.9471697009981251,-0.8887934265178465,-0.023572203040692852,1.0511299598639474,0.9824157708071546,93,100.0,100.0,100.0,99.24407736843182,99.73263770511745,0.5714285714285714,4,100.0,0.8,99.69656540975667,8,1.1,P32_derived_Jv_proxy,100.0,100.0,-0.7559226315681826,-0.26736229488254537,-0.7559226315681826,-0.26736229488254537,0.7559226315681826,0.26736229488254537,0.7559226315681826,0.26736229488254537,93,4,1,92,0.989247311827957,0.010752688172043012,78.53981633974483,7.0,1.1841127766037014,0.5714285714285714,0.5714285714285714,0.012732395447351627,1.1713803811563497,0.45241620042964337,0.25718349932991724,0.19523270109972612,1,1,1,1,1,1,100.0,100.0,0.0,100.0,100.0,81,4.0,4.0,0.0,4.0,4.0,81,1.4836897797242048,1.4836897797242048,0.30401197224132115,0.7177586385441665,2.2183641604697235,81,1.9304708134296373,1.9304708134296373,0.5107842886062419,0.75,3.10610119883688,81,0.8058055492208281,0.8141794615669642,0.0996122281003249,0.5807036689543598,1.0,81,0.9987298165939238,1.0016184826170826,0.27952843148427436,0.5,1.7536793343175698,81,16.823554727303453,15.458604116974815,5.366548808935956,8.600979089920614,32.64829422509711,81,19.21409235253225,19.214092352532255,3.552713678800501e-15,19.214092352532255,19.214092352532255,81
granite_medium,42,80,80.5,17.27379320742413,14.74616100752918,19.401784874809458,19.401784874809454,16.333966393991908,18.697020919581778,0.9455923315656984,-0.939826813432223,-0.024296058430042677,0.9636753030829283,-0.7047639552276799,106,100.0,100.0,100.0,97.65080672843295,99.43249953181018,0.7142857142857143,5,100.0,0.8,99.69656540975667,8,1.1,P32_derived_Jv_proxy,100.0,100.0,-2.349193271567046,-0.5675004681898201,-2.349193271567046,-0.5675004681898201,2.349193271567046,0.5675004681898201,2.349193271567046,0.5675004681898201,106,5,3,103,0.9716981132075472,0.02830188679245283,78.53981633974483,7.0,1.3496339174192724,0.7142857142857143,0.7142857142857143,0.03819718634205488,1.3114367310772175,0.43881671190415417,0.12246168570931881,0.31635502619483535,1,1,1,1,1,1,100.0,100.0,0.0,100.0,100.0,81,4.0,4.0,0.0,4.0,4.0,81,1.485290032521802,1.485290032521802,0.31552558859742674,0.8573405818437609,2.280953561360127,81,1.9138574647972806,1.9138574647972806,0.5255699269427776,0.75,3.035563140656058,81,0.8352915629243561,0.840021308278835,0.10435776269106348,0.6032036668355003,1.0,81,1.0498513137319603,1.058428281550172,0.3124754782145494,0.5,1.715070482424471,81,17.27379320742413,14.74616100752918,6.9168119011768745,7.688033778005417,38.21496312239048,81,19.401784874809458,19.401784874809454,3.552713678800501e-15,19.401784874809454,19.401784874809454,81
granite_medium,43,10,10.5,16.40811899837793,14.83928877317201,19.195903885347843,19.195903885347843,25.77598588014184,26.512434897215872,1.5709287507416296,9.36786688176391,0.19615648811989006,1.3811506379469167,7.31653101186803,91,100.0,100.0,100.0,99.48123782139201,99.48230775788285,0.8571428571428571,6,100.0,0.7,99.76613872993647,7,1.1,P32_derived_Jv_proxy,100.0,100.0,-0.5187621786079859,-0.5176922421171497,-0.5187621786079859,-0.5176922421171497,0.5187621786079859,0.5176922421171497,0.5187621786079859,0.5176922421171497,91,6,1,90,0.989010989010989,0.01098901098901099,78.53981633974483,7.0,1.158647985708998,0.8571428571428571,0.8571428571428571,0.012732395447351627,1.1459155902616465,0.456186033576923,0.3246292910597991,0.1315567425171239,0,0,1,0,1,1,100.0,100.0,0.0,100.0,100.0,81,4.0,4.0,0.0,4.0,4.0,81,1.5396846218765246,1.5396846218765246,0.2810233277045645,0.6503721493343957,2.3784327244753998,81,2.0052254781445322,2.0052254781445322,0.5204577808562704,0.9226594713808949,3.1395325427400396,81,0.8014014062393723,0.8140371538245594,0.10213771782066143,0.5231364227270517,1.0,81,1.0438481419175636,1.0508647323810545,0.3231129883238189,0.5,1.7828850917918175,81,16.40811899837793,14.83928877317201,6.162658879406257,7.675490177863846,33.360029896361674,81,19.195903885347843,19.195903885347843,0.0,19.195903885347843,19.195903885347843,81
granite_medium,43,20,20.5,14.394844890456678,13.648908694805636,17.666079365734483,17.666079365734486,14.500915589729315,17.329843970755945,1.0073686587163546,0.10607069927263701,0.0031884349490509667,0.9809671751146604,-0.33623539497853727,92,100.0,100.0,100.0,97.54220950972687,98.6943468209435,1.1428571428571428,8,100.0,0.4,99.92210167184162,4,1.1,P32_derived_Jv_proxy,100.0,100.0,-2.4577904902731262,-1.305653179056506,-2.4577904902731262,-1.305653179056506,2.4577904902731262,1.305653179056506,2.4577904902731262,1.305653179056506,92,8,2,90,0.9782608695652174,0.021739130434782608,78.53981633974483,7.0,1.1713803811563497,1.1428571428571428,1.1428571428571428,0.025464790894703253,1.1459155902616465,0.415210700500774,0.2700885880867332,0.14512211241404083,1,1,1,1,1,1,100.0,100.0,0.0,100.0,100.0,81,4.0,4.0,0.0,4.0,4.0,81,1.4857621887435573,1.4857621887435573,0.266654788969774,0.8721455974157591,2.2487931794203373,81,2.1025635597808052,2.1025635597808052,0.45119278603421964,0.75,3.687925429986425,81,0.7779195492674149,0.7792094108697226,0.10401566941795344,0.5525150982087609,1.0,81,1.0283543124605499,1.0457797336449728,0.25305032988175064,0.5,1.525670655885865,81,14.394844890456678,13.648908694805636,4.860391902827075,7.222591159512992,30.548996406705374,81,17.666079365734483,17.666079365734486,3.552713678800501e-15,17.666079365734486,17.666079365734486,81
granite_medium,43,30,30.5,17.42108503331932,17.001248007249412,19.178903037915426,19.178903037915422,16.590180465987974,19.990321230127652,0.9523046603732105,-0.8309045673313449,-0.021224090321335654,1.0423078520501463,0.8114181922122263,90,100.0,100.0,100.0,100.0,99.61598890532413,0.5714285714285714,4,100.0,0.6,99.82704055993037,6,1.1,P32_derived_Jv_proxy,100.0,100.0,0.0,-0.3840110946758699,0.0,-0.3840110946758699,0.0,0.3840110946758699,0.0,0.3840110946758699,90,4,0,90,1.0,0.0,78.53981633974483,7.0,1.1459155902616465,0.5714285714285714,0.5714285714285714,0.0,1.1459155902616465,0.44675530795999197,0.27124859152044556,0.1755067164395464,1,1,1,1,1,1,100.0,100.0,0.0,100.0,100.0,81,4.0,4.0,0.0,4.0,4.0,81,1.5537700576382412,1.5537700576382412,0.3043393336890593,0.6785461790894789,2.304351186494517,81,2.0253635655888926,2.0253635655888926,0.4625040075844856,1.073413240232962,3.2974048186460334,81,0.8041682561944393,0.8144260509696161,0.09695893638668682,0.5622243506084872,1.0,81,0.9413077924833457,0.9200045478104086,0.24226814047056236,0.5,1.542426758971279,81,17.42108503331932,17.001248007249412,4.662532646587149,10.181679461877655,28.807515425160435,81,19.178903037915426,19.178903037915422,3.552713678800501e-15,19.178903037915422,19.178903037915422,81
granite_medium,43,40,40.5,15.508935686237077,14.323293497971877,17.68080628473996,17.68080628473996,19.763872351691862,20.930098721468234,1.2743538790499143,4.254936665454785,0.1052900452502481,1.1837751279212132,3.2492924367282754,79,100.0,100.0,100.0,100.0,99.61598890532414,0.5714285714285714,4,100.0,0.5,99.87908957257498,5,1.1,P32_derived_Jv_proxy,100.0,100.0,0.0,-0.3840110946758557,0.0,-0.3840110946758557,0.0,0.3840110946758557,0.0,0.3840110946758557,79,4,1,78,0.9873417721518988,0.012658227848101266,78.53981633974483,7.0,1.0058592403407784,0.5714285714285714,0.5714285714285714,0.012732395447351627,0.9931268448934268,0.3709669788353337,0.31046395112433556,0.060503027710998136,0,1,1,1,1,1,100.0,100.0,0.0,100.0,100.0,81,4.0,4.0,0.0,4.0,4.0,81,1.4879082462945041,1.4879082462945041,0.3326057108780152,0.8357225148472188,2.381867982976172,81,2.1038467114176456,2.1038467114176456,0.508711077310857,0.9255614025795573,3.465116022367363,81,0.8212137045184241,0.8103209676572208,0.09453284979587645,0.5624051435040069,1.0,81,1.039693594951147,1.0296064113542802,0.3119081093139165,0.5,1.6864390077401887,81,15.508935686237077,14.323293497971877,5.621064904587519,6.131937746279208,33.99002426135216,81,17.68080628473996,17.68080628473996,0.0,17.68080628473996,17.68080628473996,81
granite_medium,43,50,50.5,16.257660516160747,14.912602350730038,17.91166390215165,17.91166390215165,11.215978385405334,17.027193921644503,0.6898888295924382,-5.041682130755413,-0.161220886921269,0.9506204456861823,-0.884469980507145,100,99.44344320385842,99.44344320385842,99.44344320385842,98.76777267396757,99.61598890532413,0.5714285714285714,4,99.44344320385842,0.8,99.69656540975667,8,1.1,P32_derived_Jv_proxy,100.0,99.44344320385842,-0.6756705298908514,0.17254570146570813,-1.2322273260324295,-0.3840110946758699,0.6756705298908514,0.17254570146570813,1.2322273260324295,0.3840110946758699,100,4,0,100,1.0,0.0,78.53981633974483,7.0,1.2732395447351628,0.5714285714285714,0.5714285714285714,0.0,1.2732395447351628,0.48746239397895497,0.3173978736970303,0.17006452028192465,0,1,1,1,1,1,99.44344320385842,99.44344320385842,0.0,99.44344320385842,99.44344320385842,81,4.0,4.0,0.0,4.0,4.0,81,1.4609194807807888,1.4609194807807888,0.31541704538460213,0.5449041370521958,2.089885673948501,81,2.027713117637594,2.027713117637594,0.46226217332261893,0.75,3.474580933945413,81,0.8051613844720689,0.7960782226200256,0.1060132896310704,0.5904212735944454,1.0,81,0.9806098738886923,0.9504404521207237,0.2829555166867192,0.5,1.6995552875297946,81,16.257660516160747,14.912602350730038,6.209924169264541,8.536191994909919,35.69093200870836,81,17.91166390215165,17.91166390215165,0.0,17.91166390215165,17.91166390215165,81
granite_medium,43,60,60.5,17.024728928789973,15.700123059140555,19.058161021851053,19.058161021851056,19.60062965368898,19.292579441983438,1.1513034795251855,2.5759007248990073,0.06118981720989036,1.0123001594888204,0.23441842013238556,88,99.02838152013894,99.02838152013894,99.02838152013894,98.76439710103526,99.73263770511747,0.5714285714285714,4,99.02838152013894,0.5,99.87908957257498,5,1.1,P32_derived_Jv_proxy,100.0,99.02838152013894,-0.26398441910367865,0.7042561849785329,-1.2356028989647427,-0.26736229488253116,0.26398441910367865,0.7042561849785329,1.2356028989647427,0.26736229488253116,88,4,2,86,0.9772727272727273,0.022727272727272728,78.53981633974483,7.0,1.1204507993669433,0.5714285714285714,0.5714285714285714,0.025464790894703253,1.0949860084722398,0.4664541897391259,0.3634189440384239,0.103035245700702,1,1,1,1,1,1,99.02838152013894,99.02838152013894,0.0,99.02838152013894,99.02838152013894,81,4.0,4.0,0.0,4.0,4.0,81,1.5461803406851273,1.5461803406851273,0.27287566811802,0.8635639081778259,2.336427491862813,81,2.0085324142863388,2.0085324142863388,0.4359497979610041,1.170023545182511,2.955585703679514,81,0.7921876350666046,0.788707062658949,0.0841171521556752,0.5897703572237968,1.0,81,0.9686067130123986,0.9176043750931344,0.2849335024448595,0.5,1.7716145996211208,81,17.024728928789973,15.700123059140555,5.540554045478301,7.971292961617535,33.19179193334841,81,19.058161021851053,19.058161021851056,3.552713678800501e-15,19.058161021851056,19.058161021851056,81
granite_medium,43,70,70.5,16.606832216825303,15.177489377552922,17.972828863693277,17.972828863693273,14.918209508637545,18.75,0.8983175908481257,-1.6886227081877578,-0.046570095884507445,1.0432414475317615,0.7771711363067233,88,100.0,100.0,100.0,100.0,100.0,0.0,0,100.0,0.5,99.87908957257498,5,1.1,P32_derived_Jv_proxy,100.0,100.0,0.0,0.0,0.0,0.0,0.0,0.0,0.0,0.0,88,0,0,88,1.0,0.0,78.53981633974483,7.0,1.1204507993669433,0.0,0.0,0.0,1.1204507993669433,0.4535217171365825,0.0,0.4535217171365825,1,1,1,1,1,1,100.0,100.0,0.0,100.0,100.0,81,4.0,4.0,0.0,4.0,4.0,81,1.4796613981693447,1.4796613981693447,0.327856971584914,0.8180849627250864,2.488852714211971,81,2.058192131844077,2.058192131844077,0.5254753338345445,0.8818561222306731,2.9747179202967455,81,0.821639142022217,0.8203952367382287,0.08161854996409543,0.6409272034825164,1.0,81,0.9715214717592067,0.9598117094899175,0.2713572503655,0.5,1.5982698200873018,81,16.606832216825303,15.177489377552922,5.7835054466139395,8.310333077128254,35.578112464441666,81,17.972828863693277,17.972828863693273,3.552713678800501e-15,17.972828863693273,17.972828863693273,81
granite_medium,43,80,80.5,15.19007245959979,14.372951066417137,18.16098742364661,18.160987423646606,14.153324421819798,18.58873383125126,0.931748315188267,-1.0367480377799918,-0.030701383876081678,1.0235530369371713,0.4277464076046513,92,99.53230597915568,99.53230597915568,99.53230597915568,99.57258766783505,99.47233838408904,0.42857142857142855,3,99.53230597915568,0.8,99.69656540975667,8,1.1,P32_derived_Jv_proxy,100.0,99.53230597915568,0.04028168867937154,-0.05996759506663807,-0.42741233216494834,-0.527661615910958,0.04028168867937154,0.05996759506663807,0.42741233216494834,0.527661615910958,92,3,3,89,0.967391304347826,0.03260869565217391,78.53981633974483,7.0,1.1713803811563497,0.42857142857142855,0.42857142857142855,0.03819718634205488,1.1331831948142947,0.46024615875693153,0.24594179077863065,0.21430436797830088,1,1,1,1,1,1,99.53230597915568,99.53230597915568,0.0,99.53230597915568,99.53230597915568,81,4.0,4.0,0.0,4.0,4.0,81,1.5093505264557905,1.5093505264557905,0.2941820208046593,0.7400245317218982,2.1216895074405726,81,2.068019966708843,2.068019966708843,0.49334918959710944,0.75,3.21404500907438,81,0.7882217612787384,0.7989123157448944,0.10410397492152428,0.5743403119666013,0.9804388142901096,81,1.0303202142754548,1.0055237973194058,0.29940702515844464,0.5,1.9305360718577538,81,15.19007245959979,14.372951066417137,5.319151372243902,7.555347088808066,34.71375315334475,81,18.16098742364661,18.160987423646606,3.552713678800501e-15,18.160987423646606,18.160987423646606,81
granite_medium,44,10,10.5,15.438464517528782,14.547923332136154,18.256778006281717,18.256778006281717,15.572455320171503,19.027623599401185,1.0086790239074999,0.133990802642721,0.003752989504814064,1.0422224333808647,0.7708455931194678,82,100.0,100.0,100.0,100.0,99.4993401055308,0.5714285714285714,4,100.0,0.6,99.82704055993037,6,1.1,P32_derived_Jv_proxy,100.0,100.0,0.0,-0.5006598944691945,0.0,-0.5006598944691945,0.0,0.5006598944691945,0.0,0.5006598944691945,82,4,2,80,0.975609756097561,0.024390243902439025,78.53981633974483,7.0,1.0440564266828334,0.5714285714285714,0.5714285714285714,0.025464790894703253,1.0185916357881302,0.4364478081718688,0.2924448120504213,0.1440029961214475,1,1,1,1,1,1,100.0,100.0,0.0,100.0,100.0,81,4.0,4.0,0.0,4.0,4.0,81,1.448803881922597,1.448803881922597,0.2819236099499645,0.7647789152616392,2.112503573789048,81,1.983926026575032,1.983926026575032,0.5368832188632241,0.75,3.0838948593291615,81,0.8019218153839792,0.8138158416446175,0.09484961835015239,0.6027499718408068,1.0,81,1.0268927339001495,1.020030751678388,0.26052141440214915,0.5,1.623845060872137,81,15.438464517528782,14.547923332136154,5.2305078480993545,7.135691783471838,31.214857169865667,81,18.256778006281717,18.256778006281717,0.0,18.256778006281717,18.256778006281717,81
granite_medium,44,20,20.5,16.29555954952794,15.315404658326642,18.764415967264338,18.764415967264334,15.081129642507483,16.58394968228782,0.9254747955521639,-1.2144299070204578,-0.03363540435750334,0.8837978070417714,-2.180466284976518,91,100.0,100.0,100.0,98.49382298031935,99.48230775788286,0.8571428571428571,6,100.0,0.8,99.69656540975667,8,1.1,P32_derived_Jv_proxy,100.0,100.0,-1.5061770196806492,-0.5176922421171355,-1.5061770196806492,-0.5176922421171355,1.5061770196806492,0.5176922421171355,1.5061770196806492,0.5176922421171355,91,6,0,91,1.0,0.0,78.53981633974483,7.0,1.158647985708998,0.8571428571428571,0.8571428571428571,0.0,1.158647985708998,0.41360978841316076,0.4223905713036106,-0.008780782890449812,1,1,1,1,1,1,100.0,100.0,0.0,100.0,100.0,81,4.0,4.0,0.0,4.0,4.0,81,1.474163870231849,1.474163870231849,0.30615461732992955,0.8763768592378031,2.4365137371634096,81,1.9640417703428894,1.9640417703428894,0.5131383807576553,0.75,3.251842785723932,81,0.7926042906262378,0.7976252274649569,0.10425846163476121,0.5764582731527997,1.0,81,1.0009358353484568,0.9539375018243822,0.30665608675251504,0.5,1.9169707032654026,81,16.29555954952794,15.315404658326642,5.399137678740299,6.130801571367801,34.26247380310031,81,18.764415967264338,18.764415967264334,3.552713678800501e-15,18.764415967264334,18.764415967264334,81
granite_medium,44,30,30.5,16.967238242925422,15.27837170997709,18.31672031427677,18.316720314276765,21.19584890934279,22.017604279287088,1.249222095303607,4.228610666417367,0.09663965710120448,1.2020494882004453,3.70088396501032,82,100.0,100.0,100.0,98.7079890089641,99.27181666292714,0.8571428571428571,6,100.0,0.5,99.87908957257498,5,1.1,P32_derived_Jv_proxy,100.0,100.0,-1.2920109910358946,-0.7281833370728634,-1.2920109910358946,-0.7281833370728634,1.2920109910358946,0.7281833370728634,1.2920109910358946,0.7281833370728634,82,6,2,80,0.975609756097561,0.024390243902439025,78.53981633974483,7.0,1.0440564266828334,0.8571428571428571,0.8571428571428571,0.025464790894703253,1.0185916357881302,0.4394154271414282,0.25073257725110576,0.18868284989032247,1,1,1,1,1,1,100.0,100.0,0.0,100.0,100.0,81,4.0,4.0,0.0,4.0,4.0,81,1.4690758257378533,1.4690758257378533,0.30946999073425036,0.7380288376352404,2.228515239771968,81,2.0051021696728077,2.0051021696728077,0.4970159630674795,0.9127827641399398,3.427499342274172,81,0.7956167862063868,0.8009992977554642,0.09185406114537087,0.5710365993698773,1.0,81,0.9480729027409732,0.96018036513672,0.28992481050192753,0.5,1.6458730853860284,81,16.967238242925422,15.27837170997709,5.788472286581383,8.739772197761516,30.667582283349173,81,18.31672031427677,18.316720314276765,3.552713678800501e-15,18.316720314276765,18.316720314276765,81
granite_medium,44,40,40.5,14.597860602285422,13.422458331676026,18.124581248204155,18.124581248204155,17.656708544175167,16.212811341366358,1.2095408378821522,3.058847941889745,0.08262053608563069,0.894520602674491,-1.9117699068377974,91,100.0,100.0,100.0,100.0,99.79947827883811,0.42857142857142855,3,100.0,0.4,99.92210167184162,4,1.1,P32_derived_Jv_proxy,100.0,100.0,0.0,-0.20052172116189126,0.0,-0.20052172116189126,0.0,0.20052172116189126,0.0,0.20052172116189126,91,3,2,89,0.978021978021978,0.02197802197802198,78.53981633974483,7.0,1.158647985708998,0.42857142857142855,0.42857142857142855,0.025464790894703253,1.1331831948142947,0.40962392861140107,0.047917246738736985,0.3617066818726641,1,1,1,1,1,1,100.0,100.0,0.0,100.0,100.0,81,4.0,4.0,0.0,4.0,4.0,81,1.4580073213616807,1.4580073213616807,0.281996416929878,0.6408053028638349,2.1133880110160295,81,2.0110910445257115,2.0110910445257115,0.4864469557271593,0.8171650881279537,3.2937452088419,81,0.7819141109825277,0.7872261924736107,0.11007218480666231,0.5459817076251031,1.0,81,1.0683914209201355,1.0688220218304751,0.308429715746079,0.5,1.8192772382454212,81,14.597860602285422,13.422458331676026,5.520564805243427,6.904812352037957,34.86632763970774,81,18.124581248204155,18.124581248204155,0.0,18.124581248204155,18.124581248204155,81
granite_medium,44,50,50.5,16.255853994633192,16.068128320083517,18.126694137293843,18.126694137293846,17.078105533519754,17.42153493605243,1.050581872792289,0.8222515388865617,0.02142990302125014,0.9610983008870538,-0.7051592012414112,85,100.0,100.0,100.0,99.92427665459093,99.61598890532413,0.5714285714285714,4,100.0,0.6,99.82704055993037,6,1.1,P32_derived_Jv_proxy,100.0,100.0,-0.07572334540907377,-0.3840110946758699,-0.07572334540907377,-0.3840110946758699,0.07572334540907377,0.3840110946758699,0.07572334540907377,0.3840110946758699,85,4,1,84,0.9882352941176471,0.011764705882352941,78.53981633974483,7.0,1.0822536130248883,0.5714285714285714,0.5714285714285714,0.012732395447351627,1.0695212175775366,0.41402425130636455,0.3448907011892661,0.06913355011709843,1,1,1,1,1,1,100.0,100.0,0.0,100.0,100.0,81,4.0,4.0,0.0,4.0,4.0,81,1.4838818624162444,1.4838818624162444,0.3184159014994856,0.8854949140300692,2.2600909540921137,81,2.0465423137516665,2.0465423137516665,0.4835405590224168,0.8165905487414098,2.9514457379901056,81,0.796950083535922,0.8000829031191969,0.10243365635177933,0.5689731793404341,0.9948789404152094,81,0.9811189233089843,0.9780559887053968,0.28227813051316036,0.5,1.5754214518439624,81,16.255853994633192,16.068128320083517,5.900661241866219,6.546567448447565,33.601974186726714,81,18.126694137293843,18.126694137293846,3.552713678800501e-15,18.126694137293846,18.126694137293846,81
granite_medium,44,60,60.5,17.343449196412358,15.914758961530051,19.225111639246624,19.225111639246624,16.989957721630105,17.502936902123782,0.9796181560669388,-0.3534914747822526,-0.008943174336815352,0.9104205598677955,-1.7221747371228417,100,99.15147338152615,99.15147338152615,99.15147338152615,99.0776985242205,99.61598890532413,0.5714285714285714,4,99.15147338152615,0.8,99.69656540975667,8,1.1,P32_derived_Jv_proxy,100.0,99.15147338152615,-0.0737748573056507,0.464515523797985,-0.9223014757795056,-0.3840110946758699,0.0737748573056507,0.464515523797985,0.9223014757795056,0.3840110946758699,100,4,1,99,0.99,0.01,78.53981633974483,7.0,1.2732395447351628,0.5714285714285714,0.5714285714285714,0.012732395447351627,1.260507149287811,0.4904693082234822,0.4343399116715816,0.056129396551900634,1,1,1,1,1,1,99.15147338152615,99.15147338152615,0.0,99.15147338152615,99.15147338152615,81,4.0,4.0,0.0,4.0,4.0,81,1.480725948819027,1.480725948819027,0.2872430550257066,0.9058517761871879,2.3134490107658023,81,1.9091717418164509,1.9091717418164509,0.5198827166952334,0.8636126550989018,3.1030641506805816,81,0.8082960877965973,0.791513377950939,0.09470225914104023,0.5894084851840085,1.0,81,0.9744390879034227,0.9637395905353442,0.2592359924869427,0.5,1.550239651642467,81,17.343449196412358,15.914758961530051,6.041841638728074,8.603328653389871,38.45022327849325,81,19.225111639246624,19.225111639246624,0.0,19.225111639246624,19.225111639246624,81
granite_medium,44,70,70.5,15.093069871210034,13.884085897660725,17.736034944462336,17.736034944462332,15.915239053950355,16.637521332047378,1.0544732907059953,0.8221691827403212,0.02303558374747494,0.9380631795181513,-1.0985136124149584,88,100.0,100.0,100.0,98.91606151113557,99.61598890532413,0.5714285714285714,4,100.0,0.3,99.95588995549635,3,1.1,P32_derived_Jv_proxy,100.0,100.0,-1.0839384888644332,-0.3840110946758699,-1.0839384888644332,-0.3840110946758699,1.0839384888644332,0.3840110946758699,1.0839384888644332,0.3840110946758699,88,4,0,88,1.0,0.0,78.53981633974483,7.0,1.1204507993669433,0.5714285714285714,0.5714285714285714,0.0,1.1204507993669433,0.46268483295936746,0.21233415951689472,0.25035067344247275,1,1,1,1,1,1,100.0,100.0,0.0,100.0,100.0,81,4.0,4.0,0.0,4.0,4.0,81,1.4642476580901223,1.4642476580901223,0.30028889198771513,0.7758528629547362,2.1806297316498062,81,2.063944481778465,2.063944481778465,0.430109751400538,0.9636656480414747,2.841247617377171,81,0.806467414278489,0.8119519209104149,0.10023291980877076,0.48292539730768297,1.0,81,1.0315315158795177,1.0160469517703485,0.27705113913975227,0.5,1.6485630276569154,81,15.093069871210034,13.884085897660725,5.214166968839408,6.831396192155413,30.580791237285588,81,17.736034944462336,17.736034944462332,3.552713678800501e-15,17.736034944462332,17.736034944462332,81
granite_medium,44,80,80.5,17.172754686850602,14.59807071774059,19.315784639933998,19.315784639933995,19.78533508849463,19.923584632851924,1.1521351960873532,2.6125804016440277,0.06150344390460449,1.0314664925214243,0.6077999929179256,80,100.0,100.0,100.0,100.0,99.68282947904478,0.42857142857142855,3,100.0,0.9,99.61849919456388,9,1.1,P32_derived_Jv_proxy,100.0,100.0,0.0,-0.3171705209552158,0.0,-0.3171705209552158,0.0,0.3171705209552158,0.0,0.3171705209552158,80,3,2,78,0.975,0.025,78.53981633974483,7.0,1.0185916357881302,0.42857142857142855,0.42857142857142855,0.025464790894703253,0.9931268448934268,0.44209485864316067,0.25907584910972237,0.1830190095334383,1,1,1,1,1,1,100.0,100.0,0.0,100.0,100.0,81,4.0,4.0,0.0,4.0,4.0,81,1.500092745119017,1.500092745119017,0.29288291001368155,0.5,2.2594498899027218,81,1.941537417560666,1.941537417560666,0.5151296087102292,0.8743703047353304,3.7444399401595234,81,0.7925276088811809,0.7846327871923381,0.10392435573907845,0.4298937420596059,1.0,81,0.9978866316750348,0.9864483128072908,0.3025527133525175,0.5,1.9854061122953384,81,17.172754686850602,14.59807071774059,6.86687700384561,6.059382816897796,35.200934513349644,81,19.315784639933998,19.315784639933995,3.552713678800501e-15,19.315784639933995,19.315784639933995,81
granite_medium,45,10,10.5,16.166856373245032,14.86644503047581,17.992672691761587,17.992672691761587,20.80979058087842,21.982009249353172,1.2871884366658384,4.642934207633388,0.10964212966557252,1.2217200649361117,3.989336557591585,81,100.0,100.0,100.0,100.0,99.48230775788286,0.8571428571428571,6,100.0,0.5,99.87908957257498,5,1.1,P32_derived_Jv_proxy,100.0,100.0,0.0,-0.5176922421171355,0.0,-0.5176922421171355,0.0,0.5176922421171355,0.0,0.5176922421171355,81,6,2,79,0.9753086419753086,0.024691358024691357,78.53981633974483,7.0,1.0313240312354817,0.8571428571428571,0.8571428571428571,0.025464790894703253,1.0058592403407784,0.40133683582779556,0.500310478364453,-0.09897364253665741,0,1,1,1,1,1,100.0,100.0,0.0,100.0,100.0,81,4.0,4.0,0.0,4.0,4.0,81,1.5137612879435436,1.5137612879435436,0.2848519356171742,0.8854342868985859,2.276612045775892,81,2.103302430211853,2.103302430211853,0.48630746634572064,0.75,3.215806892817012,81,0.8060270265934809,0.8060997719780476,0.0981289942653053,0.6094251075947832,1.0,81,0.9690743200934044,0.9860881172679428,0.23514955213022293,0.5,1.4521896965602994,81,16.166856373245032,14.86644503047581,5.60004796676021,9.252002162252406,35.985345383523175,81,17.992672691761587,17.992672691761587,0.0,17.992672691761587,17.992672691761587,81
granite_medium,45,20,20.5,15.24552617693482,13.882147913925161,17.64439067742148,17.644390677421477,14.306956750123614,18.400362907390818,0.938436403183566,-0.9385694268112061,-0.027595153711044818,1.0428449042979258,0.7559722299693377,86,99.30590282278126,99.30590282278126,99.30590282278126,100.0,99.79947827883811,0.42857142857142855,3,99.30590282278126,0.6,99.82704055993037,6,1.1,P32_derived_Jv_proxy,100.0,99.30590282278126,0.6940971772187368,0.4935754560568455,0.0,-0.20052172116189126,0.6940971772187368,0.4935754560568455,0.0,0.20052172116189126,86,3,0,86,1.0,0.0,78.53981633974483,7.0,1.0949860084722398,0.42857142857142855,0.42857142857142855,0.0,1.0949860084722398,0.41019622669528477,0.19444689612897526,0.21574933056630952,1,1,1,1,1,1,99.30590282278126,99.30590282278126,0.0,99.30590282278126,99.30590282278126,81,4.0,4.0,0.0,4.0,4.0,81,1.452065600705526,1.452065600705526,0.2898809227843268,0.7633213823094482,2.0988446968585444,81,2.0431236203085397,2.0431236203085397,0.5329093518571546,0.8810239010518335,3.445933137848481,81,0.8059195876569065,0.8137254506699874,0.09750199308083524,0.5453001289969084,1.0,81,1.0263776499748374,1.01128190463088,0.2983743671138117,0.5,1.7066015557977483,81,15.24552617693482,13.882147913925161,5.4808236616100094,6.6347676092733,30.911946220721507,81,17.64439067742148,17.644390677421477,3.552713678800501e-15,17.644390677421477,17.644390677421477,81
granite_medium,45,30,30.5,15.251754967297211,14.233890685978764,17.649365718372366,17.649365718372366,15.860066924912875,18.380188849050235,1.039884718769742,0.6083119576156637,0.016985196243766154,1.0414078977306878,0.7308231306778694,84,100.0,100.0,100.0,97.20813421439131,99.27181666292714,0.8571428571428571,6,100.0,0.5,99.87908957257498,5,1.1,P32_derived_Jv_proxy,100.0,100.0,-2.7918657856086924,-0.7281833370728634,-2.7918657856086924,-0.7281833370728634,2.7918657856086924,0.7281833370728634,2.7918657856086924,0.7281833370728634,84,6,1,83,0.9880952380952381,0.011904761904761904,78.53981633974483,7.0,1.0695212175775366,0.8571428571428571,0.8571428571428571,0.012732395447351627,1.056788822130185,0.4423180576339174,0.5061112900989932,-0.06379323246507584,1,1,1,1,1,1,100.0,100.0,0.0,100.0,100.0,81,4.0,4.0,0.0,4.0,4.0,81,1.441234667358874,1.441234667358874,0.3266476974894165,0.6463895975221131,2.3450598000976277,81,2.0414822412833225,2.0414822412833225,0.4586308275051756,1.1492080956299195,3.4270360300253966,81,0.7908354427875979,0.792088044165405,0.1050643729298537,0.49350796437265254,1.0,81,0.9944747912067878,0.9589063323497966,0.29134249139654106,0.5,1.87351623010259,81,15.251754967297211,14.233890685978764,4.939922450729647,5.890883302402062,31.37570785608535,81,17.649365718372366,17.649365718372366,0.0,17.649365718372366,17.649365718372366,81
granite_medium,45,40,40.5,15.757929306813352,15.370963124063373,18.777318196856417,18.77731819685642,16.22937258164697,18.603463836852324,1.0299178442582413,0.4714432748336179,0.012802582755328418,0.9907412571815927,-0.1738543600040927,100,100.0,100.0,100.0,100.0,99.93315942627937,0.14285714285714285,1,100.0,0.6,99.82704055993037,6,1.1,P32_derived_Jv_proxy,100.0,100.0,0.0,-0.06684057372062568,0.0,-0.06684057372062568,0.0,0.06684057372062568,0.0,0.06684057372062568,100,1,1,99,0.99,0.01,78.53981633974483,7.0,1.2732395447351628,0.14285714285714285,0.14285714285714285,0.012732395447351627,1.260507149287811,0.4660521845207598,0.1380090357396646,0.3280431487810952,1,1,1,1,1,1,100.0,100.0,0.0,100.0,100.0,81,4.0,4.0,0.0,4.0,4.0,81,1.49424646431703,1.49424646431703,0.31646680741203814,0.785898269177247,2.323359998161829,81,1.9894300781556593,1.9894300781556593,0.5177990338497175,0.75,3.539511006592307,81,0.7980556662498804,0.8048286824789156,0.08837937275988537,0.5793810201562046,1.0,81,1.02545014036247,0.9982230999857405,0.27418813598053193,0.5,1.7355619195179905,81,15.757929306813352,15.370963124063373,5.052553005036148,7.592433168951823,34.535270000815316,81,18.777318196856417,18.77731819685642,3.552713678800501e-15,18.77731819685642,18.77731819685642,81
granite_medium,45,50,50.5,16.049164186628563,15.027689899719192,18.7120948781895,18.7120948781895,13.985403394303207,19.64278016577157,0.8714100766664978,-2.063760792325356,-0.05977742234913652,1.049737097510491,0.9306852875820688,84,99.19309871810268,99.19309871810268,99.19309871810268,99.94610005194507,99.48230775788286,0.8571428571428571,6,99.19309871810268,0.4,99.92210167184162,4,1.1,P32_derived_Jv_proxy,100.0,99.19309871810268,0.7530013338423913,0.2892090397801894,-0.05389994805493359,-0.5176922421171355,0.7530013338423913,0.2892090397801894,0.05389994805493359,0.5176922421171355,84,6,0,84,1.0,0.0,78.53981633974483,7.0,1.0695212175775366,0.8571428571428571,0.8571428571428571,0.0,1.0695212175775366,0.4366082807849845,0.3551247461923531,0.08148353459263136,1,1,1,1,1,1,99.19309871810268,99.19309871810268,0.0,99.19309871810268,99.19309871810268,81,4.0,4.0,0.0,4.0,4.0,81,1.5534828647281742,1.5534828647281742,0.2682675830419882,0.9404747407469659,2.1575112890534696,81,2.0587590561208753,2.0587590561208753,0.44418117852332784,1.1870958739495283,3.070709634964061,81,0.8012127382367588,0.8098271675870993,0.09117407903712385,0.5847014180299401,1.0,81,1.019414050630217,1.012616248173167,0.2886762777256382,0.5,1.8167993444256842,81,16.049164186628563,15.027689899719192,5.4107099976323205,7.950565170534119,33.373022379798044,81,18.7120948781895,18.7120948781895,0.0,18.7120948781895,18.7120948781895,81
granite_medium,45,60,60.5,17.043000157963277,15.424141115618742,19.578410032800374,19.57841003280037,19.043459781120976,17.491741749340278,1.1173771991208363,2.000459623157699,0.04819980502572574,0.8934199314467196,-2.086668283460096,78,99.16182781198654,99.16182781198654,99.16182781198654,100.0,99.86631885255873,0.2857142857142857,2,99.16182781198654,1.0,99.53211598395555,10,1.1,P32_derived_Jv_proxy,100.0,99.16182781198654,0.8381721880134592,0.7044910405721936,0.0,-0.13368114744126558,0.8381721880134592,0.7044910405721936,0.0,0.13368114744126558,78,2,1,77,0.9871794871794872,0.01282051282051282,78.53981633974483,7.0,0.9931268448934268,0.2857142857142857,0.2857142857142857,0.012732395447351627,0.9803944494460752,0.4282765907464695,0.15663481701079873,0.2716417737356708,1,1,1,1,1,1,99.16182781198654,99.16182781198654,0.0,99.16182781198654,99.16182781198654,81,4.0,4.0,0.0,4.0,4.0,81,1.5057435140530924,1.5057435140530924,0.3127382917990301,0.8450833500270968,2.452132562212271,81,1.9065935234194245,1.9065935234194245,0.5599953136145877,0.7988763688481371,3.447254825102017,81,0.8029253311314399,0.8042359229241599,0.10626158553941549,0.4225862346985866,1.0,81,1.0107282763038845,1.034360213404987,0.29056271041244996,0.5,1.6279070758444838,81,17.043000157963277,15.424141115618742,5.838838669930705,8.46063141216679,34.597191616735024,81,19.578410032800374,19.57841003280037,3.552713678800501e-15,19.57841003280037,19.57841003280037,81
granite_medium,45,70,70.5,15.198158892349753,13.91924030048906,17.21736943235012,17.21736943235012,20.58110297749743,19.711822146316926,1.3541839589436897,5.3829440851476775,0.13167766503406808,1.1448800133939112,2.4944527139668047,84,99.3074180907299,99.3074180907299,99.3074180907299,100.0,99.86631885255873,0.2857142857142857,2,99.3074180907299,0.5,99.87908957257498,5,1.1,P32_derived_Jv_proxy,100.0,99.3074180907299,0.6925819092701033,0.5589007618288377,0.0,-0.13368114744126558,0.6925819092701033,0.5589007618288377,0.0,0.13368114744126558,84,2,2,82,0.9761904761904762,0.023809523809523808,78.53981633974483,7.0,1.0695212175775366,0.2857142857142857,0.2857142857142857,0.025464790894703253,1.0440564266828334,0.4053943572868778,0.25084784016699124,0.15454651711988654,0,1,1,1,1,1,99.3074180907299,99.3074180907299,0.0,99.3074180907299,99.3074180907299,81,4.0,4.0,0.0,4.0,4.0,81,1.4358703599865212,1.4358703599865212,0.3104535188416742,0.6937556818205979,2.4025703256374813,81,2.0704756717270025,2.0704756717270025,0.47193445045645194,0.9515596289489812,3.076940559716644,81,0.7887138922376852,0.7892155986468893,0.08964824332112947,0.5842022247712462,0.9729645670902034,81,0.9861262284072244,1.0064117337161205,0.28744346021374323,0.5,1.8309649498877223,81,15.198158892349753,13.91924030048906,5.621213479000519,6.68851834544091,31.103175332745714,81,17.21736943235012,17.21736943235012,0.0,17.21736943235012,17.21736943235012,81
granite_medium,45,80,80.5,16.533439826049246,16.006038627981724,19.142297722644063,19.142297722644063,17.377895706721652,18.09022673837141,1.051075631541715,0.8444558806724061,0.021633967388322572,0.9450394618495499,-1.0520709842726532,95,99.69557720870885,99.69557720870885,99.69557720870885,100.0,99.93315942627937,0.14285714285714285,1,99.69557720870885,0.5,99.87908957257498,5,1.1,P32_derived_Jv_proxy,100.0,99.69557720870885,0.30442279129114524,0.23758221757051956,0.0,-0.06684057372062568,0.30442279129114524,0.23758221757051956,0.0,0.06684057372062568,95,1,0,95,1.0,0.0,78.53981633974483,7.0,1.2095775674984046,0.14285714285714285,0.14285714285714285,0.0,1.2095775674984046,0.4214320607554347,0.38035129147902713,0.04108076927640758,1,1,1,1,1,1,99.69557720870885,99.69557720870885,0.0,99.69557720870885,99.69557720870885,81,4.0,4.0,0.0,4.0,4.0,81,1.4743540390224184,1.4743540390224184,0.24474539730331638,0.8142899804948148,1.9581417095867233,81,1.9196569171063504,1.9196569171063504,0.5006574331361282,0.75,3.332566629657111,81,0.7991908657177667,0.8017910978610264,0.09011572875482018,0.5553439965846448,0.9724056862387129,81,0.9902659152233316,0.9531798228796081,0.264592291677036,0.5,1.8746699564544593,81,16.533439826049246,16.006038627981724,4.774604907566129,8.336331227237004,31.678094916243886,81,19.142297722644063,19.142297722644063,0.0,19.142297722644063,19.142297722644063,81
granite_medium,46,10,10.5,16.388352859155322,15.062400567055985,18.478204451811575,18.47820445181158,16.280484775485128,18.5998291618601,0.9934180033468138,-0.10786808367019418,-0.0028679737113124215,1.0065820632283675,0.12162471004852549,79,99.90422402608928,99.90422402608928,99.90422402608928,100.0,99.86631885255873,0.2857142857142857,2,99.90422402608928,0.5,99.87908957257498,5,1.1,P32_derived_Jv_proxy,100.0,99.90422402608928,0.0957759739107189,-0.037905173530546676,0.0,-0.13368114744126558,0.0957759739107189,0.037905173530546676,0.0,0.13368114744126558,79,2,0,79,1.0,0.0,78.53981633974483,7.0,1.0058592403407784,0.2857142857142857,0.2857142857142857,0.0,1.0058592403407784,0.40240720066221336,0.3809140210625529,0.02149317959966046,1,1,1,1,1,1,99.90422402608928,99.90422402608928,0.0,99.90422402608928,99.90422402608928,81,4.0,4.0,0.0,4.0,4.0,81,1.5290669137659376,1.5290669137659376,0.28638466415722985,0.9495217094610439,2.256871722913375,81,2.0667625458703154,2.0667625458703154,0.5257394389894868,0.8378659653972735,3.2387567166508955,81,0.8038887247741698,0.8052836183359674,0.09326406989458003,0.5526421459574864,0.9868796435660293,81,0.9904978810249957,0.9888418379729597,0.2726169822972747,0.5,1.6033001160395262,81,16.388352859155322,15.062400567055985,5.614228220146293,8.444757293959743,29.881141519895735,81,18.478204451811575,18.47820445181158,3.552713678800501e-15,18.47820445181158,18.47820445181158,81
granite_medium,46,20,20.5,16.24625999668389,14.783068261664429,18.59509696518894,18.59509696518894,18.168078392943674,18.27333033921638,1.1182929730690052,1.9218183962597841,0.048555595964435705,0.9826961576712977,-0.3217666259725611,87,100.0,100.0,100.0,98.97895969303967,99.24901015829622,0.8571428571428571,6,100.0,0.5,99.87908957257498,5,1.1,P32_derived_Jv_proxy,100.0,100.0,-1.0210403069603302,-0.7509898417037846,-1.0210403069603302,-0.7509898417037846,1.0210403069603302,0.7509898417037846,1.0210403069603302,0.7509898417037846,87,6,1,86,0.9885057471264368,0.011494252873563218,78.53981633974483,7.0,1.1077184039195915,0.8571428571428571,0.8571428571428571,0.012732395447351627,1.0949860084722398,0.44176492360293307,0.32887918164370655,0.11288574195922652,1,1,1,1,1,1,100.0,100.0,0.0,100.0,100.0,81,4.0,4.0,0.0,4.0,4.0,81,1.509998926885947,1.509998926885947,0.25937569149398654,0.5,2.0334512218097904,81,2.03010359358807,2.03010359358807,0.3990230007542685,0.893282162984727,2.7961933891945914,81,0.8087695502334036,0.8029047295225257,0.08617360811198777,0.5981627773466084,1.0,81,1.011191035743194,1.0183557388348117,0.2691877677920203,0.5,1.5640752255381538,81,16.24625999668389,14.783068261664429,5.692908905586466,7.999293623709511,33.42929925204973,81,18.59509696518894,18.59509696518894,0.0,18.59509696518894,18.59509696518894,81
granite_medium,46,30,30.5,15.510777907006204,14.189915033628969,18.432700948684833,18.43270094868483,16.2520363163742,18.360076854056086,1.047789892538734,0.7412584093679939,0.02027420472862329,0.9960600405317199,-0.07262409462874686,76,100.0,100.0,100.0,100.0,99.93315942627937,0.14285714285714285,1,100.0,0.7,99.76613872993647,7,1.1,P32_derived_Jv_proxy,100.0,100.0,0.0,-0.06684057372062568,0.0,-0.06684057372062568,0.0,0.06684057372062568,0.0,0.06684057372062568,76,1,0,76,1.0,0.0,78.53981633974483,7.0,0.9676620539987236,0.14285714285714285,0.14285714285714285,0.0,0.9676620539987236,0.46500332410637235,0.4174501147046167,0.04755320940175567,1,1,1,1,1,1,100.0,100.0,0.0,100.0,100.0,81,4.0,4.0,0.0,4.0,4.0,81,1.4960236972093073,1.4960236972093073,0.27287600912197096,0.7905739829342363,2.080911985185377,81,2.0290348405452328,2.0290348405452328,0.5359855829325167,0.8378455638622591,3.170983638568048,81,0.7800158918433447,0.791890722205356,0.08803516757297734,0.5717943937834866,1.0,81,1.0219497284457337,0.9774296978570125,0.30847397153423206,0.5,1.914428715240052,81,15.510777907006204,14.189915033628969,5.518590836880472,7.014390128255839,36.00871424120098,81,18.432700948684833,18.43270094868483,3.552713678800501e-15,18.43270094868483,18.43270094868483,81
granite_medium,46,40,40.5,17.182110721718477,16.17043310242228,19.187314644545786,19.18731464454579,15.532755452060906,19.214463863053368,0.9040074123388835,-1.6493552696575708,-0.04382800854601121,1.0014149566528998,0.027149218507581452,95,100.0,100.0,100.0,99.16230250135622,99.86631885255873,0.2857142857142857,2,100.0,0.5,99.87908957257498,5,1.1,P32_derived_Jv_proxy,100.0,100.0,-0.8376974986437773,-0.13368114744126558,-0.8376974986437773,-0.13368114744126558,0.8376974986437773,0.13368114744126558,0.8376974986437773,0.13368114744126558,95,2,0,95,1.0,0.0,78.53981633974483,7.0,1.2095775674984046,0.2857142857142857,0.2857142857142857,0.0,1.2095775674984046,0.42355174705917453,0.18042751874482876,0.24312422831434577,1,1,1,1,1,1,100.0,100.0,0.0,100.0,100.0,81,4.0,4.0,0.0,4.0,4.0,81,1.5269251270824853,1.5269251270824853,0.2826390239340244,0.8288333947180165,2.3325025471771803,81,1.9894982119299989,1.9894982119299989,0.5695205634540819,0.75,3.292397188669786,81,0.7918976228246617,0.7849144313646687,0.09819728648385748,0.5745079920732349,1.0,81,0.9630660207461456,0.9697475098775562,0.2607866047277147,0.5,1.6192382087571746,81,17.182110721718477,16.17043310242228,5.8511030241104995,8.85773384740002,33.358624448683535,81,19.187314644545786,19.18731464454579,3.552713678800501e-15,19.18731464454579,19.18731464454579,81
granite_medium,46,50,50.5,17.139706181596363,16.363645313610117,20.455744096634334,20.455744096634334,17.460904403858088,19.638354062500557,1.0187400074924626,0.32119822226172445,0.008063361907868938,0.9600410510479418,-0.8173900341337763,84,100.0,100.0,100.0,99.86162022856986,99.68282947904477,0.42857142857142855,3,100.0,0.5,99.87908957257498,5,1.1,P32_derived_Jv_proxy,100.0,100.0,-0.13837977143013802,-0.31717052095523,-0.13837977143013802,-0.31717052095523,0.13837977143013802,0.31717052095523,0.13837977143013802,0.31717052095523,84,3,1,83,0.9880952380952381,0.011904761904761904,78.53981633974483,7.0,1.0695212175775366,0.42857142857142855,0.42857142857142855,0.012732395447351627,1.056788822130185,0.445357187711067,0.4334181286533153,0.011939059057751722,1,1,1,1,1,1,100.0,100.0,0.0,100.0,100.0,81,4.0,4.0,0.0,4.0,4.0,81,1.5237613219777106,1.5237613219777106,0.29312005425825816,0.5,2.3469113762367395,81,1.8622658197855797,1.8622658197855797,0.5271384100673797,0.75,2.9742081845662964,81,0.7951165162978675,0.7862781796205821,0.10408543729640782,0.5175855933623318,1.0,81,1.0215992832998593,1.0142125739765817,0.26320936718732524,0.5,1.5722320277783246,81,17.139706181596363,16.363645313610117,5.32542106066771,8.74551037737949,31.950890739926212,81,20.455744096634334,20.455744096634334,0.0,20.455744096634334,20.455744096634334,81
granite_medium,46,60,60.5,16.066122986352994,14.360019798771313,19.07683848643683,19.07683848643683,15.924504968774656,19.51836150829854,0.991185302284899,-0.14161801757833814,-0.0038451464866040563,1.0231444545790762,0.441523021861709,96,100.0,100.0,100.0,98.49806927641704,99.43249953181018,0.7142857142857143,5,100.0,0.2,99.98026467728904,2,1.1,P32_derived_Jv_proxy,100.0,100.0,-1.5019307235829586,-0.5675004681898201,-1.5019307235829586,-0.5675004681898201,1.5019307235829586,0.5675004681898201,1.5019307235829586,0.5675004681898201,96,5,1,95,0.9895833333333334,0.010416666666666666,78.53981633974483,7.0,1.2223099629457561,0.7142857142857143,0.7142857142857143,0.012732395447351627,1.2095775674984046,0.4306010622553398,0.4013540199056044,0.029247042349735408,1,1,1,1,1,1,100.0,100.0,0.0,100.0,100.0,81,4.0,4.0,0.0,4.0,4.0,81,1.514291503542947,1.514291503542947,0.3082858060151383,0.7036485736454129,2.0851306864970875,81,1.9844633908018505,1.9844633908018505,0.4975409094400203,0.75,2.862520596515135,81,0.7957570376926351,0.802935152889684,0.1033861917044928,0.5654754441669947,1.0,81,1.0408239444103646,1.0459493450807615,0.2914762145419057,0.5,1.647019783977109,81,16.066122986352994,14.360019798771313,5.961247812704009,7.762901030443487,33.2622076485968,81,19.07683848643683,19.07683848643683,0.0,19.07683848643683,19.07683848643683,81
granite_medium,46,70,70.5,15.90190523798659,14.25328754616843,17.94394821677816,17.943948216778164,17.11960457086194,19.793662644105655,1.076575687922382,1.2176993328753518,0.03204456801136746,1.103082911574497,1.8497144273274948,75,100.0,100.0,100.0,99.22526752528309,99.66579713139683,0.7142857142857143,5,100.0,0.3,99.95588995549635,3,1.1,P32_derived_Jv_proxy,100.0,100.0,-0.7747324747169131,-0.33420286860317105,-0.7747324747169131,-0.33420286860317105,0.7747324747169131,0.33420286860317105,0.7747324747169131,0.33420286860317105,75,5,2,73,0.9733333333333334,0.02666666666666667,78.53981633974483,7.0,0.954929658551372,0.7142857142857143,0.7142857142857143,0.025464790894703253,0.9294648676566688,0.46722341654533517,0.31768449648876473,0.14953892005657043,1,1,1,1,1,1,100.0,100.0,0.0,100.0,100.0,81,4.0,4.0,0.0,4.0,4.0,81,1.4476707850095583,1.4476707850095583,0.30115960450744644,0.556977134701499,2.220790639242464,81,2.016934578054483,2.016934578054483,0.4624677553166684,0.9588066977022607,3.1812001312254727,81,0.8000907603125308,0.8063975937763108,0.10318413823005129,0.5888109468335544,1.0,81,0.9991560793918962,1.0087301645870042,0.2936155999178232,0.5,1.6276252409054266,81,15.90190523798659,14.25328754616843,5.8943803525055465,8.408159854986982,35.88789643355633,81,17.94394821677816,17.943948216778164,3.552713678800501e-15,17.943948216778164,17.943948216778164,81
granite_medium,46,80,80.5,17.316171086612542,15.716038706168959,20.034819290060426,20.034819290060433,18.964159267854605,18.75,1.095170472328964,1.647988181242063,0.03948172596097055,0.9358706823625884,-1.284819290060426,83,100.0,100.0,100.0,100.0,100.0,0.0,0,100.0,0.5,99.87908957257498,5,1.1,P32_derived_Jv_proxy,100.0,100.0,0.0,0.0,0.0,0.0,0.0,0.0,0.0,0.0,83,0,0,83,1.0,0.0,78.53981633974483,7.0,1.056788822130185,0.0,0.0,0.0,1.056788822130185,0.3999879350890414,0.0,0.3999879350890414,1,1,1,1,1,1,100.0,100.0,0.0,100.0,100.0,81,4.0,4.0,0.0,4.0,4.0,81,1.550602731863373,1.550602731863373,0.30695069483674575,0.6799653801742569,2.1029773375413288,81,1.9348848489896908,1.9348848489896908,0.495439902159233,0.9794022755350096,2.9983716209559046,81,0.7783586508369653,0.778739810876117,0.10682066825708778,0.5189807029041008,1.0,81,0.9934450014940739,1.0075975264683361,0.287922604049271,0.5,1.6299028307777899,81,17.316171086612542,15.716038706168959,6.473596992116062,8.100915446931191,40.069638580120866,81,20.034819290060426,20.034819290060433,7.105427357601002e-15,20.034819290060433,20.034819290060433,81
granite_medium,47,10,10.5,15.154766806375454,14.58664871939768,16.960776039354954,16.96077603935496,13.190520604707716,17.037217799741402,0.8703875667132404,-1.9642462016677378,-0.06028732139865056,1.0045069730423346,0.07644176038644801,78,100.0,100.0,100.0,99.2458053082421,99.79947827883811,0.42857142857142855,3,100.0,0.1,99.99503320866597,1,1.1,P32_derived_Jv_proxy,100.0,100.0,-0.7541946917579025,-0.20052172116189126,-0.7541946917579025,-0.20052172116189126,0.7541946917579025,0.20052172116189126,0.7541946917579025,0.20052172116189126,78,3,1,77,0.9871794871794872,0.01282051282051282,78.53981633974483,7.0,0.9931268448934268,0.42857142857142855,0.42857142857142855,0.012732395447351627,0.9803944494460752,0.4513402560128966,0.2870922406352707,0.1642480153776259,1,1,1,1,1,1,100.0,100.0,0.0,100.0,100.0,81,4.0,4.0,0.0,4.0,4.0,81,1.4536033172375507,1.4536033172375507,0.3188049066806565,0.7914684519802607,2.2483284012183025,81,2.1425955302173088,2.1425955302173088,0.45039264424424974,1.26073933123175,3.423807924022462,81,0.8089080293811967,0.7949763224522894,0.09826888455299249,0.5318379943918443,1.0,81,1.0083009705827928,0.922535566224743,0.3309949397890558,0.5,1.8902504458979594,81,15.154766806375454,14.58664871939768,5.449388170472395,6.512781742457931,32.671835640023986,81,16.960776039354954,16.96077603935496,7.105427357601002e-15,16.96077603935496,16.96077603935496,81
granite_medium,47,20,20.5,15.10742749570059,13.44170765739846,18.67082640848608,18.67082640848607,18.449853086615295,22.335793267869978,1.2212438611316139,3.342425590914706,0.08680239364935471,1.1962937675708953,3.664966859383899,108,100.0,100.0,100.0,99.70778416655995,99.36565895808953,0.8571428571428571,6,100.0,0.6,99.82704055993037,6,1.1,P32_derived_Jv_proxy,100.0,100.0,-0.29221583344005353,-0.6343410419104742,-0.29221583344005353,-0.6343410419104742,0.29221583344005353,0.6343410419104742,0.29221583344005353,0.6343410419104742,108,6,0,108,1.0,0.0,78.53981633974483,7.0,1.3750987083139756,0.8571428571428571,0.8571428571428571,0.0,1.3750987083139756,0.434575697262212,0.25929451818224214,0.17528117907996987,1,1,1,1,1,1,100.0,100.0,0.0,100.0,100.0,81,4.0,4.0,0.0,4.0,4.0,81,1.522859441108049,1.522859441108049,0.32313712229649705,0.7072234672929822,2.3563357720928857,81,2.0390894968846887,2.0390894968846887,0.48583517666138354,0.8999545725690932,3.6663742783650535,81,0.7952708205609522,0.7890438151584972,0.09100439780163969,0.5883143569511564,1.0,81,1.0718930519267948,1.0797772457288954,0.2807788641735918,0.5,1.667658798918481,81,15.10742749570059,13.44170765739846,5.278656993107891,6.586668231762252,30.64385999755312,81,18.67082640848608,18.67082640848607,7.105427357601002e-15,18.67082640848607,18.67082640848607,81
granite_medium,47,30,30.5,16.124857825569258,14.492091662105075,18.523311728728174,18.523311728728174,16.225005220589473,18.899980749558058,1.006210745924309,0.10014739502021541,0.002688951104130144,1.0203348637838718,0.3766690208298833,93,100.0,100.0,100.0,99.54118934987477,99.43249953181018,0.7142857142857143,5,100.0,0.1,99.99503320866597,1,1.1,P32_derived_Jv_proxy,100.0,100.0,-0.4588106501252298,-0.5675004681898201,-0.4588106501252298,-0.5675004681898201,0.4588106501252298,0.5675004681898201,0.4588106501252298,0.5675004681898201,93,5,3,90,0.967741935483871,0.03225806451612903,78.53981633974483,7.0,1.1841127766037014,0.7142857142857143,0.7142857142857143,0.03819718634205488,1.1459155902616465,0.46368446230198335,0.2536368354377446,0.21004762686423872,1,1,1,1,1,1,100.0,100.0,0.0,100.0,100.0,81,4.0,4.0,0.0,4.0,4.0,81,1.458414933052493,1.458414933052493,0.3320845108951447,0.5,2.2054691591540307,81,1.9683506848165386,1.9683506848165386,0.4630177645204408,0.75,3.1149013433178334,81,0.7873844413289043,0.7657799896578825,0.08929412439927069,0.6371549749684965,1.0,81,0.9911139555059092,0.9983837533221154,0.27417052103122,0.5,1.5806110025729119,81,16.124857825569258,14.492091662105075,5.878707179857993,7.798025443972182,34.7898608834132,81,18.523311728728174,18.523311728728174,0.0,18.523311728728174,18.523311728728174,81
granite_medium,47,40,40.5,17.024584412144215,15.272740550301146,19.274172821965184,19.274172821965188,17.26261143432454,18.46359050745985,1.0139813704944558,0.2380270221803258,0.006029975938360854,0.957944638040104,-0.8105823145053357,116,100.0,100.0,100.0,99.89189885801385,99.27181666292714,0.8571428571428571,6,100.0,0.8,99.69656540975667,8,1.1,P32_derived_Jv_proxy,100.0,100.0,-0.10810114198615395,-0.7281833370728634,-0.10810114198615395,-0.7281833370728634,0.10810114198615395,0.7281833370728634,0.10810114198615395,0.7281833370728634,116,6,2,114,0.9827586206896551,0.017241379310344827,78.53981633974483,7.0,1.4769578718927887,0.8571428571428571,0.8571428571428571,0.025464790894703253,1.4514930809980855,0.42903073135552616,0.29694914326012,0.13208158809540615,1,1,1,1,1,1,100.0,100.0,0.0,100.0,100.0,81,4.0,4.0,0.0,4.0,4.0,81,1.5233597734315785,1.5233597734315785,0.29038393290788433,0.7531479831087824,2.2875652874735484,81,1.9759081070596332,1.9759081070596332,0.5107254597015548,0.75,3.1454172499733533,81,0.7972690592383376,0.7760565735779124,0.10247842924309968,0.5298984474827102,1.0,81,0.9969798289085633,0.9854340984229107,0.2974810228355977,0.5,1.7376234100160857,81,17.024584412144215,15.272740550301146,6.242140644217842,7.776665226400995,37.53161187138337,81,19.274172821965184,19.274172821965188,3.552713678800501e-15,19.274172821965188,19.274172821965188,81
granite_medium,47,50,50.5,17.356050976669536,16.305126772884364,19.90539856299414,19.905398562994137,19.774378045362372,18.784878143884676,1.1393362506219655,2.418327068692836,0.056651915684423404,0.9437077124799396,-1.1205204191094644,86,100.0,100.0,100.0,98.97729192000845,99.68282947904478,0.42857142857142855,3,100.0,0.3,99.95588995549635,3,1.1,P32_derived_Jv_proxy,100.0,100.0,-1.0227080799915456,-0.3171705209552158,-1.0227080799915456,-0.3171705209552158,1.0227080799915456,0.3171705209552158,1.0227080799915456,0.3171705209552158,86,3,2,84,0.9767441860465116,0.023255813953488372,78.53981633974483,7.0,1.0949860084722398,0.42857142857142855,0.42857142857142855,0.025464790894703253,1.0695212175775366,0.38924192596813767,0.30228723472735775,0.08695469124077992,1,1,1,1,1,1,100.0,100.0,0.0,100.0,100.0,81,4.0,4.0,0.0,4.0,4.0,81,1.5165159070067578,1.5165159070067578,0.3063628121316607,0.7510098602831503,2.3006706106255375,81,1.9046540341901173,1.9046540341901173,0.5521423775004203,0.75,3.231205791259654,81,0.8011436671212637,0.8065709509784248,0.10632814008608729,0.48720500436414005,1.0,81,0.9904353285678427,0.965021836205072,0.2514883160570266,0.5,1.6537488025322318,81,17.356050976669536,16.305126772884364,5.6889078472481325,7.862114795998501,36.4006118699058,81,19.90539856299414,19.905398562994137,3.552713678800501e-15,19.905398562994137,19.905398562994137,81
granite_medium,47,60,60.5,16.745503497872406,14.748046450889658,19.296727844076646,19.296727844076642,13.390119585676738,18.663236776362258,0.7996247821021335,-3.355383912195668,-0.09711375461967253,0.9671710627401088,-0.6334910677143881,100,100.0,100.0,100.0,100.0,99.33865723664779,0.7142857142857143,5,100.0,0.7,99.76613872993647,7,1.1,P32_derived_Jv_proxy,100.0,100.0,0.0,-0.6613427633522093,0.0,-0.6613427633522093,0.0,0.6613427633522093,0.0,0.6613427633522093,100,5,1,99,0.99,0.01,78.53981633974483,7.0,1.2732395447351628,0.7142857142857143,0.7142857142857143,0.012732395447351627,1.260507149287811,0.36854536903026225,0.3398085128066173,0.02873685622364497,0,1,1,1,1,1,100.0,100.0,0.0,100.0,100.0,81,4.0,4.0,0.0,4.0,4.0,81,1.5077218626445483,1.5077218626445483,0.27922434413949354,0.8765183719587873,2.2339406072455277,81,1.953338766587001,1.953338766587001,0.5146567434705562,0.75,3.1700721405322243,81,0.8055026222190359,0.8233368231270509,0.09253181657882649,0.6226365094750156,0.9833824178432364,81,1.056291675092586,1.0656433780789318,0.3639442485228021,0.5,1.9858802752006142,81,16.745503497872406,14.748046450889658,6.719493233794866,8.016719670696885,34.385873266964374,81,19.296727844076646,19.296727844076642,3.552713678800501e-15,19.296727844076642,19.296727844076642,81
granite_medium,47,70,70.5,14.596646905560537,13.23198681224989,17.714676493415194,17.71467649341519,18.84859969628499,19.770927411955736,1.2912965435304657,4.251952790724452,0.11102598853283108,1.116076120233123,2.0562509185405418,103,99.54077731487267,99.54077731487267,99.54077731487267,98.89543517817005,99.61598890532413,0.5714285714285714,4,99.54077731487267,1.0,99.53211598395555,10,1.1,P32_derived_Jv_proxy,100.0,99.54077731487267,-0.6453421367026237,0.07521159045145964,-1.1045648218299533,-0.3840110946758699,0.6453421367026237,0.07521159045145964,1.1045648218299533,0.3840110946758699,103,4,2,101,0.9805825242718447,0.019417475728155338,78.53981633974483,7.0,1.3114367310772175,0.5714285714285714,0.5714285714285714,0.025464790894703253,1.2859719401825143,0.45799474432587284,0.32141734763493623,0.1365773966909366,0,1,1,1,1,1,99.54077731487267,99.54077731487267,0.0,99.54077731487267,99.54077731487267,81,4.0,4.0,0.0,4.0,4.0,81,1.4903211936333245,1.4903211936333245,0.2927564308783689,0.5,2.2456569018460293,81,2.0935709737379775,2.0935709737379775,0.5330297674751302,0.75,3.7849402866698796,81,0.7951112059850274,0.7912591037104985,0.09887478501839339,0.4778871707931277,1.0,81,1.0543787868975942,1.0726662240570644,0.3055231633599356,0.5,1.8795831270211694,81,14.596646905560537,13.23198681224989,4.890817064558847,7.250400192107235,27.517678043635463,81,17.714676493415194,17.71467649341519,3.552713678800501e-15,17.71467649341519,17.71467649341519,81
granite_medium,47,80,80.5,15.04497662036511,13.765333744452853,17.96050118280334,17.96050118280334,14.16472544306971,17.734500667098118,0.9414920209245204,-0.8802511772954009,-0.026183356245442102,0.9874168034953494,-0.2260005157052234,94,100.0,100.0,100.0,98.99428501591248,99.33865723664778,0.7142857142857143,5,100.0,0.6,99.82704055993037,6,1.1,P32_derived_Jv_proxy,100.0,100.0,-1.0057149840875184,-0.6613427633522235,-1.0057149840875184,-0.6613427633522235,1.0057149840875184,0.6613427633522235,1.0057149840875184,0.6613427633522235,94,5,3,91,0.9680851063829787,0.031914893617021274,78.53981633974483,7.0,1.196845172051053,0.7142857142857143,0.7142857142857143,0.03819718634205488,1.158647985708998,0.4353862099713244,0.27549458179927755,0.15989162817204683,1,1,1,1,1,1,100.0,100.0,0.0,100.0,100.0,81,4.0,4.0,0.0,4.0,4.0,81,1.4688246075287035,1.4688246075287035,0.33468379580867924,0.5179148113507945,2.2859700001530796,81,2.044520629712522,2.044520629712522,0.4716268242488877,1.0069705164443998,3.0753120565386554,81,0.7869883218048704,0.7987146868052973,0.10615854019025994,0.4942880289569222,1.0,81,1.024699905267018,0.9994715446461165,0.29239274319330255,0.5,2.0600190888708036,81,15.04497662036511,13.765333744452853,5.086156748354832,7.312909441550933,29.85353552168902,81,17.96050118280334,17.96050118280334,0.0,17.96050118280334,17.96050118280334,81
granite_medium,48,10,10.5,15.13445956318009,14.369073130371962,17.978363300127143,17.978363300127143,17.308185792243737,18.846425648479233,1.1436276082399401,2.1737262290636465,0.058284631087432315,1.048283724934291,0.8680623483520904,80,100.0,100.0,100.0,98.27177617079268,99.7994782788381,0.42857142857142855,3,100.0,0.7,99.76613872993647,7,1.1,P32_derived_Jv_proxy,100.0,100.0,-1.728223829207323,-0.20052172116190548,-1.728223829207323,-0.20052172116190548,1.728223829207323,0.20052172116190548,1.728223829207323,0.20052172116190548,80,3,0,80,1.0,0.0,78.53981633974483,7.0,1.0185916357881302,0.42857142857142855,0.42857142857142855,0.0,1.0185916357881302,0.4531302173268781,0.3235615812040503,0.12956863612282776,1,1,1,1,1,1,100.0,100.0,0.0,100.0,100.0,81,4.0,4.0,0.0,4.0,4.0,81,1.4576906140732215,1.4576906140732215,0.3043872133516215,0.9482254494647793,2.08094195866746,81,2.0270068383573503,2.0270068383573503,0.45829490406507223,1.1266117705106002,3.004470681615877,81,0.7875461193518724,0.7820669830548206,0.10691670802820216,0.48071902895720164,1.0,81,1.0206610949738373,1.0005949930088611,0.30885139687871277,0.5,1.8149665430266715,81,15.13445956318009,14.369073130371962,4.930310228346158,7.025372491320869,31.686030535070003,81,17.978363300127143,17.978363300127143,0.0,17.978363300127143,17.978363300127143,81
granite_medium,48,20,20.5,16.250758461508227,15.385997361604412,18.52425017663129,18.524250176631295,14.403481061133476,17.092407343062103,0.8863266963969566,-1.8472774003747503,-0.05240616943281551,0.9227044107094016,-1.4318428335691884,105,100.0,100.0,100.0,97.81603911845768,99.5491483316035,0.7142857142857143,5,100.0,0.6,99.82704055993037,6,1.1,P32_derived_Jv_proxy,100.0,100.0,-2.183960881542319,-0.4508516683964956,-2.183960881542319,-0.4508516683964956,2.183960881542319,0.4508516683964956,2.183960881542319,0.4508516683964956,105,5,1,104,0.9904761904761905,0.009523809523809525,78.53981633974483,7.0,1.336901521971921,0.7142857142857143,0.7142857142857143,0.012732395447351627,1.3241691265245692,0.3975520602985071,0.3234397961006882,0.07411226419781891,1,1,1,1,1,1,100.0,100.0,0.0,100.0,100.0,81,4.0,4.0,0.0,4.0,4.0,81,1.5138623993554197,1.5138623993554197,0.28482499547711393,0.8011229061616955,2.232182384053758,81,2.043081885799063,2.043081885799063,0.5308023955591692,0.8468955510867291,3.3770373305124304,81,0.8146611604917224,0.8057933674923249,0.09921872831806995,0.5364609462276558,1.0,81,1.009229992700725,0.9931543087050523,0.28472271507375246,0.5,1.6839235638184176,81,16.250758461508227,15.385997361604412,5.3050800029464815,8.14265154825975,36.00613301954222,81,18.52425017663129,18.524250176631295,3.552713678800501e-15,18.524250176631295,18.524250176631295,81
granite_medium,48,30,30.5,16.19968588627847,15.441831524934292,18.544505910246013,18.544505910246013,14.690743511015652,18.02109886645351,0.9068536028503535,-1.5089423752628175,-0.04246281724633394,0.9717756274378108,-0.5234070437925027,90,100.0,100.0,100.0,100.0,99.93315942627937,0.14285714285714285,1,100.0,0.6,99.82704055993037,6,1.1,P32_derived_Jv_proxy,100.0,100.0,0.0,-0.06684057372062568,0.0,-0.06684057372062568,0.0,0.06684057372062568,0.0,0.06684057372062568,90,1,0,90,1.0,0.0,78.53981633974483,7.0,1.1459155902616465,0.14285714285714285,0.14285714285714285,0.0,1.1459155902616465,0.34471833130795526,0.407382760465153,-0.06266442915719772,1,1,1,1,1,1,100.0,100.0,0.0,100.0,100.0,81,4.0,4.0,0.0,4.0,4.0,81,1.4501473813660697,1.4501473813660697,0.2487895860730991,0.7828178826167483,2.062596547086726,81,1.954955538293487,1.954955538293487,0.5492193325447102,0.75,3.537123252455248,81,0.8236881799105977,0.824487554205073,0.08112997677413807,0.6209282483534614,1.0,81,1.0077241836143125,1.000064816020931,0.2536195219434247,0.5037102629839664,1.5794418630247624,81,16.19968588627847,15.441831524934292,4.670425786468982,8.776904541248689,30.793766854739644,81,18.544505910246013,18.544505910246013,0.0,18.544505910246013,18.544505910246013,81
granite_medium,48,40,40.5,16.622543289076788,15.274507104887336,19.295146336876833,19.295146336876837,17.421433633055702,18.029261298773374,1.0480606565485013,0.7988903439789148,0.020386418183962807,0.9343936026189082,-1.265885038103459,88,100.0,100.0,100.0,98.68629770706943,99.61598890532413,0.5714285714285714,4,100.0,0.2,99.98026467728904,2,1.1,P32_derived_Jv_proxy,100.0,100.0,-1.3137022929305715,-0.3840110946758699,-1.3137022929305715,-0.3840110946758699,1.3137022929305715,0.3840110946758699,1.3137022929305715,0.3840110946758699,88,4,1,87,0.9886363636363636,0.011363636363636364,78.53981633974483,7.0,1.1204507993669433,0.5714285714285714,0.5714285714285714,0.012732395447351627,1.1077184039195915,0.4141028799639046,0.22088812116765533,0.19321475879624928,1,1,1,1,1,1,100.0,100.0,0.0,100.0,100.0,81,4.0,4.0,0.0,4.0,4.0,81,1.522006759241868,1.522006759241868,0.30592075085787235,0.5995311135387111,2.2905048625234903,81,1.972007276686226,1.972007276686226,0.5524638536652678,0.75,3.0939847559609035,81,0.8004156201957708,0.7917339926443703,0.11104536389192048,0.5447106566197294,1.0,81,1.0135912357751853,0.981133211571501,0.27587179029104913,0.5,1.6486961258274384,81,16.622543289076788,15.274507104887336,5.895245747483243,7.732113138384837,35.49072728858666,81,19.295146336876833,19.295146336876837,3.552713678800501e-15,19.295146336876837,19.295146336876837,81
granite_medium,48,50,50.5,14.322838467758862,13.567676527527954,17.24750953884571,17.24750953884571,11.002217039960504,15.731490987073292,0.7681589836209369,-3.3206214277983577,-0.11454888600533897,0.9121021763543331,-1.516018551772417,96,99.82009976113292,99.82009976113292,99.82009976113292,99.75348018410548,99.41546718416224,1.0,7,99.82009976113292,0.9,99.61849919456388,9,1.1,P32_derived_Jv_proxy,100.0,99.82009976113292,-0.06661957702743848,-0.404632576970684,-0.24651981589451566,-0.5845328158377612,0.06661957702743848,0.404632576970684,0.24651981589451566,0.5845328158377612,96,7,4,92,0.9583333333333334,0.041666666666666664,78.53981633974483,7.0,1.2223099629457561,1.0,1.0,0.05092958178940651,1.1713803811563497,0.4749338216072526,0.4771722080612768,-0.0022383864540241882,0,1,1,1,1,1,99.82009976113292,99.82009976113292,0.0,99.82009976113292,99.82009976113292,81,4.0,4.0,0.0,4.0,4.0,81,1.4393148779070033,1.4393148779070033,0.26751134087665485,0.779445986473611,2.1358330387956164,81,2.082511599381542,2.082511599381542,0.5189096002305648,0.9486389018492978,3.3921903858895375,81,0.8036090976929678,0.7980159393577346,0.08949790371933214,0.5128447149712022,1.0,81,1.0604292125073718,1.0153370415711023,0.30366640902774217,0.5,2.082679152367628,81,14.322838467758862,13.567676527527954,5.008881418824405,6.542418876270593,28.806220341156507,81,17.24750953884571,17.24750953884571,0.0,17.24750953884571,17.24750953884571,81
granite_medium,48,60,60.5,15.980099991990896,14.751352703872028,19.120692266223163,19.120692266223166,16.124158675229303,20.664874045377292,1.009014879963868,0.14405868323840743,0.003897570834084707,1.0807597213350866,1.5441817791541297,88,99.9320369955041,99.9320369955041,99.9320369955041,98.57236265825954,99.27181666292714,0.8571428571428571,6,99.9320369955041,0.6,99.82704055993037,6,1.1,P32_derived_Jv_proxy,100.0,99.9320369955041,-1.35967433724457,-0.6602203325769693,-1.4276373417404642,-0.7281833370728634,1.35967433724457,0.6602203325769693,1.4276373417404642,0.7281833370728634,88,6,3,85,0.9659090909090909,0.03409090909090909,78.53981633974483,7.0,1.1204507993669433,0.8571428571428571,0.8571428571428571,0.03819718634205488,1.0822536130248883,0.43587750484062204,0.33027304532341273,0.10560445951720931,1,1,1,1,1,1,99.9320369955041,99.9320369955041,0.0,99.9320369955041,99.9320369955041,81,4.0,4.0,0.0,4.0,4.0,81,1.5005147073178784,1.5005147073178784,0.26540207415826145,0.5899880893747997,2.137969983343368,81,1.9605656682848644,1.9605656682848644,0.45930144879712,1.0441248324667405,3.236160156057437,81,0.7870191075962926,0.7907279909506533,0.09379029182290412,0.5058599638772637,1.0,81,1.0268729671828085,0.9824971075870756,0.29267007206574336,0.5,1.7489648712033357,81,15.980099991990896,14.751352703872028,5.326967407333787,7.721331308168462,32.808603995916485,81,19.120692266223163,19.120692266223166,3.552713678800501e-15,19.120692266223166,19.120692266223166,81
granite_medium,48,70,70.5,14.524756952748152,13.085221597698974,17.560187382568255,17.560187382568255,11.971483851874535,18.621989681619606,0.8242123355881334,-2.553273100873618,-0.08396088988693728,1.0604664560758268,1.061802299051351,97,99.76649058594704,99.76649058594704,99.76649058594704,99.6432174649827,99.40549781036842,0.5714285714285714,4,99.76649058594704,0.8,99.69656540975667,8,1.1,P32_derived_Jv_proxy,100.0,99.76649058594704,-0.12327312096434184,-0.3609927755786231,-0.3567825350173024,-0.5945021896315836,0.12327312096434184,0.3609927755786231,0.3567825350173024,0.5945021896315836,97,4,0,97,1.0,0.0,78.53981633974483,7.0,1.2350423583931078,0.5714285714285714,0.5714285714285714,0.0,1.2350423583931078,0.45503669847171846,0.2788666276926728,0.17617007077904567,1,1,1,1,1,1,99.76649058594704,99.76649058594704,0.0,99.76649058594704,99.76649058594704,81,4.0,4.0,0.0,4.0,4.0,81,1.4530495714205423,1.4530495714205423,0.2578900826239043,0.904807006958464,2.096609896049291,81,2.063839827414758,2.063839827414758,0.4579410939606504,0.75,3.2351045648256234,81,0.7866498877159113,0.7816879119059458,0.10077375140992606,0.5661051228465592,1.0,81,1.0397662402094812,1.048825337302501,0.3005318555970452,0.5,2.073632273561048,81,14.524756952748152,13.085221597698974,4.93974026357553,5.419246723576787,27.005444891471367,81,17.560187382568255,17.560187382568255,0.0,17.560187382568255,17.560187382568255,81
granite_medium,48,80,80.5,16.379622140746125,15.336221626894835,19.066778666423712,19.06677866642371,11.552562758190618,17.02524443473541,0.7053009317872075,-4.8270593825555075,-0.15162554239986825,0.8929271552680573,-2.0415342316883027,87,99.46872965826002,99.46872965826002,99.46872965826002,100.0,99.86631885255873,0.2857142857142857,2,99.46872965826002,0.7,99.76613872993647,7,1.1,P32_derived_Jv_proxy,100.0,99.46872965826002,0.5312703417399831,0.39758919429871753,0.0,-0.13368114744126558,0.5312703417399831,0.39758919429871753,0.0,0.13368114744126558,87,2,1,86,0.9885057471264368,0.011494252873563218,78.53981633974483,7.0,1.1077184039195915,0.2857142857142857,0.2857142857142857,0.012732395447351627,1.0949860084722398,0.44239235495406815,0.24947601621880033,0.1929163387352678,0,1,1,1,1,1,99.46872965826002,99.46872965826002,0.0,99.46872965826002,99.46872965826002,81,4.0,4.0,0.0,4.0,4.0,81,1.4868221331009814,1.4868221331009814,0.25946048913233066,0.6661975349982259,2.1085962619517034,81,1.9391360149863046,1.9391360149863046,0.4523374549656555,0.7644798675089339,2.9964144966159583,81,0.7973902434697542,0.7957002868520555,0.09032120288040073,0.5715826576870513,1.0,81,1.0066636378845086,0.9956263445757828,0.26787819651952116,0.5,1.6857531196525006,81,16.379622140746125,15.336221626894835,5.439756733734589,7.766499628617319,38.13355733284742,81,19.066778666423712,19.06677866642371,3.552713678800501e-15,19.06677866642371,19.06677866642371,81
granite_medium,49,10,10.5,16.083952837903794,15.485984387844306,19.45971100416014,19.459711004160138,15.308174245393758,17.916220378912733,0.9517669194675938,-0.7757785925100364,-0.02146939403437287,0.920682757060604,-1.5434906252474079,112,100.0,100.0,100.0,98.8146176734923,99.73263770511747,0.5714285714285714,4,100.0,0.4,99.92210167184162,4,1.1,P32_derived_Jv_proxy,100.0,100.0,-1.1853823265077068,-0.26736229488253116,-1.1853823265077068,-0.26736229488253116,1.1853823265077068,0.26736229488253116,1.1853823265077068,0.26736229488253116,112,4,2,110,0.9821428571428571,0.017857142857142856,78.53981633974483,7.0,1.4260282901033823,0.5714285714285714,0.5714285714285714,0.025464790894703253,1.4005634992086788,0.4668179740039984,0.5571509631028876,-0.0903329890988892,1,1,1,1,1,1,100.0,100.0,0.0,100.0,100.0,81,4.0,4.0,0.0,4.0,4.0,81,1.5088642012792188,1.5088642012792188,0.2983349715862204,0.6521500636878271,2.2696697324418227,81,1.9384463121737145,1.9384463121737145,0.4761615732145356,0.8854571205698154,3.3899741508171326,81,0.8120884137393153,0.8263962332537989,0.10275519926631112,0.5561934259416487,1.0,81,1.0584977019402422,1.041526649128181,0.2810619135789203,0.5,1.7948564452614986,81,16.083952837903794,15.485984387844306,5.093931853072593,7.694870513616382,35.52542298203088,81,19.45971100416014,19.459711004160138,3.552713678800501e-15,19.459711004160138,19.459711004160138,81
granite_medium,49,20,20.5,15.41997198930588,14.024429849909858,18.011761061074967,18.01176106107497,20.74437901039816,19.683038972382555,1.3452929113480157,5.324407021092279,0.1288168538048935,1.0927881457921051,1.6712779113075875,75,100.0,100.0,100.0,100.0,99.86631885255873,0.2857142857142857,2,100.0,0.2,99.98026467728904,2,1.1,P32_derived_Jv_proxy,100.0,100.0,0.0,-0.13368114744126558,0.0,-0.13368114744126558,0.0,0.13368114744126558,0.0,0.13368114744126558,75,2,2,73,0.9733333333333334,0.02666666666666667,78.53981633974483,7.0,0.954929658551372,0.2857142857142857,0.2857142857142857,0.025464790894703253,0.9294648676566688,0.4061495756063219,0.276867442142562,0.12928213346375994,0,1,1,1,1,1,100.0,100.0,0.0,100.0,100.0,81,4.0,4.0,0.0,4.0,4.0,81,1.5068825150409415,1.5068825150409415,0.3249149314428414,0.7652304879181081,2.357692057468167,81,2.0915257951892468,2.0915257951892468,0.5062832268781746,1.1222241516653786,3.3611949052062413,81,0.8026806372678075,0.8033954083239402,0.09584258282879426,0.6100266111428901,1.0,81,1.0182730122477035,0.9792060697134359,0.28131329178959874,0.5,1.6351497209584223,81,15.41997198930588,14.024429849909858,5.166689490825289,8.105527577141117,34.10310631106882,81,18.011761061074967,18.01176106107497,3.552713678800501e-15,18.01176106107497,18.01176106107497,81
granite_medium,49,30,30.5,15.70803760261675,14.958436369293443,19.374611702557704,19.374611702557708,19.66272871071615,19.96731615293651,1.2517622638897044,3.9546911080993983,0.09752185500486665,1.0305918105342242,0.5927044503788075,86,99.9557009253785,99.9557009253785,99.9557009253785,99.61407126375924,99.61598890532413,0.5714285714285714,4,99.9557009253785,0.5,99.87908957257498,5,1.1,P32_derived_Jv_proxy,100.0,99.9557009253785,-0.3416296616192511,-0.33971202005436396,-0.3859287362407571,-0.3840110946758699,0.3416296616192511,0.33971202005436396,0.3859287362407571,0.3840110946758699,86,4,2,84,0.9767441860465116,0.023255813953488372,78.53981633974483,7.0,1.0949860084722398,0.5714285714285714,0.5714285714285714,0.025464790894703253,1.0695212175775366,0.41150657761532716,0.18726252294409396,0.2242440546712332,0,1,1,1,1,1,99.9557009253785,99.9557009253785,0.0,99.9557009253785,99.9557009253785,81,4.0,4.0,0.0,4.0,4.0,81,1.515948181047288,1.515948181047288,0.3384791281286359,0.5351616010030547,2.361287505350577,81,1.955234836824247,1.955234836824247,0.5217917444404586,0.75,3.1974071241175603,81,0.8059181062213961,0.8067780888304694,0.09760486076169199,0.5334840383219855,1.0,81,1.0781340564538626,1.0756367145839782,0.28601625896325994,0.5,1.8009480701978726,81,15.70803760261675,14.958436369293443,5.3223874142188645,7.548875356225934,35.91851224855285,81,19.374611702557704,19.374611702557708,3.552713678800501e-15,19.374611702557708,19.374611702557708,81
granite_medium,49,40,40.5,15.890497270083667,15.136929099738165,18.788310931510665,18.788310931510665,15.517781969661263,18.211207664419778,0.9765447679775195,-0.37271530042240464,-0.010307842452990323,0.9692839197097274,-0.5771032670908873,91,100.0,100.0,100.0,99.89402166272359,99.86631885255873,0.2857142857142857,2,100.0,1.0,99.53211598395555,10,1.1,P32_derived_Jv_proxy,100.0,100.0,-0.1059783372764116,-0.13368114744126558,-0.1059783372764116,-0.13368114744126558,0.1059783372764116,0.13368114744126558,0.1059783372764116,0.13368114744126558,91,2,2,89,0.978021978021978,0.02197802197802198,78.53981633974483,7.0,1.158647985708998,0.2857142857142857,0.2857142857142857,0.025464790894703253,1.1331831948142947,0.44881445157155897,0.3284147368860426,0.12039971468551636,1,1,1,1,1,1,100.0,100.0,0.0,100.0,100.0,81,4.0,4.0,0.0,4.0,4.0,81,1.5262903238463943,1.5262903238463943,0.29222867443180217,0.5,2.2983114884158358,81,2.030904120932165,2.030904120932165,0.45190666864273016,1.2433420397503012,3.3044542039667535,81,0.8078007719868309,0.8038118371455693,0.10780495577246738,0.43378714797851214,1.0,81,1.0281099087018273,1.0352591536118272,0.2803522715671556,0.5588251103462913,1.7410191032665125,81,15.890497270083667,15.136929099738165,4.91308727503127,7.5479648861554836,28.79185479801313,81,18.788310931510665,18.788310931510665,0.0,18.788310931510665,18.788310931510665,81
granite_medium,49,50,50.5,15.989054190067668,14.997952737859437,18.60708610265051,18.60708610265051,17.99871804194958,20.839123562040697,1.1256899769049695,2.0096638518819123,0.05141879916690395,1.1199563137976905,2.232037459390188,98,100.0,100.0,100.0,97.63684301839658,98.9546461419719,1.2857142857142858,9,100.0,0.8,99.69656540975667,8,1.1,P32_derived_Jv_proxy,100.0,100.0,-2.3631569816034244,-1.0453538580280934,-2.3631569816034244,-1.0453538580280934,2.3631569816034244,1.0453538580280934,2.3631569816034244,1.0453538580280934,98,9,2,96,0.9795918367346939,0.02040816326530612,78.53981633974483,7.0,1.2477747538404593,1.2857142857142858,1.2857142857142858,0.025464790894703253,1.2223099629457561,0.4223132327017953,0.30633213891989297,0.11598109378190236,1,1,1,1,1,1,100.0,100.0,0.0,100.0,100.0,81,4.0,4.0,0.0,4.0,4.0,81,1.5128913815138958,1.5128913815138958,0.28889816720992234,0.8866152508267064,2.196402184712447,81,2.0326817605503398,2.0326817605503398,0.4619374572182625,1.03772409382095,3.5090747312752404,81,0.798102691007179,0.8116350744354175,0.0959528741109582,0.5233562620188199,1.0,81,1.0140491393403188,0.9883664598149039,0.27999222552958714,0.5,1.6671270713542141,81,15.989054190067668,14.997952737859437,5.377891519546986,7.596486934939856,31.194173779351576,81,18.60708610265051,18.60708610265051,0.0,18.60708610265051,18.60708610265051,81
granite_medium,49,60,60.5,15.277268160832822,13.864989456692381,17.20886490517578,17.208864905175783,13.483374874265795,16.93033216587404,0.8825776135051338,-1.7938932865670267,-0.054247092586188206,0.9838145780772579,-0.2785327393017383,81,100.0,100.0,100.0,100.0,99.73263770511747,0.5714285714285714,4,100.0,0.5,99.87908957257498,5,1.1,P32_derived_Jv_proxy,100.0,100.0,0.0,-0.26736229488253116,0.0,-0.26736229488253116,0.0,0.26736229488253116,0.0,0.26736229488253116,81,4,1,80,0.9876543209876543,0.012345679012345678,78.53981633974483,7.0,1.0313240312354817,0.5714285714285714,0.5714285714285714,0.012732395447351627,1.0185916357881302,0.42490966292172916,0.11429089395477077,0.3106187689669584,1,1,1,1,1,1,100.0,100.0,0.0,100.0,100.0,81,4.0,4.0,0.0,4.0,4.0,81,1.4663797471161215,1.4663797471161215,0.28298861985383883,0.662817007642949,2.146201789063874,81,2.1302679682770496,2.1302679682770496,0.49654487379244516,0.75,3.19069477473166,81,0.8158225379379701,0.8253953465711736,0.09598350343512235,0.5449674353041102,1.0,81,1.0148003335866194,1.0321918656560003,0.2930315213963172,0.5,1.690232887708877,81,15.277268160832822,13.864989456692381,5.714179567993921,7.215710154071823,32.92286635897429,81,17.20886490517578,17.208864905175783,3.552713678800501e-15,17.208864905175783,17.208864905175783,81
granite_medium,49,70,70.5,16.17953973577281,15.136212001239567,17.695641305433814,17.695641305433817,20.2551090564664,22.000644584517847,1.2518964931791319,4.075569320693589,0.09756842288445444,1.2432804330048266,4.305003279084033,103,99.06573570674585,99.06573570674585,99.06573570674585,99.66217624225237,99.5491483316035,0.7142857142857143,5,99.06573570674585,0.5,99.87908957257498,5,1.1,P32_derived_Jv_proxy,100.0,99.06573570674585,0.5964405355065168,0.4834126248576496,-0.3378237577476284,-0.4508516683964956,0.5964405355065168,0.4834126248576496,0.3378237577476284,0.4508516683964956,103,5,1,102,0.9902912621359223,0.009708737864077669,78.53981633974483,7.0,1.3114367310772175,0.7142857142857143,0.7142857142857143,0.012732395447351627,1.298704335629866,0.42879854110819327,0.3322908877898664,0.09650765331832689,0,1,1,1,1,1,99.06573570674585,99.06573570674585,0.0,99.06573570674585,99.06573570674585,81,4.0,4.0,0.0,4.0,4.0,81,1.4886743723562745,1.4886743723562745,0.31251771948499385,0.7178366207789525,2.5654892969456333,81,2.0835162085926586,2.0835162085926586,0.5269337445623736,0.9389494150702178,3.383520004738756,81,0.8047353331915218,0.8013749957062574,0.09427592358966462,0.5571607811470304,1.0,81,0.9530808022619482,0.9240469948446344,0.259513988253164,0.5,1.5148708932821469,81,16.17953973577281,15.136212001239567,5.255043688754043,8.167025499760973,31.580952252684618,81,17.695641305433814,17.695641305433817,3.552713678800501e-15,17.695641305433817,17.695641305433817,81
granite_medium,49,80,80.5,16.133713351997223,14.86568479946293,18.980243767757656,18.980243767757656,15.580579507065524,18.914803520335646,0.9657156518859792,-0.5531338449316987,-0.01515072968758302,0.9965521914142549,-0.0654402474220106,91,99.28441221411266,99.28441221411266,99.28441221411266,100.0,99.93315942627937,0.14285714285714285,1,99.28441221411266,0.5,99.87908957257498,5,1.1,P32_derived_Jv_proxy,100.0,99.28441221411266,0.7155877858873367,0.648747212166711,0.0,-0.06684057372062568,0.7155877858873367,0.648747212166711,0.0,0.06684057372062568,91,1,0,91,1.0,0.0,78.53981633974483,7.0,1.158647985708998,0.14285714285714285,0.14285714285714285,0.0,1.158647985708998,0.37481887878997977,0.505737890448207,-0.13091901165822728,1,1,1,1,1,1,99.28441221411266,99.28441221411266,0.0,99.28441221411266,99.28441221411266,81,4.0,4.0,0.0,4.0,4.0,81,1.5037463526481305,1.5037463526481305,0.30818309011401435,0.6300535836349224,2.1733280078621124,81,1.9664996741954872,1.9664996741954872,0.5346045826282753,0.7706945367186899,3.3744459801454694,81,0.7936181600077753,0.7955307687519819,0.1017476596307102,0.5886710297266916,1.0,81,1.0098610894183522,1.0249860229469183,0.2660035296284057,0.5,1.6155016396162434,81,16.133713351997223,14.86568479946293,5.353589700025123,8.473345194261672,35.211409318556925,81,18.980243767757656,18.980243767757656,0.0,18.980243767757656,18.980243767757656,81
granite_medium,50,10,10.5,14.989058815344286,13.40775597709482,17.397450690806206,17.397450690806203,15.437517142502715,22.781326093051717,1.0299190451303948,0.4484583271584288,0.012803089137316759,1.3094634666842686,5.383875402245511,87,99.97675530067373,99.97675530067373,99.97675530067373,100.0,99.86631885255873,0.2857142857142857,2,99.97675530067373,1.0,99.53211598395555,10,1.1,P32_derived_Jv_proxy,100.0,99.97675530067373,0.023244699326269824,-0.11043644811499576,0.0,-0.13368114744126558,0.023244699326269824,0.11043644811499576,0.0,0.13368114744126558,87,2,0,87,1.0,0.0,78.53981633974483,7.0,1.1077184039195915,0.2857142857142857,0.2857142857142857,0.0,1.1077184039195915,0.46368029898168217,0.14861878109833437,0.3150615178833478,1,1,1,0,1,1,99.97675530067373,99.97675530067373,0.0,99.97675530067373,99.97675530067373,81,4.0,4.0,0.0,4.0,4.0,81,1.4712994018979797,1.4712994018979797,0.3211546449886029,0.7254301460664648,2.2441328427929124,81,2.1137542346263936,2.1137542346263936,0.44638211020299945,1.0748522490165593,3.051305557294534,81,0.7955343864600936,0.7809868200684269,0.09177243480029444,0.5537817811934956,0.9840822758677985,81,1.0213685082062083,1.0395604635837303,0.330128132818617,0.5,1.8644055566427016,81,14.989058815344286,13.40775597709482,4.999525588112249,7.5984840894920005,28.448693938458195,81,17.397450690806206,17.397450690806203,3.552713678800501e-15,17.397450690806203,17.397450690806203,81
granite_medium,50,20,20.5,15.48542742562192,15.349555931392327,17.862476856113094,17.862476856113094,14.30999657600338,18.001266860000246,0.9240943877549229,-1.1754308496185395,-0.03428366732148547,1.0077699193121503,0.13879000388715212,86,99.8351027642598,99.8351027642598,99.8351027642598,98.13752468350422,98.83799734217858,1.2857142857142858,9,99.8351027642598,0.9,99.61849919456388,9,1.1,P32_derived_Jv_proxy,100.0,99.8351027642598,-1.6975780807555765,-0.9971054220812192,-1.8624753164957752,-1.162002657821418,1.6975780807555765,0.9971054220812192,1.8624753164957752,1.162002657821418,86,9,3,83,0.9651162790697675,0.03488372093023256,78.53981633974483,7.0,1.0949860084722398,1.2857142857142858,1.2857142857142858,0.03819718634205488,1.056788822130185,0.44917111424616796,0.23523243362003576,0.2139386806261322,1,1,1,1,1,1,99.8351027642598,99.8351027642598,0.0,99.8351027642598,99.8351027642598,81,4.0,4.0,0.0,4.0,4.0,81,1.5115892593332991,1.5115892593332991,0.30311871452727923,0.8929081438206824,2.280255261283378,81,2.112104472667872,2.112104472667872,0.4901821515959895,0.7588189537206786,3.1128104690859373,81,0.7933618928165986,0.7918102767390782,0.11005258019205046,0.5248795410418331,1.0,81,0.9900331527042265,0.9735808827074941,0.2853629792595352,0.5,1.8140894592506938,81,15.48542742562192,15.349555931392327,4.745260165896696,7.51694341166259,28.617297332455788,81,17.862476856113094,17.862476856113094,0.0,17.862476856113094,17.862476856113094,81
granite_medium,50,30,30.5,15.502511794952715,14.477147525772777,18.19392210653758,18.19392210653758,15.069030870831481,20.552444653989767,0.972038020041219,-0.43348092412123407,-0.012316747860579236,1.1296324417374912,2.3585225474521856,74,100.0,100.0,100.0,100.0,99.7994782788381,0.42857142857142855,3,100.0,0.5,99.87908957257498,5,1.1,P32_derived_Jv_proxy,100.0,100.0,0.0,-0.20052172116190548,0.0,-0.20052172116190548,0.0,0.20052172116190548,0.0,0.20052172116190548,74,3,0,74,1.0,0.0,78.53981633974483,7.0,0.9421972631040204,0.42857142857142855,0.42857142857142855,0.0,0.9421972631040204,0.45094485875369117,0.46923742441660776,-0.018292565662916593,1,1,1,1,1,1,100.0,100.0,0.0,100.0,100.0,81,4.0,4.0,0.0,4.0,4.0,81,1.4785901538304314,1.4785901538304314,0.30443476453573515,0.9148278513416879,2.2482612994100037,81,2.0317089206663317,2.0317089206663317,0.5439920911745624,0.8166244190922312,3.569839200991332,81,0.7872961158187808,0.7972223219889195,0.10384230147324675,0.5615071323303882,1.0,81,1.0167259208804145,1.018968127164253,0.2896808416069519,0.5,1.9387880917179439,81,15.502511794952715,14.477147525772777,5.916079388989556,6.997113156736499,34.73275275800334,81,18.19392210653758,18.19392210653758,0.0,18.19392210653758,18.19392210653758,81
granite_medium,50,40,40.5,16.29787666236592,14.699684896488172,19.98238969826908,19.982389698269078,21.060815910449712,21.73317983101896,1.2922429311961898,4.762939248083793,0.11134416517643975,1.0876166544235464,1.7507901327498772,89,100.0,100.0,100.0,98.64910054908714,99.68282947904477,0.42857142857142855,3,100.0,0.9,99.61849919456388,9,1.1,P32_derived_Jv_proxy,100.0,100.0,-1.3508994509128627,-0.31717052095523,-1.3508994509128627,-0.31717052095523,1.3508994509128627,0.31717052095523,1.3508994509128627,0.31717052095523,89,3,2,87,0.9775280898876404,0.02247191011235955,78.53981633974483,7.0,1.1331831948142947,0.42857142857142855,0.42857142857142855,0.025464790894703253,1.1077184039195915,0.41281446910099273,0.41480759558262814,-0.00199312648163541,0,1,1,1,1,1,100.0,100.0,0.0,100.0,100.0,81,4.0,4.0,0.0,4.0,4.0,81,1.51898180127115,1.51898180127115,0.27169737462861226,0.9212813394018776,2.185037187568563,81,1.900400582972726,1.900400582972726,0.5692201110560597,0.8513732668115157,3.323419242955853,81,0.7892632851811698,0.7904588545357104,0.09678555341746373,0.5450880953344516,1.0,81,1.0582551932642357,1.0546872355950234,0.3003887592593481,0.5,1.8401142922808147,81,16.29787666236592,14.699684896488172,5.585565191546118,7.438540432126243,33.454649698899416,81,19.98238969826908,19.982389698269078,3.552713678800501e-15,19.982389698269078,19.982389698269078,81
granite_medium,50,50,50.5,16.049563634202684,14.510273481598128,19.511205560274558,19.511205560274558,16.128623528472836,20.579369257930665,1.004925984037452,0.07905989427015214,0.0021340757785390796,1.054746165958649,1.0681636976561073,89,100.0,100.0,100.0,100.0,99.86631885255873,0.2857142857142857,2,100.0,0.3,99.95588995549635,3,1.1,P32_derived_Jv_proxy,100.0,100.0,0.0,-0.13368114744126558,0.0,-0.13368114744126558,0.0,0.13368114744126558,0.0,0.13368114744126558,89,2,1,88,0.9887640449438202,0.011235955056179775,78.53981633974483,7.0,1.1331831948142947,0.2857142857142857,0.2857142857142857,0.012732395447351627,1.1204507993669433,0.40265291450989893,0.2937609741426487,0.10889194036725025,1,1,1,1,1,1,100.0,100.0,0.0,100.0,100.0,81,4.0,4.0,0.0,4.0,4.0,81,1.5157851175043,1.5157851175043,0.2765570455286297,0.8669429264785995,2.195855361181955,81,1.942198180452887,1.942198180452887,0.4929648742848572,0.7773766519400742,3.0184611899799805,81,0.7893542837799735,0.7914503017375882,0.09093508364992649,0.5214981345946683,1.0,81,1.0636705114418306,1.0421842854706984,0.3342966007719294,0.5,1.9263354491396614,81,16.049563634202684,14.510273481598128,5.804503038253716,6.9900338591989755,34.634182762089644,81,19.511205560274558,19.511205560274558,0.0,19.511205560274558,19.511205560274558,81
granite_medium,50,60,60.5,14.278876943702109,13.6510256229073,17.911133464271234,17.91113346427123,17.940670875891165,18.75,1.2564483149918972,3.661793932189056,0.0991446282445616,1.0468349218323967,0.8388665357287657,103,99.24862086945019,99.24862086945019,99.24862086945019,100.0,100.0,0.0,0,99.24862086945019,0.8,99.69656540975667,8,1.1,P32_derived_Jv_proxy,100.0,99.24862086945019,0.7513791305498074,0.7513791305498074,0.0,0.0,0.7513791305498074,0.7513791305498074,0.0,0.0,103,0,0,103,1.0,0.0,78.53981633974483,7.0,1.3114367310772175,0.0,0.0,0.0,1.3114367310772175,0.46705161152759633,0.0,0.46705161152759633,0,1,1,1,1,1,99.24862086945019,99.24862086945019,0.0,99.24862086945019,99.24862086945019,81,4.0,4.0,0.0,4.0,4.0,81,1.4865288481919605,1.4865288481919605,0.2620984408849514,0.7095538008473731,2.0464928578471793,81,2.059276962566413,2.059276962566413,0.5142795960627992,0.9217439937107379,3.4528353412189685,81,0.7874601381764889,0.7843495387742621,0.09695425210959312,0.5481788268996802,1.0,81,1.055896049145417,1.0567827711880764,0.262994875293279,0.5,1.7275956147172196,81,14.278876943702109,13.6510256229073,4.300295601156951,8.167325850741577,27.29137639664724,81,17.911133464271234,17.91113346427123,3.552713678800501e-15,17.91113346427123,17.91113346427123,81
granite_medium,50,70,70.5,16.390523761243607,16.08442437470148,19.223196768861783,19.223196768861783,18.373098400769123,18.335019285299655,1.1209585897562002,1.9825746395255166,0.04958956926530522,0.9537965774245821,-0.8881774835621279,68,100.0,100.0,100.0,100.0,99.73263770511747,0.5714285714285714,4,100.0,0.6,99.82704055993037,6,1.1,P32_derived_Jv_proxy,100.0,100.0,0.0,-0.26736229488253116,0.0,-0.26736229488253116,0.0,0.26736229488253116,0.0,0.26736229488253116,68,4,2,66,0.9705882352941176,0.029411764705882353,78.53981633974483,7.0,0.8658028904199107,0.5714285714285714,0.5714285714285714,0.025464790894703253,0.8403380995252073,0.5233863492860997,0.43954989266137334,0.08383645662472639,1,1,1,1,1,1,100.0,100.0,0.0,100.0,100.0,81,4.0,4.0,0.0,4.0,4.0,81,1.4820823867277677,1.4820823867277677,0.3093072414457521,0.7002805534649071,2.448261552865089,81,1.9274660772453855,1.9274660772453855,0.46273941828876197,0.75,3.4426134884956703,81,0.7906703835997104,0.8031802299317032,0.09232205502845092,0.5855439423010901,1.0,81,1.005069477355901,1.0085529256467987,0.28649813452047623,0.5,1.766908609332754,81,16.390523761243607,16.08442437470148,4.9688885886853065,7.355152842960465,28.58901692357136,81,19.223196768861783,19.223196768861783,0.0,19.223196768861783,19.223196768861783,81
granite_medium,50,80,80.5,16.078526753800848,14.817388176329352,18.328981279470664,18.328981279470664,16.68356548268517,20.51340992006821,1.037630234296267,0.605038728884324,0.016042617660384284,1.1191789443881537,2.1844286405975453,80,100.0,100.0,100.0,98.6710278632755,99.68282947904478,0.42857142857142855,3,100.0,0.4,99.92210167184162,4,1.1,P32_derived_Jv_proxy,100.0,100.0,-1.3289721367245022,-0.3171705209552158,-1.3289721367245022,-0.3171705209552158,1.3289721367245022,0.3171705209552158,1.3289721367245022,0.3171705209552158,80,3,0,80,1.0,0.0,78.53981633974483,7.0,1.0185916357881302,0.42857142857142855,0.42857142857142855,0.0,1.0185916357881302,0.4222695852053283,0.15943143228426582,0.2628381529210625,1,1,1,1,1,1,100.0,100.0,0.0,100.0,100.0,81,4.0,4.0,0.0,4.0,4.0,81,1.4753298284945764,1.4753298284945764,0.28863747463445893,0.8320839964186968,2.373072113130663,81,2.0122910897222317,2.0122910897222317,0.5185853110857662,1.1421947740593148,3.403788348366275,81,0.7938390319979844,0.7991128798108118,0.10819846485450738,0.5738170559431729,1.0,81,1.0118141904934224,1.0057213680815007,0.3164670787012683,0.5,1.8821514771085883,81,16.078526753800848,14.817388176329352,6.273051209281849,7.047717538874509,34.27092662714635,81,18.328981279470664,18.328981279470664,0.0,18.328981279470664,18.328981279470664,81
granite_medium,51,10,10.5,17.62023263207418,16.09343942858226,19.169288820101766,19.169288820101766,25.823744284972488,19.8432049148202,1.4655734021334894,8.203511652898307,0.16600757462926485,1.0351560300980875,0.6739160947184324,90,100.0,100.0,100.0,99.49830661514027,99.15516786313381,0.8571428571428571,6,100.0,0.8,99.69656540975667,8,1.1,P32_derived_Jv_proxy,100.0,100.0,-0.5016933848597347,-0.844832136866188,-0.5016933848597347,-0.844832136866188,0.5016933848597347,0.844832136866188,0.5016933848597347,0.844832136866188,90,6,1,89,0.9888888888888889,0.011111111111111112,78.53981633974483,7.0,1.1459155902616465,0.8571428571428571,0.8571428571428571,0.012732395447351627,1.1331831948142947,0.45293016308569156,0.21433525950979837,0.2385949035758932,0,1,1,1,1,1,100.0,100.0,0.0,100.0,100.0,81,4.0,4.0,0.0,4.0,4.0,81,1.5293219623100571,1.5293219623100571,0.27012390307710693,0.7006314852755327,2.241512286832619,81,1.9944949140553696,1.9944949140553696,0.4909767367884266,0.75,2.911115498292296,81,0.8069341623113596,0.8050898115906931,0.09220232731602251,0.5303740571999812,1.0,81,0.9772009866085334,0.9338746072220193,0.3038260494765155,0.5,1.6612061864765497,81,17.62023263207418,16.09343942858226,6.538091610379412,8.929106193029293,37.46551509500439,81,19.169288820101766,19.169288820101766,0.0,19.169288820101766,19.169288820101766,81
granite_medium,51,20,20.5,17.2953780082114,15.329112816386342,18.863931623673032,18.86393162367303,18.819219095299076,17.464504161203813,1.0881068390852282,1.5238410870876749,0.036671539982700896,0.92581464509164,-1.3994274624692196,89,99.3993335068941,99.3993335068941,99.3993335068941,99.41881648796786,99.79947827883811,0.42857142857142855,3,99.3993335068941,0.5,99.87908957257498,5,1.1,P32_derived_Jv_proxy,100.0,99.3993335068941,0.01948298107376445,0.40014477194401366,-0.5811835120321405,-0.20052172116189126,0.01948298107376445,0.40014477194401366,0.5811835120321405,0.20052172116189126,89,3,2,87,0.9775280898876404,0.02247191011235955,78.53981633974483,7.0,1.1331831948142947,0.42857142857142855,0.42857142857142855,0.025464790894703253,1.1077184039195915,0.4266297255186223,0.31333894967183296,0.11329077584678937,1,1,1,1,1,1,99.3993335068941,99.3993335068941,0.0,99.3993335068941,99.3993335068941,81,4.0,4.0,0.0,4.0,4.0,81,1.4947832451752807,1.4947832451752807,0.2864809799746487,0.6067992685329755,2.225634875074564,81,1.9691077829347647,1.9691077829347647,0.536291441566951,0.75,3.221535567359737,81,0.815941136305098,0.8072649511295511,0.10039738939437683,0.5145903613530548,1.0,81,0.9912417643209227,1.0167203311381006,0.29466277594248785,0.5,1.670831042112046,81,17.2953780082114,15.329112816386342,6.544589672586992,6.426219280455271,37.72786324734606,81,18.863931623673032,18.86393162367303,3.552713678800501e-15,18.86393162367303,18.86393162367303,81
granite_medium,51,30,30.5,15.368523875952981,14.684958465299166,18.644533146435407,18.644533146435407,15.158367407424027,17.05413380117429,0.986325526756816,-0.21015646852895387,-0.0059797269025789745,0.914698891478268,-1.5903993452611154,88,99.86590178983982,99.86590178983982,99.86590178983982,98.57848395430834,99.27181666292714,0.8571428571428571,6,99.86590178983982,0.6,99.82704055993037,6,1.1,P32_derived_Jv_proxy,100.0,99.86590178983982,-1.2874178355314854,-0.5940851269126881,-1.4215160456916607,-0.7281833370728634,1.2874178355314854,0.5940851269126881,1.4215160456916607,0.7281833370728634,88,6,2,86,0.9772727272727273,0.022727272727272728,78.53981633974483,7.0,1.1204507993669433,0.8571428571428571,0.8571428571428571,0.025464790894703253,1.0949860084722398,0.4688786042669474,0.2703653614247409,0.1985132428422065,1,1,1,1,1,1,99.86590178983982,99.86590178983982,0.0,99.86590178983982,99.86590178983982,81,4.0,4.0,0.0,4.0,4.0,81,1.4884502602055234,1.4884502602055234,0.272555871741445,0.8564738895058894,2.3691267161538945,81,1.993150302253149,1.993150302253149,0.5404794836831064,0.8203581578051784,3.3619219163105276,81,0.7858091298014285,0.7845142905262456,0.08985074709213502,0.5715791235736324,1.0,81,1.0310814505311707,1.0169442276015848,0.2911337577769954,0.5,1.9044562340043607,81,15.368523875952981,14.684958465299166,4.602779262511753,6.682233292226462,28.161852608480825,81,18.644533146435407,18.644533146435407,0.0,18.644533146435407,18.644533146435407,81
granite_medium,51,40,40.5,14.97438439951038,13.342711938913304,17.907467772694044,17.90746777269404,22.8236737149675,20.614571287319816,1.5241811019432474,7.849289315457122,0.18303657258217187,1.1511717652650846,2.7071035146257714,79,99.11690083340086,99.11690083340086,99.11690083340086,99.29632785449664,99.4054978103684,0.5714285714285714,4,99.11690083340086,0.5,99.87908957257498,5,1.1,P32_derived_Jv_proxy,100.0,99.11690083340086,0.17942702109577624,0.28859697696753983,-0.7036721455033614,-0.5945021896315978,0.17942702109577624,0.28859697696753983,0.7036721455033614,0.5945021896315978,79,4,1,78,0.9873417721518988,0.012658227848101266,78.53981633974483,7.0,1.0058592403407784,0.5714285714285714,0.5714285714285714,0.012732395447351627,0.9931268448934268,0.49225922667746236,0.19518628104321523,0.29707294563424713,0,0,1,1,1,1,99.11690083340086,99.11690083340086,0.0,99.11690083340086,99.11690083340086,81,4.0,4.0,0.0,4.0,4.0,81,1.455094529165159,1.455094529165159,0.2898299392714254,0.6402098136811992,2.066135904760024,81,2.013468095841081,2.013468095841081,0.5021225716045016,0.8142522338975544,3.259900515041665,81,0.807218682264119,0.789772509678702,0.10283430440142691,0.5538072656124634,1.0,81,1.0463773473319053,1.0966182589559417,0.2587405606464073,0.5,1.6718416434034427,81,14.97438439951038,13.342711938913304,5.369096035014782,7.372795128479982,32.96838389781204,81,17.907467772694044,17.90746777269404,3.552713678800501e-15,17.90746777269404,17.90746777269404,81
granite_medium,51,50,50.5,15.0446680778335,14.131643724315195,18.070580753360215,18.070580753360215,11.07982293188625,17.658116921988267,0.7364617733382254,-3.9648451459472493,-0.13284979065315405,0.9771748436311185,-0.412463831371948,97,98.8955656872109,98.8955656872109,98.8955656872109,99.04223699533773,99.33865723664778,0.7142857142857143,5,98.8955656872109,0.9,99.61849919456388,9,1.1,P32_derived_Jv_proxy,100.0,98.8955656872109,0.14667130812682672,0.4430915494368719,-0.9577630046622687,-0.6613427633522235,0.14667130812682672,0.4430915494368719,0.9577630046622687,0.6613427633522235,97,5,4,93,0.9587628865979382,0.041237113402061855,78.53981633974483,7.0,1.2350423583931078,0.7142857142857143,0.7142857142857143,0.05092958178940651,1.1841127766037014,0.39293456899700663,0.3329230816490627,0.060011487347943926,0,1,1,1,1,1,98.8955656872109,98.8955656872109,0.0,98.8955656872109,98.8955656872109,81,4.0,4.0,0.0,4.0,4.0,81,1.507726032475359,1.507726032475359,0.30370944724941557,0.7242294515477748,2.2052747169701767,81,2.062847632266305,2.062847632266305,0.47900908433999245,0.7521355323942003,3.2436619197154135,81,0.7970853688359029,0.7941504334039503,0.09886732986393418,0.536069052069871,1.0,81,1.0434167522196485,1.0320528664875812,0.29676652321174823,0.5,1.9662893953373841,81,15.0446680778335,14.131643724315195,4.925699260106473,6.86318553670516,30.835894097576286,81,18.070580753360215,18.070580753360215,0.0,18.070580753360215,18.070580753360215,81
granite_medium,51,60,60.5,16.477943810569567,15.663252849020644,19.406365122637418,19.406365122637414,26.115332766598463,19.65463433469593,1.5848659921905497,9.637388956028897,0.1999925464827299,1.0127931846324436,0.2482692120585135,108,99.47039187517092,99.47039187517092,99.47039187517092,99.94929276488197,99.86631885255873,0.2857142857142857,2,99.47039187517092,0.7,99.76613872993647,7,1.1,P32_derived_Jv_proxy,100.0,99.47039187517092,0.47890088971105627,0.39592697738781624,-0.05070723511802555,-0.13368114744126558,0.47890088971105627,0.39592697738781624,0.05070723511802555,0.13368114744126558,108,2,1,107,0.9907407407407407,0.009259259259259259,78.53981633974483,7.0,1.3750987083139756,0.2857142857142857,0.2857142857142857,0.012732395447351627,1.3623663128666241,0.40026771652525284,0.25837169806329596,0.14189601846195687,0,0,1,1,1,1,99.47039187517092,99.47039187517092,0.0,99.47039187517092,99.47039187517092,81,4.0,4.0,0.0,4.0,4.0,81,1.5508586569151188,1.5508586569151188,0.30641743386632264,0.6324130007728672,2.113161448133333,81,1.987292795063402,1.987292795063402,0.4826499270246185,0.75,3.1572247222868546,81,0.8131424001623218,0.818556709405455,0.09702222170858028,0.5086314498032902,1.0,81,1.0559840633695008,1.0668078586324339,0.31574060399209253,0.5,1.689659858254578,81,16.477943810569567,15.663252849020644,5.786357183163597,7.86611975852618,34.057989740120384,81,19.406365122637418,19.406365122637414,3.552713678800501e-15,19.406365122637414,19.406365122637414,81
granite_medium,51,70,70.5,17.610361415191544,15.315021751241002,19.325562866279764,19.325562866279764,16.00341966735511,19.28750455171927,0.9087502118809323,-1.6069417478364336,-0.04155547487435385,0.9980306749757389,-0.038058314560494466,83,100.0,100.0,100.0,96.33223992966512,99.04848843713431,1.2857142857142858,9,100.0,0.4,99.92210167184162,4,1.1,P32_derived_Jv_proxy,100.0,100.0,-3.6677600703348787,-0.95151156286569,-3.6677600703348787,-0.95151156286569,3.6677600703348787,0.95151156286569,3.6677600703348787,0.95151156286569,83,9,2,81,0.9759036144578314,0.024096385542168676,78.53981633974483,7.0,1.056788822130185,1.2857142857142858,1.2857142857142858,0.025464790894703253,1.0313240312354817,0.453497831516365,0.40131717702309144,0.05218065449327358,1,1,1,1,1,1,100.0,100.0,0.0,100.0,100.0,81,4.0,4.0,0.0,4.0,4.0,81,1.6061503168660909,1.6061503168660909,0.2798363838032064,0.9204979143175875,2.2954514327830897,81,2.077753605392504,2.077753605392504,0.5545157078896324,0.75,3.159761891059836,81,0.8023404130066586,0.8042982252052315,0.0945332022242995,0.5760668787595602,1.0,81,0.9797225629969077,0.9885438605895746,0.2973216732079027,0.5,1.7695815526314984,81,17.610361415191544,15.315021751241002,6.509644620022213,8.57079762809476,37.000597041261784,81,19.325562866279764,19.325562866279764,0.0,19.325562866279764,19.325562866279764,81
granite_medium,51,80,80.5,16.291865545916053,15.463769012425542,18.42492597052411,18.424925970524114,18.46302521901898,19.571382338947693,1.1332664860868056,2.1711596731029275,0.05433204563449712,1.0622231193904206,1.146456368423582,92,99.57267868521083,99.57267868521083,99.57267868521083,98.32082693855423,99.73263770511747,0.5714285714285714,4,99.57267868521083,0.7,99.76613872993647,7,1.1,P32_derived_Jv_proxy,100.0,99.57267868521083,-1.2518517466565982,0.15995901990663697,-1.6791730614457663,-0.26736229488253116,1.2518517466565982,0.15995901990663697,1.6791730614457663,0.26736229488253116,92,4,2,90,0.9782608695652174,0.021739130434782608,78.53981633974483,7.0,1.1713803811563497,0.5714285714285714,0.5714285714285714,0.025464790894703253,1.1459155902616465,0.4410566309674917,0.1740763099385062,0.2669803210289855,1,1,1,1,1,1,99.57267868521083,99.57267868521083,0.0,99.57267868521083,99.57267868521083,81,4.0,4.0,0.0,4.0,4.0,81,1.5080611554933694,1.5080611554933694,0.2936089112055362,0.7873981031725942,2.281037992741145,81,2.0374802199180495,2.0374802199180495,0.48790336191123335,0.8913555901160111,3.24685511458571,81,0.805383436447178,0.8076600411866947,0.1002509035550152,0.5610539298096725,1.0,81,0.9952001961939748,0.9894195621814642,0.28467629427346325,0.5,1.7737852241566043,81,16.291865545916053,15.463769012425542,5.50215145923455,7.053716462841879,34.445857998405884,81,18.42492597052411,18.424925970524114,3.552713678800501e-15,18.424925970524114,18.424925970524114,81
