case_name,seed,face_x_idx,face_x_coord,Q_face_mean,Q_face_median,Qp_face_mean,Qp_face_median,Q_borehole_mean,Qp_borehole_mean,Q_ratio,Q_difference,Q_log_ratio,Qp_ratio,Qp_difference,face_joints_count,face_rqd_practical,face_rqd_mean,face_rqd_min_dir,RQD_borehole_direct,RQD_borehole_hudson,lambda_borehole,borehole_n_intersections_total,RQD_face_scanline,lambda_face_scanline,RQD_face_scanline_hudson,face_scanline_n_intersections,Jv_face,Jv_method,RQD_face_jv,RQD_face_conservative,RQD_diff_bh_direct_minus_face_scanline,RQD_diff_bh_hudson_minus_face_scanline,RQD_diff_bh_direct_minus_face_jv,RQD_diff_bh_hudson_minus_face_jv,RQD_absdiff_bh_direct_face_scanline,RQD_absdiff_bh_hudson_face_scanline,RQD_absdiff_bh_direct_face_jv,RQD_absdiff_bh_hudson_face_jv,face_joint_count,bh_union_fracture_count,common_union_fracture_count,missed_union_fracture_count,miss_ratio_union,detection_ratio_union,face_area,window_length,face_fracture_density,bh_fracture_frequency_mean,bh_union_fracture_frequency,common_fracture_density,missed_fracture_density,face_orientation_bias,bh_union_orientation_bias,orientation_bias_gap,Q_match_strict,Q_match_normal,Q_match_loose,Qp_match_strict,Qp_match_normal,Qp_match_loose,face_RQD_mean,face_RQD_median,face_RQD_std,face_RQD_min,face_RQD_max,face_RQD_n_points,face_Jn_mean,face_Jn_median,face_Jn_std,face_Jn_min,face_Jn_max,face_Jn_n_points,face_Jr_mean,face_Jr_median,face_Jr_std,face_Jr_min,face_Jr_max,face_Jr_n_points,face_Ja_mean,face_Ja_median,face_Ja_std,face_Ja_min,face_Ja_max,face_Ja_n_points,face_Jw_mean,face_Jw_median,face_Jw_std,face_Jw_min,face_Jw_max,face_Jw_n_points,face_SRF_mean,face_SRF_median,face_SRF_std,face_SRF_min,face_SRF_max,face_SRF_n_points,face_Q_mean,face_Q_median,face_Q_std,face_Q_min,face_Q_max,face_Q_n_points,face_Qprime_mean,face_Qprime_median,face_Qprime_std,face_Qprime_min,face_Qprime_max,face_Qprime_n_points,case_path,case_name_meta,quality_regime,density_regime,orientation_regime,anisotropy_regime,cost_fp,cost_fn
granite_dense_p32_05,40,10,10.5,10.476626373084157,9.68950067991272,11.594688044265077,11.594688044265077,8.342222502919585,11.146930952506526,0.7962699256271906,-2.1344038701645722,-0.09893968686172472,0.9613825667366689,-0.4477570917585503,356,96.6363903594775,96.6363903594775,96.6363903594775,93.39926963530556,94.00748679259156,3.7142857142857144,26,96.6363903594775,2.7,96.94919578078034,27,5.0,P32_derived_Jv_proxy,98.5,96.6363903594775,-3.2371207241719446,-2.6289035668859384,-5.100730364694442,-4.492513207408436,3.2371207241719446,2.6289035668859384,5.100730364694442,4.492513207408436,356,26,12,344,0.9662921348314607,0.033707865168539325,78.53981633974483,7.0,4.532732779257179,3.7142857142857144,3.7142857142857144,0.15278874536821951,4.379944033888959,0.3392163457155766,0.3419684300965099,-0.0027520843809333284,0,1,1,1,1,1,96.6363903594775,96.6363903594775,0.0,96.6363903594775,96.6363903594775,81,4.0,4.0,0.0,4.0,4.0,81,1.2067354324868713,1.2067354324868713,0.31689408320625306,0.5,2.044172007178601,81,2.514396158594661,2.514396158594661,0.491096999111404,1.1844817965803276,4.030290276591582,81,0.8035971553723992,0.8076560283621431,0.10066257195430728,0.53260119501172,1.0,81,0.9697544385533005,0.9383394783297043,0.2766163932638677,0.5,1.603020648014794,81,10.476626373084157,9.68950067991272,3.4908669585586667,4.895903610149188,19.134512731387833,81,11.594688044265077,11.594688044265077,0.0,11.594688044265077,11.594688044265077,81,cases/granite_rqd_p32_rot_05.yaml,granite_dense_p32_05,medium_to_poor,dense,unfavorable,high,1,5
granite_dense_p32_05,40,20,20.5,9.12470879401084,8.420506716823281,11.493591143013463,11.493591143013466,10.251333626065328,13.121023435524624,1.12346967530558,1.126624832054489,0.05056135443633092,1.1415947611378554,1.6274322925111608,363,96.61820753457052,96.61820753457052,96.61820753457052,97.20047748061462,98.52082682122337,1.7142857142857142,12,96.61820753457052,2.5,97.35009788392561,25,5.0,P32_derived_Jv_proxy,98.5,96.61820753457052,0.5822699460441072,1.9026192866528504,-1.299522519385377,0.02082682122336621,0.5822699460441072,1.9026192866528504,1.299522519385377,0.02082682122336621,363,12,3,360,0.9917355371900827,0.008264462809917356,78.53981633974483,7.0,4.621859547388641,1.7142857142857142,1.7142857142857142,0.03819718634205488,4.583662361046586,0.3505744545428692,0.27378486203799157,0.0767895925048776,1,1,1,1,1,1,96.61820753457052,96.61820753457052,0.0,96.61820753457052,96.61820753457052,81,4.0,4.0,0.0,4.0,4.0,81,1.1896107490965746,1.1896107490965746,0.29486445103896786,0.5,2.024924010830602,81,2.5000466958369967,2.5000466958369967,0.48869090226601664,1.1579807282218069,4.373347053646242,81,0.799889545963395,0.7990959797484326,0.08922012665462013,0.6362147928205298,1.0,81,1.1014069007716158,1.1163084583400518,0.29939186823266106,0.5,1.831943449738366,81,9.12470879401084,8.420506716823281,3.254522283400203,4.685200304585027,19.494099184302062,81,11.493591143013463,11.493591143013466,3.552713678800501e-15,11.493591143013466,11.493591143013466,81,cases/granite_rqd_p32_rot_05.yaml,granite_dense_p32_05,medium_to_poor,dense,unfavorable,high,1,5
granite_dense_p32_05,40,30,30.5,9.725092428015781,9.205236932379844,11.096707283159445,11.096707283159445,12.875145525309737,11.14982759860508,1.3239098363959367,3.1500530972939558,0.1218584089034721,1.0047870340354252,0.05312031544563567,383,94.37425082672782,94.37425082672782,94.37425082672782,97.19660302101317,98.40417802143001,1.7142857142857142,12,94.37425082672782,3.7,94.63060329731759,37,5.0,P32_derived_Jv_proxy,98.5,94.37425082672782,2.822352194285358,4.029927194702196,-1.3033969789868252,-0.09582197856998675,2.822352194285358,4.029927194702196,1.3033969789868252,0.09582197856998675,383,12,3,380,0.9921671018276762,0.007832898172323759,78.53981633974483,7.0,4.876507456335673,1.7142857142857142,1.7142857142857142,0.03819718634205488,4.8383102699936185,0.35074965573838957,0.2888062923184146,0.06194336341997497,0,1,1,1,1,1,94.37425082672782,94.37425082672782,0.0,94.37425082672782,94.37425082672782,81,4.0,4.0,0.0,4.0,4.0,81,1.1779248486445284,1.1779248486445284,0.2950954941163907,0.5,1.9547689100830177,81,2.5044766047339384,2.5044766047339384,0.4913235801611315,1.120213132694152,3.790865038250997,81,0.800257429823972,0.7905785405298176,0.10106852332611733,0.5390120919419402,1.0,81,0.9987436365213074,0.9967042761718597,0.27448000500424025,0.5,1.6629978368886775,81,9.725092428015781,9.205236932379844,3.452600505578538,4.1243827299071905,21.55231984884795,81,11.096707283159445,11.096707283159445,0.0,11.096707283159445,11.096707283159445,81,cases/granite_rqd_p32_rot_05.yaml,granite_dense_p32_05,medium_to_poor,dense,unfavorable,high,1,5
granite_dense_p32_05,41,10,10.5,10.07387506918147,9.336053603766752,11.646476748309116,11.646476748309118,10.475852289908184,11.98833819416431,1.0399029388359662,0.4019772207267138,0.016992805553488255,1.0293532072611424,0.3418614458551943,395,96.82383391369677,96.82383391369677,96.82383391369677,97.75613483224585,95.85025691229835,3.0,21,96.82383391369677,2.5,97.35009788392561,25,5.0,P32_derived_Jv_proxy,98.5,96.82383391369677,0.9323009185490747,-0.9735770013984251,-0.7438651677541515,-2.6497430877016512,0.9323009185490747,0.9735770013984251,0.7438651677541515,2.6497430877016512,395,21,5,390,0.9873417721518988,0.012658227848101266,78.53981633974483,7.0,5.029296201703892,3.0,3.0,0.06366197723675814,4.965634224467134,0.3386841374495815,0.28995074575862056,0.048733391690960914,1,1,1,1,1,1,96.82383391369677,96.82383391369677,0.0,96.82383391369677,96.82383391369677,81,4.0,4.0,0.0,4.0,4.0,81,1.2273523676259845,1.2273523676259845,0.2949061591873784,0.5,2.335303091977524,81,2.5509208571135913,2.5509208571135913,0.5005959201788118,1.0435272157544524,4.061652985488744,81,0.7978581082223815,0.7943015153875855,0.09928950078230864,0.5852307861527136,1.0,81,1.0090870943838894,0.9795592398973204,0.30192537640846345,0.5,1.910320876119753,81,10.07387506918147,9.336053603766752,3.455334554403413,5.259069667713586,23.292953496618235,81,11.646476748309116,11.646476748309118,1.7763568394002505e-15,11.646476748309118,11.646476748309118,81,cases/granite_rqd_p32_rot_05.yaml,granite_dense_p32_05,medium_to_poor,dense,unfavorable,high,1,5
granite_dense_p32_05,41,20,20.5,9.470988795399792,8.99183168693696,11.39345260849501,11.39345260849501,10.301064239796675,11.182695049462167,1.0876440108133232,0.8300754443968827,0.036486772717093996,0.9815018707432283,-0.2107575590328441,369,97.60155094987869,97.60155094987869,97.60155094987869,98.26194682462013,96.56873345487756,2.4285714285714284,17,97.60155094987869,3.0,96.30636868862332,30,5.0,P32_derived_Jv_proxy,98.5,97.60155094987869,0.6603958747414396,-1.032817495001126,-0.23805317537987492,-1.9312665451224404,0.6603958747414396,1.032817495001126,0.23805317537987492,1.9312665451224404,369,17,8,361,0.978319783197832,0.02168021680216802,78.53981633974483,7.0,4.698253920072751,2.4285714285714284,2.4285714285714284,0.10185916357881301,4.596394756493937,0.360444166058571,0.29815666563815235,0.06228750042041864,1,1,1,1,1,1,97.60155094987869,97.60155094987869,0.0,97.60155094987869,97.60155094987869,81,4.0,4.0,0.0,4.0,4.0,81,1.18579889150234,1.18579889150234,0.2785597931045405,0.5,1.9228303408715333,81,2.539524560776734,2.539524560776734,0.488169752085781,0.9891101721796429,4.015202024095564,81,0.8089172847331659,0.8130443701500136,0.09896632926536905,0.5198663106279062,1.0,81,1.0427542653117048,1.0020198540577556,0.25699482971596643,0.5,1.6146966926613922,81,9.470988795399792,8.99183168693696,2.9753367001027735,4.712161497307224,19.1958169532671,81,11.39345260849501,11.39345260849501,0.0,11.39345260849501,11.39345260849501,81,cases/granite_rqd_p32_rot_05.yaml,granite_dense_p32_05,medium_to_poor,dense,unfavorable,high,1,5
granite_dense_p32_05,41,30,30.5,10.561197889007433,9.460613896972387,11.47095530582423,11.470955305824228,7.916848184227513,12.290673282942299,0.7496164987560476,-2.64434970477992,-0.1251608633691358,1.071460306074235,0.8197179771180689,374,98.11077507982291,98.11077507982291,98.11077507982291,91.7518253258896,95.72941289569418,2.857142857142857,20,98.11077507982291,2.8,96.74031890633287,28,5.0,P32_derived_Jv_proxy,98.5,98.11077507982291,-6.358949753933317,-2.381362184128733,-6.748174674110402,-2.770587104305818,6.358949753933317,2.381362184128733,6.748174674110402,2.770587104305818,374,20,9,365,0.9759358288770054,0.02406417112299465,78.53981633974483,7.0,4.761915897309509,2.857142857142857,2.857142857142857,0.11459155902616464,4.647324338283344,0.35449205679562845,0.28401351092733285,0.0704785458682956,0,1,1,1,1,1,98.11077507982291,98.11077507982291,0.0,98.11077507982291,98.11077507982291,81,4.0,4.0,0.0,4.0,4.0,81,1.1875969338649328,1.1875969338649328,0.2988901926416884,0.5,2.334643653899057,81,2.5393712327679947,2.5393712327679947,0.5064127142095208,1.0975988578245075,3.794796157944936,81,0.801436147906869,0.8010738879103414,0.09968544949654078,0.5777008709041266,1.0,81,0.9647394838910653,0.922854689662873,0.29718692631239385,0.5,1.8443491796109208,81,10.561197889007433,9.460613896972387,3.935587509278823,4.744688493820309,22.711384081287775,81,11.47095530582423,11.470955305824228,1.7763568394002505e-15,11.470955305824228,11.470955305824228,81,cases/granite_rqd_p32_rot_05.yaml,granite_dense_p32_05,medium_to_poor,dense,unfavorable,high,1,5
granite_dense_p32_05,42,10,10.5,10.338223322672851,9.738747536363435,11.580046527303015,11.580046527303017,8.27050022995654,10.29644577304757,0.7999924137659544,-2.067723092716312,-0.09691413135206361,0.889154093532438,-1.2836007542554455,401,95.42893403169764,95.42893403169764,95.42893403169764,97.70311839066825,95.70589677638384,2.7142857142857144,19,95.42893403169764,2.1,98.08069376239264,21,5.0,P32_derived_Jv_proxy,98.5,95.42893403169764,2.274184358970615,0.27696274468620175,-0.7968816093317486,-2.794103223616162,2.274184358970615,0.27696274468620175,0.7968816093317486,2.794103223616162,401,19,8,393,0.9800498753117207,0.0199501246882793,78.53981633974483,7.0,5.105690574388002,2.7142857142857144,2.7142857142857144,0.10185916357881301,5.003831410809189,0.3411782608433258,0.3126388013731749,0.028539459470150907,0,1,1,1,1,1,95.42893403169764,95.42893403169764,0.0,95.42893403169764,95.42893403169764,81,4.0,4.0,0.0,4.0,4.0,81,1.2051695067858776,1.2051695067858776,0.2903247298267035,0.5,1.9139834034507714,81,2.482892471306598,2.482892471306598,0.4982490647750485,1.0072893929047855,3.8826024157027725,81,0.8201517560809011,0.8226067003048976,0.08698822438873212,0.5751736541013271,1.0,81,0.9877160372876669,0.937196033969026,0.2563878424717291,0.5,1.5404515273190675,81,10.338223322672851,9.738747536363435,3.1676124591655928,5.79036088452469,20.35691883287823,81,11.580046527303015,11.580046527303017,1.7763568394002505e-15,11.580046527303017,11.580046527303017,81,cases/granite_rqd_p32_rot_05.yaml,granite_dense_p32_05,medium_to_poor,dense,unfavorable,high,1,5
granite_dense_p32_05,42,20,20.5,10.531705250484352,9.352848406756197,11.141907223202022,11.14190722320202,8.052182430141844,10.109100648620478,0.7645658740564854,-2.479522820342508,-0.11658509036055598,0.9073043282544287,-1.032806574581544,384,96.48062572701959,96.48062572701959,96.48062572701959,92.70214726851633,95.78091858244242,2.7142857142857144,19,96.48062572701959,3.2,95.8516728937272,32,5.0,P32_derived_Jv_proxy,98.5,96.48062572701959,-3.7784784585032583,-0.699707144577161,-5.7978527314836725,-2.7190814175575753,3.7784784585032583,0.699707144577161,5.7978527314836725,2.7190814175575753,384,19,4,380,0.9895833333333334,0.010416666666666666,78.53981633974483,7.0,4.8892398517830244,2.7142857142857144,2.7142857142857144,0.05092958178940651,4.8383102699936185,0.34585258353301573,0.28688588364437595,0.058966699888639784,0,1,1,1,1,1,96.48062572701959,96.48062572701959,0.0,96.48062572701959,96.48062572701959,81,4.0,4.0,0.0,4.0,4.0,81,1.185431197633999,1.185431197633999,0.2865345125446923,0.5,2.0930596611188146,81,2.5662380195082495,2.5662380195082495,0.4795024242646745,1.243223166793815,4.265506233246922,81,0.7988857674090312,0.8117037190935028,0.1011720173796645,0.5561134050219071,1.0,81,0.9683511330949067,0.9370708560021371,0.3338856479833927,0.5,1.7820738996420622,81,10.531705250484352,9.352848406756197,4.242403678909857,3.4769399661695206,21.022549392703585,81,11.141907223202022,11.14190722320202,1.7763568394002505e-15,11.14190722320202,11.14190722320202,81,cases/granite_rqd_p32_rot_05.yaml,granite_dense_p32_05,medium_to_poor,dense,unfavorable,high,1,5
granite_dense_p32_05,42,30,30.5,10.521742393533847,9.684821965440328,11.526434446184023,11.526434446184021,6.759403081639531,9.966545347108438,0.6424224076987033,-3.7623393118943156,-0.19217931927019283,0.8646685489464605,-1.5598890990755852,373,95.9265615960463,95.9265615960463,95.9265615960463,92.9869091182422,96.17839254207853,2.7142857142857144,19,95.9265615960463,2.8,96.74031890633287,28,5.0,P32_derived_Jv_proxy,98.5,95.9265615960463,-2.9396524778041027,0.25183094603222855,-5.513090881757805,-2.3216074579214734,2.9396524778041027,0.25183094603222855,5.513090881757805,2.3216074579214734,373,19,4,369,0.9892761394101877,0.010723860589812333,78.53981633974483,7.0,4.749183501862157,2.7142857142857144,2.7142857142857144,0.05092958178940651,4.698253920072751,0.3347020096297757,0.2798330787643105,0.05486893086546518,0,0,1,1,1,1,95.9265615960463,95.9265615960463,0.0,95.9265615960463,95.9265615960463,81,4.0,4.0,0.0,4.0,4.0,81,1.1952116026611341,1.1952116026611341,0.2976101164137772,0.5,2.127767486769036,81,2.486730392609393,2.486730392609393,0.513274199818621,0.9587183692240706,3.912474888279246,81,0.816729700761937,0.8169461992309159,0.10196021735524873,0.5895180825587304,1.0,81,0.9919010136788373,0.9891668958302567,0.2864226965439688,0.5,1.61392226941115,81,10.521742393533847,9.684821965440328,3.995250319005967,5.198076226107924,23.052868892368043,81,11.526434446184023,11.526434446184021,1.7763568394002505e-15,11.526434446184021,11.526434446184021,81,cases/granite_rqd_p32_rot_05.yaml,granite_dense_p32_05,medium_to_poor,dense,unfavorable,high,1,5
granite_dense_p32_05,43,10,10.5,9.961131307572549,9.003699761695874,11.316519211313787,11.316519211313786,9.47280319372865,10.907263833922459,0.9509766412302318,-0.48832811384389885,-0.02183015047520831,0.9638355779061311,-0.4092553773913288,427,95.39422541879384,95.39422541879384,95.39422541879384,94.4959297489836,95.17093544133422,3.2857142857142856,23,95.39422541879384,3.2,95.8516728937272,32,5.0,P32_derived_Jv_proxy,98.5,95.39422541879384,-0.8982956698102385,-0.22328997745961487,-4.004070251016401,-3.3290645586657774,0.8982956698102385,0.22328997745961487,4.004070251016401,3.3290645586657774,427,23,13,414,0.9695550351288056,0.03044496487119438,78.53981633974483,7.0,5.436732856019145,3.2857142857142856,3.2857142857142856,0.16552114081557115,5.271211715203574,0.3445310332325039,0.2694231211787369,0.07510791205376699,1,1,1,1,1,1,95.39422541879384,95.39422541879384,0.0,95.39422541879384,95.39422541879384,81,4.0,4.0,0.0,4.0,4.0,81,1.1910518031006496,1.1910518031006496,0.30006553525167273,0.5,1.924646865952968,81,2.5100355963884238,2.5100355963884238,0.4987034624495328,0.75,3.999276438198266,81,0.8005996334473018,0.8083399756866172,0.09094354034905701,0.6028684794019811,1.0,81,1.0111272453389775,1.0189493802142906,0.3091718189269834,0.5,1.9021458853895916,81,9.961131307572549,9.003699761695874,3.733104932670101,4.636796316393992,20.885413336652068,81,11.316519211313787,11.316519211313786,1.7763568394002505e-15,11.316519211313786,11.316519211313786,81,cases/granite_rqd_p32_rot_05.yaml,granite_dense_p32_05,medium_to_poor,dense,unfavorable,high,1,5
granite_dense_p32_05,43,20,20.5,10.000302209627199,9.422468231124633,11.36998951492622,11.36998951492622,9.45379930846028,10.829841325446639,0.9453513614177774,-0.5465029011669191,-0.024406746026400583,0.9524935191215006,-0.5401481894795808,402,94.39586728554005,94.39586728554005,94.39586728554005,93.32331061753554,95.41063242799103,2.857142857142857,20,94.39586728554005,3.4,95.37722325018969,34,5.0,P32_derived_Jv_proxy,98.5,94.39586728554005,-1.072556668004509,1.0147651424509831,-5.17668938246446,-3.0893675720089675,1.072556668004509,1.0147651424509831,5.17668938246446,3.0893675720089675,402,20,10,392,0.9751243781094527,0.024875621890547265,78.53981633974483,7.0,5.118422969835354,2.857142857142857,2.857142857142857,0.12732395447351627,4.991099015361837,0.331951918486047,0.27819583767247447,0.05375608081357253,1,1,1,1,1,1,94.39586728554005,94.39586728554005,0.0,94.39586728554005,94.39586728554005,81,4.0,4.0,0.0,4.0,4.0,81,1.2130976823756767,1.2130976823756767,0.2958328547194927,0.5,2.087467072958311,81,2.517843303188694,2.517843303188694,0.5179405250406641,1.03927109453574,4.131224313959436,81,0.7905888054956041,0.7786183429896067,0.11006730644197166,0.5534061106231943,1.0,81,0.9738748458334907,1.00575159650972,0.2531224140316706,0.5,1.5940754817332985,81,10.000302209627199,9.422468231124633,3.44974121032046,5.580245140093842,22.73997902985244,81,11.36998951492622,11.36998951492622,0.0,11.36998951492622,11.36998951492622,81,cases/granite_rqd_p32_rot_05.yaml,granite_dense_p32_05,medium_to_poor,dense,unfavorable,high,1,5
granite_dense_p32_05,43,30,30.5,10.187627875387689,9.369138300035594,11.640563283812046,11.640563283812048,10.088825938691837,11.099006414244384,0.9903017721196367,-0.09880193669585147,-0.004232443790487483,0.9534767470985894,-0.5415568695676622,423,94.63925970241152,94.63925970241152,94.63925970241152,97.72535578122232,94.38642638347561,3.2857142857142856,23,94.63925970241152,3.9,94.1109055552449,39,5.0,P32_derived_Jv_proxy,98.5,94.63925970241152,3.0860960788107974,-0.2528333189359131,-0.7746442187776807,-4.113573616524391,3.0860960788107974,0.2528333189359131,0.7746442187776807,4.113573616524391,423,23,11,412,0.9739952718676123,0.026004728132387706,78.53981633974483,7.0,5.385803274229738,3.2857142857142856,3.2857142857142856,0.1400563499208679,5.24574692430887,0.32777819761104887,0.2877791759385573,0.039999021672491586,1,1,1,1,1,1,94.63925970241152,94.63925970241152,0.0,94.63925970241152,94.63925970241152,81,4.0,4.0,0.0,4.0,4.0,81,1.2298572513042196,1.2298572513042196,0.3043319429688044,0.5,2.0821635050580545,81,2.499723960199926,2.499723960199926,0.46591083100386266,1.2017421562965334,3.596763933026292,81,0.7948638466131424,0.7947782314267764,0.10207510399684487,0.5566606012163399,1.0,81,1.0128008059196867,0.9776625528379457,0.3181093142679531,0.5,1.9115843994476727,81,10.187627875387689,9.369138300035594,3.8433973214346384,3.3897760192727726,22.39526559884917,81,11.640563283812046,11.640563283812048,1.7763568394002505e-15,11.640563283812048,11.640563283812048,81,cases/granite_rqd_p32_rot_05.yaml,granite_dense_p32_05,medium_to_poor,dense,unfavorable,high,1,5
granite_dense_p32_05,44,10,10.5,9.703303667229543,8.793301471939133,11.630568830955808,11.630568830955806,8.360182851500294,10.322934494709715,0.8615810798269357,-1.3431208157292485,-0.06470384663785922,0.8875691846846127,-1.3076343362460925,354,98.53229470532571,98.53229470532571,98.53229470532571,91.15653435927975,94.48899034361041,3.4285714285714284,24,98.53229470532571,2.2,97.90729335142237,22,5.0,P32_derived_Jv_proxy,98.5,98.5,-7.375760346045965,-4.0433043617153,-7.343465640720254,-4.011009656389589,7.375760346045965,4.0433043617153,7.343465640720254,4.011009656389589,354,24,7,347,0.980225988700565,0.01977401129943503,78.53981633974483,7.0,4.507267988362476,3.4285714285714284,3.4285714285714284,0.08912676813146139,4.418141220231014,0.35027412848329775,0.2743419965709074,0.07593213191239034,1,1,1,1,1,1,98.53229470532571,98.53229470532571,0.0,98.53229470532571,98.53229470532571,81,4.0,4.0,0.0,4.0,4.0,81,1.1908506845948308,1.1908506845948308,0.303440966726731,0.5,2.2979980602217402,81,2.5221735133932808,2.5221735133932808,0.49705652030173303,1.1228334106246283,3.9360775072279623,81,0.8036292895023304,0.8122964039050711,0.09957689538991277,0.5512180366000373,1.0,81,1.0521454522367355,1.053047597726763,0.2997950861484031,0.5,1.9470777795643965,81,9.703303667229543,8.793301471939133,3.4271756616761317,5.169744279703825,23.26113766191161,81,11.630568830955808,11.630568830955806,1.7763568394002505e-15,11.630568830955806,11.630568830955806,81,cases/granite_rqd_p32_rot_05.yaml,granite_dense_p32_05,medium_to_poor,dense,unfavorable,high,1,5
granite_dense_p32_05,44,20,20.5,10.708232760913946,9.767008209304954,11.573526399753053,11.573526399753055,9.410133181671599,11.723172426065277,0.8787755544518483,-1.298099579242347,-0.05612203267361704,1.0129300285101883,0.14964602631222412,379,96.1018166509752,96.1018166509752,96.1018166509752,96.26176171751624,96.5093802768855,2.857142857142857,20,96.1018166509752,3.0,96.30636868862332,30,5.0,P32_derived_Jv_proxy,98.5,96.1018166509752,0.15994506654104157,0.40756362591029927,-2.2382382824837634,-1.9906197231145057,0.15994506654104157,0.40756362591029927,2.2382382824837634,1.9906197231145057,379,20,7,372,0.9815303430079155,0.018469656992084433,78.53981633974483,7.0,4.8255778745462665,2.857142857142857,2.857142857142857,0.08912676813146139,4.736451106414806,0.3333214093419773,0.21832711590188203,0.11499429344009526,1,1,1,1,1,1,96.1018166509752,96.1018166509752,0.0,96.1018166509752,96.1018166509752,81,4.0,4.0,0.0,4.0,4.0,81,1.190588913753694,1.190588913753694,0.2993476369279742,0.5,2.0316528349720273,81,2.4715405128959347,2.4715405128959347,0.42273855743012917,1.3573827472553668,3.5241918627056616,81,0.7963433355952534,0.792399507706913,0.09464515220703215,0.5310851053093565,0.9832069555538783,81,0.9496117296180606,0.943707473018034,0.283591865374451,0.5,1.6093918813096557,81,10.708232760913946,9.767008209304954,3.7736723065023865,4.459620586432695,21.439573953702382,81,11.573526399753053,11.573526399753055,1.7763568394002505e-15,11.573526399753055,11.573526399753055,81,cases/granite_rqd_p32_rot_05.yaml,granite_dense_p32_05,medium_to_poor,dense,unfavorable,high,1,5
granite_dense_p32_05,44,30,30.5,10.140716856746398,8.805060973187999,11.521851760686063,11.521851760686065,8.336527230828334,9.78265155813792,0.8220846068966243,-1.8041896259180632,-0.0850834836552613,0.8490520240433483,-1.739200202548144,385,96.51933461824387,96.51933461824387,96.51933461824387,90.03809224372013,92.9188241321697,4.0,28,96.51933461824387,2.5,97.35009788392561,25,5.0,P32_derived_Jv_proxy,98.5,96.51933461824387,-6.481242374523745,-3.600510486074171,-8.46190775627987,-5.5811758678302965,6.481242374523745,3.600510486074171,8.46190775627987,5.5811758678302965,385,28,11,374,0.9714285714285714,0.02857142857142857,78.53981633974483,7.0,4.901972247230376,4.0,4.0,0.1400563499208679,4.761915897309509,0.3539153162637191,0.22446963925394592,0.12944567700977316,1,1,1,1,1,1,96.51933461824387,96.51933461824387,0.0,96.51933461824387,96.51933461824387,81,4.0,4.0,0.0,4.0,4.0,81,1.1887536019776346,1.1887536019776346,0.2915089979672528,0.5,2.080396672064127,81,2.4895674122327445,2.4895674122327445,0.4859454950142165,1.2742717149152147,4.002381708925194,81,0.7812238383453431,0.7788268000785074,0.09346162346482771,0.5342370727038999,1.0,81,0.9848479673114322,0.9792017256840395,0.2960902175930554,0.5,1.714353518314174,81,10.140716856746398,8.805060973187999,3.7261342473620793,4.9928235783567505,19.434675622742706,81,11.521851760686063,11.521851760686065,1.7763568394002505e-15,11.521851760686065,11.521851760686065,81,cases/granite_rqd_p32_rot_05.yaml,granite_dense_p32_05,medium_to_poor,dense,unfavorable,high,1,5
granite_dense_p32_05,45,10,10.5,10.001198651060307,8.527347106814563,11.449416676979453,11.449416676979453,9.072500138738857,10.84520971777162,0.9071412792882589,-0.92869851232145,-0.04232507012054709,0.9472281447820246,-0.6042069592078327,395,95.12181171002597,95.12181171002597,95.12181171002597,96.14153862692264,96.61854956998526,2.7142857142857144,19,95.12181171002597,3.6,94.88398034566023,36,5.0,P32_derived_Jv_proxy,98.5,95.12181171002597,1.0197269168966727,1.4967378599592962,-2.358461373077361,-1.8814504300147377,1.0197269168966727,1.4967378599592962,2.358461373077361,1.8814504300147377,395,19,7,388,0.9822784810126582,0.017721518987341773,78.53981633974483,7.0,5.029296201703892,2.7142857142857144,2.7142857142857144,0.08912676813146139,4.940169433572431,0.3580390843560799,0.26783798852380514,0.09020109583227476,1,1,1,1,1,1,95.12181171002597,95.12181171002597,0.0,95.12181171002597,95.12181171002597,81,4.0,4.0,0.0,4.0,4.0,81,1.2001033617488597,1.2001033617488597,0.2840392428722483,0.5,2.086155300339396,81,2.4926162011024053,2.4926162011024053,0.4964345945297185,1.2678340580336864,4.069672004117448,81,0.7878509828911117,0.7999873356414235,0.0998739407777145,0.5590883966836794,0.9693777709148167,81,1.0088277539539994,1.0461571489595884,0.29838944737964346,0.5,1.7140001082115817,81,10.001198651060307,8.527347106814563,4.050360571826866,4.554320026660052,21.44739903544865,81,11.449416676979453,11.449416676979453,0.0,11.449416676979453,11.449416676979453,81,cases/granite_rqd_p32_rot_05.yaml,granite_dense_p32_05,medium_to_poor,dense,unfavorable,high,1,5
granite_dense_p32_05,45,20,20.5,10.720544758316835,9.628015642982094,12.063162704309663,12.063162704309665,11.506278235954634,11.577426847129074,1.0732923088659498,0.7857334776377982,0.030718017249174112,0.959733954594921,-0.48573585718058965,375,97.4200005769915,97.4200005769915,97.4200005769915,95.09201577454391,96.80203894349923,2.5714285714285716,18,97.4200005769915,2.5,97.35009788392561,25,5.0,P32_derived_Jv_proxy,98.5,97.4200005769915,-2.327984802447588,-0.6179616334922713,-3.40798422545609,-1.6979610565007732,2.327984802447588,0.6179616334922713,3.40798422545609,1.6979610565007732,375,18,8,367,0.9786666666666667,0.021333333333333333,78.53981633974483,7.0,4.77464829275686,2.5714285714285716,2.5714285714285716,0.10185916357881301,4.672789129178047,0.3319573706637614,0.28537402393462896,0.04658334672913245,1,1,1,1,1,1,97.4200005769915,97.4200005769915,0.0,97.4200005769915,97.4200005769915,81,4.0,4.0,0.0,4.0,4.0,81,1.224084067912777,1.224084067912777,0.30601863166157794,0.5,2.0113504184632287,81,2.471372423745592,2.471372423745592,0.5055666986350894,1.0773159958701886,4.17260922045422,81,0.8060333339035968,0.794065659519944,0.10791027317708209,0.5085294499498666,1.0,81,0.9988744901786574,1.0171616778561827,0.2875360634309954,0.5,1.7299572534595633,81,10.720544758316835,9.628015642982094,3.948954828994344,4.848769176408164,23.71663248488973,81,12.063162704309663,12.063162704309665,1.7763568394002505e-15,12.063162704309665,12.063162704309665,81,cases/granite_rqd_p32_rot_05.yaml,granite_dense_p32_05,medium_to_poor,dense,unfavorable,high,1,5
granite_dense_p32_05,45,30,30.5,10.221402710116845,9.186960924166662,11.53398823585599,11.533988235855992,10.22816152593849,13.119748003142876,1.0006612415158005,0.006758815821644504,0.0002870786378175172,1.1374858145213982,1.585759767286886,376,93.65426240508488,93.65426240508488,93.65426240508488,95.41487006065266,96.51106984852605,2.4285714285714284,17,93.65426240508488,3.3,95.61685654644619,33,5.0,P32_derived_Jv_proxy,98.5,93.65426240508488,1.7606076555677816,2.85680744344117,-3.0851299393473397,-1.9889301514739515,1.7606076555677816,2.85680744344117,3.0851299393473397,1.9889301514739515,376,17,7,369,0.9813829787234043,0.018617021276595744,78.53981633974483,7.0,4.787380688204212,2.4285714285714284,2.4285714285714284,0.08912676813146139,4.698253920072751,0.34646018269651346,0.2851731758027869,0.06128700689372657,1,1,1,1,1,1,93.65426240508488,93.65426240508488,0.0,93.65426240508488,93.65426240508488,81,4.0,4.0,0.0,4.0,4.0,81,1.2265284700634367,1.2265284700634367,0.3071194269348775,0.5,2.0373203544389,81,2.489807012840762,2.489807012840762,0.49670852477943156,0.9990100711655576,3.9527775086016064,81,0.8048600204661626,0.8033934027965469,0.08985548222420017,0.5124127807171411,1.0,81,0.9883837094778509,0.9962071229495126,0.2692187643307613,0.5,1.6941483218907574,81,10.221402710116845,9.186960924166662,3.4421835866199046,4.542235986391823,20.35069304900216,81,11.53398823585599,11.533988235855992,1.7763568394002505e-15,11.533988235855992,11.533988235855992,81,cases/granite_rqd_p32_rot_05.yaml,granite_dense_p32_05,medium_to_poor,dense,unfavorable,high,1,5
granite_dense_p32_05,46,10,10.5,9.653255561172898,8.401765390396907,11.025373498413957,11.025373498413957,12.336377823716536,11.546114456916712,1.2779499874980653,2.6831222625436375,0.10651385806446334,1.0472311399316916,0.5207409585027545,371,93.31808476840745,93.31808476840745,93.31808476840745,89.19537286087504,93.92684749956413,3.5714285714285716,25,93.31808476840745,3.4,95.37722325018969,34,5.0,P32_derived_Jv_proxy,98.5,93.31808476840745,-4.1227119075324055,0.6087627311566877,-9.30462713912496,-4.573152500435867,4.1227119075324055,0.6087627311566877,9.30462713912496,4.573152500435867,371,25,10,361,0.9730458221024259,0.026954177897574125,78.53981633974483,7.0,4.723718710967454,3.5714285714285716,3.5714285714285716,0.12732395447351627,4.596394756493937,0.35894892861909755,0.2698636250883938,0.08908530353070376,0,1,1,1,1,1,93.31808476840745,93.31808476840745,0.0,93.31808476840745,93.31808476840745,81,4.0,4.0,0.0,4.0,4.0,81,1.1798239870668792,1.1798239870668792,0.2997035854492241,0.5,2.0014726402684624,81,2.4964894579930927,2.4964894579930927,0.5108403791963744,0.954743638298265,3.9539989604531476,81,0.7867676957034144,0.788206767846497,0.08645378565696583,0.5845768051651647,1.0,81,0.9995526442477375,1.050942094212838,0.3042872018407805,0.5,1.6369099858959053,81,9.653255561172898,8.401765390396907,3.531768054809951,5.406941239599468,18.74194382118589,81,11.025373498413957,11.025373498413957,0.0,11.025373498413957,11.025373498413957,81,cases/granite_rqd_p32_rot_05.yaml,granite_dense_p32_05,medium_to_poor,dense,unfavorable,high,1,5
granite_dense_p32_05,46,20,20.5,9.562534912605836,8.905040651506088,11.400154919109639,11.400154919109639,10.227487437293885,11.734953962094059,1.0695372650416652,0.664952524688049,0.029195920950573218,1.0293679380113694,0.33479904298441987,387,95.15049251757691,95.15049251757691,95.15049251757691,85.09806503941438,94.08248906593374,3.142857142857143,22,95.15049251757691,2.9,96.52600021763493,29,5.0,P32_derived_Jv_proxy,98.5,95.15049251757691,-10.052427478162528,-1.0680034516431647,-13.40193496058562,-4.417510934066257,10.052427478162528,1.0680034516431647,13.40193496058562,4.417510934066257,387,22,3,384,0.9922480620155039,0.007751937984496124,78.53981633974483,7.0,4.927437038125079,3.142857142857143,3.142857142857143,0.03819718634205488,4.8892398517830244,0.3613074450318142,0.2148938766414138,0.14641356839040043,1,1,1,1,1,1,95.15049251757691,95.15049251757691,0.0,95.15049251757691,95.15049251757691,81,4.0,4.0,0.0,4.0,4.0,81,1.210320802418389,1.210320802418389,0.2938897345966159,0.5,2.0661202001271524,81,2.5254617430973667,2.5254617430973667,0.487661607415251,0.9780546240947885,3.730377358806523,81,0.7855642330645826,0.7877996558127088,0.09730138903653719,0.5609094553723607,0.9957413612135109,81,1.0082620757526024,0.9768911057570042,0.2607522873320484,0.5,1.5971452265315143,81,9.562534912605836,8.905040651506088,3.0546930358046107,4.783365780839489,18.674031657038455,81,11.400154919109639,11.400154919109639,0.0,11.400154919109639,11.400154919109639,81,cases/granite_rqd_p32_rot_05.yaml,granite_dense_p32_05,medium_to_poor,dense,unfavorable,high,1,5
granite_dense_p32_05,46,30,30.5,10.035464247769319,9.263361660696498,11.653338618161257,11.653338618161257,8.28770854121194,10.728564664912572,0.8258420673517052,-1.7477557065573794,-0.08310299848554725,0.9206430033872471,-0.9247739532486854,425,96.80092122153464,96.80092122153464,96.80092122153464,91.92653563346711,95.61642948558718,3.142857142857143,22,96.80092122153464,3.0,96.30636868862332,30,5.0,P32_derived_Jv_proxy,98.5,96.80092122153464,-4.8743855880675255,-1.1844917359474607,-6.573464366532889,-2.883570514412824,4.8743855880675255,1.1844917359474607,6.573464366532889,2.883570514412824,425,22,7,418,0.9835294117647059,0.01647058823529412,78.53981633974483,7.0,5.411268065124442,3.142857142857143,3.142857142857143,0.08912676813146139,5.32214129699298,0.3378718752434896,0.32340827451494536,0.014463600728544246,1,1,1,1,1,1,96.80092122153464,96.80092122153464,0.0,96.80092122153464,96.80092122153464,81,4.0,4.0,0.0,4.0,4.0,81,1.20583840596646,1.20583840596646,0.30290038358822324,0.5,2.064351670016205,81,2.5041379206115884,2.5041379206115884,0.4869305999899445,1.0944710297202722,4.227290183851099,81,0.7871252123839014,0.7799559434371687,0.09082855542130557,0.6009053885843837,1.0,81,0.9969094746511691,1.0205001050756453,0.27717376462469245,0.5,1.7460309036122992,81,10.035464247769319,9.263361660696498,3.3891614715213536,5.439753371212727,20.65014738138853,81,11.653338618161257,11.653338618161257,0.0,11.653338618161257,11.653338618161257,81,cases/granite_rqd_p32_rot_05.yaml,granite_dense_p32_05,medium_to_poor,dense,unfavorable,high,1,5
granite_dense_p32_05,47,10,10.5,10.49086365922655,9.989882341238836,12.27829062112087,12.278290621120869,9.414448266064728,11.18394950823611,0.8973949687912366,-1.076415393161822,-0.04701636965064715,0.9108718675381167,-1.094341112884761,388,98.76272794363038,98.76272794363038,98.76272794363038,90.0997022828323,95.12109349221087,2.857142857142857,20,98.76272794363038,2.7,96.94919578078034,27,5.0,P32_derived_Jv_proxy,98.5,98.5,-8.663025660798084,-3.641634451419506,-8.400297717167703,-3.378906507789125,8.663025660798084,3.641634451419506,8.400297717167703,3.378906507789125,388,20,11,377,0.9716494845360825,0.028350515463917526,78.53981633974483,7.0,4.940169433572431,2.857142857142857,2.857142857142857,0.1400563499208679,4.8001130836515635,0.3250117588543885,0.23964000023789744,0.08537175861649104,1,1,1,1,1,1,98.76272794363038,98.76272794363038,0.0,98.76272794363038,98.76272794363038,81,4.0,4.0,0.0,4.0,4.0,81,1.2392224238017493,1.2392224238017493,0.28101290449212823,0.5,2.0136343295823558,81,2.4919793577179083,2.4919793577179083,0.4717485453715705,1.1168896821792498,3.7847438582479094,81,0.7963026066472056,0.8003798368111937,0.10217619894389435,0.5284124169482818,1.0,81,1.0241773174042865,0.9903799864140268,0.30719625652588406,0.5,2.0124024961922897,81,10.49086365922655,9.989882341238836,3.673048468556592,4.364405078647645,20.76131719111579,81,12.27829062112087,12.278290621120869,1.7763568394002505e-15,12.278290621120869,12.278290621120869,81,cases/granite_rqd_p32_rot_05.yaml,granite_dense_p32_05,medium_to_poor,dense,unfavorable,high,1,5
granite_dense_p32_05,47,20,20.5,9.814449804632355,9.217330724769084,10.998756684987885,10.998756684987887,8.799678846162195,9.602604522073124,0.8966043967139966,-1.0147709584701605,-0.047399135798193215,0.8730627285518228,-1.3961521629147615,362,92.51331192572596,92.51331192572596,92.51331192572596,92.6533657918565,94.32762097758871,3.5714285714285716,25,92.51331192572596,3.3,95.61685654644619,33,5.0,P32_derived_Jv_proxy,98.5,92.51331192572596,0.14005386613054327,1.8143090518627503,-5.846634208143499,-4.172379022411292,0.14005386613054327,1.8143090518627503,5.846634208143499,4.172379022411292,362,25,7,355,0.9806629834254144,0.019337016574585635,78.53981633974483,7.0,4.609127151941289,3.5714285714285716,3.5714285714285716,0.08912676813146139,4.520000383809828,0.3506918369121217,0.27292634174921115,0.07776549516291054,1,1,1,1,1,1,92.51331192572596,92.51331192572596,0.0,92.51331192572596,92.51331192572596,81,4.0,4.0,0.0,4.0,4.0,81,1.1701855624300326,1.1701855624300326,0.29069695787350386,0.5,1.8801364682319333,81,2.4606813535531424,2.4606813535531424,0.4996413437216635,0.9132862678695668,4.1067310623952356,81,0.7998087194984348,0.7873539374096189,0.09183498687932172,0.6233038930440037,1.0,81,0.9712798626581806,0.9460221466595674,0.26900466756878544,0.5,1.5450643424308745,81,9.814449804632355,9.217330724769084,3.100868441357482,5.7282092758231276,18.980319948382213,81,10.998756684987885,10.998756684987887,1.7763568394002505e-15,10.998756684987887,10.998756684987887,81,cases/granite_rqd_p32_rot_05.yaml,granite_dense_p32_05,medium_to_poor,dense,unfavorable,high,1,5
granite_dense_p32_05,47,30,30.5,9.595250454298116,9.124140842183985,11.690268599230986,11.690268599230984,10.593287942094973,11.221447211426337,1.104013698501199,0.9980374877968572,0.04297446211290168,0.9598964400325678,-0.468821387804649,377,96.698965623753,96.698965623753,96.698965623753,96.756883948193,98.06000577903305,2.0,14,96.698965623753,2.7,96.94919578078034,27,5.0,P32_derived_Jv_proxy,98.5,96.698965623753,0.05791832444000988,1.361040155280051,-1.743116051806993,-0.43999422096695184,0.05791832444000988,1.361040155280051,1.743116051806993,0.43999422096695184,377,14,6,371,0.9840848806366048,0.015915119363395226,78.53981633974483,7.0,4.8001130836515635,2.0,2.0,0.07639437268410976,4.723718710967454,0.36212849276254233,0.318718141913393,0.04341035084914935,1,1,1,1,1,1,96.698965623753,96.698965623753,0.0,96.698965623753,96.698965623753,81,4.0,4.0,0.0,4.0,4.0,81,1.2210338974883566,1.2210338974883566,0.28566620615934885,0.5,2.0576615068753337,81,2.5250214286443096,2.5250214286443096,0.4910624982930654,0.879576998976924,4.191275657581239,81,0.8031184375808672,0.7998805389268386,0.10126150194952209,0.580690467511096,1.0,81,1.0485718077097428,1.0126227840019357,0.27534264577569273,0.5,1.9047147491509895,81,9.595250454298116,9.124140842183985,2.811530995377914,4.0520662364570015,19.946301285707406,81,11.690268599230986,11.690268599230984,1.7763568394002505e-15,11.690268599230984,11.690268599230984,81,cases/granite_rqd_p32_rot_05.yaml,granite_dense_p32_05,medium_to_poor,dense,unfavorable,high,1,5
granite_dense_p32_05,48,10,10.5,9.71263973491756,9.040753117967217,11.250232064461244,11.250232064461244,10.066403682147945,10.62827105821307,1.03642304840759,0.35376394723038374,0.015537062442821381,0.9447157176239138,-0.6219610062481742,390,96.32993302096577,96.32993302096577,96.32993302096577,95.44702963788265,96.94319959763405,2.4285714285714284,17,96.32993302096577,2.6,97.15249981124936,26,5.0,P32_derived_Jv_proxy,98.5,96.32993302096577,-0.8829033830831179,0.6132665766682805,-3.0529703621173496,-1.5568004023659512,0.8829033830831179,0.6132665766682805,3.0529703621173496,1.5568004023659512,390,17,9,381,0.9769230769230769,0.023076923076923078,78.53981633974483,7.0,4.965634224467134,2.4285714285714284,2.4285714285714284,0.11459155902616464,4.8510426654409695,0.3323426052198475,0.28110769398925506,0.05123491123059243,1,1,1,1,1,1,96.32993302096577,96.32993302096577,0.0,96.32993302096577,96.32993302096577,81,4.0,4.0,0.0,4.0,4.0,81,1.1988640352625388,1.1988640352625388,0.2835209362290257,0.5,1.9829163120641582,81,2.566313555942092,2.566313555942092,0.4850309636742932,0.9939528035510965,4.1691735971705715,81,0.7941326784074938,0.7963085659560045,0.0977978283033276,0.5581680807162404,1.0,81,0.9995762199698129,0.9836454802723567,0.2817437735375838,0.5,1.8301604874627946,81,9.71263973491756,9.040753117967217,3.206739530663698,4.0926717786906535,20.695016899019592,81,11.250232064461244,11.250232064461244,0.0,11.250232064461244,11.250232064461244,81,cases/granite_rqd_p32_rot_05.yaml,granite_dense_p32_05,medium_to_poor,dense,unfavorable,high,1,5
granite_dense_p32_05,48,20,20.5,9.857433813382489,9.105206051489702,11.570651659955475,11.570651659955477,9.52366866618689,12.44518769045759,0.9661407671089327,-0.33376514719559935,-0.014959592088880869,1.075582262451887,0.8745360305021155,424,97.6072117394423,97.6072117394423,97.6072117394423,96.14048439046027,94.23377868242629,3.5714285714285716,25,97.6072117394423,3.0,96.30636868862332,30,5.0,P32_derived_Jv_proxy,98.5,97.6072117394423,-1.4667273489820332,-3.3734330570160154,-2.359515609539727,-4.266221317573709,1.4667273489820332,3.3734330570160154,2.359515609539727,4.266221317573709,424,25,7,417,0.9834905660377359,0.01650943396226415,78.53981633974483,7.0,5.39853566967709,3.5714285714285716,3.5714285714285716,0.08912676813146139,5.309408901545629,0.35033595586225375,0.23099611415992183,0.11933984170233192,1,1,1,1,1,1,97.6072117394423,97.6072117394423,0.0,97.6072117394423,97.6072117394423,81,4.0,4.0,0.0,4.0,4.0,81,1.2077999066288334,1.2077999066288334,0.28596760908477326,0.5,1.9595892079096324,81,2.5471767859281664,2.5471767859281664,0.4920254760281011,0.7972562461599935,3.981514178469593,81,0.7839107927325466,0.7879261738196859,0.08118216919385843,0.5955220424578389,0.9839552226616961,81,1.001824807369888,1.0029159345282757,0.2808950461244752,0.5,1.816875972485724,81,9.857433813382489,9.105206051489702,3.256357194082005,4.617440060564863,19.31442857375831,81,11.570651659955475,11.570651659955477,1.7763568394002505e-15,11.570651659955477,11.570651659955477,81,cases/granite_rqd_p32_rot_05.yaml,granite_dense_p32_05,medium_to_poor,dense,unfavorable,high,1,5
granite_dense_p32_05,48,30,30.5,11.067494404225911,10.248707874895485,12.482714448117607,12.48271444811761,8.916042830768324,10.664866302312655,0.805606265078743,-2.151451573457587,-0.093877164998447,0.8543707658009365,-1.8178481458049518,406,97.84078542497177,97.84078542497177,97.84078542497177,93.59014121120421,94.76962153067522,3.2857142857142856,23,97.84078542497177,2.8,96.74031890633287,28,5.0,P32_derived_Jv_proxy,98.5,97.84078542497177,-4.250644213767558,-3.0711638942965465,-4.909858788795788,-3.7303784693247763,4.250644213767558,3.0711638942965465,4.909858788795788,3.7303784693247763,406,23,6,400,0.9852216748768473,0.014778325123152709,78.53981633974483,7.0,5.16935255162476,3.2857142857142856,3.2857142857142856,0.07639437268410976,5.092958178940651,0.35075054267402883,0.2886738332971909,0.06207670937683796,1,1,1,1,1,1,97.84078542497177,97.84078542497177,0.0,97.84078542497177,97.84078542497177,81,4.0,4.0,0.0,4.0,4.0,81,1.232000381848503,1.232000381848503,0.30570932735667494,0.5,2.057598727282043,81,2.414136074027153,2.414136074027153,0.4915378016688852,1.2260146651505894,3.6697450535548284,81,0.7958521585622667,0.7943142592727024,0.09559250837228793,0.5553196047192309,1.0,81,0.9938847066644849,0.9755349909444945,0.3044861987352099,0.5,1.9222586318853279,81,11.067494404225911,10.248707874895485,4.043232250275726,5.45283373901236,23.540871793096983,81,12.482714448117607,12.48271444811761,3.552713678800501e-15,12.48271444811761,12.48271444811761,81,cases/granite_rqd_p32_rot_05.yaml,granite_dense_p32_05,medium_to_poor,dense,unfavorable,high,1,5
granite_dense_p32_05,49,10,10.5,10.20367694682803,9.798717654070547,11.588079111416308,11.58807911141631,8.833707614138335,11.419748500424438,0.8657376806587774,-1.3699693326896956,-0.06261367969184817,0.9854738124089925,-0.16833061099186963,359,95.75975557982555,95.75975557982555,95.75975557982555,93.33451592633605,95.7654376309658,2.7142857142857144,19,95.75975557982555,2.8,96.74031890633287,28,5.0,P32_derived_Jv_proxy,98.5,95.75975557982555,-2.4252396534894984,0.0056820511402548846,-5.165484073663947,-2.734562369034194,2.4252396534894984,0.0056820511402548846,5.165484073663947,2.734562369034194,359,19,3,356,0.9916434540389972,0.008356545961002786,78.53981633974483,7.0,4.570929965599234,2.7142857142857144,2.7142857142857144,0.03819718634205488,4.532732779257179,0.35246290324973806,0.20430280235055642,0.14816010089918163,1,1,1,1,1,1,95.75975557982555,95.75975557982555,0.0,95.75975557982555,95.75975557982555,81,4.0,4.0,0.0,4.0,4.0,81,1.2081741026359496,1.2081741026359496,0.30061271903931547,0.5,2.0361850300528617,81,2.495980042376352,2.495980042376352,0.4835001123051366,1.1117180975608745,4.055965601476174,81,0.7871066944420383,0.7804891431614985,0.10574155176250453,0.5632639206363447,1.0,81,0.9711280524572913,0.9867848738962166,0.26748405481762655,0.5,1.6750439296218238,81,10.20367694682803,9.798717654070547,3.492808950258896,4.624550694324252,23.17615822283262,81,11.588079111416308,11.58807911141631,1.7763568394002505e-15,11.58807911141631,11.58807911141631,81,cases/granite_rqd_p32_rot_05.yaml,granite_dense_p32_05,medium_to_poor,dense,unfavorable,high,1,5
granite_dense_p32_05,49,20,20.5,9.378419207028681,8.77802494367928,11.53715893143878,11.537158931438778,8.728717281283702,11.309401132443565,0.9307237273784841,-0.6497019257449796,-0.03117921427217063,0.9802587621139053,-0.2277577989952153,400,97.12293949915066,97.12293949915066,97.12293949915066,94.46866442066789,95.19427177308967,3.142857142857143,22,97.12293949915066,2.6,97.15249981124936,26,5.0,P32_derived_Jv_proxy,98.5,97.12293949915066,-2.654275078482769,-1.9286677260609935,-4.031335579332108,-3.3057282269103325,2.654275078482769,1.9286677260609935,4.031335579332108,3.3057282269103325,400,22,5,395,0.9875,0.0125,78.53981633974483,7.0,5.092958178940651,3.142857142857143,3.142857142857143,0.06366197723675814,5.029296201703892,0.34450365123840854,0.31357470720019676,0.03092894403821178,1,1,1,1,1,1,97.12293949915066,97.12293949915066,0.0,97.12293949915066,97.12293949915066,81,4.0,4.0,0.0,4.0,4.0,81,1.197055998399669,1.197055998399669,0.29292928790295614,0.5,2.0113471727964427,81,2.5192856837755215,2.5192856837755215,0.49357797554627736,0.8808541877750229,3.6861501855184757,81,0.801240386671217,0.8086293975141062,0.10292465344608133,0.5652240870869816,0.9953055193204609,81,1.0550374972351741,1.0592527335998057,0.2621287633456737,0.5,1.6292694046524878,81,9.378419207028681,8.77802494367928,2.819425461688819,4.521900322124094,16.980098963231505,81,11.53715893143878,11.537158931438778,1.7763568394002505e-15,11.537158931438778,11.537158931438778,81,cases/granite_rqd_p32_rot_05.yaml,granite_dense_p32_05,medium_to_poor,dense,unfavorable,high,1,5
granite_dense_p32_05,49,30,30.5,10.412097040979429,9.651536998529364,11.775413470993538,11.775413470993536,9.941657273303505,11.52368385652513,0.9548179616628245,-0.47043976767592355,-0.0200794198101526,0.9786224394507679,-0.2517296144684078,340,97.19056738541012,97.19056738541012,97.19056738541012,97.46357518932561,97.70835402994248,2.142857142857143,15,97.19056738541012,2.0,98.24769036935783,20,5.0,P32_derived_Jv_proxy,98.5,97.19056738541012,0.2730078039154904,0.5177866445323644,-1.03642481067439,-0.791645970057516,0.2730078039154904,0.5177866445323644,1.03642481067439,0.791645970057516,340,15,9,331,0.9735294117647059,0.026470588235294117,78.53981633974483,7.0,4.329014452099553,2.142857142857143,2.142857142857143,0.11459155902616464,4.2144228930733885,0.3463922399880722,0.35102965656775664,-0.004637416579684417,1,1,1,1,1,1,97.19056738541012,97.19056738541012,0.0,97.19056738541012,97.19056738541012,81,4.0,4.0,0.0,4.0,4.0,81,1.1994019498829984,1.1994019498829984,0.29180010324532857,0.5,2.036711778115077,81,2.474871823385331,2.474871823385331,0.5069735183459397,0.75,3.927936953814817,81,0.7977486196662066,0.8050997860252979,0.0924371357796984,0.5737982282643138,1.0,81,0.9932331570952084,0.9763592126091798,0.2869769722860283,0.5,1.6130131684613174,81,10.412097040979429,9.651536998529364,3.7283359281054014,4.464530253365536,21.96993637181874,81,11.775413470993538,11.775413470993536,1.7763568394002505e-15,11.775413470993536,11.775413470993536,81,cases/granite_rqd_p32_rot_05.yaml,granite_dense_p32_05,medium_to_poor,dense,unfavorable,high,1,5
granite_dense_p32_05,50,10,10.5,9.939307281115074,9.340111103888779,11.580129311593014,11.580129311593014,9.188079149737222,12.708649180162029,0.924418461958088,-0.7512281313778519,-0.03413138962471374,1.097453131843635,1.1285198685690148,397,94.4684450176211,94.4684450176211,94.4684450176211,97.84428814256636,97.1383636946524,2.5714285714285716,18,94.4684450176211,3.1,96.0815512653819,31,5.0,P32_derived_Jv_proxy,98.5,94.4684450176211,3.3758431249452627,2.669918677031305,-0.6557118574336442,-1.3616363053476022,3.3758431249452627,2.669918677031305,0.6557118574336442,1.3616363053476022,397,18,7,390,0.982367758186398,0.017632241813602016,78.53981633974483,7.0,5.054760992598596,2.5714285714285716,2.5714285714285716,0.08912676813146139,4.965634224467134,0.35522154432076325,0.22148063277448982,0.13374091154627343,1,1,1,1,1,1,94.4684450176211,94.4684450176211,0.0,94.4684450176211,94.4684450176211,81,4.0,4.0,0.0,4.0,4.0,81,1.2041690704658303,1.2041690704658303,0.2881994998682856,0.5,2.067359016245021,81,2.455844329634097,2.455844329634097,0.5078693199386517,1.135584733307586,4.029751594873425,81,0.8012737427693075,0.8024635074640515,0.09078087181613989,0.6077581184293633,1.0,81,1.0182479670090923,1.0152385544736318,0.2752523232554317,0.5,1.591477833481668,81,9.939307281115074,9.340111103888779,3.423567419428354,4.613260108030627,20.10680606780984,81,11.580129311593014,11.580129311593014,0.0,11.580129311593014,11.580129311593014,81,cases/granite_rqd_p32_rot_05.yaml,granite_dense_p32_05,medium_to_poor,dense,unfavorable,high,1,5
granite_dense_p32_05,50,20,20.5,10.276409044191894,9.257049152260947,11.342810203574997,11.342810203574993,12.578213255938335,12.67021013694505,1.2239891582602382,2.3018042117464415,0.08777757097244598,1.1170256673211094,1.327399933370053,383,93.58389714813183,93.58389714813183,93.58389714813183,97.42095109713621,97.24753298775217,2.4285714285714284,17,93.58389714813183,3.1,96.0815512653819,31,5.0,P32_derived_Jv_proxy,98.5,93.58389714813183,3.8370539490043853,3.6636358396203406,-1.0790489028637893,-1.252467012247834,3.8370539490043853,3.6636358396203406,1.0790489028637893,1.252467012247834,383,17,6,377,0.9843342036553525,0.015665796344647518,78.53981633974483,7.0,4.876507456335673,2.4285714285714284,2.4285714285714284,0.07639437268410976,4.8001130836515635,0.3353960609900305,0.341118263769847,-0.005722202779816499,1,1,1,1,1,1,93.58389714813183,93.58389714813183,0.0,93.58389714813183,93.58389714813183,81,4.0,4.0,0.0,4.0,4.0,81,1.214979404458489,1.214979404458489,0.29621262375911067,0.5,2.159653121338777,81,2.5060480071355085,2.5060480071355085,0.4926264690725285,0.8399294771850667,4.072586071629814,81,0.7994913444304069,0.7999326833004284,0.09544963912186753,0.5057842443200987,1.0,81,0.9555357449217797,0.9779056086506612,0.2480471593299317,0.5,1.5139782620778282,81,10.276409044191894,9.257049152260947,3.4089167121910338,4.037432874180225,20.249140312739964,81,11.342810203574997,11.342810203574993,3.552713678800501e-15,11.342810203574993,11.342810203574993,81,cases/granite_rqd_p32_rot_05.yaml,granite_dense_p32_05,medium_to_poor,dense,unfavorable,high,1,5
granite_dense_p32_05,50,30,30.5,10.63996620126316,10.343651381830984,11.893348171529198,11.893348171529198,10.02810032018525,11.43680816038669,0.942493625496172,-0.611865881077911,-0.02572157843909184,0.9616138361916123,-0.45654001114250775,384,96.79862815485505,96.79862815485505,96.79862815485505,93.44596028143954,94.36576236919201,3.5714285714285716,25,96.79862815485505,2.9,96.52600021763493,29,5.0,P32_derived_Jv_proxy,98.5,96.79862815485505,-3.3526678734155126,-2.43286578566304,-5.05403971856046,-4.134237630807988,3.3526678734155126,2.43286578566304,5.05403971856046,4.134237630807988,384,25,4,380,0.9895833333333334,0.010416666666666666,78.53981633974483,7.0,4.8892398517830244,3.5714285714285716,3.5714285714285716,0.05092958178940651,4.8383102699936185,0.3405535209689501,0.27223134669277305,0.06832217427617704,1,1,1,1,1,1,96.79862815485505,96.79862815485505,0.0,96.79862815485505,96.79862815485505,81,4.0,4.0,0.0,4.0,4.0,81,1.240522702053835,1.240522702053835,0.308156745497679,0.5,2.265230040761093,81,2.524118818812098,2.524118818812098,0.4729994303788557,1.3064660407341568,3.7831542779849356,81,0.8088118795477663,0.8138605172177267,0.09584849353255269,0.5848971614287447,1.0,81,0.9675824403387312,0.9327893628628112,0.24378250646221436,0.5,1.4894734810451185,81,10.63996620126316,10.343651381830984,3.093731587331149,5.171158617540946,19.359052988662512,81,11.893348171529198,11.893348171529198,0.0,11.893348171529198,11.893348171529198,81,cases/granite_rqd_p32_rot_05.yaml,granite_dense_p32_05,medium_to_poor,dense,unfavorable,high,1,5
granite_dense_p32_05,51,10,10.5,9.615612366659455,9.009656860086071,11.769025926526835,11.769025926526833,9.628391105461342,12.546594022421122,1.001328957357536,0.012778738801886291,0.0005767756767548482,1.0660690273560944,0.7775680958942868,396,96.32925014057487,96.32925014057487,96.32925014057487,94.94000468523201,95.45556682914925,3.0,21,96.32925014057487,2.9,96.52600021763493,29,5.0,P32_derived_Jv_proxy,98.5,96.32925014057487,-1.3892454553428593,-0.8736833114256228,-3.5599953147679884,-3.044433170850752,1.3892454553428593,0.8736833114256228,3.5599953147679884,3.044433170850752,396,21,9,387,0.9772727272727273,0.022727272727272728,78.53981633974483,7.0,5.042028597151244,3.0,3.0,0.11459155902616464,4.927437038125079,0.34047943046565654,0.2533321196844096,0.08714731078124693,1,1,1,1,1,1,96.32925014057487,96.32925014057487,0.0,96.32925014057487,96.32925014057487,81,4.0,4.0,0.0,4.0,4.0,81,1.229094624159538,1.229094624159538,0.29844140147791465,0.5,2.2711031883667148,81,2.5150289462409328,2.5150289462409328,0.5002483910523305,0.9919962152208459,4.401796259506266,81,0.7838654286524246,0.7939540374680594,0.09992869020360821,0.4749622900598166,1.0,81,1.0485297151903896,1.002223744268108,0.3006532459470663,0.5,1.914870104549414,81,9.615612366659455,9.009656860086071,3.3226091905087554,4.701495156204635,18.509799097388417,81,11.769025926526835,11.769025926526833,1.7763568394002505e-15,11.769025926526833,11.769025926526833,81,cases/granite_rqd_p32_rot_05.yaml,granite_dense_p32_05,medium_to_poor,dense,unfavorable,high,1,5
granite_dense_p32_05,51,20,20.5,9.631559860968194,8.884993756669212,12.01008521332861,12.010085213328612,12.118009757110029,11.871584625223987,1.2581565117212374,2.486449896141835,0.09973466968549938,0.9884679762345968,-0.1385005881046233,376,97.62059224842037,97.62059224842037,97.62059224842037,94.79904648802868,95.19427177308967,3.142857142857143,22,97.62059224842037,2.4,97.54185477225263,24,5.0,P32_derived_Jv_proxy,98.5,97.62059224842037,-2.821545760391686,-2.426320475330698,-3.7009535119713206,-3.3057282269103325,2.821545760391686,2.426320475330698,3.7009535119713206,3.3057282269103325,376,22,11,365,0.9707446808510638,0.02925531914893617,78.53981633974483,7.0,4.787380688204212,3.142857142857143,3.142857142857143,0.1400563499208679,4.647324338283344,0.35538971688741905,0.27859584908950596,0.07679386779791308,0,1,1,1,1,1,97.62059224842037,97.62059224842037,0.0,97.62059224842037,97.62059224842037,81,4.0,4.0,0.0,4.0,4.0,81,1.2046261330658876,1.2046261330658876,0.3165045314697916,0.5,1.9554407232584772,81,2.4478659905199875,2.4478659905199875,0.49379053224393354,0.75,3.73650354206875,81,0.8052804417016167,0.8132156741767894,0.10295180223691232,0.56329971100237,1.0,81,1.089130975749321,1.1130928122059145,0.28622072293879447,0.5,1.7619723911493748,81,9.631559860968194,8.884993756669212,3.3364556087039334,4.87697606965555,22.901805523914312,81,12.01008521332861,12.010085213328612,1.7763568394002505e-15,12.010085213328612,12.010085213328612,81,cases/granite_rqd_p32_rot_05.yaml,granite_dense_p32_05,medium_to_poor,dense,unfavorable,high,1,5
granite_dense_p32_05,51,30,30.5,10.433183648709425,9.842855185056461,11.580646528387744,11.58064652838774,11.655453044441723,9.434887748814166,1.1171521020703485,1.2222693957322974,0.048112307039283486,0.8147116592917624,-2.145758779573578,356,98.98932396719582,98.98932396719582,98.98932396719582,94.16464252776517,96.21723565932624,2.7142857142857144,19,98.98932396719582,2.0,98.24769036935783,20,5.0,P32_derived_Jv_proxy,98.5,98.5,-4.824681439430648,-2.7720883078695806,-4.335357472234833,-2.282764340673765,4.824681439430648,2.7720883078695806,4.335357472234833,2.282764340673765,356,19,5,351,0.9859550561797753,0.014044943820224719,78.53981633974483,7.0,4.532732779257179,2.7142857142857144,2.7142857142857144,0.06366197723675814,4.469070802020421,0.3400190213019886,0.3079682787679632,0.0320507425340254,1,1,1,1,1,1,98.98932396719582,98.98932396719582,0.0,98.98932396719582,98.98932396719582,81,4.0,4.0,0.0,4.0,4.0,81,1.1809794572922896,1.1809794572922896,0.2987429955587108,0.5,1.9099006183145344,81,2.523701025887045,2.523701025887045,0.47765361512948823,1.2510843745716382,4.152676810016157,81,0.7987216233867049,0.7980046999951199,0.0977254949045771,0.5775189737373762,1.0,81,0.9760805416804138,0.9275340439524289,0.29537839699062507,0.5,1.732389882030218,81,10.433183648709425,9.842855185056461,3.6281544782388666,4.931174421248681,23.159356013078668,81,11.580646528387744,11.58064652838774,3.552713678800501e-15,11.58064652838774,11.58064652838774,81,cases/granite_rqd_p32_rot_05.yaml,granite_dense_p32_05,medium_to_poor,dense,unfavorable,high,1,5
granite_dense_p32_05,52,10,10.5,9.910859308794954,9.246663688224313,11.788179934496696,11.788179934496696,10.294902388865001,10.383004706398319,1.0387497257406575,0.3840430800700467,0.016510922126141137,0.8807979488007049,-1.4051752280983774,381,97.16766657337782,97.16766657337782,97.16766657337782,96.13613398872289,97.48252804801439,2.142857142857143,15,97.16766657337782,2.4,97.54185477225263,24,5.0,P32_derived_Jv_proxy,98.5,97.16766657337782,-1.0315325846549257,0.3148614746365723,-2.3638660112771106,-1.0174719519856126,1.0315325846549257,0.3148614746365723,2.3638660112771106,1.0174719519856126,381,15,7,374,0.9816272965879265,0.01837270341207349,78.53981633974483,7.0,4.8510426654409695,2.142857142857143,2.142857142857143,0.08912676813146139,4.761915897309509,0.34506264746797766,0.19568608069557414,0.14937656677240352,1,1,1,1,1,1,97.16766657337782,97.16766657337782,0.0,97.16766657337782,97.16766657337782,81,4.0,4.0,0.0,4.0,4.0,81,1.20033616512591,1.20033616512591,0.30326066302117327,0.516152116136715,2.149858387018506,81,2.4735341867239056,2.4735341867239056,0.4984156367984815,1.2434570617978333,3.843456988010144,81,0.8029661202574983,0.7988655099431926,0.0999414618486419,0.5424772832518779,1.0,81,1.0316767392158908,1.034691004443133,0.2762663158812229,0.5,1.8412721425068197,81,9.910859308794954,9.246663688224313,3.12855321214985,4.953921150305701,18.8302872463134,81,11.788179934496696,11.788179934496696,0.0,11.788179934496696,11.788179934496696,81,cases/granite_rqd_p32_rot_05.yaml,granite_dense_p32_05,medium_to_poor,dense,unfavorable,high,1,5
granite_dense_p32_05,52,20,20.5,10.351869699803263,9.152055227805883,11.67683648368811,11.676836483688112,8.220742443043417,11.625145592174453,0.7941311745065388,-2.1311272567598465,-0.10010775492922253,0.9955732109817701,-0.05169089151365647,403,96.84782320198885,96.84782320198885,96.84782320198885,94.66164237412345,96.2092342145432,2.857142857142857,20,96.84782320198885,2.9,96.52600021763493,29,5.0,P32_derived_Jv_proxy,98.5,96.84782320198885,-2.1861808278653996,-0.6385889874456439,-3.8383576258765544,-2.2907657854567987,2.1861808278653996,0.6385889874456439,3.8383576258765544,2.2907657854567987,403,20,4,399,0.9900744416873449,0.009925558312655087,78.53981633974483,7.0,5.131155365282706,2.857142857142857,2.857142857142857,0.05092958178940651,5.080225783493299,0.3538626657944043,0.29806054207250554,0.055802123721898744,0,1,1,1,1,1,96.84782320198885,96.84782320198885,0.0,96.84782320198885,96.84782320198885,81,4.0,4.0,0.0,4.0,4.0,81,1.2031548649379649,1.2031548649379649,0.30522537243268943,0.5,2.0582403388277086,81,2.4947452549948097,2.4947452549948097,0.49040683993729295,1.1000489430382328,3.783982383736638,81,0.7810743103232906,0.7887518242440279,0.11013369955489766,0.5091893079140576,1.0,81,0.9839018720155006,0.9925951799673405,0.29353034361696767,0.5,1.6423598413405756,81,10.351869699803263,9.152055227805883,4.207509341005538,5.067900869486173,23.109531994496052,81,11.67683648368811,11.676836483688112,1.7763568394002505e-15,11.676836483688112,11.676836483688112,81,cases/granite_rqd_p32_rot_05.yaml,granite_dense_p32_05,medium_to_poor,dense,unfavorable,high,1,5
granite_dense_p32_05,52,30,30.5,10.864363278989158,9.990146513796656,11.547694447948704,11.547694447948706,12.748125066907463,13.108255053075245,1.1733890647380463,1.8837617879183046,0.0694420365426156,1.1351404483519005,1.5605606051265415,386,96.67282526928904,96.67282526928904,96.67282526928904,93.73589783855583,94.59229007676451,3.5714285714285716,25,96.67282526928904,2.0,98.24769036935783,20,5.0,P32_derived_Jv_proxy,98.5,96.67282526928904,-2.9369274307332063,-2.080535192524522,-4.764102161444171,-3.907709923235487,2.9369274307332063,2.080535192524522,4.764102161444171,3.907709923235487,386,25,7,379,0.9818652849740933,0.018134715025906734,78.53981633974483,7.0,4.914704642677728,3.5714285714285716,3.5714285714285716,0.08912676813146139,4.8255778745462665,0.35366234494760584,0.2732904705457666,0.08037187440183924,1,1,1,1,1,1,96.67282526928904,96.67282526928904,0.0,96.67282526928904,96.67282526928904,81,4.0,4.0,0.0,4.0,4.0,81,1.194429717528418,1.194429717528418,0.31657964725809634,0.5,2.109877611682075,81,2.4998257422628316,2.4998257422628316,0.4898471778996046,1.1449121832275255,3.9040391254378406,81,0.7999759789944247,0.8158555489654203,0.1003283673933865,0.534267415660564,1.0,81,0.9325187714664647,0.9361089669648482,0.2643714053272736,0.5,1.4945150714961841,81,10.864363278989158,9.990146513796656,3.828277226519193,5.758051450070461,21.99776259722577,81,11.547694447948704,11.547694447948706,1.7763568394002505e-15,11.547694447948706,11.547694447948706,81,cases/granite_rqd_p32_rot_05.yaml,granite_dense_p32_05,medium_to_poor,dense,unfavorable,high,1,5
granite_dense_p32_05,53,10,10.5,9.20100317240704,8.057004260429412,11.384936725442016,11.384936725442016,8.802527744621338,9.636917366594707,0.9566921758074497,-0.39847542778570144,-0.019227777848337957,0.8464620927632391,-1.7480193588473085,395,96.08739049121846,96.08739049121846,96.08739049121846,86.22005634858711,92.10162166330737,4.285714285714286,30,96.08739049121846,3.0,96.30636868862332,30,5.0,P32_derived_Jv_proxy,98.5,96.08739049121846,-9.86733414263135,-3.9857688279110874,-12.279943651412893,-6.39837833669263,9.86733414263135,3.9857688279110874,12.279943651412893,6.39837833669263,395,30,13,382,0.9670886075949368,0.03291139240506329,78.53981633974483,7.0,5.029296201703892,4.285714285714286,4.285714285714286,0.16552114081557115,4.8637750608883215,0.34126134594726987,0.2970102492320069,0.04425109671526295,1,1,1,1,1,1,96.08739049121846,96.08739049121846,0.0,96.08739049121846,96.08739049121846,81,4.0,4.0,0.0,4.0,4.0,81,1.201944841736177,1.201944841736177,0.3000067317972585,0.5,1.8441138647163644,81,2.536064673480342,2.536064673480342,0.4807253084786791,1.3062123920842685,3.9750376942334196,81,0.7815469191546549,0.7704193526014428,0.09602806482868793,0.577922385128754,1.0,81,1.0500208240749493,1.091025868931795,0.26337482813577845,0.5,1.6262270746414123,81,9.20100317240704,8.057004260429412,3.3997124590564916,5.282643184377103,22.76987345088403,81,11.384936725442016,11.384936725442016,0.0,11.384936725442016,11.384936725442016,81,cases/granite_rqd_p32_rot_05.yaml,granite_dense_p32_05,medium_to_poor,dense,unfavorable,high,1,5
granite_dense_p32_05,53,20,20.5,11.0491266785351,10.029782805050395,11.93523930411024,11.93523930411024,9.810413400995182,11.075664000951775,0.8878903904734535,-1.238713277539917,-0.05164064430100623,0.9279800529125172,-0.859575303158465,355,99.267615294658,99.267615294658,99.267615294658,93.57382567964585,94.35828286249848,3.4285714285714284,24,99.267615294658,3.0,96.30636868862332,30,5.0,P32_derived_Jv_proxy,98.5,98.5,-5.69378961501215,-4.909332432159516,-4.92617432035415,-4.141717137501516,5.69378961501215,4.909332432159516,4.92617432035415,4.141717137501516,355,24,6,349,0.9830985915492958,0.016901408450704224,78.53981633974483,7.0,4.520000383809828,3.4285714285714284,3.4285714285714284,0.07639437268410976,4.443606011125718,0.3426324493734282,0.31510050269086476,0.027531946682563424,1,1,1,1,1,1,99.267615294658,99.267615294658,0.0,99.267615294658,99.267615294658,81,4.0,4.0,0.0,4.0,4.0,81,1.2061491166971983,1.2061491166971983,0.3060606705513112,0.5,2.0625666654482657,81,2.5079418906803164,2.5079418906803164,0.5474001856756108,1.0723056263908974,3.897006258162506,81,0.7885809337883731,0.7842033611490626,0.10554323536285222,0.48466954656430067,1.0,81,0.9653463163362846,0.9575334951927542,0.3235661024319136,0.5,1.7677804597321345,81,11.0491266785351,10.029782805050395,4.3815440603503655,4.3320461147857685,21.902065129918086,81,11.93523930411024,11.93523930411024,0.0,11.93523930411024,11.93523930411024,81,cases/granite_rqd_p32_rot_05.yaml,granite_dense_p32_05,medium_to_poor,dense,unfavorable,high,1,5
granite_dense_p32_05,53,30,30.5,9.706848717558508,9.278546917647594,11.327242725451185,11.327242725451185,8.856763585278975,11.706302640464449,0.9124241906910703,-0.8500851322795331,-0.03980320898901557,1.0334644471034027,0.3790599150132632,364,98.28771088660709,98.28771088660709,98.28771088660709,97.44835691037152,97.15538815326533,2.142857142857143,15,98.28771088660709,2.1,98.08069376239264,21,5.0,P32_derived_Jv_proxy,98.5,98.28771088660709,-0.8393539762355715,-1.132322733341752,-1.0516430896284845,-1.344611846734665,0.8393539762355715,1.132322733341752,1.0516430896284845,1.344611846734665,364,15,5,359,0.9862637362637363,0.013736263736263736,78.53981633974483,7.0,4.634591942835992,2.142857142857143,2.142857142857143,0.06366197723675814,4.570929965599234,0.35608688076458705,0.32283684419721936,0.03325003656736769,1,1,1,1,1,1,98.28771088660709,98.28771088660709,0.0,98.28771088660709,98.28771088660709,81,4.0,4.0,0.0,4.0,4.0,81,1.15898592559512,1.15898592559512,0.27519117112059094,0.5,1.9539752423478658,81,2.514161573508668,2.514161573508668,0.5090729928392995,0.9322953525715991,4.519652701086215,81,0.7918693297694279,0.7969357561123706,0.10118138027772673,0.5096404005600609,0.9698551146602745,81,1.0155449253031117,0.9585013099142662,0.30263822975242777,0.5,1.6167859127721582,81,9.706848717558508,9.278546917647594,3.3430718566015956,4.828011526790467,20.0415592629567,81,11.327242725451185,11.327242725451185,0.0,11.327242725451185,11.327242725451185,81,cases/granite_rqd_p32_rot_05.yaml,granite_dense_p32_05,medium_to_poor,dense,unfavorable,high,1,5
granite_dense_p32_05,54,10,10.5,9.886664874102854,9.40949487606873,11.648423573621686,11.648423573621686,9.776015257692942,11.313719429892009,0.9888081959064126,-0.110649616409912,-0.004887942516001997,0.97126614244286,-0.3347041437296774,386,97.24002938241074,97.24002938241074,97.24002938241074,95.14567242084216,97.5401916543659,2.142857142857143,15,97.24002938241074,3.1,96.0815512653819,31,5.0,P32_derived_Jv_proxy,98.5,97.24002938241074,-2.094356961568579,0.3001622719551591,-3.3543275791578395,-0.9598083456341016,2.094356961568579,0.3001622719551591,3.3543275791578395,0.9598083456341016,386,15,6,380,0.9844559585492227,0.015544041450777202,78.53981633974483,7.0,4.914704642677728,2.142857142857143,2.142857142857143,0.07639437268410976,4.8383102699936185,0.32422233312570836,0.3333747278738375,-0.009152394748129122,1,1,1,1,1,1,97.24002938241074,97.24002938241074,0.0,97.24002938241074,97.24002938241074,81,4.0,4.0,0.0,4.0,4.0,81,1.1930244328974398,1.1930244328974398,0.29969969802235213,0.5,2.0104893673636273,81,2.489816114937423,2.489816114937423,0.5126180068738083,0.9402199759639598,4.0850439161161995,81,0.8078119727822491,0.8089250558464265,0.09648407754777928,0.5335741910550436,1.0,81,1.0288467230446088,1.0323607100823244,0.2723958964152607,0.5,1.712812935228443,81,9.886664874102854,9.40949487606873,3.26444567709722,5.030461935350907,22.05782103110169,81,11.648423573621686,11.648423573621686,0.0,11.648423573621686,11.648423573621686,81,cases/granite_rqd_p32_rot_05.yaml,granite_dense_p32_05,medium_to_poor,dense,unfavorable,high,1,5
granite_dense_p32_05,54,20,20.5,9.068107454816419,8.302580311505134,11.241826809148291,11.241826809148291,10.892283496036237,12.626767513535926,1.20116391984867,1.8241760412198182,0.07960227853363444,1.1231953425274803,1.3849407043876347,378,95.44138864249045,95.44138864249045,95.44138864249045,96.36779412787779,97.24753298775217,2.4285714285714284,17,95.44138864249045,3.2,95.8516728937272,32,5.0,P32_derived_Jv_proxy,98.5,95.44138864249045,0.9264054853873347,1.806144345261714,-2.1322058721222135,-1.252467012247834,0.9264054853873347,1.806144345261714,2.1322058721222135,1.252467012247834,378,17,8,370,0.9788359788359788,0.021164021164021163,78.53981633974483,7.0,4.812845479098915,2.4285714285714284,2.4285714285714284,0.10185916357881301,4.710986315520102,0.3516191770570666,0.2920436082170742,0.05957556883999238,1,1,1,1,1,1,95.44138864249045,95.44138864249045,0.0,95.44138864249045,95.44138864249045,81,4.0,4.0,0.0,4.0,4.0,81,1.166160437638401,1.166160437638401,0.3114862874066603,0.5,2.313853227721608,81,2.4751308981555047,2.4751308981555047,0.4696117792238615,0.9528442735930289,3.734685314595686,81,0.7855038277716311,0.7832084502946978,0.09248378655519528,0.5734072022454373,0.9844770300577768,81,1.0479640595703046,1.0616906362666911,0.27001707968438077,0.5,1.8396691409692576,81,9.068107454816419,8.302580311505134,2.865716854069982,5.038174589933761,18.014211258621494,81,11.241826809148291,11.241826809148291,0.0,11.241826809148291,11.241826809148291,81,cases/granite_rqd_p32_rot_05.yaml,granite_dense_p32_05,medium_to_poor,dense,unfavorable,high,1,5
granite_dense_p32_05,54,30,30.5,10.833382742446478,9.747624477001214,12.13243882898807,12.132438828988068,10.09057200587495,9.796928853437704,0.9314331678081392,-0.7428107365715277,-0.030848301147136548,0.8074987223533223,-2.335509975550366,342,99.59844454570369,99.59844454570369,99.59844454570369,91.43225369585518,94.76632201228676,3.2857142857142856,23,99.59844454570369,1.9,98.4081369392601,19,5.0,P32_derived_Jv_proxy,98.5,98.5,-8.166190849848505,-4.832122533416921,-7.067746304144819,-3.733677987713236,8.166190849848505,4.832122533416921,7.067746304144819,3.733677987713236,342,23,9,333,0.9736842105263158,0.02631578947368421,78.53981633974483,7.0,4.354479242994256,3.2857142857142856,3.2857142857142856,0.11459155902616464,4.2398876839680915,0.3377508306340773,0.3490798475144884,-0.011329016880411102,1,1,1,1,1,1,99.59844454570369,99.59844454570369,0.0,99.59844454570369,99.59844454570369,81,4.0,4.0,0.0,4.0,4.0,81,1.209449992396658,1.209449992396658,0.3009979763425837,0.5,2.0313832451626177,81,2.482174847457431,2.482174847457431,0.5193535523785985,0.9528442735930289,3.780170051294421,81,0.7993164253925964,0.7990642605031754,0.10487203939701423,0.5067266883373909,1.0,81,0.9869707952797963,0.9633611234529782,0.3056210202370006,0.5,1.8362575040963869,81,10.833382742446478,9.747624477001214,3.8131249903925317,4.904563456665781,22.650221928045507,81,12.13243882898807,12.132438828988068,1.7763568394002505e-15,12.132438828988068,12.132438828988068,81,cases/granite_rqd_p32_rot_05.yaml,granite_dense_p32_05,medium_to_poor,dense,unfavorable,high,1,5
granite_dense_p32_05,55,10,10.5,9.50416854277737,8.748504964964306,11.565874012548662,11.565874012548662,9.568087609490073,10.561307433650367,1.0067253717592455,0.0639190667127032,0.002911013953779129,0.9131439113197699,-1.0045665788982951,387,97.54680288713281,97.54680288713281,97.54680288713281,95.63247568924258,94.45084895200706,3.4285714285714284,24,97.54680288713281,2.2,97.90729335142237,22,5.0,P32_derived_Jv_proxy,98.5,97.54680288713281,-1.9143271978902305,-3.095953935125749,-2.8675243107574175,-4.049151047992936,1.9143271978902305,3.095953935125749,2.8675243107574175,4.049151047992936,387,24,6,381,0.9844961240310077,0.015503875968992248,78.53981633974483,7.0,4.927437038125079,3.4285714285714284,3.4285714285714284,0.07639437268410976,4.8510426654409695,0.3219067219077001,0.3231287038335734,-0.0012219819258733056,1,1,1,1,1,1,97.54680288713281,97.54680288713281,0.0,97.54680288713281,97.54680288713281,81,4.0,4.0,0.0,4.0,4.0,81,1.2121500903737417,1.2121500903737417,0.2802699795858598,0.5,2.1612679646044106,81,2.5558242681663943,2.5558242681663943,0.5016653530683778,1.1459416925203263,3.9439062514618577,81,0.7989508974061292,0.8060861644536488,0.11470062755130633,0.5306346758404765,1.0,81,1.0488390311236087,1.0336423033437352,0.29021690568682945,0.5,1.7958886582742033,81,9.50416854277737,8.748504964964306,3.054552900677363,4.580297671691572,18.99598089891493,81,11.565874012548662,11.565874012548662,0.0,11.565874012548662,11.565874012548662,81,cases/granite_rqd_p32_rot_05.yaml,granite_dense_p32_05,medium_to_poor,dense,unfavorable,high,1,5
granite_dense_p32_05,55,20,20.5,10.678159615286207,9.293236328673459,11.67020004915254,11.67020004915254,10.818597560594402,12.51358373706306,1.0131518866890838,0.14043794530819476,0.005674557508585476,1.072268143164501,0.8433836879105208,362,97.80473783668974,97.80473783668974,97.80473783668974,92.65900121880439,95.98956615221837,3.0,21,97.80473783668974,2.5,97.35009788392561,25,5.0,P32_derived_Jv_proxy,98.5,97.80473783668974,-5.145736617885348,-1.8151716844713661,-5.840998781195609,-2.510433847781627,5.145736617885348,1.8151716844713661,5.840998781195609,2.510433847781627,362,21,7,355,0.9806629834254144,0.019337016574585635,78.53981633974483,7.0,4.609127151941289,3.0,3.0,0.08912676813146139,4.520000383809828,0.3291425871960023,0.24138066156238147,0.08776192563362084,1,1,1,1,1,1,97.80473783668974,97.80473783668974,0.0,97.80473783668974,97.80473783668974,81,4.0,4.0,0.0,4.0,4.0,81,1.1976387036271945,1.1976387036271945,0.31563507726282425,0.5,2.1604281551934204,81,2.509270169705376,2.509270169705376,0.5013895452557202,0.9090963678328401,4.189110219489804,81,0.8010471372126292,0.7944372582919701,0.08488077615597643,0.5958170217276738,1.0,81,0.9707604475528432,0.9928709735218786,0.29156754547026437,0.5,1.7580939475872595,81,10.678159615286207,9.293236328673459,3.9185127340814723,5.730728092603552,23.34040009830508,81,11.67020004915254,11.67020004915254,0.0,11.67020004915254,11.67020004915254,81,cases/granite_rqd_p32_rot_05.yaml,granite_dense_p32_05,medium_to_poor,dense,unfavorable,high,1,5
granite_dense_p32_05,55,30,30.5,9.937752180454043,9.333304736585667,11.303944644702442,11.303944644702442,11.06729219185136,10.622286501045204,1.11366151931409,1.1295400113973173,0.04675321361048923,0.9396973211491535,-0.6816581436572378,374,97.83349643422588,97.83349643422588,97.83349643422588,95.25827002903554,96.91305965081379,2.2857142857142856,16,97.83349643422588,2.3,97.72763310791008,23,5.0,P32_derived_Jv_proxy,98.5,97.83349643422588,-2.5752264051903353,-0.9204367834120859,-3.2417299709644567,-1.5869403491862073,2.5752264051903353,0.9204367834120859,3.2417299709644567,1.5869403491862073,374,16,10,364,0.9732620320855615,0.026737967914438502,78.53981633974483,7.0,4.761915897309509,2.2857142857142856,2.2857142857142856,0.12732395447351627,4.634591942835992,0.3470198624518722,0.18444671378950428,0.16257314866236794,1,1,1,1,1,1,97.83349643422588,97.83349643422588,0.0,97.83349643422588,97.83349643422588,81,4.0,4.0,0.0,4.0,4.0,81,1.1821996753469717,1.1821996753469717,0.2845509539412721,0.5,2.085930466704947,81,2.5579284789050174,2.5579284789050174,0.5070022614230301,0.7658949883620274,4.277654824466254,81,0.8038330925410956,0.8132630357124913,0.09222684588255507,0.5662557170820526,1.0,81,0.983951961308957,0.9627312064317265,0.25845668368527064,0.5,1.705656508152421,81,9.937752180454043,9.333304736585667,3.0916078129577795,4.781382603852967,21.4017818529733,81,11.303944644702442,11.303944644702442,0.0,11.303944644702442,11.303944644702442,81,cases/granite_rqd_p32_rot_05.yaml,granite_dense_p32_05,medium_to_poor,dense,unfavorable,high,1,5
granite_dense_p32_05,56,10,10.5,9.640998717779164,8.860007778114179,11.380334246453872,11.380334246453874,6.991814098312211,9.368404588946406,0.7252167854164799,-2.6491846194669533,-0.13953215255034268,0.8232099678325014,-2.0119296575074657,359,95.72799927881164,95.72799927881164,95.72799927881164,89.33952616400269,92.15755137456897,4.142857142857143,29,95.72799927881164,3.5,95.13289211202631,35,5.0,P32_derived_Jv_proxy,98.5,95.72799927881164,-6.388473114808946,-3.57044790424267,-9.160473835997308,-6.342448625431032,6.388473114808946,3.57044790424267,9.160473835997308,6.342448625431032,359,29,15,344,0.958217270194986,0.04178272980501393,78.53981633974483,7.0,4.570929965599234,4.142857142857143,4.142857142857143,0.1909859317102744,4.379944033888959,0.35910426233676296,0.2970764136188593,0.06202784871790368,0,1,1,1,1,1,95.72799927881164,95.72799927881164,0.0,95.72799927881164,95.72799927881164,81,4.0,4.0,0.0,4.0,4.0,81,1.1995017128922056,1.1995017128922056,0.2997726678408739,0.5,2.1641682927207353,81,2.522463238337184,2.522463238337184,0.501281318945856,0.75,3.7144482924491413,81,0.7823589503379773,0.790194484838452,0.09917952678137605,0.518969045191373,0.9820108223489054,81,1.0079947474217688,1.007768193717179,0.27464169171945974,0.5,1.720549897063656,81,9.640998717779164,8.860007778114179,3.4398011847501992,4.850191801714109,22.064205485399444,81,11.380334246453872,11.380334246453874,1.7763568394002505e-15,11.380334246453874,11.380334246453874,81,cases/granite_rqd_p32_rot_05.yaml,granite_dense_p32_05,medium_to_poor,dense,unfavorable,high,1,5
granite_dense_p32_05,56,20,20.5,10.08638892998518,9.189214147705737,11.576464491769885,11.576464491769887,7.960573347699468,10.545232226560298,0.7892391819270411,-2.1258155822857123,-0.1027913622537241,0.9109199301787928,-1.0312322652095869,360,95.72296040823662,95.72296040823662,95.72296040823662,93.74355065460666,95.80607677870441,3.142857142857143,22,95.72296040823662,2.6,97.15249981124936,26,5.0,P32_derived_Jv_proxy,98.5,95.72296040823662,-1.9794097536299518,0.08311637046779197,-4.756449345393335,-2.6939232212955915,1.9794097536299518,0.08311637046779197,4.756449345393335,2.6939232212955915,360,22,5,355,0.9861111111111112,0.013888888888888888,78.53981633974483,7.0,4.583662361046586,3.142857142857143,3.142857142857143,0.06366197723675814,4.520000383809828,0.346389922833914,0.2898763395016606,0.056513583332253425,0,1,1,1,1,1,95.72296040823662,95.72296040823662,0.0,95.72296040823662,95.72296040823662,81,4.0,4.0,0.0,4.0,4.0,81,1.1995653789486338,1.1995653789486338,0.3031289752518812,0.5,2.1158477878983764,81,2.4797283608874108,2.4797283608874108,0.5019393053768634,1.0216576543870324,4.064624665395983,81,0.7839745673627838,0.7772247290095319,0.10132556908802029,0.534042146369163,1.0,81,0.9845532428375287,0.9704414837310807,0.27252122245815147,0.5,1.6625981315246559,81,10.08638892998518,9.189214147705737,3.6818773675461776,5.024096075842444,23.152928983539773,81,11.576464491769885,11.576464491769887,1.7763568394002505e-15,11.576464491769887,11.576464491769887,81,cases/granite_rqd_p32_rot_05.yaml,granite_dense_p32_05,medium_to_poor,dense,unfavorable,high,1,5
granite_dense_p32_05,56,30,30.5,10.048825408088048,9.313561275978627,11.573625077887813,11.573625077887813,12.543242404893272,12.486705789820466,1.2482297080012486,2.4944169968052243,0.09629451462322858,1.0788932340375492,0.9130807119326523,380,97.67034388132677,97.67034388132677,97.67034388132677,94.08179801302188,95.93990399064991,2.857142857142857,20,97.67034388132677,2.5,97.35009788392561,25,5.0,P32_derived_Jv_proxy,98.5,97.67034388132677,-3.588545868304891,-1.7304398906768625,-4.418201986978119,-2.56009600935009,3.588545868304891,1.7304398906768625,4.418201986978119,2.56009600935009,380,20,5,375,0.9868421052631579,0.013157894736842105,78.53981633974483,7.0,4.8383102699936185,2.857142857142857,2.857142857142857,0.06366197723675814,4.77464829275686,0.3587644936398793,0.2730103515986173,0.08575414204126197,1,1,1,1,1,1,97.67034388132677,97.67034388132677,0.0,97.67034388132677,97.67034388132677,81,4.0,4.0,0.0,4.0,4.0,81,1.191459736199308,1.191459736199308,0.2962313178882144,0.5,1.943743077740647,81,2.5136956090290696,2.5136956090290696,0.4786510027713241,1.0574043829787882,3.872182239900261,81,0.7909837137334307,0.8027262606453777,0.09965502542811723,0.5284697563760429,1.0,81,0.9851134274768893,0.9662617085633743,0.2759374895387308,0.5135505301536576,1.6210734816791847,81,10.048825408088048,9.313561275978627,3.148816780331768,4.783343690955993,19.23619944980936,81,11.573625077887813,11.573625077887813,0.0,11.573625077887813,11.573625077887813,81,cases/granite_rqd_p32_rot_05.yaml,granite_dense_p32_05,medium_to_poor,dense,unfavorable,high,1,5
granite_dense_p32_05,57,10,10.5,9.15841438816503,8.318406083251748,11.387332037423205,11.387332037423203,7.248076281947398,9.888533279529877,0.791411698002411,-1.9103381062176314,-0.10159753463563526,0.8683801655236106,-1.4987987578933275,393,94.32377044742941,94.32377044742941,94.32377044742941,85.74444587866694,91.52157389073156,4.714285714285714,33,94.32377044742941,2.7,96.94919578078034,27,5.0,P32_derived_Jv_proxy,98.5,94.32377044742941,-8.579324568762473,-2.802196556697851,-12.755554121333063,-6.97842610926844,8.579324568762473,2.802196556697851,12.755554121333063,6.97842610926844,393,33,10,383,0.9745547073791349,0.02544529262086514,78.53981633974483,7.0,5.003831410809189,4.714285714285714,4.714285714285714,0.12732395447351627,4.876507456335673,0.3464761889744864,0.2788436422772199,0.06763254669726648,0,1,1,1,1,1,94.32377044742941,94.32377044742941,0.0,94.32377044742941,94.32377044742941,81,4.0,4.0,0.0,4.0,4.0,81,1.209222978204541,1.209222978204541,0.30121257808693663,0.5,2.081678705407683,81,2.5040648292567904,2.5040648292567904,0.503027221126726,0.75,4.382484943993912,81,0.7675328810866332,0.7781820495681833,0.10397211786747748,0.4939238133708671,0.9771729962436889,81,1.0279861806934314,0.9710968011849007,0.2769149055711802,0.5,1.7197434001525769,81,9.15841438816503,8.318406083251748,2.9055648463924095,4.088791335315301,21.545107686196065,81,11.387332037423205,11.387332037423203,1.7763568394002505e-15,11.387332037423203,11.387332037423203,81,cases/granite_rqd_p32_rot_05.yaml,granite_dense_p32_05,medium_to_poor,dense,unfavorable,high,1,5
granite_dense_p32_05,57,20,20.5,9.716168451785517,8.642892835665673,11.858866453168345,11.858866453168341,9.438831534038467,10.788248339314405,0.9714561435278446,-0.27733691774704994,-0.012576800883835393,0.9097200294748322,-1.0706181138539392,384,98.56638033032826,98.56638033032826,98.56638033032826,88.88500944322006,94.14163384793947,3.2857142857142856,23,98.56638033032826,2.7,96.94919578078034,27,5.0,P32_derived_Jv_proxy,98.5,98.5,-9.681370887108201,-4.424746482388784,-9.614990556779944,-4.358366152060526,9.681370887108201,4.424746482388784,9.614990556779944,4.358366152060526,384,23,9,375,0.9765625,0.0234375,78.53981633974483,7.0,4.8892398517830244,3.2857142857142856,3.2857142857142856,0.11459155902616464,4.77464829275686,0.3424169021632032,0.270329464245174,0.07208743791802918,1,1,1,1,1,1,98.56638033032826,98.56638033032826,0.0,98.56638033032826,98.56638033032826,81,4.0,4.0,0.0,4.0,4.0,81,1.189151244969506,1.189151244969506,0.310120392782727,0.5,2.1249519282679166,81,2.4709430354246154,2.4709430354246154,0.4998005942029465,0.8080306698682296,3.7602532406581446,81,0.8056996426005038,0.8041431732607716,0.0931551154289102,0.5145380159768163,1.0,81,1.0840527989705073,1.0751959818866281,0.3102090218596026,0.5,1.8316133841926443,81,9.716168451785517,8.642892835665673,3.7170054335915497,4.093216654439464,22.212840242633806,81,11.858866453168345,11.858866453168341,3.552713678800501e-15,11.858866453168341,11.858866453168341,81,cases/granite_rqd_p32_rot_05.yaml,granite_dense_p32_05,medium_to_poor,dense,unfavorable,high,1,5
granite_dense_p32_05,57,30,30.5,10.196695937505135,9.133487705540533,11.68887905684663,11.68887905684663,9.15887802404053,11.504863306998102,0.8982201764350607,-1.0378179134646057,-0.04661719374447315,0.9842571944706072,-0.18401574984852864,348,96.86622012778041,96.86622012778041,96.86622012778041,95.76646806930785,98.20901392441168,1.5714285714285714,11,96.86622012778041,2.3,97.72763310791008,23,5.0,P32_derived_Jv_proxy,98.5,96.86622012778041,-1.0997520584725606,1.3427937966312697,-2.733531930692152,-0.29098607558832157,1.0997520584725606,1.3427937966312697,2.733531930692152,0.29098607558832157,348,11,3,345,0.9913793103448276,0.008620689655172414,78.53981633974483,7.0,4.430873615678366,1.5714285714285714,1.5714285714285714,0.03819718634205488,4.392676429336311,0.3679350591707564,0.2677362172127108,0.10019884195804563,1,1,1,1,1,1,96.86622012778041,96.86622012778041,0.0,96.86622012778041,96.86622012778041,81,4.0,4.0,0.0,4.0,4.0,81,1.1996927651023306,1.1996927651023306,0.2993974007606724,0.5,2.3823453192926958,81,2.485475786534881,2.485475786534881,0.48294835007582015,1.0925663272944928,3.7195486508184405,81,0.8133236905771883,0.8219256217903097,0.09648548043687577,0.514780940865292,1.0,81,1.0096679254734195,1.0157515080738397,0.26678014344698847,0.5,1.7454823329804523,81,10.196695937505135,9.133487705540533,3.3174049671570627,4.947671714963296,19.258255061941217,81,11.68887905684663,11.68887905684663,0.0,11.68887905684663,11.68887905684663,81,cases/granite_rqd_p32_rot_05.yaml,granite_dense_p32_05,medium_to_poor,dense,unfavorable,high,1,5
granite_dense_p32_05,58,10,10.5,10.351800834574941,9.709944650241297,11.778190580145177,11.778190580145177,10.560119140269716,10.968357053880894,1.0201238711045322,0.2083183056947746,0.008652910262744395,0.9312429595400297,-0.8098335262642831,359,95.7902590497216,95.7902590497216,95.7902590497216,94.61141572273,94.74610541136488,3.142857142857143,22,95.7902590497216,2.8,96.74031890633287,28,5.0,P32_derived_Jv_proxy,98.5,95.7902590497216,-1.178843326991597,-1.0441536383567183,-3.888584277269999,-3.75389458863512,1.178843326991597,1.0441536383567183,3.888584277269999,3.75389458863512,359,22,9,350,0.9749303621169917,0.025069637883008356,78.53981633974483,7.0,4.570929965599234,3.142857142857143,3.142857142857143,0.11459155902616464,4.456338406573069,0.3573590853722318,0.33721435036605996,0.020144735006171866,1,1,1,1,1,1,95.7902590497216,95.7902590497216,0.0,95.7902590497216,95.7902590497216,81,4.0,4.0,0.0,4.0,4.0,81,1.2315829338773678,1.2315829338773678,0.306183045581558,0.5,2.1303721516848944,81,2.5040698627385236,2.5040698627385236,0.49114235515495763,1.3684763434997647,3.9713474986135626,81,0.7945642768717542,0.7908608889832331,0.10042331260478594,0.565290153295367,1.0,81,0.9864336966394676,0.9952123648700024,0.2767350535634709,0.5,1.5851328271450498,81,10.351800834574941,9.709944650241297,3.5119739496562166,5.018506407910591,21.274682072920722,81,11.778190580145177,11.778190580145177,0.0,11.778190580145177,11.778190580145177,81,cases/granite_rqd_p32_rot_05.yaml,granite_dense_p32_05,medium_to_poor,dense,unfavorable,high,1,5
granite_dense_p32_05,58,20,20.5,10.124623085307977,9.31210752749854,11.18617427622415,11.18617427622415,7.522563269727745,10.515701671518388,0.7429968707322915,-2.6020598155802324,-0.12901301534650433,0.9400623852132511,-0.670472604705763,412,92.74649759519606,92.74649759519606,92.74649759519606,90.34026565303502,95.85758246545265,3.0,21,92.74649759519606,3.8,94.3728744713051,38,5.0,P32_derived_Jv_proxy,98.5,92.74649759519606,-2.4062319421610425,3.1110848702565903,-8.159734346964981,-2.6424175345473486,2.4062319421610425,3.1110848702565903,8.159734346964981,2.6424175345473486,412,21,7,405,0.9830097087378641,0.01699029126213592,78.53981633974483,7.0,5.24574692430887,3.0,3.0,0.08912676813146139,5.156620156177409,0.3477980936004029,0.26657343097284647,0.08122466262755645,0,1,1,1,1,1,92.74649759519606,92.74649759519606,0.0,92.74649759519606,92.74649759519606,81,4.0,4.0,0.0,4.0,4.0,81,1.2016783468352399,1.2016783468352399,0.28464840040320366,0.5,2.0709596492379703,81,2.490830536715314,2.490830536715314,0.4800080186877375,1.187170153789775,3.9261912378981103,81,0.8139883949857611,0.8200378291660119,0.09967076970262026,0.4418658359336589,1.0,81,0.9742854931556376,0.9741720709796667,0.2638048489653771,0.5,1.6886986498735663,81,10.124623085307977,9.31210752749854,3.2547438233647523,4.484590247845307,18.666798674725825,81,11.18617427622415,11.18617427622415,0.0,11.18617427622415,11.18617427622415,81,cases/granite_rqd_p32_rot_05.yaml,granite_dense_p32_05,medium_to_poor,dense,unfavorable,high,1,5
granite_dense_p32_05,58,30,30.5,9.832364785475994,9.271330337018144,11.566764146394496,11.566764146394497,9.12569591495073,11.050403919415729,0.9281282899949839,-0.7066688705252631,-0.03239198952887856,0.9553582816729498,-0.516360226978767,385,97.41139128083812,97.41139128083812,97.41139128083812,96.13448719618779,94.96112023800727,3.142857142857143,22,97.41139128083812,2.7,96.94919578078034,27,5.0,P32_derived_Jv_proxy,98.5,97.41139128083812,-1.276904084650326,-2.450271042830849,-2.3655128038122086,-3.5388797619927317,1.276904084650326,2.450271042830849,2.3655128038122086,3.5388797619927317,385,22,9,376,0.9766233766233766,0.023376623376623377,78.53981633974483,7.0,4.901972247230376,3.142857142857143,3.142857142857143,0.11459155902616464,4.787380688204212,0.3444949774938538,0.29872988505630893,0.045765092437544896,1,1,1,1,1,1,97.41139128083812,97.41139128083812,0.0,97.41139128083812,97.41139128083812,81,4.0,4.0,0.0,4.0,4.0,81,1.1823264601807328,1.1823264601807328,0.2961991831001005,0.5,2.1436582336187215,81,2.489288792800668,2.489288792800668,0.4747091491284056,1.2195486998599232,3.816687464763569,81,0.7824229526264782,0.7733088624105505,0.0864842389868813,0.6256124130614316,0.9971396888583199,81,1.005426175052472,0.9797078229311897,0.3067216535272064,0.5,1.8057045676403,81,9.832364785475994,9.271330337018144,3.0637437736270976,5.109683261575185,18.541741681139637,81,11.566764146394496,11.566764146394497,1.7763568394002505e-15,11.566764146394497,11.566764146394497,81,cases/granite_rqd_p32_rot_05.yaml,granite_dense_p32_05,medium_to_poor,dense,unfavorable,high,1,5
granite_dense_p32_05,59,10,10.5,11.182765976598338,9.998621673758235,12.059006913896015,12.059006913896017,7.66312092824798,10.06558975888743,0.6852616735684394,-3.519645048350358,-0.16414355743286402,0.8346947498046875,-1.9934171550085846,354,96.54110048792892,96.54110048792892,96.54110048792892,89.0819615826438,91.36654194931585,4.571428571428571,32,96.54110048792892,2.9,96.52600021763493,29,5.0,P32_derived_Jv_proxy,98.5,96.54110048792892,-7.459138905285116,-5.17455853861307,-9.4180384173562,-7.133458050684155,7.459138905285116,5.17455853861307,9.4180384173562,7.133458050684155,354,32,9,345,0.9745762711864406,0.025423728813559324,78.53981633974483,7.0,4.507267988362476,4.571428571428571,4.571428571428571,0.11459155902616464,4.392676429336311,0.34287175331996,0.3218768229576925,0.020994930362267517,0,1,1,1,1,1,96.54110048792892,96.54110048792892,0.0,96.54110048792892,96.54110048792892,81,4.0,4.0,0.0,4.0,4.0,81,1.2383398255465647,1.2383398255465647,0.3079184059172415,0.5,2.0317147986858264,81,2.4784522139740384,2.4784522139740384,0.45303048685105535,1.0906526923524922,3.9359780133462356,81,0.8130405187327883,0.8123228055296912,0.09551365385189381,0.6032056496829452,1.0,81,0.9821721963761928,0.9944736755353183,0.319658413380919,0.5,1.7409281234417469,81,11.182765976598338,9.998621673758235,4.140078329063162,5.108293863154866,22.71751144022942,81,12.059006913896015,12.059006913896017,1.7763568394002505e-15,12.059006913896017,12.059006913896017,81,cases/granite_rqd_p32_rot_05.yaml,granite_dense_p32_05,medium_to_poor,dense,unfavorable,high,1,5
granite_dense_p32_05,59,20,20.5,10.037200816909639,8.80921308815297,11.017667597661882,11.017667597661882,10.937548531070735,11.53099636961393,1.089701076085305,0.9003477141610965,0.03730737976529297,1.0465914194090393,0.5133287719520485,380,95.46154793950103,95.46154793950103,95.46154793950103,96.61763592672287,94.25568485498873,3.2857142857142856,23,95.46154793950103,3.1,96.0815512653819,31,5.0,P32_derived_Jv_proxy,98.5,95.46154793950103,1.156087987221838,-1.205863084512302,-1.882364073277131,-4.244315145011271,1.156087987221838,1.205863084512302,1.882364073277131,4.244315145011271,380,23,8,372,0.9789473684210527,0.021052631578947368,78.53981633974483,7.0,4.8383102699936185,3.2857142857142856,3.2857142857142856,0.10185916357881301,4.736451106414806,0.3553644065556322,0.3199094840962392,0.03545492245939297,1,1,1,1,1,1,95.46154793950103,95.46154793950103,0.0,95.46154793950103,95.46154793950103,81,4.0,4.0,0.0,4.0,4.0,81,1.1611624449082936,1.1611624449082936,0.302923009567572,0.5,2.026304652543397,81,2.5151957848066817,2.5151957848066817,0.4926217741415459,1.0304641667794536,3.8767913948389436,81,0.8064984090047714,0.8063037614304853,0.09371386562571783,0.550097108216108,1.0,81,0.9662480803455146,0.9807074574874064,0.2731505887278854,0.5,1.6720256894770706,81,10.037200816909639,8.80921308815297,3.38219821791423,5.157667292851549,19.15075773934543,81,11.017667597661882,11.017667597661882,0.0,11.017667597661882,11.017667597661882,81,cases/granite_rqd_p32_rot_05.yaml,granite_dense_p32_05,medium_to_poor,dense,unfavorable,high,1,5
granite_dense_p32_05,59,30,30.5,10.696094332495026,9.51790507343533,11.663142114316242,11.663142114316242,7.3433130010761305,10.832804108130818,0.6865415330871705,-3.3527813314188952,-0.16333318450885526,0.9288066630718489,-0.8303380061854249,387,97.48751582106034,97.48751582106034,97.48751582106034,94.66545202166176,95.76374017029026,3.0,21,97.48751582106034,2.6,97.15249981124936,26,5.0,P32_derived_Jv_proxy,98.5,97.48751582106034,-2.8220637993985775,-1.7237756507700794,-3.834547978338236,-2.736259829709738,2.8220637993985775,1.7237756507700794,3.834547978338236,2.736259829709738,387,21,5,382,0.9870801033591732,0.012919896640826873,78.53981633974483,7.0,4.927437038125079,3.0,3.0,0.06366197723675814,4.8637750608883215,0.3581120734813773,0.3175893009577253,0.040522772523651995,0,1,1,1,1,1,97.48751582106034,97.48751582106034,0.0,97.48751582106034,97.48751582106034,81,4.0,4.0,0.0,4.0,4.0,81,1.1810107231043054,1.1810107231043054,0.30004231446293267,0.5,2.383622728610086,81,2.4678984536283055,2.4678984536283055,0.4775164545819817,1.0509216602747316,3.8301653933305597,81,0.7993147112641963,0.798097197100222,0.08490787298602626,0.6203742123666379,1.0,81,0.9583635068702538,0.9779088975229352,0.2744538001507033,0.5,1.5517615787428731,81,10.696094332495026,9.51790507343533,3.7828888766960738,5.242438632649174,21.198310865837794,81,11.663142114316242,11.663142114316242,0.0,11.663142114316242,11.663142114316242,81,cases/granite_rqd_p32_rot_05.yaml,granite_dense_p32_05,medium_to_poor,dense,unfavorable,high,1,5
granite_dense_p32_10,40,10,10.5,9.452136104505225,8.74198200353205,10.460864555143058,10.460864555143056,6.635079930187162,8.769802742763932,0.7019661859317331,-2.817056174318063,-0.15368380755246203,0.8383439721004973,-1.6910618123791252,819,87.59682720605818,87.59682720605818,87.59682720605818,80.55242278780085,86.35212061296076,6.285714285714286,44,87.59682720605818,5.5,89.42722060897543,55,10.0,P32_derived_Jv_proxy,82.0,82.0,-7.044404418257329,-1.244706593097419,-1.4475772121991497,4.352120612960761,7.044404418257329,1.244706593097419,1.4475772121991497,4.352120612960761,819,44,10,809,0.9877899877899878,0.01221001221001221,78.53981633974483,7.0,10.427831871380983,6.285714285714286,6.285714285714286,0.12732395447351627,10.300507916907467,0.3493824431707443,0.26347077370096195,0.08591166946978235,0,1,1,1,1,1,87.59682720605818,87.59682720605818,0.0,87.59682720605818,87.59682720605818,81,4.0,4.0,0.0,4.0,4.0,81,1.1964019652946918,1.1964019652946918,0.294669242017125,0.5,2.1380940871581315,81,2.504597389404645,2.504597389404645,0.5250175680134156,0.9826765137142273,3.8650321866094135,81,0.8035971553723992,0.8076560283621431,0.10066257195430728,0.53260119501172,1.0,81,0.9697544385533005,0.9383394783297043,0.2766163932638677,0.5,1.603020648014794,81,9.452136104505225,8.74198200353205,3.1495014177262446,4.4171420865556215,17.263383477635923,81,10.460864555143058,10.460864555143056,1.7763568394002505e-15,10.460864555143056,10.460864555143056,81,cases/granite_rqd_p32_rot_10.yaml,granite_dense_p32_10,medium_to_poor,dense,unfavorable,high,1,5
granite_dense_p32_10,40,20,20.5,8.782623442489731,8.104821902629425,11.06269638733881,11.06269638733881,7.517323430571617,9.194265831974588,0.8559314286666693,-1.2653000119181144,-0.06756102661319818,0.8311053209864252,-1.8684305553642222,753,89.71795866620717,89.71795866620717,89.71795866620717,80.562997808084,86.15736751293765,6.428571428571429,45,89.71795866620717,5.0,90.97959895689502,50,10.0,P32_derived_Jv_proxy,82.0,82.0,-9.154960858123161,-3.560591153269513,-1.4370021919159939,4.157367512937654,9.154960858123161,3.560591153269513,1.4370021919159939,4.157367512937654,753,45,14,739,0.9814077025232404,0.01859229747675963,78.53981633974483,7.0,9.587493771855774,6.428571428571429,6.428571428571429,0.17825353626292278,9.409240235592852,0.366748374224084,0.26487238926353107,0.10187598496055295,1,1,1,1,1,1,89.71795866620717,89.71795866620717,0.0,89.71795866620717,89.71795866620717,81,4.0,4.0,0.0,4.0,4.0,81,1.2191114165424553,1.2191114165424553,0.2996069094613288,0.5,2.2755333499413024,81,2.471734373096365,2.471734373096365,0.5015135385670861,0.9610442203674676,4.028216567647756,81,0.799889545963395,0.7990959797484326,0.08922012665462013,0.6362147928205298,1.0,81,1.1014069007716158,1.1163084583400518,0.29939186823266106,0.5,1.831943449738366,81,8.782623442489731,8.104821902629425,3.1325102362781077,4.509552135495754,18.763265365646234,81,11.06269638733881,11.06269638733881,0.0,11.06269638733881,11.06269638733881,81,cases/granite_rqd_p32_rot_10.yaml,granite_dense_p32_10,medium_to_poor,dense,unfavorable,high,1,5
granite_dense_p32_10,40,30,30.5,9.47849006606987,8.971816716932105,10.815324432959855,10.815324432959855,12.812256678807268,10.844602049211094,1.351719165130665,3.3337666127373975,0.13088647141108678,1.0027070492829615,0.029277616251238925,756,89.78576845223216,89.78576845223216,89.78576845223216,89.06231152827645,89.53165334116021,5.285714285714286,37,89.78576845223216,5.2,90.36712329146954,52,10.0,P32_derived_Jv_proxy,82.0,82.0,-0.7234569239557089,-0.25411511107195395,7.062311528276453,7.531653341160208,0.7234569239557089,0.25411511107195395,7.062311528276453,7.531653341160208,756,37,15,741,0.9801587301587301,0.01984126984126984,78.53981633974483,7.0,9.62569095819783,5.285714285714286,5.285714285714286,0.1909859317102744,9.434705026487556,0.349131289744795,0.2893299830765159,0.0598013066682791,0,1,1,1,1,1,89.78576845223216,89.78576845223216,0.0,89.78576845223216,89.78576845223216,81,4.0,4.0,0.0,4.0,4.0,81,1.2149374005654585,1.2149374005654585,0.29232507643992617,0.5,2.090472342773361,81,2.5215167794387146,2.5215167794387146,0.48248109612799284,0.75,4.358531129085943,81,0.800257429823972,0.7905785405298176,0.10106852332611733,0.5390120919419402,1.0,81,0.9987436365213074,0.9967042761718597,0.27448000500424025,0.5,1.6629978368886775,81,9.47849006606987,8.971816716932105,3.3650517808920175,4.019799402777665,21.005810597704095,81,10.815324432959855,10.815324432959855,0.0,10.815324432959855,10.815324432959855,81,cases/granite_rqd_p32_rot_10.yaml,granite_dense_p32_10,medium_to_poor,dense,unfavorable,high,1,5
granite_dense_p32_10,41,10,10.5,9.828818479842683,9.108945223097795,11.363165127889545,11.363165127889545,10.326012645250367,11.857657657575313,1.0505853441517259,0.49719416540768435,0.021431338025790447,1.0435171472138598,0.4944925296857683,735,93.64995545178118,93.64995545178118,93.64995545178118,92.00491714775218,93.18815435606302,4.0,28,93.64995545178118,3.6,94.88398034566023,36,10.0,P32_derived_Jv_proxy,82.0,82.0,-1.6450383040290006,-0.4618010957181582,10.004917147752181,11.188154356063023,1.6450383040290006,0.4618010957181582,10.004917147752181,11.188154356063023,735,28,10,725,0.9863945578231292,0.013605442176870748,78.53981633974483,7.0,9.358310653803446,4.0,4.0,0.12732395447351627,9.230986699329929,0.3568037472636423,0.24504535012282924,0.11175839714081304,1,1,1,1,1,1,93.64995545178118,93.64995545178118,0.0,93.64995545178118,93.64995545178118,81,4.0,4.0,0.0,4.0,4.0,81,1.2168192146884542,1.2168192146884542,0.2939280031055062,0.5,2.2583305074048714,81,2.507115402396905,2.507115402396905,0.516594092097908,0.8875309828553053,4.043318934052503,81,0.7978581082223815,0.7943015153875855,0.09928950078230864,0.5852307861527136,1.0,81,1.0090870943838894,0.9795592398973204,0.30192537640846345,0.5,1.910320876119753,81,9.828818479842683,9.108945223097795,3.3712802560215533,5.131137797701852,22.72633025577909,81,11.363165127889545,11.363165127889545,0.0,11.363165127889545,11.363165127889545,81,cases/granite_rqd_p32_rot_10.yaml,granite_dense_p32_10,medium_to_poor,dense,unfavorable,high,1,5
granite_dense_p32_10,41,20,20.5,9.13690337657012,8.674648347364712,10.991553031919237,10.991553031919237,9.290569111979426,10.154738749706938,1.016818141669677,0.15366573540930695,0.007243286126545123,0.9238675117354019,-0.8368142822122984,726,90.75971912576799,90.75971912576799,90.75971912576799,90.58066682530466,93.55399130355555,4.0,28,90.75971912576799,6.1,87.47948992099447,61,10.0,P32_derived_Jv_proxy,82.0,82.0,-0.17905230046332576,2.794272177787562,8.580666825304661,11.553991303555549,0.17905230046332576,2.794272177787562,8.580666825304661,11.553991303555549,726,28,10,716,0.9862258953168044,0.013774104683195593,78.53981633974483,7.0,9.243719094777282,4.0,4.0,0.12732395447351627,9.116395140303764,0.35051964127026725,0.2659981577187732,0.08452148355149403,1,1,1,1,1,1,90.75971912576799,90.75971912576799,0.0,90.75971912576799,90.75971912576799,81,4.0,4.0,0.0,4.0,4.0,81,1.2193315828994453,1.2193315828994453,0.2983672403345379,0.5,2.1252584492767874,81,2.517073603333384,2.517073603333384,0.5002382306793234,1.0543067111791806,4.211497312982367,81,0.8089172847331659,0.8130443701500136,0.09896632926536905,0.5198663106279062,1.0,81,1.0427542653117048,1.0020198540577556,0.25699482971596643,0.5,1.6146966926613922,81,9.13690337657012,8.674648347364712,2.8703828638047155,4.54594184681143,18.518692031556196,81,10.991553031919237,10.991553031919237,0.0,10.991553031919237,10.991553031919237,81,cases/granite_rqd_p32_rot_10.yaml,granite_dense_p32_10,medium_to_poor,dense,unfavorable,high,1,5
granite_dense_p32_10,41,30,30.5,9.665688654041158,8.65842581165991,10.49830556303862,10.49830556303862,7.402490090399825,11.238719943565815,0.765852321066114,-2.2631985636413336,-0.11585496708978982,1.0705270365852153,0.740414380527195,781,87.92453176750685,87.92453176750685,87.92453176750685,88.11949912784009,88.6908106915287,5.428571428571429,38,87.92453176750685,6.0,87.80986177504423,60,10.0,P32_derived_Jv_proxy,82.0,82.0,0.19496736033323714,0.7662789240218473,6.119499127840086,6.6908106915286965,0.19496736033323714,0.7662789240218473,6.119499127840086,6.6908106915286965,781,38,16,765,0.9795134443021767,0.020486555697823303,78.53981633974483,7.0,9.94400084438162,5.428571428571429,5.428571428571429,0.20371832715762603,9.740282517223994,0.35628364999487894,0.322047817619595,0.03423583237528394,0,1,1,1,1,1,87.92453176750685,87.92453176750685,0.0,87.92453176750685,87.92453176750685,81,4.0,4.0,0.0,4.0,4.0,81,1.1989698911339186,1.1989698911339186,0.2979522565796218,0.5,2.137806778431624,81,2.510378118837496,2.510378118837496,0.5099716896623794,0.75,4.077948202017635,81,0.801436147906869,0.8010738879103414,0.09968544949654078,0.5777008709041266,1.0,81,0.9647394838910653,0.922854689662873,0.29718692631239385,0.5,1.8443491796109208,81,9.665688654041158,8.65842581165991,3.601879629110664,4.34237500552967,20.78563149172327,81,10.49830556303862,10.49830556303862,0.0,10.49830556303862,10.49830556303862,81,cases/granite_rqd_p32_rot_10.yaml,granite_dense_p32_10,medium_to_poor,dense,unfavorable,high,1,5
granite_dense_p32_10,42,10,10.5,8.862325319579893,8.348431464352993,9.926864252947643,9.926864252947643,9.49180879245469,10.903021617358132,1.0710291543331243,0.6294834728747958,0.029801292861424744,1.098334916196787,0.9761573644104882,785,83.95819554931421,83.95819554931421,83.95819554931421,86.54003602493064,89.43955315444703,5.285714285714286,37,83.95819554931421,7.0,84.41950164453962,70,10.0,P32_derived_Jv_proxy,82.0,82.0,2.5818404756164313,5.481357605132814,4.540036024930643,7.439553154447026,2.5818404756164313,5.481357605132814,4.540036024930643,7.439553154447026,785,37,7,778,0.9910828025477707,0.008917197452229299,78.53981633974483,7.0,9.994930426171027,5.285714285714286,5.285714285714286,0.08912676813146139,9.905803658039565,0.3456877143413656,0.256281912411637,0.08940580192972858,1,1,1,1,1,1,83.95819554931421,83.95819554931421,0.0,83.95819554931421,83.95819554931421,81,4.0,4.0,0.0,4.0,4.0,81,1.1762743194247778,1.1762743194247778,0.30160495109473096,0.5,2.0930318297316495,81,2.4871365925190627,2.4871365925190627,0.4839936733063019,0.8857102003019717,4.084295806812832,81,0.8201517560809011,0.8226067003048976,0.08698822438873212,0.5751736541013271,1.0,81,0.9877160372876669,0.937196033969026,0.2563878424717291,0.5,1.5404515273190675,81,8.862325319579893,8.348431464352993,2.7154000473092994,4.963721548158711,17.450739026462262,81,9.926864252947643,9.926864252947643,0.0,9.926864252947643,9.926864252947643,81,cases/granite_rqd_p32_rot_10.yaml,granite_dense_p32_10,medium_to_poor,dense,unfavorable,high,1,5
granite_dense_p32_10,42,20,20.5,10.638195905651946,9.447419127340392,11.254567896074606,11.254567896074608,8.793514369181297,10.963789375137752,0.8265982735389755,-1.8446815364706488,-0.08270550613546124,0.9741635108853648,-0.2907785209368541,721,92.02182049181265,92.02182049181265,92.02182049181265,89.88979288144479,91.77608382627123,4.571428571428571,32,92.02182049181265,4.9,91.28133273347798,49,10.0,P32_derived_Jv_proxy,82.0,82.0,-2.1320276103678566,-0.24573666554141482,7.889792881444791,9.776083826271233,2.1320276103678566,0.24573666554141482,7.889792881444791,9.776083826271233,721,32,5,716,0.9930651872399445,0.006934812760055479,78.53981633974483,7.0,9.180057117540523,4.571428571428571,4.571428571428571,0.06366197723675814,9.116395140303764,0.34945504135365535,0.321911061390431,0.02754397996322433,1,1,1,1,1,1,92.02182049181265,92.02182049181265,0.0,92.02182049181265,92.02182049181265,81,4.0,4.0,0.0,4.0,4.0,81,1.2054996212893425,1.2054996212893425,0.29758721475571287,0.5,2.1243261496656594,81,2.4641610139454397,2.4641610139454397,0.49577438088712905,1.2173868997611303,4.067057670314579,81,0.7988857674090312,0.8117037190935028,0.1011720173796645,0.5561134050219071,1.0,81,0.9683511330949067,0.9370708560021371,0.3338856479833927,0.5,1.7820738996420622,81,10.638195905651946,9.447419127340392,4.285300468794072,3.5120968193257327,21.235117538590423,81,11.254567896074606,11.254567896074608,1.7763568394002505e-15,11.254567896074608,11.254567896074608,81,cases/granite_rqd_p32_rot_10.yaml,granite_dense_p32_10,medium_to_poor,dense,unfavorable,high,1,5
granite_dense_p32_10,42,30,30.5,10.305307143413586,9.485602407874609,11.289332393211524,11.289332393211524,7.898031807481153,11.312264994225286,0.7664043096987176,-2.4072753359324333,-0.11554206176731308,1.002031351386868,0.022932601013762266,730,92.23487798830895,92.23487798830895,92.23487798830895,88.38369514928561,89.10998736547377,5.428571428571429,38,92.23487798830895,4.6,92.16741224401119,46,10.0,P32_derived_Jv_proxy,82.0,82.0,-3.8511828390233376,-3.1248906228351814,6.383695149285614,7.109987365473771,3.8511828390233376,3.1248906228351814,6.383695149285614,7.109987365473771,730,38,11,719,0.9849315068493151,0.015068493150684932,78.53981633974483,7.0,9.294648676566688,5.428571428571429,5.428571428571429,0.1400563499208679,9.154592326645819,0.33989932946098367,0.34345378501853707,-0.0035544555575534043,0,1,1,1,1,1,92.23487798830895,92.23487798830895,0.0,92.23487798830895,92.23487798830895,81,4.0,4.0,0.0,4.0,4.0,81,1.2192998552998309,1.2192998552998309,0.30938480488293607,0.5,2.1282085456144215,81,2.490447828703495,2.490447828703495,0.49182053341484105,0.7801218646018737,4.115941052356376,81,0.816729700761937,0.8169461992309159,0.10196021735524873,0.5895180825587304,1.0,81,0.9919010136788373,0.9891668958302567,0.2864226965439688,0.5,1.61392226941115,81,10.305307143413586,9.485602407874609,3.913066877352945,5.091150311552816,22.578664786423047,81,11.289332393211524,11.289332393211524,0.0,11.289332393211524,11.289332393211524,81,cases/granite_rqd_p32_rot_10.yaml,granite_dense_p32_10,medium_to_poor,dense,unfavorable,high,1,5
granite_dense_p32_10,43,10,10.5,9.177642559642427,8.295517404169164,10.426422976857053,10.42642297685705,10.694212109637279,12.156005715665883,1.165246090173939,1.516569549994852,0.06641765439052127,1.1658845744746678,1.7295827388088298,804,87.09218540310518,87.09218540310518,87.09218540310518,95.35458516793882,96.69286965039946,2.7142857142857144,19,87.09218540310518,6.2,87.14699889033727,62,10.0,P32_derived_Jv_proxy,82.0,82.0,8.262399764833646,9.600684247294282,13.354585167938822,14.692869650399459,8.262399764833646,9.600684247294282,13.354585167938822,14.692869650399459,804,19,8,796,0.9900497512437811,0.009950248756218905,78.53981633974483,7.0,10.236845939670708,2.7142857142857144,2.7142857142857144,0.10185916357881301,10.134986776091894,0.3504927488345314,0.24245542718013235,0.10803732165439905,1,1,1,1,1,1,87.09218540310518,87.09218540310518,0.0,87.09218540310518,87.09218540310518,81,4.0,4.0,0.0,4.0,4.0,81,1.1901657585162513,1.1901657585162513,0.30143823017931093,0.5,2.1787275322655524,81,2.4853714723448292,2.4853714723448292,0.49973280266859665,0.9330177397636437,3.9899897149112222,81,0.8005996334473018,0.8083399756866172,0.09094354034905701,0.6028684794019811,1.0,81,1.0111272453389775,1.0189493802142906,0.3091718189269834,0.5,1.9021458853895916,81,9.177642559642427,8.295517404169164,3.4394790764015504,4.272090980407026,19.24267961094594,81,10.426422976857053,10.42642297685705,1.7763568394002505e-15,10.42642297685705,10.42642297685705,81,cases/granite_rqd_p32_rot_10.yaml,granite_dense_p32_10,medium_to_poor,dense,unfavorable,high,1,5
granite_dense_p32_10,43,20,20.5,8.63963799210702,8.140425439410851,9.822962478918628,9.822962478918628,8.326399119900268,9.315490636499122,0.9637439818088537,-0.3132388722067514,-0.016038320925802818,0.9483382082026062,-0.5074718424195055,755,82.22923773304612,82.22923773304612,82.22923773304612,78.8109839497209,86.30881908596974,6.142857142857143,43,82.22923773304612,6.2,87.14699889033727,62,10.0,P32_derived_Jv_proxy,82.0,82.0,-3.4182537833252127,4.079581352923626,-3.1890160502790934,4.308819085969745,3.4182537833252127,4.079581352923626,3.1890160502790934,4.308819085969745,755,43,15,740,0.9801324503311258,0.019867549668874173,78.53981633974483,7.0,9.612958562750478,6.142857142857143,6.142857142857143,0.1909859317102744,9.421972631040203,0.33900247536511807,0.3161410973210277,0.022861378044090386,1,1,1,1,1,1,82.22923773304612,82.22923773304612,0.0,82.22923773304612,82.22923773304612,81,4.0,4.0,0.0,4.0,4.0,81,1.2006808243486673,1.2006808243486673,0.29962694478685803,0.5,2.094546528011581,81,2.512762039933631,2.512762039933631,0.5090074916251338,0.9471706747837885,3.958405026924361,81,0.7905888054956041,0.7786183429896067,0.11006730644197166,0.5534061106231943,1.0,81,0.9738748458334907,1.00575159650972,0.2531224140316706,0.5,1.5940754817332985,81,8.63963799210702,8.140425439410851,2.980361452969828,4.820984096981864,19.645924957837256,81,9.822962478918628,9.822962478918628,0.0,9.822962478918628,9.822962478918628,81,cases/granite_rqd_p32_rot_10.yaml,granite_dense_p32_10,medium_to_poor,dense,unfavorable,high,1,5
granite_dense_p32_10,43,30,30.5,9.145359757727368,8.410607594014325,10.449649350683828,10.44964935068383,8.946249817163395,10.073591778223035,0.9782283096741234,-0.19910994056397335,-0.009559772962956292,0.964012421867899,-0.37605757246079285,724,86.98057230783573,86.98057230783573,86.98057230783573,90.23901924764846,91.13837874353196,4.714285714285714,33,86.98057230783573,7.0,84.41950164453962,70,10.0,P32_derived_Jv_proxy,82.0,82.0,3.2584469398127283,4.15780643569623,8.239019247648457,9.138378743531959,3.2584469398127283,4.15780643569623,8.239019247648457,9.138378743531959,724,33,10,714,0.9861878453038674,0.013812154696132596,78.53981633974483,7.0,9.218254303882578,4.714285714285714,4.714285714285714,0.12732395447351627,9.090930349409062,0.3469991417845424,0.32617990359498383,0.020819238189558553,1,1,1,1,1,1,86.98057230783573,86.98057230783573,0.0,86.98057230783573,86.98057230783573,81,4.0,4.0,0.0,4.0,4.0,81,1.196414831883095,1.196414831883095,0.305063928682426,0.5,2.193435763396019,81,2.4896731771187284,2.4896731771187284,0.4775267726721998,0.9628186971953387,4.306370353434992,81,0.7948638466131424,0.7947782314267764,0.10207510399684487,0.5566606012163399,1.0,81,1.0128008059196867,0.9776625528379457,0.3181093142679531,0.5,1.9115843994476727,81,9.145359757727368,8.410607594014325,3.4501899388495185,3.0429773813451897,20.104067725730236,81,10.449649350683828,10.44964935068383,1.7763568394002505e-15,10.44964935068383,10.44964935068383,81,cases/granite_rqd_p32_rot_10.yaml,granite_dense_p32_10,medium_to_poor,dense,unfavorable,high,1,5
granite_dense_p32_10,44,10,10.5,9.295413981400424,8.423664789650898,11.141664306356194,11.141664306356196,9.038958383082305,11.42215670835362,0.972410524283128,-0.25645559831811937,-0.012150349485885448,1.0251750900300782,0.2804924019974262,691,92.31069554390118,92.31069554390118,92.31069554390118,94.07566983271563,91.98169320727746,4.428571428571429,31,92.31069554390118,4.9,91.28133273347798,49,10.0,P32_derived_Jv_proxy,82.0,82.0,1.7649742888144573,-0.3290023366237165,12.075669832715633,9.98169320727746,1.7649742888144573,0.3290023366237165,12.075669832715633,9.98169320727746,691,31,10,681,0.9855282199710564,0.01447178002894356,78.53981633974483,7.0,8.798085254119973,4.428571428571429,4.428571428571429,0.12732395447351627,8.670761299646458,0.34273368932950565,0.29875219098926786,0.04398149834023779,1,1,1,1,1,1,92.31069554390118,92.31069554390118,0.0,92.31069554390118,92.31069554390118,81,4.0,4.0,0.0,4.0,4.0,81,1.1950461838227735,1.1950461838227735,0.3022469605002149,0.5,2.0690213644960034,81,2.4752932192731567,2.4752932192731567,0.5293124701302959,1.0030447533381424,4.480554732415182,81,0.8036292895023304,0.8122964039050711,0.09957689538991277,0.5512180366000373,1.0,81,1.0521454522367355,1.053047597726763,0.2997950861484031,0.5,1.9470777795643965,81,9.295413981400424,8.423664789650898,3.2831103359001936,4.952428049852457,22.283328612712392,81,11.141664306356194,11.141664306356196,1.7763568394002505e-15,11.141664306356196,11.141664306356196,81,cases/granite_rqd_p32_rot_10.yaml,granite_dense_p32_10,medium_to_poor,dense,unfavorable,high,1,5
granite_dense_p32_10,44,20,20.5,10.554850995731963,9.627108284346443,11.407750407746795,11.407750407746796,9.051329853961587,11.35174921063704,0.8575516468798706,-1.503521141770376,-0.06673971469103579,0.9950909517557708,-0.056001197109754486,798,95.06145545662935,95.06145545662935,95.06145545662935,88.08114293228495,91.40272063812672,4.571428571428571,32,95.06145545662935,4.6,92.16741224401119,46,10.0,P32_derived_Jv_proxy,82.0,82.0,-6.980312524344399,-3.658734818502623,6.081142932284948,9.402720638126723,6.980312524344399,3.658734818502623,6.081142932284948,9.402720638126723,798,32,11,787,0.9862155388471178,0.013784461152882205,78.53981633974483,7.0,10.160451566986598,4.571428571428571,4.571428571428571,0.1400563499208679,10.02039521706573,0.3412393090485245,0.3092279916996058,0.03201131734891871,1,1,1,1,1,1,95.06145545662935,95.06145545662935,0.0,95.06145545662935,95.06145545662935,81,4.0,4.0,0.0,4.0,4.0,81,1.199087236824726,1.199087236824726,0.30267609440899174,0.5,2.1504580720533966,81,2.4980161267075927,2.4980161267075927,0.4936089877296755,0.8225570144250065,4.205601009557235,81,0.7963433355952534,0.792399507706913,0.09464515220703215,0.5310851053093565,0.9832069555538783,81,0.9496117296180606,0.943707473018034,0.283591865374451,0.5,1.6093918813096557,81,10.554850995731963,9.627108284346443,3.7196192678252262,4.395742214262293,21.13247942454985,81,11.407750407746795,11.407750407746796,1.7763568394002505e-15,11.407750407746796,11.407750407746796,81,cases/granite_rqd_p32_rot_10.yaml,granite_dense_p32_10,medium_to_poor,dense,unfavorable,high,1,5
granite_dense_p32_10,44,30,30.5,9.508391968216216,8.256020971674841,10.803406138630251,10.803406138630248,7.955583182746336,9.290981052981843,0.8366907053621193,-1.55280878546988,-0.07743505548227358,0.8600047923552223,-1.5124250856484078,762,90.35541282142134,90.35541282142134,90.35541282142134,79.07858952545747,83.512092590089,7.0,49,90.35541282142134,5.1,90.67483240065215,51,10.0,P32_derived_Jv_proxy,82.0,82.0,-11.276823295963865,-6.843320231332342,-2.921410474542526,1.5120925900889972,11.276823295963865,6.843320231332342,2.921410474542526,1.5120925900889972,762,49,18,744,0.9763779527559056,0.023622047244094488,78.53981633974483,7.0,9.702085330881939,7.0,7.0,0.22918311805232927,9.472902212829611,0.34215969100245314,0.29733399935588156,0.044825691646571575,1,1,1,1,1,1,90.35541282142134,90.35541282142134,0.0,90.35541282142134,90.35541282142134,81,4.0,4.0,0.0,4.0,4.0,81,1.1939324962319608,1.1939324962319608,0.3047727457100112,0.5,2.1365104279547777,81,2.496394706300162,2.496394706300162,0.5094832766196551,1.0667566677270144,4.016758737126651,81,0.7812238383453431,0.7788268000785074,0.09346162346482771,0.5342370727038999,1.0,81,0.9848479673114322,0.9792017256840395,0.2960902175930554,0.5,1.714353518314174,81,9.508391968216216,8.256020971674841,3.4937909667147915,4.6814958234027255,18.22282548725693,81,10.803406138630251,10.803406138630248,3.552713678800501e-15,10.803406138630248,10.803406138630248,81,cases/granite_rqd_p32_rot_10.yaml,granite_dense_p32_10,medium_to_poor,dense,unfavorable,high,1,5
granite_dense_p32_10,45,10,10.5,9.986046968194039,8.514428289424675,11.432070963075956,11.432070963075954,8.048095323777975,9.722599955530042,0.8059340547277098,-1.9379516444160636,-0.09370049273528991,0.8504670752073465,-1.7094710075459147,785,93.69505537194797,93.69505537194797,93.69505537194797,87.63491661449402,84.83475108848822,6.714285714285714,47,93.69505537194797,6.0,87.80986177504423,60,10.0,P32_derived_Jv_proxy,82.0,82.0,-6.060138757453956,-8.860304283459755,5.634916614494017,2.8347510884882183,6.060138757453956,8.860304283459755,5.634916614494017,2.8347510884882183,785,47,17,768,0.978343949044586,0.02165605095541401,78.53981633974483,7.0,9.994930426171027,6.714285714285714,6.714285714285714,0.21645072260497766,9.778479703566049,0.3505266586723371,0.27160891820182087,0.07891774047051625,1,1,1,1,1,1,93.69505537194797,93.69505537194797,0.0,93.69505537194797,93.69505537194797,81,4.0,4.0,0.0,4.0,4.0,81,1.222207491021089,1.222207491021089,0.3111509186518355,0.5,2.061071225748341,81,2.5042443953745974,2.5042443953745974,0.48300913452459,1.1353061488107286,3.8310295495609212,81,0.7878509828911117,0.7999873356414235,0.0998739407777145,0.5590883966836794,0.9693777709148167,81,1.0088277539539994,1.0461571489595884,0.29838944737964346,0.5,1.7140001082115817,81,9.986046968194039,8.514428289424675,4.044224329460373,4.547420292425882,21.41490651131936,81,11.432070963075956,11.432070963075954,1.7763568394002505e-15,11.432070963075954,11.432070963075954,81,cases/granite_rqd_p32_rot_10.yaml,granite_dense_p32_10,medium_to_poor,dense,unfavorable,high,1,5
granite_dense_p32_10,45,20,20.5,10.283277952018178,9.235310631612757,11.571133544552422,11.57113354455242,8.574334101443942,9.56296065024345,0.8338133172566008,-1.7089438505742365,-0.07893117281625883,0.8264497694563036,-2.008172894308972,799,96.25995337054877,96.25995337054877,96.25995337054877,81.55803874869024,83.10833004778793,7.285714285714286,51,96.25995337054877,3.9,94.1109055552449,39,10.0,P32_derived_Jv_proxy,82.0,82.0,-14.701914621858535,-13.151623322760841,-0.44196125130976327,1.1083300477879305,14.701914621858535,13.151623322760841,0.44196125130976327,1.1083300477879305,799,51,16,783,0.9799749687108886,0.02002503128911139,78.53981633974483,7.0,10.17318396243395,7.285714285714286,7.285714285714286,0.20371832715762603,9.969465635276324,0.34501367353986045,0.257465494168427,0.08754817937143344,1,1,1,1,1,1,96.25995337054877,96.25995337054877,0.0,96.25995337054877,96.25995337054877,81,4.0,4.0,0.0,4.0,4.0,81,1.195754425193822,1.195754425193822,0.28662188622533613,0.5,2.2169676784089116,81,2.486862345175641,2.486862345175641,0.5055117203200186,0.8272212628446798,4.119077309669798,81,0.8060333339035968,0.794065659519944,0.10791027317708209,0.5085294499498666,1.0,81,0.9988744901786574,1.0171616778561827,0.2875360634309954,0.5,1.7299572534595633,81,10.283277952018178,9.235310631612757,3.7878858809866007,4.65099883357157,22.749284614364637,81,11.571133544552422,11.57113354455242,1.7763568394002505e-15,11.57113354455242,11.57113354455242,81,cases/granite_rqd_p32_rot_10.yaml,granite_dense_p32_10,medium_to_poor,dense,unfavorable,high,1,5
granite_dense_p32_10,45,30,30.5,9.643697330059503,8.667721353748936,10.882096587875326,10.882096587875328,9.026041607499167,11.281476681549167,0.9359523944581818,-0.6176557225603361,-0.02874624031093831,1.0367006569413126,0.399380093673841,742,91.26306397406495,91.26306397406495,91.26306397406495,87.04265273221473,84.25005673645553,6.857142857142857,48,91.26306397406495,5.2,90.36712329146954,52,10.0,P32_derived_Jv_proxy,82.0,82.0,-4.220411241850215,-7.013007237609415,5.042652732214734,2.2500567364555337,4.220411241850215,7.013007237609415,5.042652732214734,2.2500567364555337,742,48,11,731,0.9851752021563343,0.014824797843665768,78.53981633974483,7.0,9.447437421934907,6.857142857142857,6.857142857142857,0.1400563499208679,9.307381072014039,0.3498959671523003,0.29506159541421983,0.05483437173808048,1,1,1,1,1,1,91.26306397406495,91.26306397406495,0.0,91.26306397406495,91.26306397406495,81,4.0,4.0,0.0,4.0,4.0,81,1.193725955723725,1.193725955723725,0.29362538370420477,0.5,2.154076193431306,81,2.502805580362587,2.502805580362587,0.509280263476169,0.75,3.9890291135307967,81,0.8048600204661626,0.8033934027965469,0.08985548222420017,0.5124127807171411,1.0,81,0.9883837094778509,0.9962071229495126,0.2692187643307613,0.5,1.6941483218907574,81,9.643697330059503,8.667721353748936,3.2476341658083,4.285512497331815,19.200488405302167,81,10.882096587875326,10.882096587875328,1.7763568394002505e-15,10.882096587875328,10.882096587875328,81,cases/granite_rqd_p32_rot_10.yaml,granite_dense_p32_10,medium_to_poor,dense,unfavorable,high,1,5
granite_dense_p32_10,46,10,10.5,9.319175647790185,8.110997054668244,10.643807321074021,10.643807321074021,11.369436189550216,10.647246310285272,1.220004496024946,2.0502605417600304,0.08636143116263906,1.0003230976573996,0.0034389892112507425,749,89.00620567885596,89.00620567885596,89.00620567885596,88.77072975022087,86.90064921318216,6.0,42,89.00620567885596,6.1,87.47948992099447,61,10.0,P32_derived_Jv_proxy,82.0,82.0,-0.23547592863509692,-2.1055564656738,6.770729750220866,4.900649213182163,0.23547592863509692,2.1055564656738,6.770729750220866,4.900649213182163,749,42,11,738,0.9853137516688919,0.014686248331108143,78.53981633974483,7.0,9.536564190066368,6.0,6.0,0.1400563499208679,9.396507840145501,0.3527226354207512,0.271771072841297,0.08095156257945424,1,1,1,1,1,1,89.00620567885596,89.00620567885596,0.0,89.00620567885596,89.00620567885596,81,4.0,4.0,0.0,4.0,4.0,81,1.1966883267026387,1.1966883267026387,0.2987515891653685,0.5,2.406050047746034,81,2.5017525244254726,2.5017525244254726,0.4897334471891527,0.7921616845708022,4.272575663448429,81,0.7867676957034144,0.788206767846497,0.08645378565696583,0.5845768051651647,1.0,81,0.9995526442477375,1.050942094212838,0.3042872018407805,0.5,1.6369099858959053,81,9.319175647790185,8.110997054668244,3.4095406095339245,5.219817792018086,18.093322542206227,81,10.643807321074021,10.643807321074021,0.0,10.643807321074021,10.643807321074021,81,cases/granite_rqd_p32_rot_10.yaml,granite_dense_p32_10,medium_to_poor,dense,unfavorable,high,1,5
granite_dense_p32_10,46,20,20.5,9.666763755271058,9.002102998412624,11.524413284102025,11.524413284102025,8.954970174495742,10.375482751658355,0.9263669208438872,-0.711793580775316,-0.03321696133626173,0.900304639887514,-1.1489305324436696,806,93.03068006686634,93.03068006686634,93.03068006686634,89.8059891426747,90.38210726920586,5.142857142857143,36,93.03068006686634,5.7,88.78749387582732,57,10.0,P32_derived_Jv_proxy,82.0,82.0,-3.224690924191634,-2.648572797660478,7.805989142674704,8.38210726920586,3.224690924191634,2.648572797660478,7.805989142674704,8.38210726920586,806,36,13,793,0.9838709677419355,0.016129032258064516,78.53981633974483,7.0,10.262310730565412,5.142857142857143,5.142857142857143,0.16552114081557115,10.09678958974984,0.34964140801993515,0.3089752489764267,0.040666159043508454,1,1,1,1,1,1,93.03068006686634,93.03068006686634,0.0,93.03068006686634,93.03068006686634,81,4.0,4.0,0.0,4.0,4.0,81,1.229762561734136,1.229762561734136,0.2936571316404862,0.5,2.1052072732722946,81,2.4818106704989793,2.4818106704989793,0.47773371079674565,0.7860765503298752,3.997269280774557,81,0.7855642330645826,0.7877996558127088,0.09730138903653719,0.5609094553723607,0.9957413612135109,81,1.0082620757526024,0.9768911057570042,0.2607522873320484,0.5,1.5971452265315143,81,9.666763755271058,9.002102998412624,3.087988299323043,4.835503073297797,18.877573157832455,81,11.524413284102025,11.524413284102025,0.0,11.524413284102025,11.524413284102025,81,cases/granite_rqd_p32_rot_10.yaml,granite_dense_p32_10,medium_to_poor,dense,unfavorable,high,1,5
granite_dense_p32_10,46,30,30.5,8.948252786278214,8.259797428809055,10.39085160236445,10.39085160236445,7.749654321517214,10.086799709387545,0.8660522346218245,-1.198598464761,-0.06245591338231038,0.9707385010764934,-0.30405189297690427,777,83.45049217182456,83.45049217182456,83.45049217182456,87.98764773272585,88.64047916380014,5.714285714285714,40,83.45049217182456,6.8,85.11165471741904,68,10.0,P32_derived_Jv_proxy,82.0,82.0,4.537155560901283,5.189986991975573,5.987647732725847,6.640479163800137,4.537155560901283,5.189986991975573,5.987647732725847,6.640479163800137,777,40,18,759,0.9768339768339769,0.023166023166023165,78.53981633974483,7.0,9.893071262592214,5.714285714285714,5.714285714285714,0.22918311805232927,9.663888144539884,0.34443827960646145,0.2943133600485449,0.050124919557916536,1,1,1,1,1,1,83.45049217182456,83.45049217182456,0.0,83.45049217182456,83.45049217182456,81,4.0,4.0,0.0,4.0,4.0,81,1.2285659372720905,1.2285659372720905,0.30271987067285433,0.5,2.521963554574808,81,2.4666994596372964,2.4666994596372964,0.5168741734170359,1.055888323135919,3.963293299230214,81,0.7871252123839014,0.7799559434371687,0.09082855542130557,0.6009053885843837,1.0,81,0.9969094746511691,1.0205001050756453,0.27717376462469245,0.5,1.7460309036122992,81,8.948252786278214,8.259797428809055,3.021990097511315,4.850427151034926,18.412973658257926,81,10.39085160236445,10.39085160236445,0.0,10.39085160236445,10.39085160236445,81,cases/granite_rqd_p32_rot_10.yaml,granite_dense_p32_10,medium_to_poor,dense,unfavorable,high,1,5
granite_dense_p32_10,47,10,10.5,8.73753749678079,8.320284619106173,10.226233814797753,10.226233814797755,9.402377617879129,11.312519524939262,1.0760901021990794,0.6648401210983383,0.031848636803963104,1.1062253934160602,1.0862857101415084,780,83.8775686944133,83.8775686944133,83.8775686944133,91.41086028405195,90.34090574560742,4.857142857142857,34,83.8775686944133,6.9,84.76635567216337,69,10.0,P32_derived_Jv_proxy,82.0,82.0,7.533291589638651,6.463337051194117,9.41086028405195,8.340905745607415,7.533291589638651,6.463337051194117,9.41086028405195,8.340905745607415,780,34,14,766,0.982051282051282,0.017948717948717947,78.53981633974483,7.0,9.931268448934269,4.857142857142857,4.857142857142857,0.17825353626292278,9.753014912671347,0.3490225742121734,0.32970179581204084,0.019320778400132577,1,1,1,1,1,1,83.8775686944133,83.8775686944133,0.0,83.8775686944133,83.8775686944133,81,4.0,4.0,0.0,4.0,4.0,81,1.2112407541255819,1.2112407541255819,0.2953940127950163,0.5,1.9932739820775482,81,2.483708357338462,2.483708357338462,0.5169862478657207,0.75,4.285883763682223,81,0.7963026066472056,0.8003798368111937,0.10217619894389435,0.5284124169482818,1.0,81,1.0241773174042865,0.9903799864140268,0.30719625652588406,0.5,2.0124024961922897,81,8.73753749678079,8.320284619106173,3.059176037740309,3.63498700054937,17.29150176119131,81,10.226233814797753,10.226233814797755,1.7763568394002505e-15,10.226233814797755,10.226233814797755,81,cases/granite_rqd_p32_rot_10.yaml,granite_dense_p32_10,medium_to_poor,dense,unfavorable,high,1,5
granite_dense_p32_10,47,20,20.5,9.00162476936491,8.4539586233706,10.087848282750842,10.087848282750842,9.450713424822593,10.303144203784061,1.0498897329053374,0.4490886554576843,0.02114368868379146,1.0213421053725948,0.21529592103321882,775,81.56790667797796,81.56790667797796,81.56790667797796,81.33844333716307,85.81454386962196,6.428571428571429,45,81.56790667797796,7.0,84.41950164453962,70,10.0,P32_derived_Jv_proxy,82.0,81.56790667797796,-0.22946334081488828,4.246637191643998,-0.6615566628369294,3.814543869621957,0.22946334081488828,4.246637191643998,0.6615566628369294,3.814543869621957,775,45,10,765,0.9870967741935484,0.012903225806451613,78.53981633974483,7.0,9.867606471697512,6.428571428571429,6.428571428571429,0.12732395447351627,9.740282517223994,0.35320075065058454,0.29606685091972096,0.05713389973086358,1,1,1,1,1,1,81.56790667797796,81.56790667797796,0.0,81.56790667797796,81.56790667797796,81,4.0,4.0,0.0,4.0,4.0,81,1.2293668835310205,1.2293668835310205,0.29629548267850264,0.5,2.1388722758440455,81,2.4850909831861214,2.4850909831861214,0.5008013064201298,0.8499946312639393,3.7976243081881123,81,0.7998087194984348,0.7873539374096189,0.09183498687932172,0.6233038930440037,1.0,81,0.9712798626581806,0.9460221466595674,0.26900466756878544,0.5,1.5450643424308745,81,9.00162476936491,8.4539586233706,2.844056949080404,5.253803476280231,17.408384736675345,81,10.087848282750842,10.087848282750842,0.0,10.087848282750842,10.087848282750842,81,cases/granite_rqd_p32_rot_10.yaml,granite_dense_p32_10,medium_to_poor,dense,unfavorable,high,1,5
granite_dense_p32_10,47,30,30.5,8.43613139523,8.021932452921998,10.278068552600166,10.278068552600168,9.655177123537609,10.363080373225594,1.144502932824978,1.2190457283076093,0.05861690990533874,1.0082711863800444,0.08501182062542867,787,85.63708266970208,85.63708266970208,85.63708266970208,84.5279155691252,85.1518816434763,6.428571428571429,45,85.63708266970208,6.7,85.45533249035259,67,10.0,P32_derived_Jv_proxy,82.0,82.0,-1.109167100576883,-0.48520102622578065,2.5279155691251987,3.151881643476301,1.109167100576883,0.48520102622578065,2.5279155691251987,3.151881643476301,787,45,23,764,0.9707750952986023,0.029224904701397714,78.53981633974483,7.0,10.02039521706573,6.428571428571429,6.428571428571429,0.2928450952890874,9.727550121776643,0.34830769149135765,0.2752962887757935,0.07301140271556417,1,1,1,1,1,1,85.63708266970208,85.63708266970208,0.0,85.63708266970208,85.63708266970208,81,4.0,4.0,0.0,4.0,4.0,81,1.1907470381417065,1.1907470381417065,0.30297211291890297,0.5,2.1324582788470874,81,2.480332321733909,2.480332321733909,0.4873698804335118,0.996933261794088,3.7415380648880934,81,0.8031184375808672,0.7998805389268386,0.10126150194952209,0.580690467511096,1.0,81,1.0485718077097428,1.0126227840019357,0.27534264577569273,0.5,1.9047147491509895,81,8.43613139523,8.021932452921998,2.4718942993452955,3.562571227894738,17.536761473453538,81,10.278068552600166,10.278068552600168,1.7763568394002505e-15,10.278068552600168,10.278068552600168,81,cases/granite_rqd_p32_rot_10.yaml,granite_dense_p32_10,medium_to_poor,dense,unfavorable,high,1,5
granite_dense_p32_10,48,10,10.5,8.407782627073031,7.826161483950715,9.738805132662533,9.738805132662533,9.462380330990698,9.854409061591953,1.1254311333551685,1.0545977039176666,0.051318925086084266,1.0118704427652734,0.11560392892942062,777,81.88981056408026,81.88981056408026,81.88981056408026,78.88007492731519,82.31099164012161,7.428571428571429,52,81.88981056408026,6.7,85.45533249035259,67,10.0,P32_derived_Jv_proxy,82.0,81.88981056408026,-3.009735636765072,0.4211810760413499,-3.119925072684808,0.31099164012161395,3.009735636765072,0.4211810760413499,3.119925072684808,0.31099164012161395,777,52,13,764,0.9832689832689833,0.01673101673101673,78.53981633974483,7.0,9.893071262592214,7.428571428571429,7.428571428571429,0.16552114081557115,9.727550121776643,0.34543031036217064,0.2755054652266625,0.06992484513550812,1,1,1,1,1,1,81.88981056408026,81.88981056408026,0.0,81.88981056408026,81.88981056408026,81,4.0,4.0,0.0,4.0,4.0,81,1.1937587318329421,1.1937587318329421,0.2990781273895498,0.5,2.00905641807709,81,2.509462790285091,2.509462790285091,0.5066627586528345,0.9728231086703638,4.165682953311622,81,0.7941326784074938,0.7963085659560045,0.0977978283033276,0.5581680807162404,1.0,81,0.9995762199698129,0.9836454802723567,0.2817437735375838,0.5,1.8301604874627946,81,8.407782627073031,7.826161483950715,2.775925973917677,3.5428365118372653,17.914718171314586,81,9.738805132662533,9.738805132662533,0.0,9.738805132662533,9.738805132662533,81,cases/granite_rqd_p32_rot_10.yaml,granite_dense_p32_10,medium_to_poor,dense,unfavorable,high,1,5
granite_dense_p32_10,48,20,20.5,8.992036180521374,8.305847525442642,10.554848282854227,10.554848282854229,7.9443917541126625,10.757612348629992,0.8834919694075377,-1.047644426408712,-0.05379739370429504,1.0192105144803592,0.20276406577576545,745,86.94641986521138,86.94641986521138,86.94641986521138,89.5769942595821,87.6477841579095,5.857142857142857,41,86.94641986521138,5.2,90.36712329146954,52,10.0,P32_derived_Jv_proxy,82.0,82.0,2.6305743943707114,0.7013642926981163,7.576994259582094,5.6477841579094985,2.6305743943707114,0.7013642926981163,7.576994259582094,5.6477841579094985,745,41,13,732,0.9825503355704698,0.0174496644295302,78.53981633974483,7.0,9.485634608276962,5.857142857142857,5.857142857142857,0.16552114081557115,9.320113467461391,0.3572651478893404,0.24850159261912375,0.10876355527021664,1,1,1,1,1,1,86.94641986521138,86.94641986521138,0.0,86.94641986521138,86.94641986521138,81,4.0,4.0,0.0,4.0,4.0,81,1.2048798625133224,1.2048798625133224,0.30061306871903953,0.5,2.1330840216749563,81,2.4813239282510184,2.4813239282510184,0.48020508130510015,0.9602761534898032,4.353945410692697,81,0.7839107927325466,0.7879261738196859,0.08118216919385843,0.5955220424578389,0.9839552226616961,81,1.001824807369888,1.0029159345282757,0.2808950461244752,0.5,1.816875972485724,81,8.992036180521374,8.305847525442642,2.970477130278479,4.212068665337636,17.61878840165758,81,10.554848282854227,10.554848282854229,1.7763568394002505e-15,10.554848282854229,10.554848282854229,81,cases/granite_rqd_p32_rot_10.yaml,granite_dense_p32_10,medium_to_poor,dense,unfavorable,high,1,5
granite_dense_p32_10,48,30,30.5,9.910522098171585,9.17732976969695,11.177798051201083,11.177798051201085,8.891215682073442,9.932553812975877,0.8971490698470672,-1.0193064160981429,-0.04713538880306434,0.8885966419753485,-1.2452442382252062,762,91.93243536981059,91.93243536981059,91.93243536981059,83.63207793452673,86.48822695367446,6.285714285714286,44,91.93243536981059,4.5,92.45608198515713,45,10.0,P32_derived_Jv_proxy,82.0,82.0,-8.300357435283857,-5.444208416136135,1.632077934526734,4.488226953674456,8.300357435283857,5.444208416136135,1.632077934526734,4.488226953674456,762,44,19,743,0.9750656167979003,0.024934383202099737,78.53981633974483,7.0,9.702085330881939,6.285714285714286,6.285714285714286,0.2419155134996809,9.460169817382258,0.3489031089636454,0.269270877627811,0.07963223133583441,1,1,1,1,1,1,91.93243536981059,91.93243536981059,0.0,91.93243536981059,91.93243536981059,81,4.0,4.0,0.0,4.0,4.0,81,1.2070344327103684,1.2070344327103684,0.2838419762302753,0.5,2.1467126491396424,81,2.4818308236110593,2.4818308236110593,0.5002863325907438,1.0357828462259329,3.8131778213372653,81,0.7958521585622667,0.7943142592727024,0.09559250837228793,0.5553196047192309,1.0,81,0.9938847066644849,0.9755349909444945,0.3044861987352099,0.5,1.9222586318853279,81,9.910522098171585,9.17732976969695,3.620561357509921,4.882806107180256,21.079959166424317,81,11.177798051201083,11.177798051201085,1.7763568394002505e-15,11.177798051201085,11.177798051201085,81,cases/granite_rqd_p32_rot_10.yaml,granite_dense_p32_10,medium_to_poor,dense,unfavorable,high,1,5
granite_dense_p32_10,49,10,10.5,8.95138834997541,8.596129366934937,10.165884013877099,10.165884013877097,7.636820775382839,9.899424323395882,0.8531437221583418,-1.3145675745925711,-0.0689778006232199,0.973788832322159,-0.2664596904812164,732,85.52186213530449,85.52186213530449,85.52186213530449,80.49431740278312,84.32372923490259,7.0,49,85.52186213530449,5.7,88.78749387582732,57,10.0,P32_derived_Jv_proxy,82.0,82.0,-5.027544732521363,-1.1981329004019017,-1.5056825972168753,2.3237292349025864,5.027544732521363,1.1981329004019017,1.5056825972168753,2.3237292349025864,732,49,12,720,0.9836065573770492,0.01639344262295082,78.53981633974483,7.0,9.320113467461391,7.0,7.0,0.15278874536821951,9.167324722093172,0.3570771331319599,0.2795476316710217,0.07752950146093818,1,1,1,1,1,1,85.52186213530449,85.52186213530449,0.0,85.52186213530449,85.52186213530449,81,4.0,4.0,0.0,4.0,4.0,81,1.2102150599216275,1.2102150599216275,0.307447871915255,0.5,2.1485445268426817,81,2.5452741091527953,2.5452741091527953,0.49776629059780136,1.100467078089468,4.362165018729431,81,0.7871066944420383,0.7804891431614985,0.10574155176250453,0.5632639206363447,1.0,81,0.9711280524572913,0.9867848738962166,0.26748405481762655,0.5,1.6750439296218238,81,8.95138834997541,8.596129366934937,3.064139477265269,4.056983519251206,20.331768027754194,81,10.165884013877099,10.165884013877097,1.7763568394002505e-15,10.165884013877097,10.165884013877097,81,cases/granite_rqd_p32_rot_10.yaml,granite_dense_p32_10,medium_to_poor,dense,unfavorable,high,1,5
granite_dense_p32_10,49,20,20.5,8.432605258224733,7.892760780134681,10.373635995852279,10.373635995852277,8.277864073162094,10.905740722770693,0.9816496586376183,-0.15474118506263856,-0.008043480102979172,1.0512939462239823,0.5321047269184138,745,86.53781034501048,86.53781034501048,86.53781034501048,92.84614504284308,94.53462647041299,3.5714285714285716,25,86.53781034501048,5.1,90.67483240065215,51,10.0,P32_derived_Jv_proxy,82.0,82.0,6.308334697832592,7.996816125402503,10.846145042843077,12.534626470412988,6.308334697832592,7.996816125402503,10.846145042843077,12.534626470412988,745,25,6,739,0.9919463087248322,0.008053691275167786,78.53981633974483,7.0,9.485634608276962,3.5714285714285716,3.5714285714285716,0.07639437268410976,9.409240235592852,0.3527376675588275,0.3268129583237479,0.025924709235079613,1,1,1,1,1,1,86.53781034501048,86.53781034501048,0.0,86.53781034501048,86.53781034501048,81,4.0,4.0,0.0,4.0,4.0,81,1.2013591671370962,1.2013591671370962,0.2957561595516478,0.5,2.0537713635409722,81,2.5054617253660534,2.5054617253660534,0.48594321715355576,1.011285262840043,4.239193245274622,81,0.801240386671217,0.8086293975141062,0.10292465344608133,0.5652240870869816,0.9953055193204609,81,1.0550374972351741,1.0592527335998057,0.2621287633456737,0.5,1.6292694046524878,81,8.432605258224733,7.892760780134681,2.535086292111097,4.065866495382727,15.26765530967211,81,10.373635995852279,10.373635995852277,1.7763568394002505e-15,10.373635995852277,10.373635995852277,81,cases/granite_rqd_p32_rot_10.yaml,granite_dense_p32_10,medium_to_poor,dense,unfavorable,high,1,5
granite_dense_p32_10,49,30,30.5,9.895392686425978,9.172575731106834,11.191054009764642,11.191054009764638,8.897328018063584,10.401643734446283,0.8991384475593889,-0.9980646683623942,-0.04617343131269025,0.9294605964166051,-0.7894102753183585,693,91.51487347966652,91.51487347966652,91.51487347966652,82.6564581199523,88.31394452674228,5.714285714285714,40,91.51487347966652,4.8,91.57994198730884,48,10.0,P32_derived_Jv_proxy,82.0,82.0,-8.858415359714215,-3.2009289529242437,0.6564581199523047,6.313944526742276,8.858415359714215,3.2009289529242437,0.6564581199523047,6.313944526742276,693,40,14,679,0.9797979797979798,0.020202020202020204,78.53981633974483,7.0,8.823550045014677,5.714285714285714,5.714285714285714,0.17825353626292278,8.645296508751754,0.3356803181925765,0.30052967267895014,0.035150645513626344,1,1,1,1,1,1,91.51487347966652,91.51487347966652,0.0,91.51487347966652,91.51487347966652,81,4.0,4.0,0.0,4.0,4.0,81,1.218417899662429,1.218417899662429,0.3020555259426172,0.5,2.1648032050568,81,2.4909038915297232,2.4909038915297232,0.4879451014391498,1.1612810958129844,3.9140249007450763,81,0.7977486196662066,0.8050997860252979,0.0924371357796984,0.5737982282643138,1.0,81,0.9932331570952084,0.9763592126091798,0.2869769722860283,0.5,1.6130131684613174,81,9.895392686425978,9.172575731106834,3.54331581143648,4.242976207732804,20.87966975713944,81,11.191054009764642,11.191054009764638,3.552713678800501e-15,11.191054009764638,11.191054009764638,81,cases/granite_rqd_p32_rot_10.yaml,granite_dense_p32_10,medium_to_poor,dense,unfavorable,high,1,5
granite_dense_p32_10,50,10,10.5,9.489471075440118,8.917393501874518,11.056032281144034,11.056032281144034,6.60452724901297,9.36390861434056,0.6959847600048303,-2.884943826427148,-0.15740027004212487,0.8469501875741284,-1.6921236668034751,781,92.5665633907611,92.5665633907611,92.5665633907611,86.95128804955151,86.42734296048926,6.285714285714286,44,92.5665633907611,5.3,90.05656036078834,53,10.0,P32_derived_Jv_proxy,82.0,82.0,-5.615275341209596,-6.139220430271848,4.951288049551508,4.427342960489256,5.615275341209596,6.139220430271848,4.951288049551508,4.427342960489256,781,44,12,769,0.9846350832266325,0.015364916773367477,78.53981633974483,7.0,9.94400084438162,6.285714285714286,6.285714285714286,0.15278874536821951,9.791212099013402,0.34191698020313765,0.29775593400906497,0.044161046194072684,0,1,1,1,1,1,92.5665633907611,92.5665633907611,0.0,92.5665633907611,92.5665633907611,81,4.0,4.0,0.0,4.0,4.0,81,1.198098937738269,1.198098937738269,0.2855920226315321,0.5,2.0448477641255565,81,2.507769027088014,2.507769027088014,0.511456117819693,1.1665734666229204,4.437807765853916,81,0.8012737427693075,0.8024635074640515,0.09078087181613989,0.6077581184293633,1.0,81,1.0182479670090923,1.0152385544736318,0.2752523232554317,0.5,1.591477833481668,81,9.489471075440118,8.917393501874518,3.268622559160861,4.404471772576799,19.196806095581287,81,11.056032281144034,11.056032281144034,0.0,11.056032281144034,11.056032281144034,81,cases/granite_rqd_p32_rot_10.yaml,granite_dense_p32_10,medium_to_poor,dense,unfavorable,high,1,5
granite_dense_p32_10,50,20,20.5,9.949704273527628,8.962751590991083,10.982202700476263,10.982202700476261,9.901247769646394,10.191772720254075,0.9951298548631081,-0.04845650388123346,-0.0021202443087292577,0.9280262801752959,-0.7904299802221875,721,90.1671415612407,90.1671415612407,90.1671415612407,87.06675596435328,89.2511012856502,5.428571428571429,38,90.1671415612407,4.9,91.28133273347798,49,10.0,P32_derived_Jv_proxy,82.0,82.0,-3.1003855968874205,-0.9160402755905039,5.066755964353277,7.2511012856501935,3.1003855968874205,0.9160402755905039,5.066755964353277,7.2511012856501935,721,38,10,711,0.986130374479889,0.013869625520110958,78.53981633974483,7.0,9.180057117540523,5.428571428571429,5.428571428571429,0.12732395447351627,9.052733163067007,0.35044812798242697,0.2592259275107235,0.09122220047170349,1,1,1,1,1,1,90.1671415612407,90.1671415612407,0.0,90.1671415612407,90.1671415612407,81,4.0,4.0,0.0,4.0,4.0,81,1.2178809710490877,1.2178809710490877,0.30166040246714493,0.5,2.2558377348285337,81,2.4997910008654767,2.4997910008654767,0.5169734915906243,0.9317885489295958,3.9304269918541195,81,0.7994913444304069,0.7999326833004284,0.09544963912186753,0.5057842443200987,1.0,81,0.9555357449217797,0.9779056086506612,0.2480471593299317,0.5,1.5139782620778282,81,9.949704273527628,8.962751590991083,3.3005413694151047,3.9090759184032526,19.60538521175347,81,10.982202700476263,10.982202700476261,1.7763568394002505e-15,10.982202700476261,10.982202700476261,81,cases/granite_rqd_p32_rot_10.yaml,granite_dense_p32_10,medium_to_poor,dense,unfavorable,high,1,5
granite_dense_p32_10,50,30,30.5,9.432375987510975,9.169691620409893,10.543504517046438,10.543504517046436,9.474966783412677,10.639655228014453,1.0045153836062193,0.04259079590170245,0.0019565921187472135,1.0091194261654235,0.09615071096801486,765,88.53369457657855,88.53369457657855,88.53369457657855,90.46018984746514,89.82747606205687,5.285714285714286,37,88.53369457657855,6.3,86.81246356412423,63,10.0,P32_derived_Jv_proxy,82.0,82.0,1.9264952708865906,1.2937814854783198,8.460189847465145,7.827476062056874,1.9264952708865906,1.2937814854783198,8.460189847465145,7.827476062056874,765,37,10,755,0.9869281045751634,0.013071895424836602,78.53981633974483,7.0,9.740282517223994,5.285714285714286,5.285714285714286,0.12732395447351627,9.612958562750478,0.350753718477381,0.31442023039151556,0.03633348808586545,1,1,1,1,1,1,88.53369457657855,88.53369457657855,0.0,88.53369457657855,88.53369457657855,81,4.0,4.0,0.0,4.0,4.0,81,1.1931768424716855,1.1931768424716855,0.2851976062640206,0.5,2.2963770201985674,81,2.5047732937479363,2.5047732937479363,0.4808792728849975,1.0094513844889705,4.007449532105061,81,0.8088118795477663,0.8138605172177267,0.09584849353255269,0.5848971614287447,1.0,81,0.9675824403387312,0.9327893628628112,0.24378250646221436,0.5,1.4894734810451185,81,9.432375987510975,9.169691620409893,2.7426064128551637,4.5842544467775665,17.1618840790617,81,10.543504517046438,10.543504517046436,1.7763568394002505e-15,10.543504517046436,10.543504517046436,81,cases/granite_rqd_p32_rot_10.yaml,granite_dense_p32_10,medium_to_poor,dense,unfavorable,high,1,5
granite_dense_p32_10,51,10,10.5,8.603960727866943,8.061757362902954,10.530815200931753,10.530815200931753,6.901304044838763,9.246267987241227,0.8021078039659654,-1.70265668302818,-0.09576725824804244,0.8780201542633783,-1.2845472136905265,786,88.01348974172237,88.01348974172237,88.01348974172237,84.20833103657584,89.91562830227635,5.142857142857143,36,88.01348974172237,6.0,87.80986177504423,60,10.0,P32_derived_Jv_proxy,82.0,82.0,-3.8051587051465248,1.9021385605539791,2.208331036575842,7.915628302276346,3.8051587051465248,1.9021385605539791,2.208331036575842,7.915628302276346,786,36,13,773,0.9834605597964376,0.01653944020356234,78.53981633974483,7.0,10.007662821618379,5.142857142857143,5.142857142857143,0.16552114081557115,9.842141680802808,0.3547444375483132,0.29379443905239133,0.060949998495921864,1,1,1,1,1,1,88.01348974172237,88.01348974172237,0.0,88.01348974172237,88.01348974172237,81,4.0,4.0,0.0,4.0,4.0,81,1.1857613139164693,1.1857613139164693,0.2874337861731501,0.5,2.1030857654369903,81,2.477562022674287,2.477562022674287,0.4832429713250529,0.9847515810926615,3.9215791239306803,81,0.7838654286524246,0.7939540374680594,0.09992869020360821,0.4749622900598166,1.0,81,1.0485297151903896,1.002223744268108,0.3006532459470663,0.5,1.914870104549414,81,8.603960727866943,8.061757362902954,2.9730398750588027,4.206854243261735,16.56239649040307,81,10.530815200931753,10.530815200931753,0.0,10.530815200931753,10.530815200931753,81,cases/granite_rqd_p32_rot_10.yaml,granite_dense_p32_10,medium_to_poor,dense,unfavorable,high,1,5
granite_dense_p32_10,51,20,20.5,8.355079635820191,7.70745668119371,10.41837665329737,10.418376653297369,9.866516928238733,9.279444172811244,1.180900405298192,1.5114372924185417,0.0722132716581183,0.890680427634025,-1.138932480486126,785,86.06402582391468,86.06402582391468,86.06402582391468,80.03583265979343,83.99285233131994,7.0,49,86.06402582391468,6.4,86.47595754305998,64,10.0,P32_derived_Jv_proxy,82.0,82.0,-6.028193164121248,-2.0711734925947383,-1.964167340206572,1.9928523313199378,6.028193164121248,2.0711734925947383,1.964167340206572,1.9928523313199378,785,49,22,763,0.9719745222929936,0.02802547770700637,78.53981633974483,7.0,9.994930426171027,7.0,7.0,0.2801126998417358,9.714817726329292,0.3602683608241417,0.25545646643362685,0.10481189439051486,1,1,1,1,1,1,86.06402582391468,86.06402582391468,0.0,86.06402582391468,86.06402582391468,81,4.0,4.0,0.0,4.0,4.0,81,1.1989591684869023,1.1989591684869023,0.3003454646902711,0.5,2.206602540502428,81,2.4760875967614817,2.4760875967614817,0.5136300441233614,0.9931163463916259,3.9034973654040863,81,0.8052804417016167,0.8132156741767894,0.10295180223691232,0.56329971100237,1.0,81,1.089130975749321,1.1130928122059145,0.28622072293879447,0.5,1.7619723911493748,81,8.355079635820191,7.70745668119371,2.8942718224769544,4.230625571782037,19.866606418738087,81,10.41837665329737,10.418376653297369,1.7763568394002505e-15,10.418376653297369,10.418376653297369,81,cases/granite_rqd_p32_rot_10.yaml,granite_dense_p32_10,medium_to_poor,dense,unfavorable,high,1,5
granite_dense_p32_10,51,30,30.5,9.442755609959919,8.908467362041693,10.481289187929042,10.481289187929043,13.607396459645688,10.670434725256595,1.4410408382583828,4.164640849685769,0.15867628864115946,1.018046018379627,0.18914553732755301,766,87.15633874940217,87.15633874940217,87.15633874940217,91.0858501257352,90.47851960592541,4.857142857142857,34,87.15633874940217,6.7,85.45533249035259,67,10.0,P32_derived_Jv_proxy,82.0,82.0,3.929511376333039,3.3221808565232465,9.085850125735206,8.478519605925413,3.929511376333039,3.3221808565232465,9.085850125735206,8.478519605925413,766,34,17,749,0.9778067885117493,0.022193211488250653,78.53981633974483,7.0,9.753014912671347,4.857142857142857,4.857142857142857,0.21645072260497766,9.536564190066368,0.35636508329248495,0.33305171823967994,0.023313365052805013,0,1,1,1,1,1,87.15633874940217,87.15633874940217,0.0,87.15633874940217,87.15633874940217,81,4.0,4.0,0.0,4.0,4.0,81,1.1918184142782724,1.1918184142782724,0.2958815388072278,0.5,2.194218494614128,81,2.4776181531714947,2.4776181531714947,0.5075740924671839,0.871924135761633,4.205268967583966,81,0.7987216233867049,0.7980046999951199,0.0977254949045771,0.5775189737373762,1.0,81,0.9760805416804138,0.9275340439524289,0.29537839699062507,0.5,1.732389882030218,81,9.442755609959919,8.908467362041693,3.283731716677791,4.4630552377650075,20.960825216817597,81,10.481289187929042,10.481289187929043,1.7763568394002505e-15,10.481289187929043,10.481289187929043,81,cases/granite_rqd_p32_rot_10.yaml,granite_dense_p32_10,medium_to_poor,dense,unfavorable,high,1,5
granite_dense_p32_10,52,10,10.5,8.50086663145824,7.93116442787039,10.111105639635287,10.111105639635289,10.41597327539946,10.97360249072992,1.2252836948240302,1.91510664394122,0.08823665427786109,1.0853019325318556,0.8624968510946331,765,83.52353700702011,83.52353700702011,83.52353700702011,87.55216654378526,88.83075502140036,5.428571428571429,38,83.52353700702011,6.6,85.79732152562207,66,10.0,P32_derived_Jv_proxy,82.0,82.0,4.028629536765152,5.307218014380254,5.552166543785262,6.830755021400364,4.028629536765152,5.307218014380254,5.552166543785262,6.830755021400364,765,38,13,752,0.9830065359477124,0.01699346405228758,78.53981633974483,7.0,9.740282517223994,5.428571428571429,5.428571428571429,0.16552114081557115,9.574761376408423,0.35956633668660176,0.3566078154101694,0.0029585212764323687,1,1,1,1,1,1,83.52353700702011,83.52353700702011,0.0,83.52353700702011,83.52353700702011,81,4.0,4.0,0.0,4.0,4.0,81,1.2053858585376445,1.2053858585376445,0.2841952373762382,0.5,2.3322852466177726,81,2.4892947900932807,2.4892947900932807,0.5030947203357543,0.9819060613989385,5.17586118168046,81,0.8029661202574983,0.7988655099431926,0.0999414618486419,0.5424772832518779,1.0,81,1.0316767392158908,1.034691004443133,0.2762663158812229,0.5,1.8412721425068197,81,8.50086663145824,7.93116442787039,2.6834619256783547,4.249139422667212,16.15135030429792,81,10.111105639635287,10.111105639635289,1.7763568394002505e-15,10.111105639635289,10.111105639635289,81,cases/granite_rqd_p32_rot_10.yaml,granite_dense_p32_10,medium_to_poor,dense,unfavorable,high,1,5
granite_dense_p32_10,52,20,20.5,9.529753574108904,8.425224963880941,10.749495254642436,10.749495254642435,6.703191065789111,9.274662264972724,0.7033960546472897,-2.8265625083197925,-0.15280007197261125,0.8627997915499549,-1.4748329896697125,742,90.29195687591722,90.29195687591722,90.29195687591722,77.14937046426364,79.94629213703033,8.142857142857142,57,90.29195687591722,5.1,90.67483240065215,51,10.0,P32_derived_Jv_proxy,82.0,82.0,-13.142586411653582,-10.345664738886896,-4.85062953573636,-2.0537078629696737,13.142586411653582,10.345664738886896,4.85062953573636,2.0537078629696737,742,57,16,726,0.9784366576819407,0.0215633423180593,78.53981633974483,7.0,9.447437421934907,8.142857142857142,8.142857142857142,0.20371832715762603,9.243719094777282,0.33881707263594363,0.2891100846502084,0.04970698798573525,0,1,1,1,1,1,90.29195687591722,90.29195687591722,0.0,90.29195687591722,90.29195687591722,81,4.0,4.0,0.0,4.0,4.0,81,1.1964822220070257,1.1964822220070257,0.295605696154457,0.5,2.2002864524371097,81,2.5125068348116946,2.5125068348116946,0.4871151330422574,0.9387889401460632,4.167790473107566,81,0.7810743103232906,0.7887518242440279,0.11013369955489766,0.5091893079140576,1.0,81,0.9839018720155006,0.9925951799673405,0.29353034361696767,0.5,1.6423598413405756,81,9.529753574108904,8.425224963880941,3.873360884875332,4.66542255889613,21.274238519899274,81,10.749495254642436,10.749495254642435,1.7763568394002505e-15,10.749495254642435,10.749495254642435,81,cases/granite_rqd_p32_rot_10.yaml,granite_dense_p32_10,medium_to_poor,dense,unfavorable,high,1,5
granite_dense_p32_10,52,30,30.5,10.092737020855438,9.28061028284638,10.727535546029952,10.72753554602995,9.777891483947958,9.565704276045839,0.9688047418399103,-0.3148455369074803,-0.013763744194207894,0.8916963486162408,-1.1618312699841127,742,87.87421064175214,87.87421064175214,87.87421064175214,81.38288629812311,83.3028994451198,7.142857142857143,50,87.87421064175214,5.9,88.13803827278662,59,10.0,P32_derived_Jv_proxy,82.0,82.0,-6.4913243436290315,-4.571311196632337,-0.6171137018768889,1.302899445119806,6.4913243436290315,4.571311196632337,0.6171137018768889,1.302899445119806,742,50,13,729,0.9824797843665768,0.01752021563342318,78.53981633974483,7.0,9.447437421934907,7.142857142857143,7.142857142857143,0.16552114081557115,9.281916281119337,0.34276022895775204,0.27156131272548156,0.07119891623227048,1,1,1,1,1,1,87.87421064175214,87.87421064175214,0.0,87.87421064175214,87.87421064175214,81,4.0,4.0,0.0,4.0,4.0,81,1.2094886147455874,1.2094886147455874,0.29617762938482783,0.5,2.1527660153917574,81,2.4768703129650302,2.4768703129650302,0.5111291868249467,0.791561707693669,3.9381773641148383,81,0.7999759789944247,0.8158555489654203,0.1003283673933865,0.534267415660564,1.0,81,0.9325187714664647,0.9361089669648482,0.2643714053272736,0.5,1.4945150714961841,81,10.092737020855438,9.28061028284638,3.5563791727132834,5.349093871934993,20.43540217127814,81,10.727535546029952,10.72753554602995,1.7763568394002505e-15,10.72753554602995,10.72753554602995,81,cases/granite_rqd_p32_rot_10.yaml,granite_dense_p32_10,medium_to_poor,dense,unfavorable,high,1,5
granite_dense_p32_10,53,10,10.5,8.941066945377761,7.829386983337772,11.063302503398347,11.063302503398347,9.88908529335582,10.80099996655659,1.1060296666795626,0.9480183479780582,0.04376677606672297,0.9762907561497858,-0.26230253684175686,767,94.11618800387348,94.11618800387348,94.11618800387348,87.89709525076715,90.17440005073716,5.142857142857143,36,94.11618800387348,4.5,92.45608198515713,45,10.0,P32_derived_Jv_proxy,82.0,82.0,-6.219092753106324,-3.9417879531363127,5.897095250767151,8.174400050737162,6.219092753106324,3.9417879531363127,5.897095250767151,8.174400050737162,767,36,11,756,0.9856584093872229,0.014341590612777053,78.53981633974483,7.0,9.765747308118698,5.142857142857143,5.142857142857143,0.1400563499208679,9.62569095819783,0.3594871437172634,0.2912631116603698,0.06822403205689365,1,1,1,1,1,1,94.11618800387348,94.11618800387348,0.0,94.11618800387348,94.11618800387348,81,4.0,4.0,0.0,4.0,4.0,81,1.1893345432922826,1.1893345432922826,0.28793427426343016,0.5,1.9982696876647033,81,2.529435343596857,2.529435343596857,0.5060976258488329,0.75,4.002326649112545,81,0.7815469191546549,0.7704193526014428,0.09602806482868793,0.577922385128754,1.0,81,1.0500208240749493,1.091025868931795,0.26337482813577845,0.5,1.6262270746414123,81,8.941066945377761,7.829386983337772,3.303667667740504,5.133403985959384,22.126605006796694,81,11.063302503398347,11.063302503398347,0.0,11.063302503398347,11.063302503398347,81,cases/granite_rqd_p32_rot_10.yaml,granite_dense_p32_10,medium_to_poor,dense,unfavorable,high,1,5
granite_dense_p32_10,53,20,20.5,10.262924931208321,9.316112576075868,11.085986121604526,11.085986121604527,10.476178927687716,11.2593213715857,1.0207790661930027,0.2132539964793949,0.008931755097614458,1.0156355283219576,0.1733352499811751,780,91.63354856096626,91.63354856096626,91.63354856096626,92.45221328355908,93.202339554465,4.142857142857143,29,91.63354856096626,5.9,88.13803827278662,59,10.0,P32_derived_Jv_proxy,82.0,82.0,0.8186647225928141,1.5687909934987374,10.452213283559075,11.202339554464999,0.8186647225928141,1.5687909934987374,10.452213283559075,11.202339554464999,780,29,10,770,0.9871794871794872,0.01282051282051282,78.53981633974483,7.0,9.931268448934269,4.142857142857143,4.142857142857143,0.12732395447351627,9.803944494460753,0.3381699973335929,0.21489903875916638,0.12327095857442649,1,1,1,1,1,1,91.63354856096626,91.63354856096626,0.0,91.63354856096626,91.63354856096626,81,4.0,4.0,0.0,4.0,4.0,81,1.2015745192898422,1.2015745192898422,0.29581414220562635,0.5,2.16526924300197,81,2.4829666899995515,2.4829666899995515,0.48579149364216423,0.8812010215241899,3.845158779104853,81,0.7885809337883731,0.7842033611490626,0.10554323536285222,0.48466954656430067,1.0,81,0.9653463163362846,0.9575334951927542,0.3235661024319136,0.5,1.7677804597321345,81,10.262924931208321,9.316112576075868,4.069774841256442,4.023798927108823,20.343621428783013,81,11.085986121604526,11.085986121604527,1.7763568394002505e-15,11.085986121604527,11.085986121604527,81,cases/granite_rqd_p32_rot_10.yaml,granite_dense_p32_10,medium_to_poor,dense,unfavorable,high,1,5
granite_dense_p32_10,53,30,30.5,9.508732442899673,9.089172260324831,11.096054293837595,11.096054293837593,9.553842469198921,12.631234264652907,1.0047440630567888,0.04511002629924832,0.002055448664228021,1.138353682323626,1.535179970815312,776,91.97921269723341,91.97921269723341,91.97921269723341,92.76928388819614,90.47851960592543,4.857142857142857,34,91.97921269723341,4.6,92.16741224401119,46,10.0,P32_derived_Jv_proxy,82.0,82.0,0.7900711909627347,-1.50069309130798,10.769283888196142,8.478519605925428,0.7900711909627347,1.50069309130798,10.769283888196142,8.478519605925428,776,34,13,763,0.9832474226804123,0.01675257731958763,78.53981633974483,7.0,9.880338867144863,4.857142857142857,4.857142857142857,0.16552114081557115,9.714817726329292,0.3402823473168003,0.29791285678611334,0.04236949053068695,1,1,1,1,1,1,91.97921269723341,91.97921269723341,0.0,91.97921269723341,91.97921269723341,81,4.0,4.0,0.0,4.0,4.0,81,1.1958274571705505,1.1958274571705505,0.29039277641186884,0.5,1.978507713853313,81,2.47816172126536,2.47816172126536,0.5104320184231019,1.020223167378789,3.915833265625714,81,0.7918693297694279,0.7969357561123706,0.10118138027772673,0.5096404005600609,0.9698551146602745,81,1.0155449253031117,0.9585013099142662,0.30263822975242777,0.5,1.6167859127721582,81,9.508732442899673,9.089172260324831,3.2748399348504464,4.729472064032855,19.632512086569893,81,11.096054293837595,11.096054293837593,1.7763568394002505e-15,11.096054293837593,11.096054293837593,81,cases/granite_rqd_p32_rot_10.yaml,granite_dense_p32_10,medium_to_poor,dense,unfavorable,high,1,5
granite_dense_p32_10,54,10,10.5,8.456417773073758,8.048277221781985,9.963312946339178,9.963312946339178,8.913689779042162,10.929703587656949,1.0540739611309664,0.4572720059684041,0.022871085055004903,1.0969949098781298,0.966390641317771,752,83.2459108661358,83.2459108661358,83.2459108661358,86.6472294211459,84.71270328306538,6.714285714285714,47,83.2459108661358,7.2,83.72138802511513,72,10.0,P32_derived_Jv_proxy,82.0,82.0,3.401318555010093,1.4667924169295787,4.647229421145894,2.7127032830653803,3.401318555010093,1.4667924169295787,4.647229421145894,2.7127032830653803,752,47,18,734,0.976063829787234,0.023936170212765957,78.53981633974483,7.0,9.574761376408423,6.714285714285714,6.714285714285714,0.22918311805232927,9.345578258356094,0.348273963606588,0.3215666175107956,0.026707346095792395,1,1,1,1,1,1,83.2459108661358,83.2459108661358,0.0,83.2459108661358,83.2459108661358,81,4.0,4.0,0.0,4.0,4.0,81,1.2014943166333554,1.2014943166333554,0.3031335065175611,0.5,1.9954492441453797,81,2.5096945495769867,2.5096945495769867,0.5128151826628231,1.2381607256762979,4.241383840854908,81,0.8078119727822491,0.8089250558464265,0.09648407754777928,0.5335741910550436,1.0,81,1.0288467230446088,1.0323607100823244,0.2723958964152607,0.5,1.712812935228443,81,8.456417773073758,8.048277221781985,2.7921970446625193,4.302733860060428,18.866842578156547,81,9.963312946339178,9.963312946339178,0.0,9.963312946339178,9.963312946339178,81,cases/granite_rqd_p32_rot_10.yaml,granite_dense_p32_10,medium_to_poor,dense,unfavorable,high,1,5
granite_dense_p32_10,54,20,20.5,8.595953690786137,7.870285638689061,10.656492893668865,10.656492893668863,8.83816938973674,10.244779059379866,1.028177873876895,0.24221569895060213,0.012068253726148392,0.961364978290972,-0.41171383428899944,796,88.60889330209216,88.60889330209216,88.60889330209216,81.53247421377505,87.27632164516206,6.0,42,88.60889330209216,5.8,88.46394191733353,58,10.0,P32_derived_Jv_proxy,82.0,82.0,-7.07641908831711,-1.3325716569300994,-0.4675257862249538,5.2763216451620565,7.07641908831711,1.3325716569300994,0.4675257862249538,5.2763216451620565,796,42,15,781,0.9811557788944724,0.018844221105527637,78.53981633974483,7.0,10.134986776091894,6.0,6.0,0.1909859317102744,9.94400084438162,0.34205893175032653,0.3044020376438178,0.03765689410650874,1,1,1,1,1,1,88.60889330209216,88.60889330209216,0.0,88.60889330209216,88.60889330209216,81,4.0,4.0,0.0,4.0,4.0,81,1.1979649298903385,1.1979649298903385,0.30149465135043735,0.5,2.0207632369345343,81,2.4902739510896303,2.4902739510896303,0.5131325855470539,0.9511369927098379,4.108959603831147,81,0.7855038277716311,0.7832084502946978,0.09248378655519528,0.5734072022454373,0.9844770300577768,81,1.0479640595703046,1.0616906362666911,0.27001707968438077,0.5,1.8396691409692576,81,8.595953690786137,7.870285638689061,2.716506116764978,4.775849390510206,17.076256156724547,81,10.656492893668865,10.656492893668863,1.7763568394002505e-15,10.656492893668863,10.656492893668863,81,cases/granite_rqd_p32_rot_10.yaml,granite_dense_p32_10,medium_to_poor,dense,unfavorable,high,1,5
granite_dense_p32_10,54,30,30.5,9.52350750382805,8.569029365822544,10.665493408156813,10.665493408156813,11.056879006594219,10.695509239415372,1.16100911372725,1.533371502766169,0.06483562889095906,1.002814293733059,0.030015831258559444,802,89.19246646749505,89.19246646749505,89.19246646749505,90.12626917450955,91.92988186746109,4.428571428571429,31,89.19246646749505,5.4,89.74323086559441,54,10.0,P32_derived_Jv_proxy,82.0,82.0,0.9338027070144932,2.7374153999660393,8.126269174509545,9.929881867461091,0.9338027070144932,2.7374153999660393,8.126269174509545,9.929881867461091,802,31,11,791,0.986284289276808,0.01371571072319202,78.53981633974483,7.0,10.211381148776004,4.428571428571429,4.428571428571429,0.1400563499208679,10.071324798855137,0.34801395278570646,0.26591762048570267,0.0820963323000038,1,1,1,1,1,1,89.19246646749505,89.19246646749505,0.0,89.19246646749505,89.19246646749505,81,4.0,4.0,0.0,4.0,4.0,81,1.1908907103022774,1.1908907103022774,0.29964286521999556,0.5,2.1582978286424295,81,2.4897694762028757,2.4897694762028757,0.49179021603952117,0.75,4.117479288365619,81,0.7993164253925964,0.7990642605031754,0.10487203939701423,0.5067266883373909,1.0,81,0.9869707952797963,0.9633611234529782,0.3056210202370006,0.5,1.8362575040963869,81,9.52350750382805,8.569029365822544,3.3520762002392583,4.311547740259134,19.911560739928117,81,10.665493408156813,10.665493408156813,0.0,10.665493408156813,10.665493408156813,81,cases/granite_rqd_p32_rot_10.yaml,granite_dense_p32_10,medium_to_poor,dense,unfavorable,high,1,5
granite_dense_p32_10,55,10,10.5,8.870714235626792,8.165415752452782,10.795006716137179,10.795006716137175,7.70071542721668,8.555941855032005,0.8681054560735219,-1.1699988084101127,-0.06142751421416859,0.7925832822541876,-2.2390648611051738,730,88.08152636331735,88.08152636331735,88.08152636331735,76.49245358039944,84.89367611697187,6.714285714285714,47,88.08152636331735,5.2,90.36712329146954,52,10.0,P32_derived_Jv_proxy,82.0,82.0,-11.58907278291791,-3.1878502463454765,-5.507546419600558,2.893676116971875,11.58907278291791,3.1878502463454765,5.507546419600558,2.893676116971875,730,47,16,714,0.9780821917808219,0.021917808219178082,78.53981633974483,7.0,9.294648676566688,6.714285714285714,6.714285714285714,0.20371832715762603,9.090930349409062,0.34619673305256526,0.2507359357037078,0.09546079734885748,1,1,1,0,1,1,88.08152636331735,88.08152636331735,0.0,88.08152636331735,88.08152636331735,81,4.0,4.0,0.0,4.0,4.0,81,1.214970405767564,1.214970405767564,0.3029359574293118,0.5,2.208509638545867,81,2.4783784447834103,2.4783784447834103,0.49447364308280845,1.1552267999683068,4.341690886378888,81,0.7989508974061292,0.8060861644536488,0.11470062755130633,0.5306346758404765,1.0,81,1.0488390311236087,1.0336423033437352,0.29021690568682945,0.5,1.7958886582742033,81,8.870714235626792,8.165415752452782,2.850966476189573,4.275020121624377,17.729895826369344,81,10.795006716137179,10.795006716137175,3.552713678800501e-15,10.795006716137175,10.795006716137175,81,cases/granite_rqd_p32_rot_10.yaml,granite_dense_p32_10,medium_to_poor,dense,unfavorable,high,1,5
granite_dense_p32_10,55,20,20.5,10.52464815539431,9.15963481611573,11.502426808133434,11.502426808133432,9.645050531159429,10.836942255655995,0.9164249853061309,-0.8795976242348811,-0.03790307876607524,0.9421439872143441,-0.6654845524774391,749,95.46547705101277,95.46547705101277,95.46547705101277,80.75267304121853,86.05710353999629,6.285714285714286,44,95.46547705101277,4.1,93.57468526922102,41,10.0,P32_derived_Jv_proxy,82.0,82.0,-14.71280400979424,-9.408373511016478,-1.2473269587814713,4.057103539996291,14.71280400979424,9.408373511016478,1.2473269587814713,4.057103539996291,749,44,15,734,0.9799732977303071,0.020026702269692925,78.53981633974483,7.0,9.536564190066368,6.285714285714286,6.285714285714286,0.1909859317102744,9.345578258356094,0.3414692696137339,0.2740306431374673,0.06743862647626664,1,1,1,1,1,1,95.46547705101277,95.46547705101277,0.0,95.46547705101277,95.46547705101277,81,4.0,4.0,0.0,4.0,4.0,81,1.2023432348259522,1.2023432348259522,0.29783547855643583,0.5,2.1974770900592344,81,2.494740292773569,2.494740292773569,0.5061851583190138,1.008788998139383,4.2330224382666275,81,0.8010471372126292,0.7944372582919701,0.08488077615597643,0.5958170217276738,1.0,81,0.9707604475528432,0.9928709735218786,0.29156754547026437,0.5,1.7580939475872595,81,10.52464815539431,9.15963481611573,3.8621793740188712,5.6483419448557965,23.004853616266864,81,11.502426808133434,11.502426808133432,1.7763568394002505e-15,11.502426808133432,11.502426808133432,81,cases/granite_rqd_p32_rot_10.yaml,granite_dense_p32_10,medium_to_poor,dense,unfavorable,high,1,5
granite_dense_p32_10,55,30,30.5,9.858394877799954,9.258774211443288,11.213677696999813,11.213677696999815,12.390506807685739,11.441698640638974,1.2568482964288465,2.532111929885785,0.09928286082054028,1.0203341802573982,0.22802094363916048,727,91.30322002255,91.30322002255,91.30322002255,88.2364538881737,89.14553096433305,5.428571428571429,38,91.30322002255,5.2,90.36712329146954,52,10.0,P32_derived_Jv_proxy,82.0,82.0,-3.0667661343762944,-2.1576890582169455,6.236453888173699,7.145530964333048,3.0667661343762944,2.1576890582169455,6.236453888173699,7.145530964333048,727,38,13,714,0.9821182943603851,0.017881705639614855,78.53981633974483,7.0,9.256451490224633,5.428571428571429,5.428571428571429,0.16552114081557115,9.090930349409062,0.33255407729939934,0.3365754563137926,-0.004021379014393256,0,1,1,1,1,1,91.30322002255,91.30322002255,0.0,91.30322002255,91.30322002255,81,4.0,4.0,0.0,4.0,4.0,81,1.2274678402376327,1.2274678402376327,0.29854726736037,0.5,2.15292104080889,81,2.4985506386946827,2.4985506386946827,0.5017258375822796,1.0815379086489327,4.248026710088155,81,0.8038330925410956,0.8132630357124913,0.09222684588255507,0.5662557170820526,1.0,81,0.983951961308957,0.9627312064317265,0.25845668368527064,0.5,1.705656508152421,81,9.858394877799954,9.258774211443288,3.066919970833563,4.743201170113329,21.230879253572237,81,11.213677696999813,11.213677696999815,1.7763568394002505e-15,11.213677696999815,11.213677696999815,81,cases/granite_rqd_p32_rot_10.yaml,granite_dense_p32_10,medium_to_poor,dense,unfavorable,high,1,5
granite_dense_p32_10,56,10,10.5,9.689404604140707,8.904492436003293,11.437473053585377,11.437473053585375,8.623294632643564,11.128295272206715,0.8899715704882891,-1.0661099714971431,-0.05062386636324645,0.9729679991436796,-0.30917778137866136,762,94.48532428252928,94.48532428252928,94.48532428252928,94.18493909165707,95.11942975458598,3.4285714285714284,24,94.48532428252928,4.5,92.45608198515713,45,10.0,P32_derived_Jv_proxy,82.0,82.0,-0.3003851908722055,0.634105472056703,12.184939091657071,13.11942975458598,0.3003851908722055,0.634105472056703,12.184939091657071,13.11942975458598,762,24,9,753,0.9881889763779528,0.011811023622047244,78.53981633974483,7.0,9.702085330881939,3.4285714285714284,3.4285714285714284,0.11459155902616464,9.587493771855774,0.34086528996617504,0.30282984957066394,0.0380354403955111,1,1,1,1,1,1,94.48532428252928,94.48532428252928,0.0,94.48532428252928,94.48532428252928,81,4.0,4.0,0.0,4.0,4.0,81,1.2003789212315248,1.2003789212315248,0.29848972555826075,0.5,2.5384727356632735,81,2.4790919966128224,2.4790919966128224,0.495937193104524,1.018350730902884,4.162307535878522,81,0.7823589503379773,0.790194484838452,0.09917952678137605,0.518969045191373,0.9820108223489054,81,1.0079947474217688,1.007768193717179,0.27464169171945974,0.5,1.720549897063656,81,9.689404604140707,8.904492436003293,3.457071866982349,4.874543825820544,22.1749862721881,81,11.437473053585377,11.437473053585375,1.7763568394002505e-15,11.437473053585375,11.437473053585375,81,cases/granite_rqd_p32_rot_10.yaml,granite_dense_p32_10,medium_to_poor,dense,unfavorable,high,1,5
granite_dense_p32_10,56,20,20.5,9.149886016353006,8.336012284972387,10.501610765490087,10.501610765490087,6.361760619203994,8.228373147120708,0.6952830459127061,-2.7881253971490123,-0.15783836051274314,0.7835343863781746,-2.2732376183693788,766,86.1209763351544,86.1209763351544,86.1209763351544,79.12773994464887,83.53807376921121,7.142857142857143,50,86.1209763351544,6.8,85.11165471741904,68,10.0,P32_derived_Jv_proxy,82.0,82.0,-6.99323639050553,-2.5829025659431863,-2.872260055351134,1.5380737692112092,6.99323639050553,2.5829025659431863,2.872260055351134,1.5380737692112092,766,50,21,745,0.9725848563968669,0.02741514360313316,78.53981633974483,7.0,9.753014912671347,7.142857142857143,7.142857142857143,0.26738030439438415,9.485634608276962,0.3411180234058391,0.31594154940671326,0.025176473999125815,0,1,1,0,1,1,86.1209763351544,86.1209763351544,0.0,86.1209763351544,86.1209763351544,81,4.0,4.0,0.0,4.0,4.0,81,1.212702861489421,1.212702861489421,0.29222888367903,0.5,2.249350421434578,81,2.4862651256107213,2.4862651256107213,0.5192306264971963,0.991487863539068,4.024179833207915,81,0.7839745673627838,0.7772247290095319,0.10132556908802029,0.534042146369163,1.0,81,0.9845532428375287,0.9704414837310807,0.27252122245815147,0.5,1.6625981315246559,81,9.149886016353006,8.336012284972387,3.3400217335548343,4.5576178698110485,21.003221530980174,81,10.501610765490087,10.501610765490087,0.0,10.501610765490087,10.501610765490087,81,cases/granite_rqd_p32_rot_10.yaml,granite_dense_p32_10,medium_to_poor,dense,unfavorable,high,1,5
granite_dense_p32_10,56,30,30.5,9.651372081823823,8.945189276448815,11.11586254372744,11.115862543727438,10.948530969423953,10.692754902579676,1.1344015002844037,1.2971588876001299,0.05476679220853198,0.9619365893124938,-0.4231076411477641,794,93.58369059346465,93.58369059346465,93.58369059346465,81.86627909427463,84.10815799251007,7.0,49,93.58369059346465,4.5,92.45608198515713,45,10.0,P32_derived_Jv_proxy,82.0,82.0,-11.717411499190021,-9.47553260095458,-0.13372090572536877,2.1081579925100726,11.717411499190021,9.47553260095458,0.13372090572536877,2.1081579925100726,794,49,16,778,0.9798488664987406,0.020151133501259445,78.53981633974483,7.0,10.109521985197192,7.0,7.0,0.20371832715762603,9.905803658039565,0.34211615731786593,0.299297418461855,0.04281873885601095,1,1,1,1,1,1,93.58369059346465,93.58369059346465,0.0,93.58369059346465,93.58369059346465,81,4.0,4.0,0.0,4.0,4.0,81,1.1965775077131908,1.1965775077131908,0.2854013788865838,0.5,1.9498226058299242,81,2.518476159911664,2.518476159911664,0.46072188922162177,1.0282806296847598,4.000770325359881,81,0.7909837137334307,0.8027262606453777,0.09965502542811723,0.5284697563760429,1.0,81,0.9851134274768893,0.9662617085633743,0.2759374895387308,0.5135505301536576,1.6210734816791847,81,9.651372081823823,8.945189276448815,3.024274094762551,4.594151841816564,18.47536510892658,81,11.11586254372744,11.115862543727438,1.7763568394002505e-15,11.115862543727438,11.115862543727438,81,cases/granite_rqd_p32_rot_10.yaml,granite_dense_p32_10,medium_to_poor,dense,unfavorable,high,1,5
granite_dense_p32_10,57,10,10.5,8.42050382677246,7.648176560692057,10.46983341589794,10.469833415897941,8.968678818244182,11.948553482895347,1.0651000228429128,0.548174991471722,0.027390393999166096,1.1412362554643938,1.4787200669974077,738,87.24879417462597,87.24879417462597,87.24879417462597,90.98919343144095,92.0052093265878,4.571428571428571,32,87.24879417462597,6.4,86.47595754305998,64,10.0,P32_derived_Jv_proxy,82.0,82.0,3.7403992568149818,4.756415151961832,8.989193431440953,10.005209326587803,3.7403992568149818,4.756415151961832,8.989193431440953,10.005209326587803,738,32,14,724,0.981029810298103,0.018970189701897018,78.53981633974483,7.0,9.396507840145501,4.571428571428571,4.571428571428571,0.17825353626292278,9.218254303882578,0.349657108104081,0.29544063179209656,0.05421647631198445,1,1,1,1,1,1,87.24879417462597,87.24879417462597,0.0,87.24879417462597,87.24879417462597,81,4.0,4.0,0.0,4.0,4.0,81,1.2003759363096187,1.2003759363096187,0.30878749929305305,0.5,2.1457931864676865,81,2.5007884280236565,2.5007884280236565,0.517492427937127,1.1607441451619476,4.364326885650898,81,0.7675328810866332,0.7781820495681833,0.10397211786747748,0.4939238133708671,0.9771729962436889,81,1.0279861806934314,0.9710968011849007,0.2769149055711802,0.5,1.7197434001525769,81,8.42050382677246,7.648176560692057,2.6714580571500943,3.759349776789787,19.809178099025498,81,10.46983341589794,10.469833415897941,1.7763568394002505e-15,10.469833415897941,10.469833415897941,81,cases/granite_rqd_p32_rot_10.yaml,granite_dense_p32_10,medium_to_poor,dense,unfavorable,high,1,5
granite_dense_p32_10,57,20,20.5,8.602449666863368,7.652198596993741,10.499540253513006,10.499540253513008,8.269214817468931,9.211683357988688,0.9612627957966372,-0.3332348493944366,-0.017157866065015348,0.8773415916860343,-1.2878568955243175,736,87.96262568477994,87.96262568477994,87.96262568477994,82.53467413157937,86.13743632355953,6.142857142857143,43,87.96262568477994,5.6,89.10861396041513,56,10.0,P32_derived_Jv_proxy,82.0,82.0,-5.427951553200572,-1.82518936122041,0.534674131579365,4.137436323559527,5.427951553200572,1.82518936122041,0.534674131579365,4.137436323559527,736,43,18,718,0.9755434782608695,0.024456521739130436,78.53981633974483,7.0,9.371043049250797,6.142857142857143,6.142857142857143,0.22918311805232927,9.141859931198468,0.34724583601125325,0.28656186293229935,0.0606839730789539,1,1,1,1,1,1,87.96262568477994,87.96262568477994,0.0,87.96262568477994,87.96262568477994,81,4.0,4.0,0.0,4.0,4.0,81,1.193161611806034,1.193161611806034,0.2989963572472613,0.5,2.3150155820501768,81,2.4990053303911752,2.4990053303911752,0.5100582233789367,0.935294216289501,4.33972806005137,81,0.8056996426005038,0.8041431732607716,0.0931551154289102,0.5145380159768163,1.0,81,1.0840527989705073,1.0751959818866281,0.3102090218596026,0.5,1.8316133841926443,81,8.602449666863368,7.652198596993741,3.290942547219107,3.6240304416409743,19.666686625860137,81,10.499540253513006,10.499540253513008,1.7763568394002505e-15,10.499540253513008,10.499540253513008,81,cases/granite_rqd_p32_rot_10.yaml,granite_dense_p32_10,medium_to_poor,dense,unfavorable,high,1,5
granite_dense_p32_10,57,30,30.5,9.646285165800961,8.640468197342159,11.05792124644733,11.057921246447329,8.481681194656888,10.373862115716216,0.8792691744928969,-1.1646039711440732,-0.05587815211462077,0.9381385420021067,-0.6840591307311144,707,90.5840928748067,90.5840928748067,90.5840928748067,90.91652810011212,91.07278032809015,4.857142857142857,34,90.5840928748067,5.2,90.36712329146954,52,10.0,P32_derived_Jv_proxy,82.0,82.0,0.33243522530541725,0.48868745328344687,8.916528100112117,9.072780328090147,0.33243522530541725,0.48868745328344687,8.916528100112117,9.072780328090147,707,34,9,698,0.9872701555869873,0.01272984441301273,78.53981633974483,7.0,9.001803581277601,4.857142857142857,4.857142857142857,0.11459155902616464,8.887212022251436,0.3650653250450864,0.2633086374872796,0.10175668755780676,1,1,1,1,1,1,90.5840928748067,90.5840928748067,0.0,90.5840928748067,90.5840928748067,81,4.0,4.0,0.0,4.0,4.0,81,1.2150077670606447,1.2150077670606447,0.30106981629889484,0.5,2.160282099135998,81,2.4882700365223025,2.4882700365223025,0.5208769614273423,0.7500253795102407,4.33972806005137,81,0.8133236905771883,0.8219256217903097,0.09648548043687577,0.514780940865292,1.0,81,1.0096679254734195,1.0157515080738397,0.26678014344698847,0.5,1.7454823329804523,81,9.646285165800961,8.640468197342159,3.1383336837512212,4.680599731699062,18.21870743834969,81,11.05792124644733,11.057921246447329,1.7763568394002505e-15,11.057921246447329,11.057921246447329,81,cases/granite_rqd_p32_rot_10.yaml,granite_dense_p32_10,medium_to_poor,dense,unfavorable,high,1,5
granite_dense_p32_10,58,10,10.5,9.140692196569628,8.573929957881385,10.400201515281912,10.400201515281914,9.381271548218178,9.936078318774893,1.0263195988306921,0.2405793516485506,0.011282622369355622,0.9553736342680434,-0.4641231965070194,781,86.07142349954223,86.07142349954223,86.07142349954223,88.50365196012994,92.49217641103623,4.285714285714286,30,86.07142349954223,6.7,85.45533249035259,67,10.0,P32_derived_Jv_proxy,82.0,82.0,2.4322284605877087,6.420752911493992,6.503651960129943,10.492176411036226,2.4322284605877087,6.420752911493992,6.503651960129943,10.492176411036226,781,30,11,770,0.9859154929577465,0.014084507042253521,78.53981633974483,7.0,9.94400084438162,4.285714285714286,4.285714285714286,0.1400563499208679,9.803944494460753,0.34829200228324286,0.300235795807975,0.04805620647526787,1,1,1,1,1,1,86.07142349954223,86.07142349954223,0.0,86.07142349954223,86.07142349954223,81,4.0,4.0,0.0,4.0,4.0,81,1.2029987384415233,1.2029987384415233,0.30702865134525675,0.5,2.129444046421175,81,2.488985759883343,2.488985759883343,0.4685787234357375,1.1293441799417607,4.1096667708205805,81,0.7945642768717542,0.7908608889832331,0.10042331260478594,0.565290153295367,1.0,81,0.9864336966394676,0.9952123648700024,0.2767350535634709,0.5,1.5851328271450498,81,9.140692196569628,8.573929957881385,3.1010906594105205,4.431366396463963,18.78565126165617,81,10.400201515281912,10.400201515281914,1.7763568394002505e-15,10.400201515281914,10.400201515281914,81,cases/granite_rqd_p32_rot_10.yaml,granite_dense_p32_10,medium_to_poor,dense,unfavorable,high,1,5
granite_dense_p32_10,58,20,20.5,9.734197943778574,8.953014564854188,10.754813657841732,10.75481365784173,7.382662097284323,10.331997682322049,0.7584253104286635,-2.351535846494251,-0.12008718200426793,0.9606858855047301,-0.42281597551968275,736,88.65676121844258,88.65676121844258,88.65676121844258,90.77523133004955,91.66668801165814,4.571428571428571,32,88.65676121844258,6.3,86.81246356412423,63,10.0,P32_derived_Jv_proxy,82.0,82.0,2.1184701116069675,3.0099267932155556,8.77523133004955,9.666688011658138,2.1184701116069675,3.0099267932155556,8.77523133004955,9.666688011658138,736,32,8,728,0.9891304347826086,0.010869565217391304,78.53981633974483,7.0,9.371043049250797,4.571428571428571,4.571428571428571,0.10185916357881301,9.269183885671984,0.35264999332791624,0.30631588157290324,0.04633411175501301,0,1,1,1,1,1,88.65676121844258,88.65676121844258,0.0,88.65676121844258,88.65676121844258,81,4.0,4.0,0.0,4.0,4.0,81,1.1975031564443643,1.1975031564443643,0.2958059009478861,0.5,2.03984387510688,81,2.467889141942716,2.467889141942716,0.49539334986424605,0.9191156764747597,4.225385249139467,81,0.8139883949857611,0.8200378291660119,0.09967076970262026,0.4418658359336589,1.0,81,0.9742854931556376,0.9741720709796667,0.2638048489653771,0.5,1.6886986498735663,81,9.734197943778574,8.953014564854188,3.129234576534308,4.311655732904485,17.946970642306876,81,10.754813657841732,10.75481365784173,1.7763568394002505e-15,10.75481365784173,10.75481365784173,81,cases/granite_rqd_p32_rot_10.yaml,granite_dense_p32_10,medium_to_poor,dense,unfavorable,high,1,5
granite_dense_p32_10,58,30,30.5,9.237709677637376,8.710606232323522,10.86721367904626,10.867213679046264,7.59625224458441,8.926008433559064,0.8223090473359861,-1.6414574330529659,-0.0849649314525267,0.8213704724302833,-1.9412052454871969,791,89.39415375206214,89.39415375206214,89.39415375206214,76.5643309439965,83.65855878193646,7.142857142857143,50,89.39415375206214,5.9,88.13803827278662,59,10.0,P32_derived_Jv_proxy,82.0,82.0,-12.829822808065643,-5.735594970125675,-5.435669056003505,1.6585587819364633,12.829822808065643,5.735594970125675,5.435669056003505,1.6585587819364633,791,50,18,773,0.97724399494311,0.022756005056890013,78.53981633974483,7.0,10.071324798855137,7.142857142857143,7.142857142857143,0.22918311805232927,9.842141680802808,0.34954185128235504,0.2595772137982132,0.08996463748414185,1,1,1,1,1,1,89.39415375206214,89.39415375206214,0.0,89.39415375206214,89.39415375206214,81,4.0,4.0,0.0,4.0,4.0,81,1.2122743453554563,1.2122743453554563,0.2872052348903424,0.5,2.124713431857542,81,2.493054853318597,2.493054853318597,0.5017898162757238,0.9072782407497682,3.9975339772028833,81,0.7824229526264782,0.7733088624105505,0.0864842389868813,0.6256124130614316,0.9971396888583199,81,1.005426175052472,0.9797078229311897,0.3067216535272064,0.5,1.8057045676403,81,9.237709677637376,8.710606232323522,2.8784505177475657,4.800652899375695,17.420349051850604,81,10.86721367904626,10.867213679046264,3.552713678800501e-15,10.867213679046264,10.867213679046264,81,cases/granite_rqd_p32_rot_10.yaml,granite_dense_p32_10,medium_to_poor,dense,unfavorable,high,1,5
granite_dense_p32_10,59,10,10.5,9.690977124382782,8.664798504995957,10.450326903906882,10.45032690390688,8.359465265775217,10.591182240985162,0.8626029303838266,-1.3315118586075645,-0.06418907082794789,1.0134785579794274,0.14085533707828013,750,87.44365640831491,87.44365640831491,87.44365640831491,82.07137899525912,85.17290846104531,6.714285714285714,47,87.44365640831491,6.0,87.80986177504423,60,10.0,P32_derived_Jv_proxy,82.0,82.0,-5.372277413055784,-2.270747947269598,0.07137899525912417,3.17290846104531,5.372277413055784,2.270747947269598,0.07137899525912417,3.17290846104531,750,47,15,735,0.98,0.02,78.53981633974483,7.0,9.54929658551372,6.714285714285714,6.714285714285714,0.1909859317102744,9.358310653803446,0.33618710905811555,0.2618863624847041,0.07430074657341146,1,1,1,1,1,1,87.44365640831491,87.44365640831491,0.0,87.44365640831491,87.44365640831491,81,4.0,4.0,0.0,4.0,4.0,81,1.1948459535975844,1.1948459535975844,0.2919159695270845,0.5,2.222668060112486,81,2.4994839871514407,2.4994839871514407,0.49886779071498427,1.077145823740851,4.36390283102581,81,0.8130405187327883,0.8123228055296912,0.09551365385189381,0.6032056496829452,1.0,81,0.9821721963761928,0.9944736755353183,0.319658413380919,0.5,1.7409281234417469,81,9.690977124382782,8.664798504995957,3.58778896599144,4.426843866361351,19.68697942448903,81,10.450326903906882,10.45032690390688,1.7763568394002505e-15,10.45032690390688,10.45032690390688,81,cases/granite_rqd_p32_rot_10.yaml,granite_dense_p32_10,medium_to_poor,dense,unfavorable,high,1,5
granite_dense_p32_10,59,20,20.5,9.432590760655428,8.278573229696562,10.353997242995858,10.353997242995858,9.205043376001473,9.721841451301836,0.9758764701630983,-0.2275473846539544,-0.010605153359813713,0.938945725321527,-0.6321557916940215,774,84.08338196125612,84.08338196125612,84.08338196125612,85.62022551158533,88.75360785597299,5.571428571428571,39,84.08338196125612,6.1,87.47948992099447,61,10.0,P32_derived_Jv_proxy,82.0,82.0,1.536843550329209,4.6702258947168644,3.620225511585332,6.753607855972987,1.536843550329209,4.6702258947168644,3.620225511585332,6.753607855972987,774,39,16,758,0.979328165374677,0.020671834625323,78.53981633974483,7.0,9.854874076250159,5.571428571428571,5.571428571428571,0.20371832715762603,9.651155749092533,0.3593584068428971,0.2514655344521841,0.10789287239071299,1,1,1,1,1,1,84.08338196125612,84.08338196125612,0.0,84.08338196125612,84.08338196125612,81,4.0,4.0,0.0,4.0,4.0,81,1.2230735535101638,1.2230735535101638,0.294666243728532,0.5,2.2119156884732707,81,2.483102862425281,2.483102862425281,0.5046300462716732,0.9705123719582816,4.070336690521385,81,0.8064984090047714,0.8063037614304853,0.09371386562571783,0.550097108216108,1.0,81,0.9662480803455146,0.9807074574874064,0.2731505887278854,0.5,1.6720256894770706,81,9.432590760655428,8.278573229696562,3.1784650165867294,4.846985304022757,17.997175089630016,81,10.353997242995858,10.353997242995858,0.0,10.353997242995858,10.353997242995858,81,cases/granite_rqd_p32_rot_10.yaml,granite_dense_p32_10,medium_to_poor,dense,unfavorable,high,1,5
granite_dense_p32_10,59,30,30.5,10.066645586878474,8.957790958587786,10.976784090013792,10.976784090013792,7.453454684053496,10.594816871247188,0.7404109561350622,-2.613190902824978,-0.13052716345533555,0.965202265469164,-0.38196721876660433,729,92.38034719810429,92.38034719810429,92.38034719810429,87.65032205551981,88.105331515727,5.714285714285714,40,92.38034719810429,5.0,90.97959895689502,50,10.0,P32_derived_Jv_proxy,82.0,82.0,-4.730025142584481,-4.275015682377287,5.650322055519808,6.105331515727002,4.730025142584481,4.275015682377287,5.650322055519808,6.105331515727002,729,40,11,718,0.9849108367626886,0.015089163237311385,78.53981633974483,7.0,9.281916281119337,5.714285714285714,5.714285714285714,0.1400563499208679,9.141859931198468,0.35712735720822175,0.3217529824715265,0.03537437473669525,0,1,1,1,1,1,92.38034719810429,92.38034719810429,0.0,92.38034719810429,92.38034719810429,81,4.0,4.0,0.0,4.0,4.0,81,1.2024977690899445,1.2024977690899445,0.28704368494221905,0.5,2.134608036310984,81,2.5300479744913917,2.5300479744913917,0.4791671382304645,0.9705123719582816,4.600121321942257,81,0.7993147112641963,0.798097197100222,0.08490787298602626,0.6203742123666379,1.0,81,0.9583635068702538,0.9779088975229352,0.2744538001507033,0.5,1.5517615787428731,81,10.066645586878474,8.957790958587786,3.560271668561587,4.9339291600590025,19.95082278571175,81,10.976784090013792,10.976784090013792,0.0,10.976784090013792,10.976784090013792,81,cases/granite_rqd_p32_rot_10.yaml,granite_dense_p32_10,medium_to_poor,dense,unfavorable,high,1,5
granite_dense_p32_20,40,10,10.5,7.574695954928224,7.005596934712752,8.383064690861417,8.383064690861417,7.2642716225953405,9.584595114263644,0.9590182451969025,-0.31042433233288325,-0.018173130354924516,1.1433283014876463,1.201530423402227,1498,69.90019213067576,69.90019213067576,69.90019213067576,77.59780327215842,72.20389812833784,10.428571428571429,73,69.90019213067576,10.7,71.00276310567229,107,20.0,P32_derived_Jv_proxy,49.0,49.0,7.697611141482653,2.303705997662078,28.597803272158416,23.20389812833784,7.697611141482653,2.303705997662078,28.597803272158416,23.20389812833784,1498,73,19,1479,0.9873164218958611,0.012683578104138851,78.53981633974483,7.0,19.073128380132736,10.428571428571429,10.428571428571429,0.2419155134996809,18.831212866633056,0.34363756700396964,0.28982712192183013,0.0538104450821395,1,1,1,1,1,1,69.90019213067576,69.90019213067576,0.0,69.90019213067576,69.90019213067576,81,4.0,4.0,0.0,4.0,4.0,81,1.2068790863104706,1.2068790863104706,0.3010155254584289,0.5,2.382641478936109,81,2.5158185914860107,2.5158185914860107,0.4961134779079775,0.9993070941478881,4.210430480996749,81,0.8035971553723992,0.8076560283621431,0.10066257195430728,0.53260119501172,1.0,81,0.9697544385533005,0.9383394783297043,0.2766163932638677,0.5,1.603020648014794,81,7.574695954928224,7.005596934712752,2.5239284945887337,3.539782745979352,13.834426372055344,81,8.383064690861417,8.383064690861417,0.0,8.383064690861417,8.383064690861417,81,cases/granite_rqd_p32_rot_20.yaml,granite_dense_p32_20,medium_to_poor,dense,unfavorable,high,1,5
granite_dense_p32_20,40,20,20.5,6.630593813911814,6.118875791764253,8.351974408489397,8.351974408489399,6.515353751873248,7.785537435076322,0.9826199484883575,-0.1152400620385654,-0.007614423357644284,0.9321792733419636,-0.566436973413075,1604,70.36570595388908,70.36570595388908,70.36570595388908,63.39455259005418,72.73438669271991,10.285714285714286,72,70.36570595388908,11.4,68.44127066868903,114,20.0,P32_derived_Jv_proxy,49.0,49.0,-6.971153363834894,2.3686807388308324,14.394552590054182,23.73438669271991,6.971153363834894,2.3686807388308324,14.394552590054182,23.73438669271991,1604,72,22,1582,0.986284289276808,0.01371571072319202,78.53981633974483,7.0,20.42276229755201,10.285714285714286,10.285714285714286,0.2801126998417358,20.142649597710275,0.3441493554771532,0.2754146128031524,0.06873474267400081,1,1,1,1,1,1,70.36570595388908,70.36570595388908,0.0,70.36570595388908,70.36570595388908,81,4.0,4.0,0.0,4.0,4.0,81,1.1976206472430513,1.1976206472430513,0.2879968179138891,0.5,2.1278473470854986,81,2.5225000157613278,2.5225000157613278,0.4985539885880999,0.9629207752624356,4.399985692816719,81,0.799889545963395,0.7990959797484326,0.08922012665462013,0.6362147928205298,1.0,81,1.1014069007716158,1.1163084583400518,0.29939186823266106,0.5,1.831943449738366,81,6.630593813911814,6.118875791764253,2.3649429046673314,3.404564557381788,14.165652447347902,81,8.351974408489397,8.351974408489399,1.7763568394002505e-15,8.351974408489399,8.351974408489399,81,cases/granite_rqd_p32_rot_20.yaml,granite_dense_p32_20,medium_to_poor,dense,unfavorable,high,1,5
granite_dense_p32_20,40,30,30.5,7.144605121939143,6.762689755655417,8.152271279553919,8.15227127955392,9.190585693316123,7.7184257879639375,1.2863672010499685,2.0459805713769805,0.10936495818873038,0.9467822553110965,-0.433845491589981,1539,67.21622077247513,67.21622077247513,67.21622077247513,63.582560367621554,68.19584721251964,11.571428571428571,81,67.21622077247513,11.8,66.98676501504661,118,20.0,P32_derived_Jv_proxy,49.0,49.0,-3.633660404853572,0.9796264400445125,14.582560367621554,19.195847212519638,3.633660404853572,0.9796264400445125,14.582560367621554,19.195847212519638,1539,81,28,1511,0.98180636777128,0.018193632228719947,78.53981633974483,7.0,19.595156593474155,11.571428571428571,11.571428571428571,0.35650707252584557,19.238649520948307,0.350398072612762,0.3301486228022943,0.020249449810467723,0,1,1,1,1,1,67.21622077247513,67.21622077247513,0.0,67.21622077247513,67.21622077247513,81,4.0,4.0,0.0,4.0,4.0,81,1.2041119662959812,1.2041119662959812,0.30014389229832195,0.5,2.3106041150699377,81,2.48200326589716,2.48200326589716,0.5036221720052554,0.8362535574240613,4.2701362452911695,81,0.800257429823972,0.7905785405298176,0.10106852332611733,0.5390120919419402,1.0,81,0.9987436365213074,0.9967042761718597,0.27448000500424025,0.5,1.6629978368886775,81,7.144605121939143,6.762689755655417,2.53647638197296,3.0300057500784545,15.833557976082593,81,8.152271279553919,8.15227127955392,1.7763568394002505e-15,8.15227127955392,8.15227127955392,81,cases/granite_rqd_p32_rot_20.yaml,granite_dense_p32_20,medium_to_poor,dense,unfavorable,high,1,5
granite_dense_p32_20,41,10,10.5,6.816771562214858,6.317503867421079,7.880916822241367,7.880916822241366,6.384429177880334,7.620407726845614,0.936576665304294,-0.43234238433452354,-0.02845666681427017,0.9669443160901598,-0.2605090953957525,1510,66.13991798084271,66.13991798084271,66.13991798084271,59.19066220267987,63.781215091447436,12.714285714285714,89,66.13991798084271,11.6,67.71301507064275,116,20.0,P32_derived_Jv_proxy,49.0,49.0,-6.9492557781628435,-2.358702889395275,10.190662202679867,14.781215091447436,6.9492557781628435,2.358702889395275,10.190662202679867,14.781215091447436,1510,89,30,1480,0.9801324503311258,0.019867549668874173,78.53981633974483,7.0,19.225917125500956,12.714285714285714,12.714285714285714,0.3819718634205488,18.843945262080407,0.352752415832692,0.27896792412763116,0.07378449170506085,1,1,1,1,1,1,66.13991798084271,66.13991798084271,0.0,66.13991798084271,66.13991798084271,81,4.0,4.0,0.0,4.0,4.0,81,1.1942661172451021,1.1942661172451021,0.2930680535824627,0.5,2.2247565295467697,81,2.5056939701155807,2.5056939701155807,0.4937251455083194,0.8944001957135932,4.280830637101557,81,0.7978581082223815,0.7943015153875855,0.09928950078230864,0.5852307861527136,1.0,81,1.0090870943838894,0.9795592398973204,0.30192537640846345,0.5,1.910320876119753,81,6.816771562214858,6.317503867421079,2.338149536959602,3.5586977512010787,15.761833644482731,81,7.880916822241367,7.880916822241366,8.881784197001252e-16,7.880916822241366,7.880916822241366,81,cases/granite_rqd_p32_rot_20.yaml,granite_dense_p32_20,medium_to_poor,dense,unfavorable,high,1,5
granite_dense_p32_20,41,20,20.5,6.5648145281083545,6.232686846951026,7.89737004502546,7.89737004502546,7.846186196185488,8.77777649708032,1.195187794352868,1.2813716680771332,0.07743614933723353,1.1114809673391746,0.8804064520548591,1479,66.17244654659027,66.17244654659027,66.17244654659027,68.56190236373284,72.37746472551449,10.285714285714286,72,66.17244654659027,12.1,65.90159875400511,121,20.0,P32_derived_Jv_proxy,49.0,49.0,2.3894558171425757,6.20501817892422,19.56190236373284,23.377464725514486,2.3894558171425757,6.20501817892422,19.56190236373284,23.377464725514486,1479,72,23,1456,0.9844489519945909,0.01555104800540906,78.53981633974483,7.0,18.831212866633056,10.285714285714286,10.285714285714286,0.2928450952890874,18.538367771343967,0.35020681074586757,0.28590113390951843,0.06430567683634913,1,1,1,1,1,1,66.17244654659027,66.17244654659027,0.0,66.17244654659027,66.17244654659027,81,4.0,4.0,0.0,4.0,4.0,81,1.1968493815787853,1.1968493815787853,0.29936054351099034,0.5,2.2262503335593316,81,2.5071147507114966,2.5071147507114966,0.49916137072172223,1.0521905695989195,4.0314311562401395,81,0.8089172847331659,0.8130443701500136,0.09896632926536905,0.5198663106279062,1.0,81,1.0427542653117048,1.0020198540577556,0.25699482971596643,0.5,1.6146966926613922,81,6.5648145281083545,6.232686846951026,2.062354207866439,3.2662340674862422,13.305577773983321,81,7.89737004502546,7.89737004502546,0.0,7.89737004502546,7.89737004502546,81,cases/granite_rqd_p32_rot_20.yaml,granite_dense_p32_20,medium_to_poor,dense,unfavorable,high,1,5
granite_dense_p32_20,41,30,30.5,7.556494998937792,6.769031538909261,8.207422804918782,8.207422804918783,5.2982424151945136,8.117842935928959,0.7011507869639669,-2.2582525837432783,-0.15418857418126852,0.989085505752654,-0.08957986898982284,1477,67.32622519891154,67.32622519891154,67.32622519891154,65.94855877372036,69.44345863115316,11.142857142857142,78,67.32622519891154,10.3,72.47241299553693,103,20.0,P32_derived_Jv_proxy,49.0,49.0,-1.3776664251911797,2.117233432241619,16.948558773720364,20.443458631153163,1.3776664251911797,2.117233432241619,16.948558773720364,20.443458631153163,1477,78,22,1455,0.9851049424509141,0.014895057549085985,78.53981633974483,7.0,18.805748075738354,11.142857142857142,11.142857142857142,0.2801126998417358,18.525635375896616,0.345024345255458,0.25337322496498005,0.09165112029047795,0,1,1,1,1,1,67.32622519891154,67.32622519891154,0.0,67.32622519891154,67.32622519891154,81,4.0,4.0,0.0,4.0,4.0,81,1.2155536252043466,1.2155536252043466,0.3023394660559962,0.5,2.1231253710900204,81,2.4928238454711544,2.4928238454711544,0.5074837292823104,0.8905714040100332,3.9941014865116635,81,0.801436147906869,0.8010738879103414,0.09968544949654078,0.5777008709041266,1.0,81,0.9647394838910653,0.922854689662873,0.29718692631239385,0.5,1.8443491796109208,81,7.556494998937792,6.769031538909261,2.815897177980294,3.3948057078249128,16.249904796106,81,8.207422804918782,8.207422804918783,1.7763568394002505e-15,8.207422804918783,8.207422804918783,81,cases/granite_rqd_p32_rot_20.yaml,granite_dense_p32_20,medium_to_poor,dense,unfavorable,high,1,5
granite_dense_p32_20,42,10,10.5,7.053320163982934,6.644323906171148,7.900562129641622,7.900562129641623,4.718627960056459,6.551489515334226,0.6689938710214312,-2.3346922039264753,-0.17457786099714712,0.8292434649370207,-1.3490726143073957,1455,65.03893480688959,65.03893480688959,65.03893480688959,51.58918362549492,60.34658971123901,13.857142857142858,97,65.03893480688959,11.5,68.07690541649644,115,20.0,P32_derived_Jv_proxy,49.0,49.0,-13.449751181394667,-4.692345095650573,2.5891836254949183,11.346589711239012,13.449751181394667,4.692345095650573,2.5891836254949183,11.346589711239012,1455,97,36,1419,0.9752577319587629,0.024742268041237112,78.53981633974483,7.0,18.525635375896616,13.857142857142858,13.857142857142858,0.45836623610465854,18.067269139791957,0.3395124879236622,0.2679098642805353,0.07160262364312686,0,0,1,1,1,1,65.03893480688959,65.03893480688959,0.0,65.03893480688959,65.03893480688959,81,4.0,4.0,0.0,4.0,4.0,81,1.213250282750731,1.213250282750731,0.29160761624207815,0.5,2.028741835627975,81,2.4969269511916528,2.4969269511916528,0.5021577640187862,1.023523948012725,3.9538403333143814,81,0.8201517560809011,0.8226067003048976,0.08698822438873212,0.5751736541013271,1.0,81,0.9877160372876669,0.937196033969026,0.2563878424717291,0.5,1.5404515273190675,81,7.053320163982934,6.644323906171148,2.161124221501135,3.9505114088594593,13.888640397775976,81,7.900562129641622,7.900562129641623,8.881784197001252e-16,7.900562129641623,7.900562129641623,81,cases/granite_rqd_p32_rot_20.yaml,granite_dense_p32_20,medium_to_poor,dense,unfavorable,high,1,5
granite_dense_p32_20,42,20,20.5,9.008709801137327,8.000328067159039,9.530670144837812,9.53067014483781,6.158893249831948,8.091976520869887,0.6836598564929246,-2.849816551305379,-0.1651599204882166,0.8490459115566833,-1.438693623967925,1557,80.28975004101729,80.28975004101729,80.28975004101729,63.95920813801581,64.04731582299779,12.714285714285714,89,80.28975004101729,10.1,73.20801489387618,101,20.0,P32_derived_Jv_proxy,49.0,49.0,-16.330541903001475,-16.242434218019497,14.95920813801581,15.047315822997788,16.330541903001475,16.242434218019497,14.95920813801581,15.047315822997788,1557,89,28,1529,0.9820166987797045,0.01798330122029544,78.53981633974483,7.0,19.824339711526484,12.714285714285714,12.714285714285714,0.35650707252584557,19.467832639000637,0.3420874295040033,0.28239144648455416,0.05969598301944912,0,1,1,1,1,1,80.28975004101729,80.28975004101729,0.0,80.28975004101729,80.28975004101729,81,4.0,4.0,0.0,4.0,4.0,81,1.1940469964474316,1.1940469964474316,0.2920511337651712,0.5,2.0977945261223465,81,2.514768988566838,2.514768988566838,0.5066033378497631,1.0407914342733164,4.417110230058627,81,0.7988857674090312,0.8117037190935028,0.1011720173796645,0.5561134050219071,1.0,81,0.9683511330949067,0.9370708560021371,0.3338856479833927,0.5,1.7820738996420622,81,9.008709801137327,8.000328067159039,3.628907446001549,2.9741378443682627,17.982467440420677,81,9.530670144837812,9.53067014483781,1.7763568394002505e-15,9.53067014483781,9.53067014483781,81,cases/granite_rqd_p32_rot_20.yaml,granite_dense_p32_20,medium_to_poor,dense,unfavorable,high,1,5
granite_dense_p32_20,42,30,30.5,7.130602852794329,6.563420444318621,7.811484378767616,7.811484378767615,5.704430535486288,8.155295091504575,0.7999927430050104,-1.4261723173080414,-0.09691395261702407,1.0440134929631903,0.3438107127369596,1583,65.35181953367307,65.35181953367307,65.35181953367307,67.33926681419277,71.42270252323242,10.571428571428571,74,65.35181953367307,11.1,69.53694078686489,111,20.0,P32_derived_Jv_proxy,49.0,49.0,1.987447280519703,6.070882989559351,18.33926681419277,22.422702523232417,1.987447280519703,6.070882989559351,18.33926681419277,22.422702523232417,1583,74,31,1552,0.9804169298799748,0.01958307012002527,78.53981633974483,7.0,20.155381993157626,10.571428571428571,10.571428571428571,0.39470425886790045,19.760677734289725,0.3486117476356051,0.2493131653421239,0.09929858229348121,0,1,1,1,1,1,65.35181953367307,65.35181953367307,0.0,65.35181953367307,65.35181953367307,81,4.0,4.0,0.0,4.0,4.0,81,1.200821327566355,1.200821327566355,0.29678416805325786,0.5,2.176584400673292,81,2.511553978927721,2.511553978927721,0.5029474639017898,0.8324173334983862,3.901685817940203,81,0.816729700761937,0.8169461992309159,0.10196021735524873,0.5895180825587304,1.0,81,0.9919010136788373,0.9891668958302567,0.2864226965439688,0.5,1.61392226941115,81,7.130602852794329,6.563420444318621,2.7075879884532323,3.5227451671603514,15.62296875753523,81,7.811484378767616,7.811484378767615,8.881784197001252e-16,7.811484378767615,7.811484378767615,81,cases/granite_rqd_p32_rot_20.yaml,granite_dense_p32_20,medium_to_poor,dense,unfavorable,high,1,5
granite_dense_p32_20,43,10,10.5,7.094372382245464,6.412484381050816,8.05968708542797,8.059687085427973,7.96013973991736,9.013458613603111,1.1220357927416647,0.8657673576718965,0.05000671105762888,1.1183385307724383,0.9537715281751407,1542,67.2276501848143,67.2276501848143,67.2276501848143,73.99996397471708,71.16536030425634,10.714285714285714,75,67.2276501848143,11.5,68.07690541649644,115,20.0,P32_derived_Jv_proxy,49.0,49.0,6.772313789902782,3.9377101194420447,24.999963974717076,22.16536030425634,6.772313789902782,3.9377101194420447,24.999963974717076,22.16536030425634,1542,75,15,1527,0.9902723735408561,0.009727626459143969,78.53981633974483,7.0,19.633353779816208,10.714285714285714,10.714285714285714,0.1909859317102744,19.442367848105935,0.35816827512846494,0.2959401381228792,0.062228137005585715,1,1,1,1,1,1,67.2276501848143,67.2276501848143,0.0,67.2276501848143,67.2276501848143,81,4.0,4.0,0.0,4.0,4.0,81,1.2043437880860979,1.2043437880860979,0.2888120847914972,0.5,2.0585687075253922,81,2.5114251344227907,2.5114251344227907,0.48567704112443055,0.9788220924769098,4.189891992891699,81,0.8005996334473018,0.8083399756866172,0.09094354034905701,0.6028684794019811,1.0,81,1.0111272453389775,1.0189493802142906,0.3091718189269834,0.5,1.9021458853895916,81,7.094372382245464,6.412484381050816,2.658737819691791,3.302351782484366,14.874705993955331,81,8.05968708542797,8.059687085427973,1.7763568394002505e-15,8.059687085427973,8.059687085427973,81,cases/granite_rqd_p32_rot_20.yaml,granite_dense_p32_20,medium_to_poor,dense,unfavorable,high,1,5
granite_dense_p32_20,43,20,20.5,6.742162301350165,6.352589027999618,7.66559980562227,7.66559980562227,6.723086216132942,7.716330694064242,0.9971706280026212,-0.019076085217222705,-0.0012305222703999918,1.0066179933375552,0.050730888441972155,1497,63.49313514075236,63.49313514075236,63.49313514075236,60.614946416253574,66.60773679592823,12.0,84,63.49313514075236,13.2,61.97539005607729,132,20.0,P32_derived_Jv_proxy,49.0,49.0,-2.8781887244987843,3.114601655175875,11.614946416253574,17.607736795928233,2.8781887244987843,3.114601655175875,11.614946416253574,17.607736795928233,1497,84,33,1464,0.9779559118236473,0.022044088176352707,78.53981633974483,7.0,19.060395984685385,12.0,12.0,0.42016904976260366,18.640226934922783,0.3462973050778847,0.3130013382397637,0.03329596683812097,1,1,1,1,1,1,63.49313514075236,63.49313514075236,0.0,63.49313514075236,63.49313514075236,81,4.0,4.0,0.0,4.0,4.0,81,1.2038877161536476,1.2038877161536476,0.29286833836561815,0.5,2.224416656997661,81,2.492910124266206,2.492910124266206,0.5021474064609913,0.9090670867310335,3.881680971471378,81,0.7905888054956041,0.7786183429896067,0.11006730644197166,0.5534061106231943,1.0,81,0.9738748458334907,1.00575159650972,0.2531224140316706,0.5,1.5940754817332985,81,6.742162301350165,6.352589027999618,2.3258012258115306,3.7621781449378537,15.33119961124454,81,7.66559980562227,7.66559980562227,0.0,7.66559980562227,7.66559980562227,81,cases/granite_rqd_p32_rot_20.yaml,granite_dense_p32_20,medium_to_poor,dense,unfavorable,high,1,5
granite_dense_p32_20,43,30,30.5,5.983003310552304,5.502319691275743,6.836285101460946,6.836285101460946,7.655856701087051,8.536695064225878,1.2796009468328913,1.6728533905347467,0.10707455276573297,1.2487330381235193,1.7004099627649323,1567,56.212714584553304,56.212714584553304,56.212714584553304,67.70125460700716,65.14756317801671,12.428571428571429,87,56.212714584553304,11.9,66.6244568306082,119,20.0,P32_derived_Jv_proxy,49.0,49.0,11.488540022453854,8.934848593463407,18.701254607007158,16.14756317801671,11.488540022453854,8.934848593463407,18.701254607007158,16.14756317801671,1567,87,34,1533,0.9783024888321634,0.02169751116783663,78.53981633974483,7.0,19.951663665999998,12.428571428571429,12.428571428571429,0.4329014452099553,19.518762220790045,0.3432632594167031,0.2656881986312031,0.07757506078550003,0,1,1,1,1,1,56.212714584553304,56.212714584553304,0.0,56.212714584553304,56.212714584553304,81,4.0,4.0,0.0,4.0,4.0,81,1.2084362454329907,1.2084362454329907,0.2947082116771905,0.5,2.264408478911541,81,2.4841518730559184,2.4841518730559184,0.5177950444838827,0.75,4.269910318446292,81,0.7948638466131424,0.7947782314267764,0.10207510399684487,0.5566606012163399,1.0,81,1.0128008059196867,0.9776625528379457,0.3181093142679531,0.5,1.9115843994476727,81,5.983003310552304,5.502319691275743,2.2571553632681374,1.9907520566526404,13.15232062434492,81,6.836285101460946,6.836285101460946,0.0,6.836285101460946,6.836285101460946,81,cases/granite_rqd_p32_rot_20.yaml,granite_dense_p32_20,medium_to_poor,dense,unfavorable,high,1,5
granite_dense_p32_20,44,10,10.5,7.0638810707570086,6.401411101547583,8.466905481335141,8.46690548133514,6.837343478709981,8.371189850989964,0.9679301520257969,-0.22653759204702784,-0.014155981208391122,0.98869532315482,-0.09571563034517716,1467,68.98715365163805,68.98715365163805,68.98715365163805,67.43822383575024,66.76747061151012,11.857142857142858,83,68.98715365163805,9.9,73.94376151338709,99,20.0,P32_derived_Jv_proxy,49.0,49.0,-1.548929815887817,-2.219683040127933,18.438223835750236,17.76747061151012,1.548929815887817,2.219683040127933,18.438223835750236,17.76747061151012,1467,83,25,1442,0.9829584185412407,0.017041581458759374,78.53981633974483,7.0,18.678424121264836,11.857142857142858,11.857142857142858,0.3183098861837907,18.360114235081046,0.34620099647207525,0.29108576782468765,0.055115228647387604,1,1,1,1,1,1,68.98715365163805,68.98715365163805,0.0,68.98715365163805,68.98715365163805,81,4.0,4.0,0.0,4.0,4.0,81,1.22242717372819,1.22242717372819,0.28477133170687996,0.5,2.3016158523653867,81,2.49004112092161,2.49004112092161,0.48755426292204074,0.981451892083371,4.890934615455816,81,0.8036292895023304,0.8122964039050711,0.09957689538991277,0.5512180366000373,1.0,81,1.0521454522367355,1.053047597726763,0.2997950861484031,0.5,1.9470777795643965,81,7.0638810707570086,6.401411101547583,2.494940085656958,3.763507771212607,16.93381096267028,81,8.466905481335141,8.46690548133514,1.7763568394002505e-15,8.46690548133514,8.46690548133514,81,cases/granite_rqd_p32_rot_20.yaml,granite_dense_p32_20,medium_to_poor,dense,unfavorable,high,1,5
granite_dense_p32_20,44,20,20.5,8.291170703034174,7.562399336038703,8.961150281181888,8.961150281181888,6.816666959650873,8.44877704741895,0.8221597653460804,-1.474503743383301,-0.08504378043298977,0.9428228276855367,-0.5123732337629381,1524,74.97580344001929,74.97580344001929,74.97580344001929,70.91545539328699,72.43519327089065,10.285714285714286,72,74.97580344001929,9.9,73.94376151338709,99,20.0,P32_derived_Jv_proxy,49.0,49.0,-4.060348046732301,-2.540610169128641,21.91545539328699,23.43519327089065,4.060348046732301,2.540610169128641,21.91545539328699,23.43519327089065,1524,72,29,1495,0.9809711286089239,0.019028871391076115,78.53981633974483,7.0,19.404170661763878,10.285714285714286,10.285714285714286,0.3692394679731972,19.034931193790683,0.351974717524173,0.3099753159218023,0.0419994016023707,1,1,1,1,1,1,74.97580344001929,74.97580344001929,0.0,74.97580344001929,74.97580344001929,81,4.0,4.0,0.0,4.0,4.0,81,1.1914821765201722,1.1914821765201722,0.2868754288239181,0.5,2.083718402961405,81,2.492211676682224,2.492211676682224,0.517951161112268,0.75,4.233223522785539,81,0.7963433355952534,0.792399507706913,0.09464515220703215,0.5310851053093565,0.9832069555538783,81,0.9496117296180606,0.943707473018034,0.283591865374451,0.5,1.6093918813096557,81,8.291170703034174,7.562399336038703,2.9218790783787134,3.4529951279956115,16.60023380322002,81,8.961150281181888,8.961150281181888,0.0,8.961150281181888,8.961150281181888,81,cases/granite_rqd_p32_rot_20.yaml,granite_dense_p32_20,medium_to_poor,dense,unfavorable,high,1,5
granite_dense_p32_20,44,30,30.5,7.971598829597275,6.92164220142898,9.057306431859812,9.05730643185981,8.7153860754705,9.880685788143497,1.0933046508953337,0.7437872458732251,0.03874119558840683,1.0909077508283678,0.8233793562836844,1520,74.27164603332479,74.27164603332479,74.27164603332479,75.63170174276341,77.69703727232692,8.857142857142858,62,74.27164603332479,10.0,73.57588823428847,100,20.0,P32_derived_Jv_proxy,49.0,49.0,1.360055709438626,3.4253912390021384,26.63170174276341,28.697037272326924,1.360055709438626,3.4253912390021384,26.63170174276341,28.697037272326924,1520,62,15,1505,0.9901315789473685,0.009868421052631578,78.53981633974483,7.0,19.353241079974474,8.857142857142858,8.857142857142858,0.1909859317102744,19.162255148264197,0.3507570474381203,0.30431335643517576,0.04644369100294454,1,1,1,1,1,1,74.27164603332479,74.27164603332479,0.0,74.27164603332479,74.27164603332479,81,4.0,4.0,0.0,4.0,4.0,81,1.2138862528850478,1.2138862528850478,0.29176480522266685,0.5,2.1513455448958263,81,2.488524893611348,2.488524893611348,0.5020232397395658,0.75,4.150917396697345,81,0.7812238383453431,0.7788268000785074,0.09346162346482771,0.5342370727038999,1.0,81,0.9848479673114322,0.9792017256840395,0.2960902175930554,0.5,1.714353518314174,81,7.971598829597275,6.92164220142898,2.929107263795948,3.9248494121138746,15.277562684810585,81,9.057306431859812,9.05730643185981,1.7763568394002505e-15,9.05730643185981,9.05730643185981,81,cases/granite_rqd_p32_rot_20.yaml,granite_dense_p32_20,medium_to_poor,dense,unfavorable,high,1,5
granite_dense_p32_20,45,10,10.5,6.672645496608919,5.689314476747732,7.638874228375259,7.638874228375261,5.505316193862887,6.8863129944004156,0.8250574973090844,-1.1673293027460314,-0.08351578491195666,0.9014827039330757,-0.7525612339748431,1581,63.53414452080107,63.53414452080107,63.53414452080107,61.30176949145723,71.63300328899446,10.571428571428571,74,63.53414452080107,11.3,68.80608361793986,113,20.0,P32_derived_Jv_proxy,49.0,49.0,-2.2323750293438422,8.098858768193388,12.301769491457229,22.63300328899446,2.2323750293438422,8.098858768193388,12.301769491457229,22.63300328899446,1581,74,29,1552,0.9816571790006325,0.018342820999367487,78.53981633974483,7.0,20.129917202262924,10.571428571428571,10.571428571428571,0.3692394679731972,19.760677734289725,0.3496209279924096,0.33109467250485614,0.01852625548755349,1,1,1,1,1,1,63.53414452080107,63.53414452080107,0.0,63.53414452080107,63.53414452080107,81,4.0,4.0,0.0,4.0,4.0,81,1.2017683535910102,1.2017683535910102,0.3007799736154102,0.5,2.209015765551538,81,2.498840862373259,2.498840862373259,0.4891155247239406,1.061196121585262,4.31988094929531,81,0.7878509828911117,0.7999873356414235,0.0998739407777145,0.5590883966836794,0.9693777709148167,81,1.0088277539539994,1.0461571489595884,0.29838944737964346,0.5,1.7140001082115817,81,6.672645496608919,5.689314476747732,2.7023381068805743,3.03857208283601,14.30937386417063,81,7.638874228375259,7.638874228375261,2.6645352591003757e-15,7.638874228375261,7.638874228375261,81,cases/granite_rqd_p32_rot_20.yaml,granite_dense_p32_20,medium_to_poor,dense,unfavorable,high,1,5
granite_dense_p32_20,45,20,20.5,7.344456524620483,6.595984057003277,8.264260448378154,8.264260448378156,7.059778806473142,7.259104853655083,0.9612391036432677,-0.284677718147341,-0.01716857021201912,0.8783731949154228,-1.005155594723071,1514,69.0103538509695,69.0103538509695,69.0103538509695,60.1865240510124,65.36927137292287,12.285714285714286,86,69.0103538509695,10.8,70.63586933414734,108,20.0,P32_derived_Jv_proxy,49.0,49.0,-8.823829799957096,-3.641082478046627,11.186524051012398,16.369271372922867,8.823829799957096,3.641082478046627,11.186524051012398,16.369271372922867,1514,86,30,1484,0.9801849405548216,0.019815059445178335,78.53981633974483,7.0,19.276846707290364,12.285714285714286,12.285714285714286,0.3819718634205488,18.894874843869815,0.3519461542659269,0.3052689901927852,0.04667716407314171,1,1,1,1,1,1,69.0103538509695,69.0103538509695,0.0,69.0103538509695,69.0103538509695,81,4.0,4.0,0.0,4.0,4.0,81,1.2016302595231567,1.2016302595231567,0.3001639106766651,0.5,2.1550363503092966,81,2.5085405380707475,2.5085405380707475,0.4914619324514496,1.0904650699786458,4.082656808728065,81,0.8060333339035968,0.794065659519944,0.10791027317708209,0.5085294499498666,1.0,81,0.9988744901786574,1.0171616778561827,0.2875360634309954,0.5,1.7299572534595633,81,7.344456524620483,6.595984057003277,2.7053594488973185,3.321806420930495,16.24784748559944,81,8.264260448378154,8.264260448378156,1.7763568394002505e-15,8.264260448378156,8.264260448378156,81,cases/granite_rqd_p32_rot_20.yaml,granite_dense_p32_20,medium_to_poor,dense,unfavorable,high,1,5
granite_dense_p32_20,45,30,30.5,7.122800329394868,6.4019479666939025,8.03747758849944,8.03747758849944,5.592523934413192,6.614493529419922,0.7851580383818392,-1.5302763949816756,-0.10504291868255067,0.8229563885670277,-1.4229840590795186,1471,67.07810681914485,67.07810681914485,67.07810681914485,53.89319891532161,64.95391607301369,12.428571428571429,87,67.07810681914485,12.1,65.90159875400511,121,20.0,P32_derived_Jv_proxy,49.0,49.0,-13.184907903823238,-2.1241907461311627,4.893198915321612,15.953916073013687,13.184907903823238,2.1241907461311627,4.893198915321612,15.953916073013687,1471,87,25,1446,0.9830047586675731,0.01699524133242692,78.53981633974483,7.0,18.729353703054244,12.428571428571429,12.428571428571429,0.3183098861837907,18.411043816870453,0.35150491460139954,0.2750109004043594,0.07649401419704016,0,1,1,1,1,1,67.07810681914485,67.07810681914485,0.0,67.07810681914485,67.07810681914485,81,4.0,4.0,0.0,4.0,4.0,81,1.1976021601228453,1.1976021601228453,0.30261120507315276,0.5,2.2105567204407017,81,2.498697033336195,2.498697033336195,0.5054056823747094,0.752031501278084,4.082656808728065,81,0.8048600204661626,0.8033934027965469,0.08985548222420017,0.5124127807171411,1.0,81,0.9883837094778509,0.9962071229495126,0.2692187643307613,0.5,1.6941483218907574,81,7.122800329394868,6.4019479666939025,2.398690970305541,3.1652641909939043,14.181412010053696,81,8.03747758849944,8.03747758849944,0.0,8.03747758849944,8.03747758849944,81,cases/granite_rqd_p32_rot_20.yaml,granite_dense_p32_20,medium_to_poor,dense,unfavorable,high,1,5
granite_dense_p32_20,46,10,10.5,6.400443842458944,5.570662375814767,7.310205709519151,7.310205709519151,7.863988193541199,7.619278355649527,1.2286629469933739,1.4635443510822554,0.08943276137552159,1.0422796099606213,0.3090726461303763,1510,60.04394184356566,60.04394184356566,60.04394184356566,65.07977066049581,67.84860303396201,11.714285714285714,82,60.04394184356566,11.8,66.98676501504661,118,20.0,P32_derived_Jv_proxy,49.0,49.0,5.035828816930149,7.804661190396345,16.07977066049581,18.848603033962007,5.035828816930149,7.804661190396345,16.07977066049581,18.848603033962007,1510,82,27,1483,0.9821192052980132,0.017880794701986755,78.53981633974483,7.0,19.225917125500956,11.714285714285714,11.714285714285714,0.3437746770784939,18.882142448422464,0.3480724065847519,0.30986347408992865,0.03820893249482327,1,1,1,1,1,1,60.04394184356566,60.04394184356566,0.0,60.04394184356566,60.04394184356566,81,4.0,4.0,0.0,4.0,4.0,81,1.203679653515831,1.203679653515831,0.291798955065935,0.5,2.0579580639696364,81,2.471670223311056,2.471670223311056,0.49418565742598447,0.9461136386332665,4.328210539844047,81,0.7867676957034144,0.788206767846497,0.08645378565696583,0.5845768051651647,1.0,81,0.9995526442477375,1.050942094212838,0.3042872018407805,0.5,1.6369099858959053,81,6.400443842458944,5.570662375814767,2.3416849327311278,3.5849899077287977,12.42655994818038,81,7.310205709519151,7.310205709519151,0.0,7.310205709519151,7.310205709519151,81,cases/granite_rqd_p32_rot_20.yaml,granite_dense_p32_20,medium_to_poor,dense,unfavorable,high,1,5
granite_dense_p32_20,46,20,20.5,6.0146027408417195,5.601054783000003,7.1704211957550985,7.1704211957551,6.27793533755261,7.526250035942975,1.0437822094089024,0.2633325967108906,0.018609890314624122,1.0496245381510543,0.3558288401878764,1470,59.94021039005237,59.94021039005237,59.94021039005237,60.68963829926607,65.04253353419172,12.428571428571429,87,59.94021039005237,13.1,62.328433024862655,131,20.0,P32_derived_Jv_proxy,49.0,49.0,0.7494279092137006,5.102323144139348,11.689638299266072,16.04253353419172,0.7494279092137006,5.102323144139348,11.689638299266072,16.04253353419172,1470,87,32,1438,0.9782312925170068,0.021768707482993196,78.53981633974483,7.0,18.716621307606893,12.428571428571429,12.428571428571429,0.40743665431525206,18.309184653291638,0.3414451689340715,0.285624644152906,0.055820524781165504,1,1,1,1,1,1,59.94021039005237,59.94021039005237,0.0,59.94021039005237,59.94021039005237,81,4.0,4.0,0.0,4.0,4.0,81,1.199031131111708,1.199031131111708,0.2988431139524498,0.5,2.414990222163129,81,2.5057864908133114,2.5057864908133114,0.5079442234527549,0.9986771024561192,4.174858640712809,81,0.7855642330645826,0.7877996558127088,0.09730138903653719,0.5609094553723607,0.9957413612135109,81,1.0082620757526024,0.9768911057570042,0.2607522873320484,0.5,1.5971452265315143,81,6.0146027408417195,5.601054783000003,1.9213278982501363,3.008621165707797,11.745513403451891,81,7.1704211957550985,7.1704211957551,1.7763568394002505e-15,7.1704211957551,7.1704211957551,81,cases/granite_rqd_p32_rot_20.yaml,granite_dense_p32_20,medium_to_poor,dense,unfavorable,high,1,5
granite_dense_p32_20,46,30,30.5,6.645992464847133,6.134667044409754,7.7174307769395885,7.717430776939588,6.0690395479785835,8.106067869614924,0.9131878466729769,-0.5769529168685494,-0.0394398770306692,1.0503583516209332,0.3886370926753351,1486,64.30976789552965,64.30976789552965,64.30976789552965,64.48025563210675,66.95452220931539,11.857142857142858,83,64.30976789552965,12.1,65.90159875400511,121,20.0,P32_derived_Jv_proxy,49.0,49.0,0.17048773657710115,2.6447543137857394,15.480255632106747,17.954522209315385,0.17048773657710115,2.6447543137857394,15.480255632106747,17.954522209315385,1486,83,30,1456,0.9798115746971736,0.020188425302826378,78.53981633974483,7.0,18.920339634764517,11.857142857142858,11.857142857142858,0.3819718634205488,18.538367771343967,0.3479241819720973,0.26127383006918137,0.08665035190291592,1,1,1,1,1,1,64.30976789552965,64.30976789552965,0.0,64.30976789552965,64.30976789552965,81,4.0,4.0,0.0,4.0,4.0,81,1.2009233978087948,1.2009233978087948,0.2933836397205351,0.5,2.2863604032099136,81,2.5018399000146605,2.5018399000146605,0.509061661662116,0.75,4.336947739422783,81,0.7871252123839014,0.7799559434371687,0.09082855542130557,0.6009053885843837,1.0,81,0.9969094746511691,1.0205001050756453,0.27717376462469245,0.5,1.7460309036122992,81,6.645992464847133,6.134667044409754,2.2444743009161585,3.6024800670026367,13.675572998548303,81,7.7174307769395885,7.717430776939588,8.881784197001252e-16,7.717430776939588,7.717430776939588,81,cases/granite_rqd_p32_rot_20.yaml,granite_dense_p32_20,medium_to_poor,dense,unfavorable,high,1,5
granite_dense_p32_20,47,10,10.5,6.705656247909258,6.38543394646932,7.84816187604853,7.84816187604853,6.561552315267979,7.737942040259478,0.9785100924780913,-0.1441039326412792,-0.009434690614115171,0.9859559680942073,-0.11021983578905203,1524,65.28831327868951,65.28831327868951,65.28831327868951,66.89274225879501,68.11822856579808,11.571428571428571,81,65.28831327868951,12.9,63.037009327553285,129,20.0,P32_derived_Jv_proxy,49.0,49.0,1.6044289801054958,2.8299152871085624,17.89274225879501,19.118228565798077,1.6044289801054958,2.8299152871085624,17.89274225879501,19.118228565798077,1524,81,36,1488,0.9763779527559056,0.023622047244094488,78.53981633974483,7.0,19.404170661763878,11.571428571428571,11.571428571428571,0.45836623610465854,18.945804425659222,0.3515293577111277,0.3063661796702366,0.045163178040891094,1,1,1,1,1,1,65.28831327868951,65.28831327868951,0.0,65.28831327868951,65.28831327868951,81,4.0,4.0,0.0,4.0,4.0,81,1.2004655553066634,1.2004655553066634,0.30365348725579716,0.5,2.1950612307755137,81,2.4966473835845218,2.4966473835845218,0.5023937090543975,0.75,4.013027364080678,81,0.7963026066472056,0.8003798368111937,0.10217619894389435,0.5284124169482818,1.0,81,1.0241773174042865,0.9903799864140268,0.30719625652588406,0.5,2.0124024961922897,81,6.705656247909258,6.38543394646932,2.3477762376968996,2.7896845421588634,13.270428523298097,81,7.84816187604853,7.84816187604853,0.0,7.84816187604853,7.84816187604853,81,cases/granite_rqd_p32_rot_20.yaml,granite_dense_p32_20,medium_to_poor,dense,unfavorable,high,1,5
granite_dense_p32_20,47,20,20.5,6.586616016188769,6.185880959890149,7.381421106796138,7.381421106796139,6.578588825536661,7.41849427405004,0.9987812875940577,-0.008027190652107663,-0.0005296028553025689,1.005022497255951,0.03707316725390264,1539,60.64817402054498,60.64817402054498,60.64817402054498,62.72250966355552,67.37497291472401,11.714285714285714,82,60.64817402054498,12.4,64.82206481834733,124,20.0,P32_derived_Jv_proxy,49.0,49.0,2.074335643010542,6.7267988941790335,13.72250966355552,18.37497291472401,2.074335643010542,6.7267988941790335,13.72250966355552,18.37497291472401,1539,82,38,1501,0.9753086419753086,0.024691358024691357,78.53981633974483,7.0,19.595156593474155,11.714285714285714,11.714285714285714,0.4838310269993618,19.111325566474793,0.3563985799997307,0.26906475918996975,0.08733382080976093,1,1,1,1,1,1,60.64817402054498,60.64817402054498,0.0,60.64817402054498,60.64817402054498,81,4.0,4.0,0.0,4.0,4.0,81,1.2199538379100858,1.2199538379100858,0.29634629426987896,0.5,2.202862516792995,81,2.505885099499378,2.505885099499378,0.4884405072057555,0.75,4.196372202448506,81,0.7998087194984348,0.7873539374096189,0.09183498687932172,0.6233038930440037,1.0,81,0.9712798626581806,0.9460221466595674,0.26900466756878544,0.5,1.5450643424308745,81,6.586616016188769,6.185880959890149,2.081036649685588,3.8442822278646327,12.737961052630245,81,7.381421106796138,7.381421106796139,8.881784197001252e-16,7.381421106796139,7.381421106796139,81,cases/granite_rqd_p32_rot_20.yaml,granite_dense_p32_20,medium_to_poor,dense,unfavorable,high,1,5
granite_dense_p32_20,47,30,30.5,6.761369591590068,6.4293984543252325,8.23764079956394,8.237640799563941,7.734762519549558,8.056469535493244,1.1439638692684713,0.9733929279594902,0.05841230800147734,0.9780068992471381,-0.18117126407069506,1549,69.5109618264157,69.5109618264157,69.5109618264157,69.58912789201098,73.56152560661772,10.0,70,69.5109618264157,11.2,69.17131646008438,112,20.0,P32_derived_Jv_proxy,49.0,49.0,0.07816606559528338,4.050563780202026,20.58912789201098,24.56152560661772,0.07816606559528338,4.050563780202026,20.58912789201098,24.56152560661772,1549,70,21,1528,0.986442866365397,0.01355713363460297,78.53981633974483,7.0,19.72248054794767,10.0,10.0,0.26738030439438415,19.455100243553286,0.35209847536287997,0.23216251176862757,0.1199359635942524,1,1,1,1,1,1,69.5109618264157,69.5109618264157,0.0,69.5109618264157,69.5109618264157,81,4.0,4.0,0.0,4.0,4.0,81,1.188826587841231,1.188826587841231,0.29462342923395896,0.5,2.291605179236843,81,2.507892780722916,2.507892780722916,0.510008922584845,0.8342064935324758,4.0891288887285455,81,0.8031184375808672,0.7998805389268386,0.10126150194952209,0.580690467511096,1.0,81,1.0485718077097428,1.0126227840019357,0.27534264577569273,0.5,1.9047147491509895,81,6.761369591590068,6.4293984543252325,1.981167690046683,2.855320719848087,14.055319933568232,81,8.23764079956394,8.237640799563941,1.7763568394002505e-15,8.237640799563941,8.237640799563941,81,cases/granite_rqd_p32_rot_20.yaml,granite_dense_p32_20,medium_to_poor,dense,unfavorable,high,1,5
granite_dense_p32_20,48,10,10.5,7.871638902338689,7.327106316317475,9.117785359687586,9.117785359687584,5.6347212137069755,5.951804792245093,0.7158256728510352,-2.2369176886317135,-0.14519272983872344,0.6527686886071891,-3.1659805674424932,1504,76.19771976407897,76.19771976407897,76.19771976407897,48.9783513973175,56.51334907699353,15.142857142857142,106,76.19771976407897,10.2,72.84017791496181,102,20.0,P32_derived_Jv_proxy,49.0,49.0,-27.219368366761465,-19.68437068708544,-0.021648602682496687,7.513349076993528,27.219368366761465,19.68437068708544,0.021648602682496687,7.513349076993528,1504,106,34,1470,0.9773936170212766,0.022606382978723406,78.53981633974483,7.0,19.149522752816846,15.142857142857142,15.142857142857142,0.4329014452099553,18.716621307606893,0.3504419403738407,0.28562426710531796,0.06481767326852272,0,1,1,0,0,1,76.19771976407897,76.19771976407897,0.0,76.19771976407897,76.19771976407897,81,4.0,4.0,0.0,4.0,4.0,81,1.1974252764656172,1.1974252764656172,0.2992104617754219,0.5,2.2312142012798315,81,2.5017334817387664,2.5017334817387664,0.49740984573385755,0.75,4.284111876597896,81,0.7941326784074938,0.7963085659560045,0.0977978283033276,0.5581680807162404,1.0,81,0.9995762199698129,0.9836454802723567,0.2817437735375838,0.5,1.8301604874627946,81,7.871638902338689,7.327106316317475,2.598911967103239,3.3169184966087357,16.77234042988643,81,9.117785359687586,9.117785359687584,1.7763568394002505e-15,9.117785359687584,9.117785359687584,81,cases/granite_rqd_p32_rot_20.yaml,granite_dense_p32_20,medium_to_poor,dense,unfavorable,high,1,5
granite_dense_p32_20,48,20,20.5,7.234989307131915,6.6828821444712325,8.492427402624427,8.492427402624426,5.698774891126519,7.436889424567754,0.7876687371892771,-1.5362144160053965,-0.10365639146812822,0.8757083307264447,-1.0555379780566732,1549,71.80708473482615,71.80708473482615,71.80708473482615,63.76414543242426,66.91612623245115,12.0,84,71.80708473482615,10.5,71.73723856778683,105,20.0,P32_derived_Jv_proxy,49.0,49.0,-8.04293930240189,-4.890958502375,14.764145432424257,17.91612623245115,8.04293930240189,4.890958502375,14.764145432424257,17.91612623245115,1549,84,35,1514,0.9774047772756617,0.022595222724338282,78.53981633974483,7.0,19.72248054794767,12.0,12.0,0.44563384065730693,19.276846707290364,0.3473460742917296,0.28123287023458976,0.06611320405713983,0,1,1,1,1,1,71.80708473482615,71.80708473482615,0.0,71.80708473482615,71.80708473482615,81,4.0,4.0,0.0,4.0,4.0,81,1.1983004568638795,1.1983004568638795,0.3013722182846417,0.5,2.2742223401197035,81,2.533034972345317,2.533034972345317,0.5047273732658109,0.8132532468975946,4.226221787041622,81,0.7839107927325466,0.7879261738196859,0.08118216919385843,0.5955220424578389,0.9839552226616961,81,1.001824807369888,1.0029159345282757,0.2808950461244752,0.5,1.816875972485724,81,7.234989307131915,6.6828821444712325,2.3900449067586584,3.3890290411238353,14.176071262562617,81,8.492427402624427,8.492427402624426,1.7763568394002505e-15,8.492427402624426,8.492427402624426,81,cases/granite_rqd_p32_rot_20.yaml,granite_dense_p32_20,medium_to_poor,dense,unfavorable,high,1,5
granite_dense_p32_20,48,30,30.5,6.917772365495461,6.4059872568732965,7.802360127924425,7.802360127924425,7.41203023145559,8.666589947801938,1.0714475469625735,0.49425786596012955,0.02997091488106096,1.1107651794723572,0.8642298198775133,1540,64.78895402639722,64.78895402639722,64.78895402639722,67.9492649408473,69.07258231606401,11.285714285714286,79,64.78895402639722,12.3,65.18124482283166,123,20.0,P32_derived_Jv_proxy,49.0,49.0,3.160310914450079,4.283628289666794,18.9492649408473,20.072582316064015,3.160310914450079,4.283628289666794,18.9492649408473,20.072582316064015,1540,79,31,1509,0.9798701298701299,0.02012987012987013,78.53981633974483,7.0,19.607888988921506,11.285714285714286,11.285714285714286,0.39470425886790045,19.213184730053605,0.3515273503880899,0.29596286097188695,0.055564489416202956,1,1,1,1,1,1,64.78895402639722,64.78895402639722,0.0,64.78895402639722,64.78895402639722,81,4.0,4.0,0.0,4.0,4.0,81,1.20822527884553,1.20822527884553,0.2977204713546025,0.5,2.187297042775525,81,2.5082042728485887,2.5082042728485887,0.47613854389126825,0.9650384723585164,4.012288066798458,81,0.7958521585622667,0.7943142592727024,0.09559250837228793,0.5553196047192309,1.0,81,0.9938847066644849,0.9755349909444945,0.3044861987352099,0.5,1.9222586318853279,81,6.917772365495461,6.4059872568732965,2.527235100074465,3.4083109668415807,14.714296335020203,81,7.802360127924425,7.802360127924425,0.0,7.802360127924425,7.802360127924425,81,cases/granite_rqd_p32_rot_20.yaml,granite_dense_p32_20,medium_to_poor,dense,unfavorable,high,1,5
granite_dense_p32_20,49,10,10.5,7.135557960187346,6.8523648994852655,8.103687580235674,8.103687580235674,5.20655614274873,6.715251452482382,0.7296634925815991,-1.9290018174386159,-0.1368773823577082,0.8286661332873209,-1.388436127753292,1496,67.64831371637557,67.64831371637557,67.64831371637557,54.69938838999135,64.91992301120867,12.428571428571429,87,67.64831371637557,11.3,68.80608361793986,113,20.0,P32_derived_Jv_proxy,49.0,49.0,-12.94892532638422,-2.728390705166902,5.6993883899913484,15.919923011208667,12.94892532638422,2.728390705166902,5.6993883899913484,15.919923011208667,1496,87,23,1473,0.9846256684491979,0.01537433155080214,78.53981633974483,7.0,19.047663589238034,12.428571428571429,12.428571428571429,0.2928450952890874,18.754818493948946,0.34732781363847276,0.27370880930569697,0.0736190043327758,0,1,1,1,1,1,67.64831371637557,67.64831371637557,0.0,67.64831371637557,67.64831371637557,81,4.0,4.0,0.0,4.0,4.0,81,1.1949045504129925,1.1949045504129925,0.29439117712877794,0.5,2.2540936860458354,81,2.493718973218116,2.493718973218116,0.5117924543262118,0.75,4.107250091143366,81,0.7871066944420383,0.7804891431614985,0.10574155176250453,0.5632639206363447,1.0,81,0.9711280524572913,0.9867848738962166,0.26748405481762655,0.5,1.6750439296218238,81,7.135557960187346,6.8523648994852655,2.4425646596133386,3.234005710993575,16.207375160471347,81,8.103687580235674,8.103687580235674,0.0,8.103687580235674,8.103687580235674,81,cases/granite_rqd_p32_rot_20.yaml,granite_dense_p32_20,medium_to_poor,dense,unfavorable,high,1,5
granite_dense_p32_20,49,20,20.5,7.051260813840931,6.599848219825333,8.674331449733028,8.674331449733026,5.942961156147425,7.69528195132122,0.8428224842402621,-1.1082996576935056,-0.07426388709902842,0.8871325699178879,-0.9790494984118085,1483,73.03322267804276,73.03322267804276,73.03322267804276,60.33616175397021,66.40882451361598,12.0,84,73.03322267804276,10.6,71.36989692799183,106,20.0,P32_derived_Jv_proxy,49.0,49.0,-12.697060924072552,-6.624398164426779,11.33616175397021,17.408824513615983,12.697060924072552,6.624398164426779,11.33616175397021,17.408824513615983,1483,84,29,1454,0.9804450438300741,0.019554956169925825,78.53981633974483,7.0,18.882142448422464,12.0,12.0,0.3692394679731972,18.512902980449265,0.35414686008536456,0.30001157522155597,0.054135284863808586,1,1,1,1,1,1,73.03322267804276,73.03322267804276,0.0,73.03322267804276,73.03322267804276,81,4.0,4.0,0.0,4.0,4.0,81,1.1899988221805002,1.1899988221805002,0.29805568588635,0.5,2.063808172715502,81,2.504788105877368,2.504788105877368,0.501811432500535,0.75,4.183954225426586,81,0.801240386671217,0.8086293975141062,0.10292465344608133,0.5652240870869816,0.9953055193204609,81,1.0550374972351741,1.0592527335998057,0.2621287633456737,0.5,1.6292694046524878,81,7.051260813840931,6.599848219825333,2.1198139938820653,3.399837205143478,12.766661821305933,81,8.674331449733028,8.674331449733026,1.7763568394002505e-15,8.674331449733026,8.674331449733026,81,cases/granite_rqd_p32_rot_20.yaml,granite_dense_p32_20,medium_to_poor,dense,unfavorable,high,1,5
granite_dense_p32_20,49,30,30.5,7.617396597547186,7.060977707405484,8.614786642462935,8.614786642462937,6.4116403905123684,6.988861098816339,0.8417101969689916,-1.2057562070348178,-0.07483741149519518,0.8112633996491235,-1.6259255436465958,1557,71.69543327272216,71.69543327272216,71.69543327272216,57.83396320872993,66.9317170350224,12.0,84,71.69543327272216,10.1,73.20801489387618,101,20.0,P32_derived_Jv_proxy,49.0,49.0,-13.861470063992229,-4.763716237699754,8.833963208729926,17.9317170350224,13.861470063992229,4.763716237699754,8.833963208729926,17.9317170350224,1557,84,30,1527,0.9807321772639692,0.019267822736030827,78.53981633974483,7.0,19.824339711526484,12.0,12.0,0.3819718634205488,19.442367848105935,0.3405206149423483,0.29514976467309073,0.04537085026925758,1,1,1,1,1,1,71.69543327272216,71.69543327272216,0.0,71.69543327272216,71.69543327272216,81,4.0,4.0,0.0,4.0,4.0,81,1.2020769109441414,1.2020769109441414,0.2981193456116406,0.5,2.127409813450528,81,2.501031904042493,2.501031904042493,0.4983268688387981,0.7919839299542615,4.236252140208886,81,0.7977486196662066,0.8050997860252979,0.0924371357796984,0.5737982282643138,1.0,81,0.9932331570952084,0.9763592126091798,0.2869769722860283,0.5,1.6130131684613174,81,7.617396597547186,7.060977707405484,2.7276170498110823,3.266210200287769,16.07300795491605,81,8.614786642462935,8.614786642462937,1.7763568394002505e-15,8.614786642462937,8.614786642462937,81,cases/granite_rqd_p32_rot_20.yaml,granite_dense_p32_20,medium_to_poor,dense,unfavorable,high,1,5
granite_dense_p32_20,50,10,10.5,7.503935629808527,7.051557066960733,8.742716416883344,8.742716416883345,5.059235108880823,7.117279491294594,0.6742108885880616,-2.4447005209277046,-0.1712042378495695,0.8140810192070492,-1.6254369255887493,1503,71.64401483654665,71.64401483654665,71.64401483654665,58.31520038169203,65.05875422527855,12.428571428571429,87,71.64401483654665,9.9,73.94376151338709,99,20.0,P32_derived_Jv_proxy,49.0,49.0,-13.328814454854616,-6.585260611268097,9.31520038169203,16.05875422527855,13.328814454854616,6.585260611268097,9.31520038169203,16.05875422527855,1503,87,27,1476,0.9820359281437125,0.017964071856287425,78.53981633974483,7.0,19.136790357369495,12.428571428571429,12.428571428571429,0.3437746770784939,18.793015680291003,0.3518306353452114,0.29384016799544765,0.057990467349763763,0,1,1,1,1,1,71.64401483654665,71.64401483654665,0.0,71.64401483654665,71.64401483654665,81,4.0,4.0,0.0,4.0,4.0,81,1.2055267885502994,1.2055267885502994,0.29175876829205716,0.5,2.2258569878653702,81,2.4697352346337835,2.4697352346337835,0.49675222255985946,0.75,4.0573071243262415,81,0.8012737427693075,0.8024635074640515,0.09078087181613989,0.6077581184293633,1.0,81,1.0182479670090923,1.0152385544736318,0.2752523232554317,0.5,1.591477833481668,81,7.503935629808527,7.051557066960733,2.584710263311018,3.4828993525534377,15.180150304897463,81,8.742716416883344,8.742716416883345,1.7763568394002505e-15,8.742716416883345,8.742716416883345,81,cases/granite_rqd_p32_rot_20.yaml,granite_dense_p32_20,medium_to_poor,dense,unfavorable,high,1,5
granite_dense_p32_20,50,20,20.5,6.630796853110207,5.973060445914283,7.3188863814057985,7.318886381405797,8.289286798202976,8.048952860760584,1.2501192514011112,1.6584899450927697,0.09695144321221338,1.0997510333279086,0.730066479354786,1526,60.84793367845808,60.84793367845808,60.84793367845808,65.24130995264599,66.44849079467465,12.142857142857142,85,60.84793367845808,11.7,67.34962625461026,117,20.0,P32_derived_Jv_proxy,49.0,49.0,4.393376274187915,5.600557116216578,16.24130995264599,17.448490794674655,4.393376274187915,5.600557116216578,16.24130995264599,17.448490794674655,1526,85,31,1495,0.9796854521625163,0.020314547837483616,78.53981633974483,7.0,19.429635452658584,12.142857142857142,12.142857142857142,0.39470425886790045,19.034931193790683,0.3375106021787807,0.2694560800952468,0.06805452208353391,0,1,1,1,1,1,60.84793367845808,60.84793367845808,0.0,60.84793367845808,60.84793367845808,81,4.0,4.0,0.0,4.0,4.0,81,1.2007006359842722,1.2007006359842722,0.2948647905038082,0.5,2.1152634813944475,81,2.4956034585968045,2.4956034585968045,0.5111847549152106,0.75,4.2458331679133225,81,0.7994913444304069,0.7999326833004284,0.09544963912186753,0.5057842443200987,1.0,81,0.9555357449217797,0.9779056086506612,0.2480471593299317,0.5,1.5139782620778282,81,6.630796853110207,5.973060445914283,2.199584904659524,2.605131528107945,13.065647278782645,81,7.3188863814057985,7.318886381405797,1.7763568394002505e-15,7.318886381405797,7.318886381405797,81,cases/granite_rqd_p32_rot_20.yaml,granite_dense_p32_20,medium_to_poor,dense,unfavorable,high,1,5
granite_dense_p32_20,50,30,30.5,7.30443086604939,7.101008122763674,8.164888669897877,8.164888669897877,6.6615821884023445,7.687090710533572,0.9119919553712291,-0.6428486776470459,-0.04000899254142276,0.941481387109926,-0.47779795936430514,1563,68.84818228086151,68.84818228086151,68.84818228086151,66.1623025750776,66.70287731902671,12.0,84,68.84818228086151,10.5,71.73723856778683,105,20.0,P32_derived_Jv_proxy,49.0,49.0,-2.685879705783904,-2.145304961834796,17.162302575077604,17.70287731902671,2.685879705783904,2.145304961834796,17.162302575077604,17.70287731902671,1563,84,25,1538,0.9840051183621241,0.01599488163787588,78.53981633974483,7.0,19.900734084210594,12.0,12.0,0.3183098861837907,19.582424198026803,0.3481267075233322,0.2888326213838971,0.0592940861394351,1,1,1,1,1,1,68.84818228086151,68.84818228086151,0.0,68.84818228086151,68.84818228086151,81,4.0,4.0,0.0,4.0,4.0,81,1.1955654880615991,1.1955654880615991,0.3008199268883126,0.5,2.1360336497273584,81,2.5203194427573763,2.5203194427573763,0.4915167186338507,0.866176826463473,4.1965870089854045,81,0.8088118795477663,0.8138605172177267,0.09584849353255269,0.5848971614287447,1.0,81,0.9675824403387312,0.9327893628628112,0.24378250646221436,0.5,1.4894734810451185,81,7.30443086604939,7.101008122763674,2.12387408665742,3.550046109612556,13.290161031816485,81,8.164888669897877,8.164888669897877,0.0,8.164888669897877,8.164888669897877,81,cases/granite_rqd_p32_rot_20.yaml,granite_dense_p32_20,medium_to_poor,dense,unfavorable,high,1,5
granite_dense_p32_20,51,10,10.5,7.279628392748926,6.8208816440042455,8.909899029083562,8.909899029083562,5.82777219437757,7.891943891687748,0.8005590230653097,-1.4518561983713552,-0.09660664319926582,0.8857500927818577,-1.0179551373958136,1512,73.80187323790994,73.80187323790994,73.80187323790994,70.13692985185018,74.53866268985244,9.714285714285714,68,73.80187323790994,9.6,75.04700565112196,96,20.0,P32_derived_Jv_proxy,49.0,49.0,-3.664943386059761,0.7367894519424993,21.136929851850184,25.538662689852444,3.664943386059761,0.7367894519424993,21.136929851850184,25.538662689852444,1512,68,24,1488,0.9841269841269841,0.015873015873015872,78.53981633974483,7.0,19.25138191639566,9.714285714285714,9.714285714285714,0.30557749073643903,18.945804425659222,0.3448175491359152,0.29593129676166374,0.04888625237425148,1,1,1,1,1,1,73.80187323790994,73.80187323790994,0.0,73.80187323790994,73.80187323790994,81,4.0,4.0,0.0,4.0,4.0,81,1.21496788053465,1.21496788053465,0.29145261380896825,0.5,2.0839481091066294,81,2.5159349509646787,2.5159349509646787,0.5053283507353394,1.0344340820410818,4.7085233324006825,81,0.7838654286524246,0.7939540374680594,0.09992869020360821,0.4749622900598166,1.0,81,1.0485297151903896,1.002223744268108,0.3006532459470663,0.5,1.914870104549414,81,7.279628392748926,6.8208816440042455,2.515425880217648,3.5593300064953546,14.01309182560554,81,8.909899029083562,8.909899029083562,0.0,8.909899029083562,8.909899029083562,81,cases/granite_rqd_p32_rot_20.yaml,granite_dense_p32_20,medium_to_poor,dense,unfavorable,high,1,5
granite_dense_p32_20,51,20,20.5,6.980856513893678,6.439753003405409,8.704787469955592,8.704787469955592,7.589152583911278,8.070616424559788,1.0871377414514876,0.6082960700175999,0.03628457312263378,0.9271468662980419,-0.6341710453958047,1552,72.50519889848724,72.50519889848724,72.50519889848724,66.88171164069884,66.53770786082546,12.0,84,72.50519889848724,10.1,73.20801489387618,101,20.0,P32_derived_Jv_proxy,49.0,49.0,-5.623487257788398,-5.967491037661773,17.88171164069884,17.537707860825464,5.623487257788398,5.967491037661773,17.88171164069884,17.537707860825464,1552,84,31,1521,0.9800257731958762,0.01997422680412371,78.53981633974483,7.0,19.760677734289725,12.0,12.0,0.39470425886790045,19.365973475421825,0.3482418984117148,0.3341779377599513,0.014063960651763519,1,1,1,1,1,1,72.50519889848724,72.50519889848724,0.0,72.50519889848724,72.50519889848724,81,4.0,4.0,0.0,4.0,4.0,81,1.2007602317431536,1.2007602317431536,0.29418993926359194,0.5,2.1146585273375478,81,2.5003872791961204,2.5003872791961204,0.5080706516251656,0.8657314857378391,4.617340275111114,81,0.8052804417016167,0.8132156741767894,0.10295180223691232,0.56329971100237,1.0,81,1.089130975749321,1.1130928122059145,0.28622072293879447,0.5,1.7619723911493748,81,6.980856513893678,6.439753003405409,2.4182290517370704,3.5347825954887613,16.598995446151164,81,8.704787469955592,8.704787469955592,0.0,8.704787469955592,8.704787469955592,81,cases/granite_rqd_p32_rot_20.yaml,granite_dense_p32_20,medium_to_poor,dense,unfavorable,high,1,5
granite_dense_p32_20,51,30,30.5,7.051926461850458,6.652915665703605,7.8275117594595525,7.827511759459551,11.098484182949106,8.417786371561629,1.5738230174392391,4.046557721098647,0.19695589265384816,1.075410249162351,0.5902746121020765,1551,65.30769142321985,65.30769142321985,65.30769142321985,67.07095977672996,74.60345432089989,9.714285714285714,68,65.30769142321985,12.0,66.26272662068445,120,20.0,P32_derived_Jv_proxy,49.0,49.0,1.7632683535101137,9.295762897680035,18.070959776729964,25.603454320899885,1.7632683535101137,9.295762897680035,18.070959776729964,25.603454320899885,1551,68,25,1526,0.9838813668600903,0.016118633139909737,78.53981633974483,7.0,19.747945338842374,9.714285714285714,9.714285714285714,0.3183098861837907,19.429635452658584,0.35513803493086016,0.28452835978406743,0.07060967514679273,0,0,1,1,1,1,65.30769142321985,65.30769142321985,0.0,65.30769142321985,65.30769142321985,81,4.0,4.0,0.0,4.0,4.0,81,1.1995795502205497,1.1995795502205497,0.28713926317365046,0.5,2.1937908719261845,81,2.50212882173995,2.50212882173995,0.4958873991314003,0.8900664296069516,4.060220702239368,81,0.7987216233867049,0.7980046999951199,0.0977254949045771,0.5775189737373762,1.0,81,0.9760805416804138,0.9275340439524289,0.29537839699062507,0.5,1.732389882030218,81,7.051926461850458,6.652915665703605,2.452317474152657,3.3330458429633056,15.653714245531106,81,7.8275117594595525,7.827511759459551,1.7763568394002505e-15,7.827511759459551,7.827511759459551,81,cases/granite_rqd_p32_rot_20.yaml,granite_dense_p32_20,medium_to_poor,dense,unfavorable,high,1,5
granite_dense_p32_20,52,10,10.5,6.576770251704335,6.136015130218062,7.822545825682029,7.822545825682028,6.524910983219485,6.725167543979117,0.9921147818001683,-0.051859268484850674,-0.0034380796414846815,0.8597159663673514,-1.0973782817029125,1505,66.04581018596272,66.04581018596272,66.04581018596272,59.9342042800128,64.00801935657715,12.714285714285714,89,66.04581018596272,10.2,72.84017791496181,102,20.0,P32_derived_Jv_proxy,49.0,49.0,-6.111605905949922,-2.037790829385571,10.9342042800128,15.008019356577151,6.111605905949922,2.037790829385571,10.9342042800128,15.008019356577151,1505,89,18,1487,0.9880398671096345,0.011960132890365448,78.53981633974483,7.0,19.162255148264197,12.714285714285714,12.714285714285714,0.22918311805232927,18.933072030211868,0.3448862635366574,0.26530362005867625,0.07958264347798116,1,1,1,1,1,1,66.04581018596272,66.04581018596272,0.0,66.04581018596272,66.04581018596272,81,4.0,4.0,0.0,4.0,4.0,81,1.1889551517927006,1.1889551517927006,0.28733751294126025,0.5,2.066828384576677,81,2.509589206148139,2.509589206148139,0.4955423979859558,1.0173956975122338,4.443604648195741,81,0.8029661202574983,0.7988655099431926,0.0999414618486419,0.5424772832518779,1.0,81,1.0316767392158908,1.034691004443133,0.2762663158812229,0.5,1.8412721425068197,81,6.576770251704335,6.136015130218062,2.0760839252638883,3.2873840941024217,12.495634246639238,81,7.822545825682029,7.822545825682028,8.881784197001252e-16,7.822545825682028,7.822545825682028,81,cases/granite_rqd_p32_rot_20.yaml,granite_dense_p32_20,medium_to_poor,dense,unfavorable,high,1,5
granite_dense_p32_20,52,20,20.5,6.695109453250569,5.919125071050591,7.552036549251308,7.552036549251308,4.856556086855264,6.784208132662814,0.7253886020485204,-1.8385533663953053,-0.13942927272349515,0.8983282970651651,-0.7678284165884941,1538,62.88307644994459,62.88307644994459,62.88307644994459,58.643204184949774,64.73201806267556,12.571428571428571,88,62.88307644994459,12.6,64.1058099889481,126,20.0,P32_derived_Jv_proxy,49.0,49.0,-4.2398722649948155,1.8489416127309752,9.643204184949774,15.732018062675564,4.2398722649948155,1.8489416127309752,9.643204184949774,15.732018062675564,1538,88,24,1514,0.9843953185955787,0.015604681404421327,78.53981633974483,7.0,19.582424198026803,12.571428571428571,12.571428571428571,0.30557749073643903,19.276846707290364,0.3492179690697582,0.2525361744540553,0.09668179461570292,0,1,1,1,1,1,62.88307644994459,62.88307644994459,0.0,62.88307644994459,62.88307644994459,81,4.0,4.0,0.0,4.0,4.0,81,1.1945365548497302,1.1945365548497302,0.29552656762802954,0.5,2.192623103553315,81,2.4866184442763277,2.4866184442763277,0.5130324451982831,0.9665868507679962,4.295446056536071,81,0.7810743103232906,0.7887518242440279,0.11013369955489766,0.5091893079140576,1.0,81,0.9839018720155006,0.9925951799673405,0.29353034361696767,0.5,1.6423598413405756,81,6.695109453250569,5.919125071050591,2.721221999552565,3.2776833560876923,14.946174034579226,81,7.552036549251308,7.552036549251308,0.0,7.552036549251308,7.552036549251308,81,cases/granite_rqd_p32_rot_20.yaml,granite_dense_p32_20,medium_to_poor,dense,unfavorable,high,1,5
granite_dense_p32_20,52,30,30.5,7.150920704887716,6.5755114879605845,7.600689078691817,7.6006890786918175,10.077950177852925,9.581486415189094,1.4093220430992275,2.9270294729652084,0.1490102447487358,1.2606075996517674,1.980797336497277,1552,63.040806060266554,63.040806060266554,63.040806060266554,75.22835015835413,77.13795459838788,9.0,63,63.040806060266554,10.4,72.10475511959115,104,20.0,P32_derived_Jv_proxy,49.0,49.0,12.187544098087578,14.097148538121324,26.228350158354132,28.13795459838788,12.187544098087578,14.097148538121324,26.228350158354132,28.13795459838788,1552,63,28,1524,0.9819587628865979,0.01804123711340206,78.53981633974483,7.0,19.760677734289725,9.0,9.0,0.35650707252584557,19.404170661763878,0.3520524978688274,0.29485388567048554,0.05719861219834188,0,1,1,0,1,1,63.040806060266554,63.040806060266554,0.0,63.040806060266554,63.040806060266554,81,4.0,4.0,0.0,4.0,4.0,81,1.1967900337476094,1.1967900337476094,0.3037692880734619,0.5,2.2070700872650013,81,2.4815713296263495,2.4815713296263495,0.49932957075905016,0.811837697221405,4.224077529646735,81,0.7999759789944247,0.8158555489654203,0.1003283673933865,0.534267415660564,1.0,81,0.9325187714664647,0.9361089669648482,0.2643714053272736,0.5,1.4945150714961841,81,7.150920704887716,6.5755114879605845,2.5197709410277844,3.7899477656226375,14.478920851433662,81,7.600689078691817,7.6006890786918175,8.881784197001252e-16,7.6006890786918175,7.6006890786918175,81,cases/granite_rqd_p32_rot_20.yaml,granite_dense_p32_20,medium_to_poor,dense,unfavorable,high,1,5
granite_dense_p32_20,53,10,10.5,6.574992838256314,5.7574966900338,8.135621304671261,8.135621304671261,6.670245868735881,7.047569127500709,1.0144871687046322,0.0952530304795669,0.006246558421099779,0.8662607148951462,-1.0880521771705522,1583,67.74519197266555,67.74519197266555,67.74519197266555,61.30777369533786,70.00825096597123,11.0,77,67.74519197266555,11.2,69.17131646008438,112,20.0,P32_derived_Jv_proxy,49.0,49.0,-6.437418277327694,2.263058993305677,12.307773695337858,21.00825096597123,6.437418277327694,2.263058993305677,12.307773695337858,21.00825096597123,1583,77,28,1555,0.9823120656980417,0.017687934301958308,78.53981633974483,7.0,20.155381993157626,11.0,11.0,0.35650707252584557,19.79887492063178,0.347743838437218,0.2870081030952756,0.06073573534194243,1,1,1,1,1,1,67.74519197266555,67.74519197266555,0.0,67.74519197266555,67.74519197266555,81,4.0,4.0,0.0,4.0,4.0,81,1.2109593641543455,1.2109593641543455,0.29036858260541254,0.5,2.2153118692317384,81,2.520909944168303,2.520909944168303,0.49824673475531733,0.9475633252864899,4.173384133250076,81,0.7815469191546549,0.7704193526014428,0.09602806482868793,0.577922385128754,1.0,81,1.0500208240749493,1.091025868931795,0.26337482813577845,0.5,1.6262270746414123,81,6.574992838256314,5.7574966900338,2.429418254898775,3.774951540991213,16.271242609342522,81,8.135621304671261,8.135621304671261,0.0,8.135621304671261,8.135621304671261,81,cases/granite_rqd_p32_rot_20.yaml,granite_dense_p32_20,medium_to_poor,dense,unfavorable,high,1,5
granite_dense_p32_20,53,20,20.5,8.104372716414783,7.356698903156517,8.754323359150463,8.754323359150465,7.320993180105924,8.057734248805787,0.9033386588054885,-0.7833795363088596,-0.04414940353195074,0.9204291317824619,-0.6965891103446769,1526,71.85115421021064,71.85115421021064,71.85115421021064,65.09905361775074,64.49575163167158,12.571428571428571,88,71.85115421021064,10.6,71.36989692799183,106,20.0,P32_derived_Jv_proxy,49.0,49.0,-6.752100592459897,-7.355402578539056,16.09905361775074,15.495751631671581,6.752100592459897,7.355402578539056,16.09905361775074,15.495751631671581,1526,88,22,1504,0.9855832241153342,0.014416775884665793,78.53981633974483,7.0,19.429635452658584,12.571428571428571,12.571428571428571,0.2801126998417358,19.149522752816846,0.35232707388602236,0.29210766818454204,0.06021940570148032,1,1,1,1,1,1,71.85115421021064,71.85115421021064,0.0,71.85115421021064,71.85115421021064,81,4.0,4.0,0.0,4.0,4.0,81,1.212696547058296,1.212696547058296,0.28866904549755906,0.5,2.142017243435039,81,2.4883032942174523,2.4883032942174523,0.48582994115185824,0.8886353960712132,4.0620129169875465,81,0.7885809337883731,0.7842033611490626,0.10554323536285222,0.48466954656430067,1.0,81,0.9653463163362846,0.9575334951927542,0.3235661024319136,0.5,1.7677804597321345,81,8.104372716414783,7.356698903156517,3.2137984450351738,3.177492426358457,16.0648442393984,81,8.754323359150463,8.754323359150465,1.7763568394002505e-15,8.754323359150465,8.754323359150465,81,cases/granite_rqd_p32_rot_20.yaml,granite_dense_p32_20,medium_to_poor,dense,unfavorable,high,1,5
granite_dense_p32_20,53,30,30.5,7.333635511972268,7.010048590916559,8.557861765563016,8.557861765563016,6.212713559519047,8.179157985317607,0.84715330471179,-1.1209219524532212,-0.07203799065422556,0.9557478502668365,-0.3787037802454094,1510,71.02457356574521,71.02457356574521,71.02457356574521,66.35354248461259,70.1338438501458,11.0,77,71.02457356574521,10.0,73.57588823428847,100,20.0,P32_derived_Jv_proxy,49.0,49.0,-4.671031081132625,-0.89072971559942,17.35354248461259,21.133843850145794,4.671031081132625,0.89072971559942,17.35354248461259,21.133843850145794,1510,77,25,1485,0.9834437086092715,0.016556291390728478,78.53981633974483,7.0,19.225917125500956,11.0,11.0,0.3183098861837907,18.907607239317166,0.3524318402224351,0.30616655406912485,0.04626528615331027,1,1,1,1,1,1,71.02457356574521,71.02457356574521,0.0,71.02457356574521,71.02457356574521,81,4.0,4.0,0.0,4.0,4.0,81,1.2082319235120909,1.2082319235120909,0.30096070877513625,0.5,2.3522070557079338,81,2.506880792386832,2.506880792386832,0.49611080047155076,0.8177400172840263,4.0820883879512655,81,0.7918693297694279,0.7969357561123706,0.10118138027772673,0.5096404005600609,0.9698551146602745,81,1.0155449253031117,0.9585013099142662,0.30263822975242777,0.5,1.6167859127721582,81,7.333635511972268,7.010048590916559,2.5257291217798103,3.647618070016409,15.141627834402284,81,8.557861765563016,8.557861765563016,0.0,8.557861765563016,8.557861765563016,81,cases/granite_rqd_p32_rot_20.yaml,granite_dense_p32_20,medium_to_poor,dense,unfavorable,high,1,5
granite_dense_p32_20,54,10,10.5,7.132743288642528,6.788488563276578,8.403765691062217,8.403765691062215,6.721795067321731,8.524419034598003,0.9423856706051442,-0.41094822132079756,-0.025771326148259388,1.0143570570588498,0.1206533435357855,1460,69.46247947385224,69.46247947385224,69.46247947385224,66.23144646988257,73.58621113142827,10.0,70,69.46247947385224,10.6,71.36989692799183,106,20.0,P32_derived_Jv_proxy,49.0,49.0,-3.231033003969671,4.12373165757603,17.23144646988257,24.58621113142827,3.231033003969671,4.12373165757603,17.23144646988257,24.58621113142827,1460,70,25,1435,0.9828767123287672,0.017123287671232876,78.53981633974483,7.0,18.589297353133375,10.0,10.0,0.3183098861837907,18.270987466949585,0.3429101247190298,0.2970468630315496,0.04586326168748023,1,1,1,1,1,1,69.46247947385224,69.46247947385224,0.0,69.46247947385224,69.46247947385224,81,4.0,4.0,0.0,4.0,4.0,81,1.2085945734008687,1.2085945734008687,0.2962941166252837,0.5,2.287423543749045,81,2.497451108029873,2.497451108029873,0.49432933456028144,0.844281858955308,4.304644162881781,81,0.8078119727822491,0.8089250558464265,0.09648407754777928,0.5335741910550436,1.0,81,1.0288467230446088,1.0323607100823244,0.2723958964152607,0.5,1.712812935228443,81,7.132743288642528,6.788488563276578,2.3551372774295856,3.6292312994377527,15.913634873352118,81,8.403765691062217,8.403765691062215,1.7763568394002505e-15,8.403765691062215,8.403765691062215,81,cases/granite_rqd_p32_rot_20.yaml,granite_dense_p32_20,medium_to_poor,dense,unfavorable,high,1,5
granite_dense_p32_20,54,20,20.5,6.6597533244257665,6.0975387760199,8.25616522939182,8.256165229391819,6.5748107196409435,7.742771043396601,0.9872453827271227,-0.08494260478482296,-0.00557488874950518,0.937816871182817,-0.5133941859952191,1511,68.30896193898002,68.30896193898002,68.30896193898002,60.70243764830939,65.41869357051691,12.285714285714286,86,68.30896193898002,12.1,65.90159875400511,121,20.0,P32_derived_Jv_proxy,49.0,49.0,-7.606524290670627,-2.8902683684631114,11.702437648309392,16.418693570516908,7.606524290670627,2.8902683684631114,11.702437648309392,16.418693570516908,1511,86,23,1488,0.984778292521509,0.015221707478491065,78.53981633974483,7.0,19.238649520948307,12.285714285714286,12.285714285714286,0.2928450952890874,18.945804425659222,0.3548608219100664,0.2717054188131537,0.08315540309691272,1,1,1,1,1,1,68.30896193898002,68.30896193898002,0.0,68.30896193898002,68.30896193898002,81,4.0,4.0,0.0,4.0,4.0,81,1.1954278527890123,1.1954278527890123,0.30296761499935376,0.5,2.3047901935781354,81,2.4726502385834803,2.4726502385834803,0.5048916087710653,0.8686591131065826,4.071745390812356,81,0.7855038277716311,0.7832084502946978,0.09248378655519528,0.5734072022454373,0.9844770300577768,81,1.0479640595703046,1.0616906362666911,0.27001707968438077,0.5,1.8396691409692576,81,6.6597533244257665,6.0975387760199,2.104625186771332,3.7001105403231094,13.229905348418852,81,8.25616522939182,8.256165229391819,1.7763568394002505e-15,8.256165229391819,8.256165229391819,81,cases/granite_rqd_p32_rot_20.yaml,granite_dense_p32_20,medium_to_poor,dense,unfavorable,high,1,5
granite_dense_p32_20,54,30,30.5,6.440721248915687,5.7952103777785045,7.213043093258853,7.213043093258852,7.675372978117126,7.389715395784225,1.1916946381446483,1.2346517292014392,0.07616498530496385,1.0244934489148534,0.1766723025253718,1565,59.79339094251943,59.79339094251943,59.79339094251943,64.97555192411957,71.61404253920873,10.571428571428571,74,59.79339094251943,12.6,64.1058099889481,126,20.0,P32_derived_Jv_proxy,49.0,49.0,5.182160981600141,11.820651596689295,15.975551924119571,22.614042539208725,5.182160981600141,11.820651596689295,15.975551924119571,22.614042539208725,1565,74,22,1543,0.9859424920127795,0.014057507987220448,78.53981633974483,7.0,19.926198875105296,10.571428571428571,10.571428571428571,0.2801126998417358,19.64608617526356,0.3462247913235552,0.28344530226934594,0.06277948905420927,1,1,1,1,1,1,59.79339094251943,59.79339094251943,0.0,59.79339094251943,59.79339094251943,81,4.0,4.0,0.0,4.0,4.0,81,1.1954895066631681,1.1954895066631681,0.2989509529284503,0.5,2.3193468246401037,81,2.477538623968444,2.477538623968444,0.49846795547562406,0.8562940880353838,4.068829106461427,81,0.7993164253925964,0.7990642605031754,0.10487203939701423,0.5067266883373909,1.0,81,0.9869707952797963,0.9633611234529782,0.3056210202370006,0.5,1.8362575040963869,81,6.440721248915687,5.7952103777785045,2.266999674456849,2.915887569284662,13.466132336765769,81,7.213043093258853,7.213043093258852,8.881784197001252e-16,7.213043093258852,7.213043093258852,81,cases/granite_rqd_p32_rot_20.yaml,granite_dense_p32_20,medium_to_poor,dense,unfavorable,high,1,5
granite_dense_p32_20,55,10,10.5,6.216966770814277,5.722664156962947,7.565591254806071,7.56559125480607,6.868274899617084,7.846531924770417,1.1047630062718674,0.6513081288028078,0.043269123172871016,1.03713400056947,0.2809406699643464,1556,62.662358577354624,62.662358577354624,62.662358577354624,64.56434711099561,67.93346783685554,11.571428571428571,81,62.662358577354624,12.4,64.82206481834733,124,20.0,P32_derived_Jv_proxy,49.0,49.0,1.9019885336409885,5.271109259500918,15.564347110995612,18.93346783685554,1.9019885336409885,5.271109259500918,15.564347110995612,18.93346783685554,1556,81,34,1522,0.9781491002570694,0.021850899742930592,78.53981633974483,7.0,19.81160731607913,11.571428571428571,11.571428571428571,0.4329014452099553,19.378705870869176,0.34931448744575666,0.272899239073359,0.07641524837239766,1,1,1,1,1,1,62.662358577354624,62.662358577354624,0.0,62.662358577354624,62.662358577354624,81,4.0,4.0,0.0,4.0,4.0,81,1.2050788063421038,1.2050788063421038,0.3006192039663215,0.5,2.2339548650137018,81,2.4952802012998467,2.4952802012998467,0.5042454680431542,0.8344762040429301,4.27075167636138,81,0.7989508974061292,0.8060861644536488,0.11470062755130633,0.5306346758404765,1.0,81,1.0488390311236087,1.0336423033437352,0.29021690568682945,0.5,1.7958886582742033,81,6.216966770814277,5.722664156962947,1.9980762964938046,2.9961125265380866,12.425850982758945,81,7.565591254806071,7.56559125480607,8.881784197001252e-16,7.56559125480607,7.56559125480607,81,cases/granite_rqd_p32_rot_20.yaml,granite_dense_p32_20,medium_to_poor,dense,unfavorable,high,1,5
granite_dense_p32_20,55,20,20.5,7.203510109158266,6.26923779492519,7.872742781408254,7.872742781408253,5.850387538449367,7.3419308321635475,0.8121578855024315,-1.3531225707088987,-0.09035953462942303,0.9325759822233445,-0.5308119492447068,1526,65.00568088172903,65.00568088172903,65.00568088172903,58.67130623864877,61.50905592116176,13.571428571428571,95,65.00568088172903,11.9,66.6244568306082,119,20.0,P32_derived_Jv_proxy,49.0,49.0,-6.334374643080267,-3.4966249605672743,9.671306238648768,12.50905592116176,6.334374643080267,3.4966249605672743,9.671306238648768,12.50905592116176,1526,95,37,1489,0.9757536041939712,0.024246395806028834,78.53981633974483,7.0,19.429635452658584,13.571428571428571,13.571428571428571,0.4710986315520102,18.958536821106573,0.3388522838560507,0.29604554931946914,0.04280673453658157,1,1,1,1,1,1,65.00568088172903,65.00568088172903,0.0,65.00568088172903,65.00568088172903,81,4.0,4.0,0.0,4.0,4.0,81,1.2100768786860188,1.2100768786860188,0.30754559366200257,0.5,2.1175472867322025,81,2.497918247881308,2.497918247881308,0.5037392215130507,0.9876921222750623,4.409443459581556,81,0.8010471372126292,0.7944372582919701,0.08488077615597643,0.5958170217276738,1.0,81,0.9707604475528432,0.9928709735218786,0.29156754547026437,0.5,1.7580939475872595,81,7.203510109158266,6.26923779492519,2.6434373627842342,3.8659618544014895,15.745485562816507,81,7.872742781408254,7.872742781408253,8.881784197001252e-16,7.872742781408253,7.872742781408253,81,cases/granite_rqd_p32_rot_20.yaml,granite_dense_p32_20,medium_to_poor,dense,unfavorable,high,1,5
granite_dense_p32_20,55,30,30.5,7.1789902337245115,6.742339951292883,8.165921903998782,8.165921903998784,8.186895740797903,7.461153542975896,1.1403965563762137,1.0079055070733913,0.057055897212425766,0.913693962628057,-0.7047683610228868,1548,67.32095809610463,67.32095809610463,67.32095809610463,62.67759634368976,62.71541515343025,13.142857142857142,92,67.32095809610463,11.9,66.6244568306082,119,20.0,P32_derived_Jv_proxy,49.0,49.0,-4.643361752414876,-4.605542942674383,13.677596343689757,13.71541515343025,4.643361752414876,4.605542942674383,13.677596343689757,13.71541515343025,1548,92,23,1525,0.9851421188630491,0.014857881136950904,78.53981633974483,7.0,19.709748152500318,13.142857142857142,13.142857142857142,0.2928450952890874,19.41690305721123,0.3421889603674787,0.28853536012065784,0.053653600246820865,1,1,1,1,1,1,67.32095809610463,67.32095809610463,0.0,67.32095809610463,67.32095809610463,81,4.0,4.0,0.0,4.0,4.0,81,1.2090309207115364,1.2090309207115364,0.2988190644025153,0.5,2.1475788675576153,81,2.491853366557994,2.491853366557994,0.493375393908845,0.7558088822674585,4.052771227078795,81,0.8038330925410956,0.8132630357124913,0.09222684588255507,0.5662557170820526,1.0,81,0.983951961308957,0.9627312064317265,0.25845668368527064,0.5,1.705656508152421,81,7.1789902337245115,6.742339951292883,2.2333644362136083,3.454050613605908,15.46055688619296,81,8.165921903998782,8.165921903998784,1.7763568394002505e-15,8.165921903998784,8.165921903998784,81,cases/granite_rqd_p32_rot_20.yaml,granite_dense_p32_20,medium_to_poor,dense,unfavorable,high,1,5
granite_dense_p32_20,56,10,10.5,6.0601390653921605,5.569223773135867,7.1534506084906955,7.1534506084906955,6.341095959973524,7.990762230245252,1.0463614599516096,0.2809568945813634,0.019681735148205926,1.1170500318770247,0.8373116217545569,1511,59.706833858527396,59.706833858527396,59.706833858527396,64.22790019293042,71.0135352915039,10.714285714285714,75,59.706833858527396,13.6,60.5719433610392,136,20.0,P32_derived_Jv_proxy,49.0,49.0,4.521066334403024,11.306701432976503,15.22790019293042,22.0135352915039,4.521066334403024,11.306701432976503,15.22790019293042,22.0135352915039,1511,75,27,1484,0.9821310390469887,0.01786896095301125,78.53981633974483,7.0,19.238649520948307,10.714285714285714,10.714285714285714,0.3437746770784939,18.894874843869815,0.34083957495799144,0.283012149082444,0.057827425875547456,1,1,1,1,1,1,59.706833858527396,59.706833858527396,0.0,59.706833858527396,59.706833858527396,81,4.0,4.0,0.0,4.0,4.0,81,1.1993549192996211,1.1993549192996211,0.3008770592959737,0.5,2.056063865104553,81,2.5026273620675394,2.5026273620675394,0.5147338043028794,0.8506600332693541,4.05121278621752,81,0.7823589503379773,0.790194484838452,0.09917952678137605,0.518969045191373,0.9820108223489054,81,1.0079947474217688,1.007768193717179,0.27464169171945974,0.5,1.720549897063656,81,6.0601390653921605,5.569223773135867,2.162190261310271,3.048733608688125,13.86911849312124,81,7.1534506084906955,7.1534506084906955,0.0,7.1534506084906955,7.1534506084906955,81,cases/granite_rqd_p32_rot_20.yaml,granite_dense_p32_20,medium_to_poor,dense,unfavorable,high,1,5
granite_dense_p32_20,56,20,20.5,7.717331672048501,7.030882298470902,8.857423275349731,8.857423275349731,6.11527733038672,7.943251682854224,0.7924082558918283,-1.6020543416617814,-0.10105100831069147,0.8967903458966838,-0.9141715924955074,1466,74.7247654212878,74.7247654212878,74.7247654212878,60.71964210786437,68.38468653303401,11.428571428571429,80,74.7247654212878,10.8,70.63586933414734,108,20.0,P32_derived_Jv_proxy,49.0,49.0,-14.005123313423432,-6.340078888253785,11.719642107864367,19.384686533034014,14.005123313423432,6.340078888253785,11.719642107864367,19.384686533034014,1466,80,29,1437,0.980218281036835,0.019781718963165076,78.53981633974483,7.0,18.665691725817485,11.428571428571429,11.428571428571429,0.3692394679731972,18.296452257844287,0.3576141640528685,0.2945676639818091,0.06304650007105939,0,1,1,1,1,1,74.7247654212878,74.7247654212878,0.0,74.7247654212878,74.7247654212878,81,4.0,4.0,0.0,4.0,4.0,81,1.1901009440532955,1.1901009440532955,0.30483199910018743,0.5,2.155918608906327,81,2.5100418910635245,2.5100418910635245,0.4837451007144409,0.826008061714512,3.996594627049135,81,0.7839745673627838,0.7772247290095319,0.10132556908802029,0.534042146369163,1.0,81,0.9845532428375287,0.9704414837310807,0.27252122245815147,0.5,1.6625981315246559,81,7.717331672048501,7.030882298470902,2.817090340100977,3.84405321256737,17.714846550699463,81,8.857423275349731,8.857423275349731,0.0,8.857423275349731,8.857423275349731,81,cases/granite_rqd_p32_rot_20.yaml,granite_dense_p32_20,medium_to_poor,dense,unfavorable,high,1,5
granite_dense_p32_20,56,30,30.5,6.775943399202355,6.280153300328998,7.8041189160512925,7.8041189160512925,7.382708528058158,7.527334706413561,1.0895469594576646,0.6067651288558027,0.037245953071338156,0.9645335735378853,-0.2767842096377313,1509,65.59833299117301,65.59833299117301,65.59833299117301,62.13807804865848,63.76274731708086,12.714285714285714,89,65.59833299117301,11.3,68.80608361793986,113,20.0,P32_derived_Jv_proxy,49.0,49.0,-3.4602549425145313,-1.835585674092151,13.138078048658478,14.762747317080859,3.4602549425145313,1.835585674092151,13.138078048658478,14.762747317080859,1509,89,35,1474,0.9768058316766071,0.023194168323392977,78.53981633974483,7.0,19.213184730053605,12.714285714285714,12.714285714285714,0.44563384065730693,18.767550889396297,0.34431229725573276,0.2941814375082221,0.05013085974751064,1,1,1,1,1,1,65.59833299117301,65.59833299117301,0.0,65.59833299117301,65.59833299117301,81,4.0,4.0,0.0,4.0,4.0,81,1.1886913926434666,1.1886913926434666,0.3017163335288275,0.5,2.1545469422456573,81,2.49791727410727,2.49791727410727,0.5001792183343805,0.75,4.187508403871968,81,0.7909837137334307,0.8027262606453777,0.09965502542811723,0.5284697563760429,1.0,81,0.9851134274768893,0.9662617085633743,0.2759374895387308,0.5135505301536576,1.6210734816791847,81,6.775943399202355,6.280153300328998,2.123253555665688,3.2254183740481905,12.971008390967324,81,7.8041189160512925,7.8041189160512925,0.0,7.8041189160512925,7.8041189160512925,81,cases/granite_rqd_p32_rot_20.yaml,granite_dense_p32_20,medium_to_poor,dense,unfavorable,high,1,5
granite_dense_p32_20,57,10,10.5,6.533139977478391,5.93392142220811,8.123134749902457,8.123134749902457,5.953409393667725,8.081914511755544,0.9112631007740284,-0.5797305838106661,-0.040356214994439976,0.9949255749884726,-0.04122023814691289,1583,67.47711300550986,67.47711300550986,67.47711300550986,67.40987578166401,68.38082038112263,11.428571428571429,80,67.47711300550986,12.1,65.90159875400511,121,20.0,P32_derived_Jv_proxy,49.0,49.0,-0.06723722384585074,0.9037073756127683,18.409875781664013,19.380820381122632,0.06723722384585074,0.9037073756127683,18.409875781664013,19.380820381122632,1583,80,28,1555,0.9823120656980417,0.017687934301958308,78.53981633974483,7.0,20.155381993157626,11.428571428571429,11.428571428571429,0.35650707252584557,19.79887492063178,0.35032560781406286,0.30959071476246136,0.040734893051601495,1,1,1,1,1,1,67.47711300550986,67.47711300550986,0.0,67.47711300550986,67.47711300550986,81,4.0,4.0,0.0,4.0,4.0,81,1.2030946207622164,1.2030946207622164,0.29976211656696705,0.5,2.2297191973227735,81,2.4984613139178795,2.4984613139178795,0.48859107968975624,0.9146207690967696,4.035081938302589,81,0.7675328810866332,0.7781820495681833,0.10397211786747748,0.4939238133708671,0.9771729962436889,81,1.0279861806934314,0.9710968011849007,0.2769149055711802,0.5,1.7197434001525769,81,6.533139977478391,5.93392142220811,2.072679947704945,2.91673263516391,15.369167453883517,81,8.123134749902457,8.123134749902457,0.0,8.123134749902457,8.123134749902457,81,cases/granite_rqd_p32_rot_20.yaml,granite_dense_p32_20,medium_to_poor,dense,unfavorable,high,1,5
granite_dense_p32_20,57,20,20.5,6.314011692061139,5.616547993010155,7.706435084103195,7.706435084103195,6.239690445768952,6.796696420774075,0.988229156055312,-0.07432124629218695,-0.005142337122230445,0.881950778355906,-0.9097386633291205,1477,63.65236666286196,63.65236666286196,63.65236666286196,57.97529521121907,59.412244198849294,14.285714285714286,100,63.65236666286196,11.4,68.44127066868903,114,20.0,P32_derived_Jv_proxy,49.0,49.0,-5.677071451642888,-4.240122464012664,8.97529521121907,10.412244198849294,5.677071451642888,4.240122464012664,8.97529521121907,10.412244198849294,1477,100,31,1446,0.979011509817197,0.02098849018280298,78.53981633974483,7.0,18.805748075738354,14.285714285714286,14.285714285714286,0.39470425886790045,18.411043816870453,0.348763476817024,0.298337285518662,0.05042619129836201,1,1,1,1,1,1,63.65236666286196,63.65236666286196,0.0,63.65236666286196,63.65236666286196,81,4.0,4.0,0.0,4.0,4.0,81,1.2090267812637954,1.2090267812637954,0.30012183468586046,0.5,2.1214711661440924,81,2.4965309882701265,2.4965309882701265,0.5022088379201706,0.75,4.284120513268298,81,0.8056996426005038,0.8041431732607716,0.0931551154289102,0.5145380159768163,1.0,81,1.0840527989705073,1.0751959818866281,0.3102090218596026,0.5,1.8316133841926443,81,6.314011692061139,5.616547993010155,2.415480534699761,2.6599598331913192,14.434921924403469,81,7.706435084103195,7.706435084103195,0.0,7.706435084103195,7.706435084103195,81,cases/granite_rqd_p32_rot_20.yaml,granite_dense_p32_20,medium_to_poor,dense,unfavorable,high,1,5
granite_dense_p32_20,57,30,30.5,7.756243977020312,6.947501370980462,8.89129168295746,8.891291682957462,6.8822095891463375,8.230222837601724,0.8873121590213632,-0.8740343878739747,-0.05192356721350255,0.9256498528079051,-0.6610688453557358,1458,73.51803226830125,73.51803226830125,73.51803226830125,66.18247043678842,66.23014642944266,12.142857142857142,85,73.51803226830125,10.8,70.63586933414734,108,20.0,P32_derived_Jv_proxy,49.0,49.0,-7.335561831512834,-7.2878858388586,17.18247043678842,17.230146429442655,7.335561831512834,7.2878858388586,17.18247043678842,17.230146429442655,1458,85,32,1426,0.9780521262002744,0.02194787379972565,78.53981633974483,7.0,18.563832562238673,12.142857142857142,12.142857142857142,0.40743665431525206,18.156395907923418,0.34466562149909963,0.2789600198637894,0.06570560163531025,1,1,1,1,1,1,73.51803226830125,73.51803226830125,0.0,73.51803226830125,73.51803226830125,81,4.0,4.0,0.0,4.0,4.0,81,1.200238795983823,1.200238795983823,0.2941352547219661,0.5,2.1789216135835865,81,2.4810566810539956,2.4810566810539956,0.49152264257637074,0.75,4.140794039500885,81,0.8133236905771883,0.8219256217903097,0.09648548043687577,0.514780940865292,1.0,81,1.0096679254734195,1.0157515080738397,0.26678014344698847,0.5,1.7454823329804523,81,7.756243977020312,6.947501370980462,2.523425475619786,3.7635082162553206,14.649031975415545,81,8.89129168295746,8.891291682957462,1.7763568394002505e-15,8.891291682957462,8.891291682957462,81,cases/granite_rqd_p32_rot_20.yaml,granite_dense_p32_20,medium_to_poor,dense,unfavorable,high,1,5
granite_dense_p32_20,58,10,10.5,7.028046422916653,6.592277310622074,7.996451197046128,7.99645119704613,6.064893433736032,6.878374647556801,0.8629558014813297,-0.963152989180621,-0.06401144723302177,0.8601784064032877,-1.1180765494893272,1574,67.11126544352608,67.11126544352608,67.11126544352608,62.02679445565616,66.9371212311357,11.857142857142858,83,67.11126544352608,11.7,67.34962625461026,117,20.0,P32_derived_Jv_proxy,49.0,49.0,-5.084470987869921,-0.1741442123903738,13.026794455656159,17.937121231135706,5.084470987869921,0.1741442123903738,13.026794455656159,17.937121231135706,1574,83,31,1543,0.9803049555273189,0.019695044472681066,78.53981633974483,7.0,20.04079043413146,11.857142857142858,11.857142857142858,0.39470425886790045,19.64608617526356,0.3510606598798467,0.24311593020148503,0.10794472967836166,1,1,1,1,1,1,67.11126544352608,67.11126544352608,0.0,67.11126544352608,67.11126544352608,81,4.0,4.0,0.0,4.0,4.0,81,1.1918396169233176,1.1918396169233176,0.3008349878839055,0.5,2.4799328254531927,81,2.500667575104998,2.500667575104998,0.49448784321302947,1.0013870959024576,4.00877852940572,81,0.7945642768717542,0.7908608889832331,0.10042331260478594,0.565290153295367,1.0,81,0.9864336966394676,0.9952123648700024,0.2767350535634709,0.5,1.5851328271450498,81,7.028046422916653,6.592277310622074,2.384349964676588,3.4071652432393975,14.443810852879395,81,7.996451197046128,7.99645119704613,1.7763568394002505e-15,7.99645119704613,7.99645119704613,81,cases/granite_rqd_p32_rot_20.yaml,granite_dense_p32_20,medium_to_poor,dense,unfavorable,high,1,5
granite_dense_p32_20,58,20,20.5,7.05826608499919,6.491830084676113,7.798314450770648,7.798314450770647,5.942399785855408,7.653055408386218,0.8419064561032471,-1.1158662991437813,-0.07473616010966055,0.9813730206313911,-0.14525904238442955,1566,66.20309450321881,66.20309450321881,66.20309450321881,62.600765702728914,70.73197520858447,10.857142857142858,76,66.20309450321881,11.9,66.6244568306082,119,20.0,P32_derived_Jv_proxy,49.0,49.0,-3.602328800489893,4.5288807053656654,13.600765702728914,21.731975208584473,3.602328800489893,4.5288807053656654,13.600765702728914,21.731975208584473,1566,76,24,1542,0.9846743295019157,0.01532567049808429,78.53981633974483,7.0,19.938931270552647,10.857142857142858,10.857142857142858,0.30557749073643903,19.633353779816208,0.34647196125526813,0.276020116250851,0.07045184500441715,1,1,1,1,1,1,66.20309450321881,66.20309450321881,0.0,66.20309450321881,66.20309450321881,81,4.0,4.0,0.0,4.0,4.0,81,1.172913991229123,1.172913991229123,0.2934696600483948,0.5,2.1204776394063445,81,2.489337160474966,2.489337160474966,0.48475742343112194,0.75,4.1167531911331015,81,0.8139883949857611,0.8200378291660119,0.09967076970262026,0.4418658359336589,1.0,81,0.9742854931556376,0.9741720709796667,0.2638048489653771,0.5,1.6886986498735663,81,7.05826608499919,6.491830084676113,2.2690077201147707,3.126381198073191,13.013346856587434,81,7.798314450770648,7.798314450770647,8.881784197001252e-16,7.798314450770647,7.798314450770647,81,cases/granite_rqd_p32_rot_20.yaml,granite_dense_p32_20,medium_to_poor,dense,unfavorable,high,1,5
granite_dense_p32_20,58,30,30.5,6.757715439138654,6.372120392885626,7.949755970041694,7.949755970041696,5.723800520528771,6.431721674721941,0.8470023001232401,-1.0339149186098826,-0.0721154102956515,0.8090464284639178,-1.5180342953197528,1534,66.01830645835251,66.01830645835251,66.01830645835251,52.44676721323138,61.74195005036568,13.428571428571429,94,66.01830645835251,12.3,65.18124482283166,123,20.0,P32_derived_Jv_proxy,49.0,49.0,-13.57153924512113,-4.276356407986832,3.4467672132313822,12.74195005036568,13.57153924512113,4.276356407986832,3.4467672132313822,12.74195005036568,1534,94,32,1502,0.9791395045632334,0.020860495436766623,78.53981633974483,7.0,19.531494616237396,13.428571428571429,13.428571428571429,0.40743665431525206,19.124057961922144,0.349627989971694,0.29015157873097674,0.05947641124071723,1,1,1,1,1,1,66.01830645835251,66.01830645835251,0.0,66.01830645835251,66.01830645835251,81,4.0,4.0,0.0,4.0,4.0,81,1.204615641622206,1.204615641622206,0.2918558033800742,0.5,2.4589327806910717,81,2.5009159052439007,2.5009159052439007,0.48231633467670415,1.0267958989670116,4.218618205274986,81,0.7824229526264782,0.7733088624105505,0.0864842389868813,0.6256124130614316,0.9971396888583199,81,1.005426175052472,0.9797078229311897,0.3067216535272064,0.5,1.8057045676403,81,6.757715439138654,6.372120392885626,2.10568963340211,3.511849511204172,12.743609168391137,81,7.949755970041694,7.949755970041696,2.6645352591003757e-15,7.949755970041696,7.949755970041696,81,cases/granite_rqd_p32_rot_20.yaml,granite_dense_p32_20,medium_to_poor,dense,unfavorable,high,1,5
granite_dense_p32_20,59,10,10.5,8.217083751270236,7.3469758611124165,8.860944597784771,8.860944597784773,5.374458028452232,6.500594773187092,0.654059054420788,-2.8426257228180036,-0.18438303783594323,0.7336232273489482,-2.3603498245976793,1526,74.26697837238498,74.26697837238498,74.26697837238498,56.15973378207235,64.32434300569182,12.571428571428571,88,74.26697837238498,9.9,73.94376151338709,99,20.0,P32_derived_Jv_proxy,49.0,49.0,-18.107244590312632,-9.942635366693167,7.159733782072351,15.324343005691816,18.107244590312632,9.942635366693167,7.159733782072351,15.324343005691816,1526,88,27,1499,0.9823066841415465,0.017693315858453473,78.53981633974483,7.0,19.429635452658584,12.571428571428571,12.571428571428571,0.3437746770784939,19.085860775580088,0.35120773067727207,0.2762769727217741,0.07493075795549797,0,0,1,0,1,1,74.26697837238498,74.26697837238498,0.0,74.26697837238498,74.26697837238498,81,4.0,4.0,0.0,4.0,4.0,81,1.1954989962167841,1.1954989962167841,0.3002387847654873,0.5,2.3484614666888524,81,2.504984009222795,2.504984009222795,0.4978379996241542,0.75,4.1082049869424715,81,0.8130405187327883,0.8123228055296912,0.09551365385189381,0.6032056496829452,1.0,81,0.9821721963761928,0.9944736755353183,0.319658413380919,0.5,1.7409281234417469,81,8.217083751270236,7.3469758611124165,3.0421248587265195,3.753568534607901,16.692801630244627,81,8.860944597784771,8.860944597784773,1.7763568394002505e-15,8.860944597784773,8.860944597784773,81,cases/granite_rqd_p32_rot_20.yaml,granite_dense_p32_20,medium_to_poor,dense,unfavorable,high,1,5
granite_dense_p32_20,59,20,20.5,7.694854584278361,6.7534380303580885,8.44651328277663,8.446513282776628,7.9747530723875695,7.845802220080947,1.0363747599182809,0.27989848810920837,0.015516827546425915,0.9288805874584252,-0.6007110626956829,1480,70.26914560773947,70.26914560773947,70.26914560773947,67.98646433660484,70.77271875529809,10.714285714285714,75,70.26914560773947,11.3,68.80608361793986,113,20.0,P32_derived_Jv_proxy,49.0,49.0,-2.282681271134635,0.5035731475586118,18.98646433660484,21.772718755298087,2.282681271134635,0.5035731475586118,18.98646433660484,21.772718755298087,1480,75,24,1456,0.9837837837837838,0.016216216216216217,78.53981633974483,7.0,18.843945262080407,10.714285714285714,10.714285714285714,0.30557749073643903,18.538367771343967,0.3476212837434539,0.2756461244801419,0.071975159263312,1,1,1,1,1,1,70.26914560773947,70.26914560773947,0.0,70.26914560773947,70.26914560773947,81,4.0,4.0,0.0,4.0,4.0,81,1.1995840120277812,1.1995840120277812,0.29584944288083725,0.5,2.140000378495082,81,2.4949272199032912,2.4949272199032912,0.49477724493120284,0.7930220279942832,4.563168339686449,81,0.8064984090047714,0.8063037614304853,0.09371386562571783,0.550097108216108,1.0,81,0.9662480803455146,0.9807074574874064,0.2731505887278854,0.5,1.6720256894770706,81,7.694854584278361,6.7534380303580885,2.5929065221261993,3.95404062711587,14.681612799332033,81,8.44651328277663,8.446513282776628,1.7763568394002505e-15,8.446513282776628,8.446513282776628,81,cases/granite_rqd_p32_rot_20.yaml,granite_dense_p32_20,medium_to_poor,dense,unfavorable,high,1,5
granite_dense_p32_20,59,30,30.5,6.827961922657461,6.075852680865922,7.445286828965143,7.445286828965144,5.538795551966844,7.96661466548584,0.8111930931523312,-1.2891663706906167,-0.0908757557654234,1.0700211890417066,0.5213278365206966,1523,61.30823770369916,61.30823770369916,61.30823770369916,64.33485072583609,69.29183539332075,11.428571428571429,80,61.30823770369916,12.5,64.46357929354276,125,20.0,P32_derived_Jv_proxy,49.0,49.0,3.026613022136928,7.98359768962159,15.334850725836091,20.291835393320753,3.026613022136928,7.98359768962159,15.334850725836091,20.291835393320753,1523,80,33,1490,0.9783322390019698,0.021667760998030205,78.53981633974483,7.0,19.391438266316527,11.428571428571429,11.428571428571429,0.42016904976260366,18.971269216553925,0.356368333204642,0.29727062642285995,0.059097706781782056,1,1,1,1,1,1,61.30823770369916,61.30823770369916,0.0,61.30823770369916,61.30823770369916,81,4.0,4.0,0.0,4.0,4.0,81,1.2067118527329745,1.2067118527329745,0.2987659341565602,0.5,2.4726221730033155,81,2.484168132361512,2.484168132361512,0.5025908912531741,0.75,4.159549652562399,81,0.7993147112641963,0.798097197100222,0.08490787298602626,0.6203742123666379,1.0,81,0.9583635068702538,0.9779088975229352,0.2744538001507033,0.5,1.5517615787428731,81,6.827961922657461,6.075852680865922,2.4148460554666915,3.3465646667728333,13.53215995644957,81,7.445286828965143,7.445286828965144,8.881784197001252e-16,7.445286828965144,7.445286828965144,81,cases/granite_rqd_p32_rot_20.yaml,granite_dense_p32_20,medium_to_poor,dense,unfavorable,high,1,5
