case_name,seed,face_x_idx,face_x_coord,borehole_name,Q_face_mean,Qp_face_mean,Q_bh_mean,Q_bh_median,Qp_bh_mean,Qp_bh_median,RQD_bh_mean,Jn_bh_mean,RQD_borehole_direct_mean,RQD_borehole_direct_median,RQD_borehole_hudson_mean,RQD_borehole_hudson_median,lambda_borehole_mean,borehole_n_intersections_sum,RQD_face_scanline,RQD_face_jv,RQD_face_conservative,lambda_face_scanline,face_scanline_n_intersections,Jv_face,Jv_method,Jr_bh_mean,Ja_bh_mean,Jw_bh_mean,SRF_bh_mean,Q_ratio_bh_to_face,Qp_ratio_bh_to_face,face_fracture_count,bh_fracture_count,common_fracture_count,missed_fracture_count,miss_ratio,detection_ratio,bh_window_length,bh_fracture_frequency,face_fracture_density,bh_union_fracture_frequency,common_fracture_density,missed_fracture_density,orientation_bias_bh,face_orientation_bias,orientation_bias_gap_to_face,Q_match_strict,Q_match_normal,Q_match_loose,Qp_match_strict,Qp_match_normal,Qp_match_loose,case_path,case_name_meta,quality_regime,density_regime,orientation_regime,anisotropy_regime,cost_fp,cost_fn
granite_dense_p32_05,40,10,10.5,Center,10.476626373084157,11.594688044265077,8.342222502919585,8.170113211766639,11.146930952506526,11.545982255278789,93.39926963530556,4.0,93.39926963530556,93.383931465657,94.00748679259156,93.8448064449895,3.7142857142857144,26,96.6363903594775,98.5,96.6363903594775,2.7,27,5.0,P32_derived_Jv_proxy,1.1739750616942126,2.490569208708299,0.8190682357572294,1.1443117334358373,0.7962699256271906,0.9613825667366689,356,26,12,344,0.9662921348314607,0.033707865168539325,7.0,3.7142857142857144,4.532732779257179,3.7142857142857144,0.15278874536821951,4.379944033888959,0.3419684300965099,0.3392163457155766,-0.0027520843809333284,0,1,1,1,1,1,cases/granite_rqd_p32_rot_05.yaml,granite_dense_p32_05,medium_to_poor,dense,unfavorable,high,1,5
granite_dense_p32_05,40,20,20.5,Center,9.12470879401084,11.493591143013463,10.251333626065328,11.532577225089414,13.121023435524624,12.086968636702153,97.20047748061462,4.0,97.20047748061462,100.0,98.52082682122337,98.24769036935783,1.7142857142857142,12,96.61820753457052,98.5,96.61820753457052,2.5,25,5.0,P32_derived_Jv_proxy,1.2417748921500986,2.3659073810511195,0.7437915959255893,0.969117620128164,1.12346967530558,1.1415947611378554,363,12,3,360,0.9917355371900827,0.008264462809917356,7.0,1.7142857142857142,4.621859547388641,1.7142857142857142,0.03819718634205488,4.583662361046586,0.27378486203799157,0.3505744545428692,0.0767895925048776,1,1,1,1,1,1,cases/granite_rqd_p32_rot_05.yaml,granite_dense_p32_05,medium_to_poor,dense,unfavorable,high,1,5
granite_dense_p32_05,40,30,30.5,Center,9.725092428015781,11.096707283159445,12.875145525309737,13.43193108892308,11.14982759860508,12.392179582366445,97.19660302101317,4.0,97.19660302101317,100.0,98.40417802143001,98.24769036935783,1.7142857142857142,12,94.37425082672782,98.5,94.37425082672782,3.7,37,5.0,P32_derived_Jv_proxy,1.227563951095578,2.7570662353987565,0.8622720667942148,0.8314782712972022,1.3239098363959367,1.0047870340354252,383,12,3,380,0.9921671018276762,0.007832898172323759,7.0,1.7142857142857142,4.876507456335673,1.7142857142857142,0.03819718634205488,4.8383102699936185,0.2888062923184146,0.35074965573838957,0.06194336341997497,0,1,1,1,1,1,cases/granite_rqd_p32_rot_05.yaml,granite_dense_p32_05,medium_to_poor,dense,unfavorable,high,1,5
granite_dense_p32_05,41,10,10.5,Center,10.07387506918147,11.646476748309116,10.475852289908184,11.284621989214575,11.98833819416431,11.597207600318661,97.75613483224585,4.0,97.75613483224585,100.0,95.85025691229835,98.24769036935783,3.0,21,96.82383391369677,98.5,96.82383391369677,2.5,25,5.0,P32_derived_Jv_proxy,1.204163564359119,2.4855797321897612,0.8055916184226878,0.9860304434894659,1.0399029388359662,1.0293532072611424,395,21,5,390,0.9873417721518988,0.012658227848101266,7.0,3.0,5.029296201703892,3.0,0.06366197723675814,4.965634224467134,0.28995074575862056,0.3386841374495815,0.048733391690960914,1,1,1,1,1,1,cases/granite_rqd_p32_rot_05.yaml,granite_dense_p32_05,medium_to_poor,dense,unfavorable,high,1,5
granite_dense_p32_05,41,20,20.5,Center,9.470988795399792,11.39345260849501,10.301064239796675,9.641612685417309,11.182695049462167,10.97549595812125,98.26194682462013,4.0,98.26194682462013,100.0,96.56873345487756,98.24769036935783,2.4285714285714284,17,97.60155094987869,98.5,97.60155094987869,3.0,30,5.0,P32_derived_Jv_proxy,1.1026728112122903,2.471742835299284,0.8095182796292922,0.9271311344271851,1.0876440108133232,0.9815018707432283,369,17,8,361,0.978319783197832,0.02168021680216802,7.0,2.4285714285714284,4.698253920072751,2.4285714285714284,0.10185916357881301,4.596394756493937,0.29815666563815235,0.360444166058571,0.06228750042041864,1,1,1,1,1,1,cases/granite_rqd_p32_rot_05.yaml,granite_dense_p32_05,medium_to_poor,dense,unfavorable,high,1,5
granite_dense_p32_05,41,30,30.5,Center,10.561197889007433,11.47095530582423,7.916848184227513,8.460646860680368,12.290673282942299,12.285633595433248,91.7518253258896,4.0,91.7518253258896,94.55106772241288,95.72941289569418,96.30636868862332,2.857142857142857,20,98.11077507982291,98.5,98.11077507982291,2.8,28,5.0,P32_derived_Jv_proxy,1.1568392223832975,2.232723699208998,0.7718460786688566,1.220577777324236,0.7496164987560476,1.071460306074235,374,20,9,365,0.9759358288770054,0.02406417112299465,7.0,2.857142857142857,4.761915897309509,2.857142857142857,0.11459155902616464,4.647324338283344,0.28401351092733285,0.35449205679562845,0.0704785458682956,0,1,1,1,1,1,cases/granite_rqd_p32_rot_05.yaml,granite_dense_p32_05,medium_to_poor,dense,unfavorable,high,1,5
granite_dense_p32_05,42,10,10.5,Center,10.338223322672851,11.580046527303015,8.27050022995654,8.001368892911312,10.29644577304757,10.310741314634699,97.70311839066825,4.0,97.70311839066825,100.0,95.70589677638384,96.30636868862332,2.7142857142857144,19,95.42893403169764,98.5,95.42893403169764,2.1,21,5.0,P32_derived_Jv_proxy,1.0731205868289533,2.654153600750337,0.8150001345730925,1.1321174642336316,0.7999924137659544,0.889154093532438,401,19,8,393,0.9800498753117207,0.0199501246882793,7.0,2.7142857142857144,5.105690574388002,2.7142857142857144,0.10185916357881301,5.003831410809189,0.3126388013731749,0.3411782608433258,0.028539459470150907,0,1,1,1,1,1,cases/granite_rqd_p32_rot_05.yaml,granite_dense_p32_05,medium_to_poor,dense,unfavorable,high,1,5
granite_dense_p32_05,42,20,20.5,Center,10.531705250484352,11.141907223202022,8.052182430141844,7.588543998330463,10.109100648620478,11.109665841544626,92.70214726851633,4.0,92.70214726851633,94.74906317962697,95.78091858244242,96.30636868862332,2.7142857142857144,19,96.48062572701959,98.5,96.48062572701959,3.2,32,5.0,P32_derived_Jv_proxy,1.127948311661586,2.6269592564399624,0.7644015684490808,0.9881928594745883,0.7645658740564854,0.9073043282544287,384,19,4,380,0.9895833333333334,0.010416666666666666,7.0,2.7142857142857144,4.8892398517830244,2.7142857142857144,0.05092958178940651,4.8383102699936185,0.28688588364437595,0.34585258353301573,0.058966699888639784,0,1,1,1,1,1,cases/granite_rqd_p32_rot_05.yaml,granite_dense_p32_05,medium_to_poor,dense,unfavorable,high,1,5
granite_dense_p32_05,42,30,30.5,Center,10.521742393533847,11.526434446184023,6.759403081639531,6.170366913778765,9.966545347108438,9.52807122458761,92.9869091182422,4.0,92.9869091182422,92.55384086819593,96.17839254207853,98.24769036935783,2.7142857142857144,19,95.9265615960463,98.5,95.9265615960463,2.8,28,5.0,P32_derived_Jv_proxy,1.1479086541644712,2.6613521317116318,0.7768853968134881,1.2377868911251515,0.6424224076987033,0.8646685489464605,373,19,4,369,0.9892761394101877,0.010723860589812333,7.0,2.7142857142857144,4.749183501862157,2.7142857142857144,0.05092958178940651,4.698253920072751,0.2798330787643105,0.3347020096297757,0.05486893086546518,0,0,1,1,1,1,cases/granite_rqd_p32_rot_05.yaml,granite_dense_p32_05,medium_to_poor,dense,unfavorable,high,1,5
granite_dense_p32_05,43,10,10.5,Center,9.961131307572549,11.316519211313787,9.47280319372865,9.367296468630972,10.907263833922459,10.400473116953043,94.4959297489836,4.0,94.4959297489836,92.82187004674718,95.17093544133422,96.30636868862332,3.2857142857142856,23,95.39422541879384,98.5,95.39422541879384,3.2,32,5.0,P32_derived_Jv_proxy,1.1403154914148828,2.5106192310560504,0.7595460118482924,0.9278134162271445,0.9509766412302318,0.9638355779061311,427,23,13,414,0.9695550351288056,0.03044496487119438,7.0,3.2857142857142856,5.436732856019145,3.2857142857142856,0.16552114081557115,5.271211715203574,0.2694231211787369,0.3445310332325039,0.07510791205376699,1,1,1,1,1,1,cases/granite_rqd_p32_rot_05.yaml,granite_dense_p32_05,medium_to_poor,dense,unfavorable,high,1,5
granite_dense_p32_05,43,20,20.5,Center,10.000302209627199,11.36998951492622,9.45379930846028,9.136973560408192,10.829841325446639,10.681902978794664,93.32331061753554,4.0,93.32331061753554,100.0,95.41063242799103,98.24769036935783,2.857142857142857,20,94.39586728554005,98.5,94.39586728554005,3.4,34,5.0,P32_derived_Jv_proxy,1.2478486252914147,2.7010196980872974,0.7675669163349912,0.8959169352762667,0.9453513614177774,0.9524935191215006,402,20,10,392,0.9751243781094527,0.024875621890547265,7.0,2.857142857142857,5.118422969835354,2.857142857142857,0.12732395447351627,4.991099015361837,0.27819583767247447,0.331951918486047,0.05375608081357253,1,1,1,1,1,1,cases/granite_rqd_p32_rot_05.yaml,granite_dense_p32_05,medium_to_poor,dense,unfavorable,high,1,5
granite_dense_p32_05,43,30,30.5,Center,10.187627875387689,11.640563283812046,10.088825938691837,8.683575388969171,11.099006414244384,11.459997999313135,97.72535578122232,4.0,97.72535578122232,100.0,94.38642638347561,98.24769036935783,3.2857142857142856,23,94.63925970241152,98.5,94.63925970241152,3.9,39,5.0,P32_derived_Jv_proxy,1.2134803115576567,2.6953744056577906,0.7844426100891507,0.9205059872507112,0.9903017721196367,0.9534767470985894,423,23,11,412,0.9739952718676123,0.026004728132387706,7.0,3.2857142857142856,5.385803274229738,3.2857142857142856,0.1400563499208679,5.24574692430887,0.2877791759385573,0.32777819761104887,0.039999021672491586,1,1,1,1,1,1,cases/granite_rqd_p32_rot_05.yaml,granite_dense_p32_05,medium_to_poor,dense,unfavorable,high,1,5
granite_dense_p32_05,44,10,10.5,Center,9.703303667229543,11.630568830955808,8.360182851500294,7.917834371530856,10.322934494709715,10.32829870739784,91.15653435927975,4.0,91.15653435927975,91.65627258353122,94.48899034361041,96.30636868862332,3.4285714285714284,24,98.53229470532571,98.5,98.5,2.2,22,5.0,P32_derived_Jv_proxy,1.1502249196954693,2.5200917046528453,0.8097820186114705,1.1524995211685758,0.8615810798269357,0.8875691846846127,354,24,7,347,0.980225988700565,0.01977401129943503,7.0,3.4285714285714284,4.507267988362476,3.4285714285714284,0.08912676813146139,4.418141220231014,0.2743419965709074,0.35027412848329775,0.07593213191239034,1,1,1,1,1,1,cases/granite_rqd_p32_rot_05.yaml,granite_dense_p32_05,medium_to_poor,dense,unfavorable,high,1,5
granite_dense_p32_05,44,20,20.5,Center,10.708232760913946,11.573526399753053,9.410133181671599,10.007398251972347,11.723172426065277,11.080936396795398,96.26176171751624,4.0,96.26176171751624,96.73842641179569,96.5093802768855,96.30636868862332,2.857142857142857,20,96.1018166509752,98.5,96.1018166509752,3.0,30,5.0,P32_derived_Jv_proxy,1.1413906123881925,2.377185715201235,0.8048331815063978,1.0172143625861205,0.8787755544518483,1.0129300285101883,379,20,7,372,0.9815303430079155,0.018469656992084433,7.0,2.857142857142857,4.8255778745462665,2.857142857142857,0.08912676813146139,4.736451106414806,0.21832711590188203,0.3333214093419773,0.11499429344009526,1,1,1,1,1,1,cases/granite_rqd_p32_rot_05.yaml,granite_dense_p32_05,medium_to_poor,dense,unfavorable,high,1,5
granite_dense_p32_05,44,30,30.5,Center,10.140716856746398,11.521851760686063,8.336527230828334,7.7812612238336785,9.78265155813792,9.009661348992218,90.03809224372013,4.0,90.03809224372013,90.7361934739109,92.9188241321697,96.30636868862332,4.0,28,96.51933461824387,98.5,96.51933461824387,2.5,25,5.0,P32_derived_Jv_proxy,1.1277807984999835,2.609859023962843,0.8373758707606299,1.0355057161517147,0.8220846068966243,0.8490520240433483,385,28,11,374,0.9714285714285714,0.02857142857142857,7.0,4.0,4.901972247230376,4.0,0.1400563499208679,4.761915897309509,0.22446963925394592,0.3539153162637191,0.12944567700977316,1,1,1,1,1,1,cases/granite_rqd_p32_rot_05.yaml,granite_dense_p32_05,medium_to_poor,dense,unfavorable,high,1,5
granite_dense_p32_05,45,10,10.5,Center,10.001198651060307,11.449416676979453,9.072500138738857,7.6646543028409715,10.84520971777162,10.132640209678332,96.14153862692264,4.0,96.14153862692264,99.2402373599234,96.61854956998526,96.30636868862332,2.7142857142857144,19,95.12181171002597,98.5,95.12181171002597,3.6,36,5.0,P32_derived_Jv_proxy,1.1668010913707605,2.584193622577987,0.7406953331156718,0.9438091422844682,0.9071412792882589,0.9472281447820246,395,19,7,388,0.9822784810126582,0.017721518987341773,7.0,2.7142857142857144,5.029296201703892,2.7142857142857144,0.08912676813146139,4.940169433572431,0.26783798852380514,0.3580390843560799,0.09020109583227476,1,1,1,1,1,1,cases/granite_rqd_p32_rot_05.yaml,granite_dense_p32_05,medium_to_poor,dense,unfavorable,high,1,5
granite_dense_p32_05,45,20,20.5,Center,10.720544758316835,12.063162704309663,11.506278235954634,10.409449110278008,11.577426847129074,11.88775055687932,95.09201577454391,4.0,95.09201577454391,97.73012397147203,96.80203894349923,96.30636868862332,2.5714285714285716,18,97.4200005769915,98.5,97.4200005769915,2.5,25,5.0,P32_derived_Jv_proxy,1.1714431517353758,2.45673401935244,0.7680191966405924,0.9245737855503283,1.0732923088659498,0.959733954594921,375,18,8,367,0.9786666666666667,0.021333333333333333,7.0,2.5714285714285716,4.77464829275686,2.5714285714285716,0.10185916357881301,4.672789129178047,0.28537402393462896,0.3319573706637614,0.04658334672913245,1,1,1,1,1,1,cases/granite_rqd_p32_rot_05.yaml,granite_dense_p32_05,medium_to_poor,dense,unfavorable,high,1,5
granite_dense_p32_05,45,30,30.5,Center,10.221402710116845,11.53398823585599,10.22816152593849,10.064469433315928,13.119748003142876,12.0,95.41487006065266,4.0,95.41487006065266,98.7519816078762,96.51106984852605,98.24769036935783,2.4285714285714284,17,93.65426240508488,98.5,93.65426240508488,3.3,33,5.0,P32_derived_Jv_proxy,1.3311970047789863,2.48442431097142,0.8249786684996572,1.08578062856754,1.0006612415158005,1.1374858145213982,376,17,7,369,0.9813829787234043,0.018617021276595744,7.0,2.4285714285714284,4.787380688204212,2.4285714285714284,0.08912676813146139,4.698253920072751,0.2851731758027869,0.34646018269651346,0.06128700689372657,1,1,1,1,1,1,cases/granite_rqd_p32_rot_05.yaml,granite_dense_p32_05,medium_to_poor,dense,unfavorable,high,1,5
granite_dense_p32_05,46,10,10.5,Center,9.653255561172898,11.025373498413957,12.336377823716536,11.856342373570932,11.546114456916712,12.0,89.19537286087504,4.0,89.19537286087504,90.80715791127325,93.92684749956413,96.30636868862332,3.5714285714285716,25,93.31808476840745,98.5,93.31808476840745,3.4,34,5.0,P32_derived_Jv_proxy,1.3006965611604075,2.5173851119964605,0.8055641907029086,0.9055323831550904,1.2779499874980653,1.0472311399316916,371,25,10,361,0.9730458221024259,0.026954177897574125,7.0,3.5714285714285716,4.723718710967454,3.5714285714285716,0.12732395447351627,4.596394756493937,0.2698636250883938,0.35894892861909755,0.08908530353070376,0,1,1,1,1,1,cases/granite_rqd_p32_rot_05.yaml,granite_dense_p32_05,medium_to_poor,dense,unfavorable,high,1,5
granite_dense_p32_05,46,20,20.5,Center,9.562534912605836,11.400154919109639,10.227487437293885,8.749365718449075,11.734953962094059,11.571738644495667,85.09806503941438,4.0,85.09806503941438,86.31663057597353,94.08248906593374,98.24769036935783,3.142857142857143,22,95.15049251757691,98.5,95.15049251757691,2.9,29,5.0,P32_derived_Jv_proxy,1.3654374955532909,2.4829503852102723,0.7947490891692393,0.9692890113948184,1.0695372650416652,1.0293679380113694,387,22,3,384,0.9922480620155039,0.007751937984496124,7.0,3.142857142857143,4.927437038125079,3.142857142857143,0.03819718634205488,4.8892398517830244,0.2148938766414138,0.3613074450318142,0.14641356839040043,1,1,1,1,1,1,cases/granite_rqd_p32_rot_05.yaml,granite_dense_p32_05,medium_to_poor,dense,unfavorable,high,1,5
granite_dense_p32_05,46,30,30.5,Center,10.035464247769319,11.653338618161257,8.28770854121194,7.721900885580238,10.728564664912572,9.973839783441825,91.92653563346711,4.0,91.92653563346711,92.34352764378477,95.61642948558718,96.30636868862332,3.142857142857143,22,96.80092122153464,98.5,96.80092122153464,3.0,30,5.0,P32_derived_Jv_proxy,1.2194498985949787,2.6113974831881746,0.8400244304157535,1.1371183730815686,0.8258420673517052,0.9206430033872471,425,22,7,418,0.9835294117647059,0.01647058823529412,7.0,3.142857142857143,5.411268065124442,3.142857142857143,0.08912676813146139,5.32214129699298,0.32340827451494536,0.3378718752434896,0.014463600728544246,1,1,1,1,1,1,cases/granite_rqd_p32_rot_05.yaml,granite_dense_p32_05,medium_to_poor,dense,unfavorable,high,1,5
granite_dense_p32_05,47,10,10.5,Center,10.49086365922655,12.27829062112087,9.414448266064728,8.064139789206669,11.18394950823611,12.0,90.0997022828323,4.0,90.0997022828323,92.23904946964848,95.12109349221087,98.24769036935783,2.857142857142857,20,98.76272794363038,98.5,98.5,2.7,27,5.0,P32_derived_Jv_proxy,1.2047951093216243,2.396333635520389,0.8228216161341467,1.0297249659082828,0.8973949687912366,0.9108718675381167,388,20,11,377,0.9716494845360825,0.028350515463917526,7.0,2.857142857142857,4.940169433572431,2.857142857142857,0.1400563499208679,4.8001130836515635,0.23964000023789744,0.3250117588543885,0.08537175861649104,1,1,1,1,1,1,cases/granite_rqd_p32_rot_05.yaml,granite_dense_p32_05,medium_to_poor,dense,unfavorable,high,1,5
granite_dense_p32_05,47,20,20.5,Center,9.814449804632355,10.998756684987885,8.799678846162195,7.74987966536352,9.602604522073124,9.009952927680104,92.6533657918565,4.0,92.6533657918565,93.34828147362622,94.32762097758871,96.30636868862332,3.5714285714285716,25,92.51331192572596,98.5,92.51331192572596,3.3,33,5.0,P32_derived_Jv_proxy,1.083218023094083,2.6206995102488166,0.834904369546151,0.964225465324389,0.8966043967139966,0.8730627285518228,362,25,7,355,0.9806629834254144,0.019337016574585635,7.0,3.5714285714285716,4.609127151941289,3.5714285714285716,0.08912676813146139,4.520000383809828,0.27292634174921115,0.3506918369121217,0.07776549516291054,1,1,1,1,1,1,cases/granite_rqd_p32_rot_05.yaml,granite_dense_p32_05,medium_to_poor,dense,unfavorable,high,1,5
granite_dense_p32_05,47,30,30.5,Center,9.595250454298116,11.690268599230986,10.593287942094973,9.639726699890247,11.221447211426337,10.94951439869314,96.756883948193,4.0,96.756883948193,100.0,98.06000577903305,98.24769036935783,2.0,14,96.698965623753,98.5,96.698965623753,2.7,27,5.0,P32_derived_Jv_proxy,1.189727361722974,2.5747443396212235,0.7689370138737678,0.8197185508762805,1.104013698501199,0.9598964400325678,377,14,6,371,0.9840848806366048,0.015915119363395226,7.0,2.0,4.8001130836515635,2.0,0.07639437268410976,4.723718710967454,0.318718141913393,0.36212849276254233,0.04341035084914935,1,1,1,1,1,1,cases/granite_rqd_p32_rot_05.yaml,granite_dense_p32_05,medium_to_poor,dense,unfavorable,high,1,5
granite_dense_p32_05,48,10,10.5,Center,9.71263973491756,11.250232064461244,10.066403682147945,8.926356971473616,10.62827105821307,11.244586602685738,95.44702963788265,4.0,95.44702963788265,95.70849438593099,96.94319959763405,96.30636868862332,2.4285714285714284,17,96.32993302096577,98.5,96.32993302096577,2.6,26,5.0,P32_derived_Jv_proxy,1.1572470049101014,2.6526534326838247,0.7586634820232117,0.9139894311214717,1.03642304840759,0.9447157176239138,390,17,9,381,0.9769230769230769,0.023076923076923078,7.0,2.4285714285714284,4.965634224467134,2.4285714285714284,0.11459155902616464,4.8510426654409695,0.28110769398925506,0.3323426052198475,0.05123491123059243,1,1,1,1,1,1,cases/granite_rqd_p32_rot_05.yaml,granite_dense_p32_05,medium_to_poor,dense,unfavorable,high,1,5
granite_dense_p32_05,48,20,20.5,Center,9.857433813382489,11.570651659955475,9.52366866618689,9.767760778386165,12.44518769045759,11.906357224850655,96.14048439046027,4.0,96.14048439046027,98.32785988390711,94.23377868242629,96.30636868862332,3.5714285714285716,25,97.6072117394423,98.5,97.6072117394423,3.0,30,5.0,P32_derived_Jv_proxy,1.2278280910923247,2.387440076335237,0.8349645395446341,1.1693102606091978,0.9661407671089327,1.075582262451887,424,25,7,417,0.9834905660377359,0.01650943396226415,7.0,3.5714285714285716,5.39853566967709,3.5714285714285716,0.08912676813146139,5.309408901545629,0.23099611415992183,0.35033595586225375,0.11933984170233192,1,1,1,1,1,1,cases/granite_rqd_p32_rot_05.yaml,granite_dense_p32_05,medium_to_poor,dense,unfavorable,high,1,5
granite_dense_p32_05,48,30,30.5,Center,11.067494404225911,12.482714448117607,8.916042830768324,9.357889692854057,10.664866302312655,9.590111593585705,93.59014121120421,4.0,93.59014121120421,93.78178793747213,94.76962153067522,96.30636868862332,3.2857142857142856,23,97.84078542497177,98.5,97.84078542497177,2.8,28,5.0,P32_derived_Jv_proxy,1.1683141864820816,2.639259290511428,0.7749076187272406,1.0322980741234336,0.805606265078743,0.8543707658009365,406,23,6,400,0.9852216748768473,0.014778325123152709,7.0,3.2857142857142856,5.16935255162476,3.2857142857142856,0.07639437268410976,5.092958178940651,0.2886738332971909,0.35075054267402883,0.06207670937683796,1,1,1,1,1,1,cases/granite_rqd_p32_rot_05.yaml,granite_dense_p32_05,medium_to_poor,dense,unfavorable,high,1,5
granite_dense_p32_05,49,10,10.5,Center,10.20367694682803,11.588079111416308,8.833707614138335,8.247259778237124,11.419748500424438,12.0,93.33451592633605,4.0,93.33451592633605,100.0,95.7654376309658,96.30636868862332,2.7142857142857144,19,95.75975557982555,98.5,95.75975557982555,2.8,28,5.0,P32_derived_Jv_proxy,1.177831080211815,2.418052556046277,0.7604835532077904,0.9947307670322793,0.8657376806587774,0.9854738124089925,359,19,3,356,0.9916434540389972,0.008356545961002786,7.0,2.7142857142857144,4.570929965599234,2.7142857142857144,0.03819718634205488,4.532732779257179,0.20430280235055642,0.35246290324973806,0.14816010089918163,1,1,1,1,1,1,cases/granite_rqd_p32_rot_05.yaml,granite_dense_p32_05,medium_to_poor,dense,unfavorable,high,1,5
granite_dense_p32_05,49,20,20.5,Center,9.378419207028681,11.53715893143878,8.728717281283702,7.918828719141776,11.309401132443565,12.0,94.46866442066789,4.0,94.46866442066789,92.02608160616732,95.19427177308967,96.30636868862332,3.142857142857143,22,97.12293949915066,98.5,97.12293949915066,2.6,26,5.0,P32_derived_Jv_proxy,1.2165415104357364,2.543943901818519,0.7779759024361802,1.0237610037355218,0.9307237273784841,0.9802587621139053,400,22,5,395,0.9875,0.0125,7.0,3.142857142857143,5.092958178940651,3.142857142857143,0.06366197723675814,5.029296201703892,0.31357470720019676,0.34450365123840854,0.03092894403821178,1,1,1,1,1,1,cases/granite_rqd_p32_rot_05.yaml,granite_dense_p32_05,medium_to_poor,dense,unfavorable,high,1,5
granite_dense_p32_05,49,30,30.5,Center,10.412097040979429,11.775413470993538,9.941657273303505,11.143354998942732,11.52368385652513,11.24655807352325,97.46357518932561,4.0,97.46357518932561,100.0,97.70835402994248,98.24769036935783,2.142857142857143,15,97.19056738541012,98.5,97.19056738541012,2.0,20,5.0,P32_derived_Jv_proxy,1.1497635613816841,2.442578386966474,0.7763181570071962,0.9355439614841404,0.9548179616628245,0.9786224394507679,340,15,9,331,0.9735294117647059,0.026470588235294117,7.0,2.142857142857143,4.329014452099553,2.142857142857143,0.11459155902616464,4.2144228930733885,0.35102965656775664,0.3463922399880722,-0.004637416579684417,1,1,1,1,1,1,cases/granite_rqd_p32_rot_05.yaml,granite_dense_p32_05,medium_to_poor,dense,unfavorable,high,1,5
granite_dense_p32_05,50,10,10.5,Center,9.939307281115074,11.580129311593014,9.188079149737222,8.351573766685076,12.708649180162029,12.848167792893712,97.84428814256636,4.0,97.84428814256636,99.83047295386189,97.1383636946524,96.30636868862332,2.5714285714285716,18,94.4684450176211,98.5,94.4684450176211,3.1,31,5.0,P32_derived_Jv_proxy,1.208513261650254,2.3602881308852113,0.7401624150277978,1.0651815368854758,0.924418461958088,1.097453131843635,397,18,7,390,0.982367758186398,0.017632241813602016,7.0,2.5714285714285716,5.054760992598596,2.5714285714285716,0.08912676813146139,4.965634224467134,0.22148063277448982,0.35522154432076325,0.13374091154627343,1,1,1,1,1,1,cases/granite_rqd_p32_rot_05.yaml,granite_dense_p32_05,medium_to_poor,dense,unfavorable,high,1,5
granite_dense_p32_05,50,20,20.5,Center,10.276409044191894,11.342810203574997,12.578213255938335,10.2411695706111,12.67021013694505,12.090813614912888,97.42095109713621,4.0,97.42095109713621,100.0,97.24753298775217,98.24769036935783,2.4285714285714284,17,93.58389714813183,98.5,93.58389714813183,3.1,31,5.0,P32_derived_Jv_proxy,1.2690572298584823,2.476239856004459,0.7753567967715271,0.9379319894556258,1.2239891582602382,1.1170256673211094,383,17,6,377,0.9843342036553525,0.015665796344647518,7.0,2.4285714285714284,4.876507456335673,2.4285714285714284,0.07639437268410976,4.8001130836515635,0.341118263769847,0.3353960609900305,-0.005722202779816499,1,1,1,1,1,1,cases/granite_rqd_p32_rot_05.yaml,granite_dense_p32_05,medium_to_poor,dense,unfavorable,high,1,5
granite_dense_p32_05,50,30,30.5,Center,10.63996620126316,11.893348171529198,10.02810032018525,9.892313009214316,11.43680816038669,11.214397322598025,93.44596028143954,4.0,93.44596028143954,92.99206727914067,94.36576236919201,96.30636868862332,3.5714285714285716,25,96.79862815485505,98.5,96.79862815485505,2.9,29,5.0,P32_derived_Jv_proxy,1.1857893274533489,2.414744195366357,0.7876502387671095,0.9362381211208355,0.942493625496172,0.9616138361916123,384,25,4,380,0.9895833333333334,0.010416666666666666,7.0,3.5714285714285716,4.8892398517830244,3.5714285714285716,0.05092958178940651,4.8383102699936185,0.27223134669277305,0.3405535209689501,0.06832217427617704,1,1,1,1,1,1,cases/granite_rqd_p32_rot_05.yaml,granite_dense_p32_05,medium_to_poor,dense,unfavorable,high,1,5
granite_dense_p32_05,51,10,10.5,Center,9.615612366659455,11.769025926526835,9.628391105461342,9.591337698885162,12.546594022421122,11.3589867118887,94.94000468523201,4.0,94.94000468523201,99.1186663060283,95.45556682914925,96.30636868862332,3.0,21,96.32925014057487,98.5,96.32925014057487,2.9,29,5.0,P32_derived_Jv_proxy,1.15228665499057,2.2366903028556986,0.8086775968531461,1.1085599577656706,1.001328957357536,1.0660690273560944,396,21,9,387,0.9772727272727273,0.022727272727272728,7.0,3.0,5.042028597151244,3.0,0.11459155902616464,4.927437038125079,0.2533321196844096,0.34047943046565654,0.08714731078124693,1,1,1,1,1,1,cases/granite_rqd_p32_rot_05.yaml,granite_dense_p32_05,medium_to_poor,dense,unfavorable,high,1,5
granite_dense_p32_05,51,20,20.5,Center,9.631559860968194,12.01008521332861,12.118009757110029,13.115670277408695,11.871584625223987,12.114060470157293,94.79904648802868,4.0,94.79904648802868,94.95345276969012,95.19427177308967,96.30636868862332,3.142857142857143,22,97.62059224842037,98.5,97.62059224842037,2.4,24,5.0,P32_derived_Jv_proxy,1.2055064772836517,2.4206366599736,0.814450140053415,0.9370434130271722,1.2581565117212374,0.9884679762345968,376,22,11,365,0.9707446808510638,0.02925531914893617,7.0,3.142857142857143,4.787380688204212,3.142857142857143,0.1400563499208679,4.647324338283344,0.27859584908950596,0.35538971688741905,0.07679386779791308,0,1,1,1,1,1,cases/granite_rqd_p32_rot_05.yaml,granite_dense_p32_05,medium_to_poor,dense,unfavorable,high,1,5
granite_dense_p32_05,51,30,30.5,Center,10.433183648709425,11.580646528387744,11.655453044441723,7.349036126983458,9.434887748814166,9.657728273727272,94.16464252776517,4.0,94.16464252776517,96.32255959064253,96.21723565932624,98.24769036935783,2.7142857142857144,19,98.98932396719582,98.5,98.5,2.0,20,5.0,P32_derived_Jv_proxy,1.09950513726802,2.729507885317162,0.8710966058174459,0.8322878573272232,1.1171521020703485,0.8147116592917624,356,19,5,351,0.9859550561797753,0.014044943820224719,7.0,2.7142857142857144,4.532732779257179,2.7142857142857144,0.06366197723675814,4.469070802020421,0.3079682787679632,0.3400190213019886,0.0320507425340254,1,1,1,1,1,1,cases/granite_rqd_p32_rot_05.yaml,granite_dense_p32_05,medium_to_poor,dense,unfavorable,high,1,5
granite_dense_p32_05,52,10,10.5,Center,9.910859308794954,11.788179934496696,10.294902388865001,10.970930028123917,10.383004706398319,10.115062478559462,96.13613398872289,4.0,96.13613398872289,96.68874299194803,97.48252804801439,98.24769036935783,2.142857142857143,15,97.16766657337782,98.5,97.16766657337782,2.4,24,5.0,P32_derived_Jv_proxy,1.1954824376728095,2.7645906871704553,0.837628737496793,0.9076235350193812,1.0387497257406575,0.8807979488007049,381,15,7,374,0.9816272965879265,0.01837270341207349,7.0,2.142857142857143,4.8510426654409695,2.142857142857143,0.08912676813146139,4.761915897309509,0.19568608069557414,0.34506264746797766,0.14937656677240352,1,1,1,1,1,1,cases/granite_rqd_p32_rot_05.yaml,granite_dense_p32_05,medium_to_poor,dense,unfavorable,high,1,5
granite_dense_p32_05,52,20,20.5,Center,10.351869699803263,11.67683648368811,8.220742443043417,8.31582723622961,11.625145592174453,11.075984321896833,94.66164237412345,4.0,94.66164237412345,96.49949805100495,96.2092342145432,96.30636868862332,2.857142857142857,20,96.84782320198885,98.5,96.84782320198885,2.9,29,5.0,P32_derived_Jv_proxy,1.23304778996464,2.523041682462142,0.7873585981913774,1.136133443830355,0.7941311745065388,0.9955732109817701,403,20,4,399,0.9900744416873449,0.009925558312655087,7.0,2.857142857142857,5.131155365282706,2.857142857142857,0.05092958178940651,5.080225783493299,0.29806054207250554,0.3538626657944043,0.055802123721898744,0,1,1,1,1,1,cases/granite_rqd_p32_rot_05.yaml,granite_dense_p32_05,medium_to_poor,dense,unfavorable,high,1,5
granite_dense_p32_05,52,30,30.5,Center,10.864363278989158,11.547694447948704,12.748125066907463,13.340077958143167,13.108255053075245,13.345703913922314,93.73589783855583,4.0,93.73589783855583,94.37766438466163,94.59229007676451,93.8448064449895,3.5714285714285716,25,96.67282526928904,98.5,96.67282526928904,2.0,20,5.0,P32_derived_Jv_proxy,1.2763867811437564,2.3567582787912715,0.7868172945266265,0.8274992264154127,1.1733890647380463,1.1351404483519005,386,25,7,379,0.9818652849740933,0.018134715025906734,7.0,3.5714285714285716,4.914704642677728,3.5714285714285716,0.08912676813146139,4.8255778745462665,0.2732904705457666,0.35366234494760584,0.08037187440183924,1,1,1,1,1,1,cases/granite_rqd_p32_rot_05.yaml,granite_dense_p32_05,medium_to_poor,dense,unfavorable,high,1,5
granite_dense_p32_05,53,10,10.5,Center,9.20100317240704,11.384936725442016,8.802527744621338,7.690288453108381,9.636917366594707,8.80076871161269,86.22005634858711,4.0,86.22005634858711,85.42909122595428,92.10162166330737,96.30636868862332,4.285714285714286,30,96.08739049121846,98.5,96.08739049121846,3.0,30,5.0,P32_derived_Jv_proxy,1.0846804216329875,2.458129321832867,0.7994773836537925,0.927456544026097,0.9566921758074497,0.8464620927632391,395,30,13,382,0.9670886075949368,0.03291139240506329,7.0,4.285714285714286,5.029296201703892,4.285714285714286,0.16552114081557115,4.8637750608883215,0.2970102492320069,0.34126134594726987,0.04425109671526295,1,1,1,1,1,1,cases/granite_rqd_p32_rot_05.yaml,granite_dense_p32_05,medium_to_poor,dense,unfavorable,high,1,5
granite_dense_p32_05,53,20,20.5,Center,11.0491266785351,11.93523930411024,9.810413400995182,8.148077933901352,11.075664000951775,11.39134221037293,93.57382567964585,4.0,93.57382567964585,94.04787785118614,94.35828286249848,93.8448064449895,3.4285714285714284,24,99.267615294658,98.5,98.5,3.0,30,5.0,P32_derived_Jv_proxy,1.1406810810462844,2.407107471144026,0.7825600235416886,0.9956319960608694,0.8878903904734535,0.9279800529125172,355,24,6,349,0.9830985915492958,0.016901408450704224,7.0,3.4285714285714284,4.520000383809828,3.4285714285714284,0.07639437268410976,4.443606011125718,0.31510050269086476,0.3426324493734282,0.027531946682563424,1,1,1,1,1,1,cases/granite_rqd_p32_rot_05.yaml,granite_dense_p32_05,medium_to_poor,dense,unfavorable,high,1,5
granite_dense_p32_05,53,30,30.5,Center,9.706848717558508,11.327242725451185,8.856763585278975,8.139144375615292,11.706302640464449,12.0,97.44835691037152,4.0,97.44835691037152,99.59822126574443,97.15538815326533,98.24769036935783,2.142857142857143,15,98.28771088660709,98.5,98.28771088660709,2.1,21,5.0,P32_derived_Jv_proxy,1.1617128960445644,2.4268151325271488,0.7674036426629307,1.0385502184145603,0.9124241906910703,1.0334644471034027,364,15,5,359,0.9862637362637363,0.013736263736263736,7.0,2.142857142857143,4.634591942835992,2.142857142857143,0.06366197723675814,4.570929965599234,0.32283684419721936,0.35608688076458705,0.03325003656736769,1,1,1,1,1,1,cases/granite_rqd_p32_rot_05.yaml,granite_dense_p32_05,medium_to_poor,dense,unfavorable,high,1,5
granite_dense_p32_05,54,10,10.5,Center,9.886664874102854,11.648423573621686,9.776015257692942,6.879035163840156,11.313719429892009,9.887070456711907,95.14567242084216,4.0,95.14567242084216,100.0,97.5401916543659,98.24769036935783,2.142857142857143,15,97.24002938241074,98.5,97.24002938241074,3.1,31,5.0,P32_derived_Jv_proxy,1.1938294585623148,2.5359689265320293,0.7974372141674478,1.0157807381350346,0.9888081959064126,0.97126614244286,386,15,6,380,0.9844559585492227,0.015544041450777202,7.0,2.142857142857143,4.914704642677728,2.142857142857143,0.07639437268410976,4.8383102699936185,0.3333747278738375,0.32422233312570836,-0.009152394748129122,1,1,1,1,1,1,cases/granite_rqd_p32_rot_05.yaml,granite_dense_p32_05,medium_to_poor,dense,unfavorable,high,1,5
granite_dense_p32_05,54,20,20.5,Center,9.068107454816419,11.241826809148291,10.892283496036237,11.26535693754841,12.626767513535926,12.58609460606287,96.36779412787779,4.0,96.36779412787779,98.36543786820506,97.24753298775217,98.24769036935783,2.4285714285714284,17,95.44138864249045,98.5,95.44138864249045,3.2,32,5.0,P32_derived_Jv_proxy,1.1470834862179815,2.200178740777325,0.8140542396560414,1.0324737381093576,1.20116391984867,1.1231953425274803,378,17,8,370,0.9788359788359788,0.021164021164021163,7.0,2.4285714285714284,4.812845479098915,2.4285714285714284,0.10185916357881301,4.710986315520102,0.2920436082170742,0.3516191770570666,0.05957556883999238,1,1,1,1,1,1,cases/granite_rqd_p32_rot_05.yaml,granite_dense_p32_05,medium_to_poor,dense,unfavorable,high,1,5
granite_dense_p32_05,54,30,30.5,Center,10.833382742446478,12.13243882898807,10.09057200587495,8.521327998448177,9.796928853437704,9.172022090097373,91.43225369585518,4.0,91.43225369585518,94.33856236833842,94.76632201228676,96.30636868862332,3.2857142857142856,23,99.59844454570369,98.5,98.5,1.9,19,5.0,P32_derived_Jv_proxy,1.0760139875316377,2.5022857104084233,0.7768294723685445,0.829853994581361,0.9314331678081392,0.8074987223533223,342,23,9,333,0.9736842105263158,0.02631578947368421,7.0,3.2857142857142856,4.354479242994256,3.2857142857142856,0.11459155902616464,4.2398876839680915,0.3490798475144884,0.3377508306340773,-0.011329016880411102,1,1,1,1,1,1,cases/granite_rqd_p32_rot_05.yaml,granite_dense_p32_05,medium_to_poor,dense,unfavorable,high,1,5
granite_dense_p32_05,55,10,10.5,Center,9.50416854277737,11.565874012548662,9.568087609490073,9.349645713717202,10.561307433650367,10.618504905247427,95.63247568924258,4.0,95.63247568924258,95.45680201775144,94.45084895200706,98.24769036935783,3.4285714285714284,24,97.54680288713281,98.5,97.54680288713281,2.2,22,5.0,P32_derived_Jv_proxy,1.1451184778987826,2.6328570719996702,0.8055259916581122,0.9594425984092777,1.0067253717592455,0.9131439113197699,387,24,6,381,0.9844961240310077,0.015503875968992248,7.0,3.4285714285714284,4.927437038125079,3.4285714285714284,0.07639437268410976,4.8510426654409695,0.3231287038335734,0.3219067219077001,-0.0012219819258733056,1,1,1,1,1,1,cases/granite_rqd_p32_rot_05.yaml,granite_dense_p32_05,medium_to_poor,dense,unfavorable,high,1,5
granite_dense_p32_05,55,20,20.5,Center,10.678159615286207,11.67020004915254,10.818597560594402,9.830375819665118,12.51358373706306,12.23155561801598,92.65900121880439,4.0,92.65900121880439,94.29471038599414,95.98956615221837,96.30636868862332,3.0,21,97.80473783668974,98.5,97.80473783668974,2.5,25,5.0,P32_derived_Jv_proxy,1.3248271801472142,2.49176345690024,0.8132034045350937,0.981526027753752,1.0131518866890838,1.072268143164501,362,21,7,355,0.9806629834254144,0.019337016574585635,7.0,3.0,4.609127151941289,3.0,0.08912676813146139,4.520000383809828,0.24138066156238147,0.3291425871960023,0.08776192563362084,1,1,1,1,1,1,cases/granite_rqd_p32_rot_05.yaml,granite_dense_p32_05,medium_to_poor,dense,unfavorable,high,1,5
granite_dense_p32_05,55,30,30.5,Center,9.937752180454043,11.303944644702442,11.06729219185136,8.37030646140918,10.622286501045204,10.519553912685806,95.25827002903554,4.0,95.25827002903554,100.0,96.91305965081379,98.24769036935783,2.2857142857142856,16,97.83349643422588,98.5,97.83349643422588,2.3,23,5.0,P32_derived_Jv_proxy,1.1261446717603953,2.630535373015204,0.7887193287721743,0.8086163978078067,1.11366151931409,0.9396973211491535,374,16,10,364,0.9732620320855615,0.026737967914438502,7.0,2.2857142857142856,4.761915897309509,2.2857142857142856,0.12732395447351627,4.634591942835992,0.18444671378950428,0.3470198624518722,0.16257314866236794,1,1,1,1,1,1,cases/granite_rqd_p32_rot_05.yaml,granite_dense_p32_05,medium_to_poor,dense,unfavorable,high,1,5
granite_dense_p32_05,56,10,10.5,Center,9.640998717779164,11.380334246453872,6.991814098312211,6.896416251468444,9.368404588946406,9.38128681628629,89.33952616400269,4.0,89.33952616400269,90.68775604256585,92.15755137456897,93.8448064449895,4.142857142857143,29,95.72799927881164,98.5,95.72799927881164,3.5,35,5.0,P32_derived_Jv_proxy,1.06770358858362,2.561669126819823,0.8211789722276459,1.148708738327558,0.7252167854164799,0.8232099678325014,359,29,15,344,0.958217270194986,0.04178272980501393,7.0,4.142857142857143,4.570929965599234,4.142857142857143,0.1909859317102744,4.379944033888959,0.2970764136188593,0.35910426233676296,0.06202784871790368,0,1,1,1,1,1,cases/granite_rqd_p32_rot_05.yaml,granite_dense_p32_05,medium_to_poor,dense,unfavorable,high,1,5
granite_dense_p32_05,56,20,20.5,Center,10.08638892998518,11.576464491769885,7.960573347699468,7.496606348822835,10.545232226560298,10.482272616491466,93.74355065460666,4.0,93.74355065460666,95.69995004878686,95.80607677870441,96.30636868862332,3.142857142857143,22,95.72296040823662,98.5,95.72296040823662,2.6,26,5.0,P32_derived_Jv_proxy,1.0979145108197792,2.432540549603529,0.7852191434676766,1.0734433072354226,0.7892391819270411,0.9109199301787928,360,22,5,355,0.9861111111111112,0.013888888888888888,7.0,3.142857142857143,4.583662361046586,3.142857142857143,0.06366197723675814,4.520000383809828,0.2898763395016606,0.346389922833914,0.056513583332253425,0,1,1,1,1,1,cases/granite_rqd_p32_rot_05.yaml,granite_dense_p32_05,medium_to_poor,dense,unfavorable,high,1,5
granite_dense_p32_05,56,30,30.5,Center,10.048825408088048,11.573625077887813,12.543242404893272,11.861295891775468,12.486705789820466,12.623874139694175,94.08179801302188,4.0,94.08179801302188,91.05467706884029,95.93990399064991,96.30636868862332,2.857142857142857,20,97.67034388132677,98.5,97.67034388132677,2.5,25,5.0,P32_derived_Jv_proxy,1.3473314457029493,2.5677059690089656,0.8117651410183528,0.8459489616536118,1.2482297080012486,1.0788932340375492,380,20,5,375,0.9868421052631579,0.013157894736842105,7.0,2.857142857142857,4.8383102699936185,2.857142857142857,0.06366197723675814,4.77464829275686,0.2730103515986173,0.3587644936398793,0.08575414204126197,1,1,1,1,1,1,cases/granite_rqd_p32_rot_05.yaml,granite_dense_p32_05,medium_to_poor,dense,unfavorable,high,1,5
granite_dense_p32_05,57,10,10.5,Center,9.15841438816503,11.387332037423205,7.248076281947398,6.9662573251180335,9.888533279529877,9.903488608048354,85.74444587866694,4.0,85.74444587866694,90.80039359534756,91.52157389073156,90.97959895689502,4.714285714285714,33,94.32377044742941,98.5,94.32377044742941,2.7,27,5.0,P32_derived_Jv_proxy,1.1737336631458786,2.5408219986648817,0.794383922768454,1.121139960952964,0.791411698002411,0.8683801655236106,393,33,10,383,0.9745547073791349,0.02544529262086514,7.0,4.714285714285714,5.003831410809189,4.714285714285714,0.12732395447351627,4.876507456335673,0.2788436422772199,0.3464761889744864,0.06763254669726648,0,1,1,1,1,1,cases/granite_rqd_p32_rot_05.yaml,granite_dense_p32_05,medium_to_poor,dense,unfavorable,high,1,5
granite_dense_p32_05,57,20,20.5,Center,9.716168451785517,11.858866453168345,9.438831534038467,9.964905146222709,10.788248339314405,10.311846431013052,88.88500944322006,4.0,88.88500944322006,94.16148368975897,94.14163384793947,96.30636868862332,3.2857142857142856,23,98.56638033032826,98.5,98.5,2.7,27,5.0,P32_derived_Jv_proxy,1.1976717788577953,2.4701653117915576,0.8474977562598436,1.0481669717449873,0.9714561435278446,0.9097200294748322,384,23,9,375,0.9765625,0.0234375,7.0,3.2857142857142856,4.8892398517830244,3.2857142857142856,0.11459155902616464,4.77464829275686,0.270329464245174,0.3424169021632032,0.07208743791802918,1,1,1,1,1,1,cases/granite_rqd_p32_rot_05.yaml,granite_dense_p32_05,medium_to_poor,dense,unfavorable,high,1,5
granite_dense_p32_05,57,30,30.5,Center,10.196695937505135,11.68887905684663,9.15887802404053,8.426874619908022,11.504863306998102,12.0,95.76646806930785,4.0,95.76646806930785,100.0,98.20901392441168,99.53211598395555,1.5714285714285714,11,96.86622012778041,98.5,96.86622012778041,2.3,23,5.0,P32_derived_Jv_proxy,1.1034264526477162,2.3487433864787413,0.7755378523080092,1.0858487789027842,0.8982201764350607,0.9842571944706072,348,11,3,345,0.9913793103448276,0.008620689655172414,7.0,1.5714285714285714,4.430873615678366,1.5714285714285714,0.03819718634205488,4.392676429336311,0.2677362172127108,0.3679350591707564,0.10019884195804563,1,1,1,1,1,1,cases/granite_rqd_p32_rot_05.yaml,granite_dense_p32_05,medium_to_poor,dense,unfavorable,high,1,5
granite_dense_p32_05,58,10,10.5,Center,10.351800834574941,11.778190580145177,10.560119140269716,6.165695913391753,10.968357053880894,11.07429108491246,94.61141572273,4.0,94.61141572273,97.94082322695368,94.74610541136488,98.24769036935783,3.142857142857143,22,95.7902590497216,98.5,95.7902590497216,2.8,28,5.0,P32_derived_Jv_proxy,1.182592724077082,2.607776989824298,0.7729490352301653,0.9544543061044193,1.0201238711045322,0.9312429595400297,359,22,9,350,0.9749303621169917,0.025069637883008356,7.0,3.142857142857143,4.570929965599234,3.142857142857143,0.11459155902616464,4.456338406573069,0.33721435036605996,0.3573590853722318,0.020144735006171866,1,1,1,1,1,1,cases/granite_rqd_p32_rot_05.yaml,granite_dense_p32_05,medium_to_poor,dense,unfavorable,high,1,5
granite_dense_p32_05,58,20,20.5,Center,10.124623085307977,11.18617427622415,7.522563269727745,6.499127807198297,10.515701671518388,9.859980179201376,90.34026565303502,4.0,90.34026565303502,91.50758940040504,95.85758246545265,96.30636868862332,3.0,21,92.74649759519606,98.5,92.74649759519606,3.8,38,5.0,P32_derived_Jv_proxy,1.2013448539178273,2.594809985874059,0.7489249680666565,1.095623897826122,0.7429968707322915,0.9400623852132511,412,21,7,405,0.9830097087378641,0.01699029126213592,7.0,3.0,5.24574692430887,3.0,0.08912676813146139,5.156620156177409,0.26657343097284647,0.3477980936004029,0.08122466262755645,0,1,1,1,1,1,cases/granite_rqd_p32_rot_05.yaml,granite_dense_p32_05,medium_to_poor,dense,unfavorable,high,1,5
granite_dense_p32_05,58,30,30.5,Center,9.832364785475994,11.566764146394496,9.12569591495073,8.632409056427186,11.050403919415729,11.351277637656818,96.13448719618779,4.0,96.13448719618779,100.0,94.96112023800727,96.30636868862332,3.142857142857143,22,97.41139128083812,98.5,97.41139128083812,2.7,27,5.0,P32_derived_Jv_proxy,1.1211600685031378,2.501334897819939,0.8217978743598324,1.0658195700715642,0.9281282899949839,0.9553582816729498,385,22,9,376,0.9766233766233766,0.023376623376623377,7.0,3.142857142857143,4.901972247230376,3.142857142857143,0.11459155902616464,4.787380688204212,0.29872988505630893,0.3444949774938538,0.045765092437544896,1,1,1,1,1,1,cases/granite_rqd_p32_rot_05.yaml,granite_dense_p32_05,medium_to_poor,dense,unfavorable,high,1,5
granite_dense_p32_05,59,10,10.5,Center,11.182765976598338,12.059006913896015,7.66312092824798,8.695942853450134,10.06558975888743,10.293055734061012,89.0819615826438,4.0,89.0819615826438,89.24603554629957,91.36654194931585,93.8448064449895,4.571428571428571,32,96.54110048792892,98.5,96.54110048792892,2.9,29,5.0,P32_derived_Jv_proxy,1.0358493271024383,2.2853989569069486,0.764368990292794,1.059708602412422,0.6852616735684394,0.8346947498046875,354,32,9,345,0.9745762711864406,0.025423728813559324,7.0,4.571428571428571,4.507267988362476,4.571428571428571,0.11459155902616464,4.392676429336311,0.3218768229576925,0.34287175331996,0.020994930362267517,0,1,1,1,1,1,cases/granite_rqd_p32_rot_05.yaml,granite_dense_p32_05,medium_to_poor,dense,unfavorable,high,1,5
granite_dense_p32_05,59,20,20.5,Center,10.037200816909639,11.017667597661882,10.937548531070735,9.543477806867731,11.53099636961393,11.54628310967076,96.61763592672287,4.0,96.61763592672287,99.37284047503026,94.25568485498873,96.30636868862332,3.2857142857142856,23,95.46154793950103,98.5,95.46154793950103,3.1,31,5.0,P32_derived_Jv_proxy,1.1454934692543126,2.389580705284856,0.7307704481171861,0.8286616867153699,1.089701076085305,1.0465914194090393,380,23,8,372,0.9789473684210527,0.021052631578947368,7.0,3.2857142857142856,4.8383102699936185,3.2857142857142856,0.10185916357881301,4.736451106414806,0.3199094840962392,0.3553644065556322,0.03545492245939297,1,1,1,1,1,1,cases/granite_rqd_p32_rot_05.yaml,granite_dense_p32_05,medium_to_poor,dense,unfavorable,high,1,5
granite_dense_p32_05,59,30,30.5,Center,10.696094332495026,11.663142114316242,7.3433130010761305,5.999390817049726,10.832804108130818,10.791074333866362,94.66545202166176,4.0,94.66545202166176,98.32309901295577,95.76374017029026,96.30636868862332,3.0,21,97.48751582106034,98.5,97.48751582106034,2.6,26,5.0,P32_derived_Jv_proxy,1.2047743961806046,2.675708067838937,0.7570383857372643,1.1478734344242796,0.6865415330871705,0.9288066630718489,387,21,5,382,0.9870801033591732,0.012919896640826873,7.0,3.0,4.927437038125079,3.0,0.06366197723675814,4.8637750608883215,0.3175893009577253,0.3581120734813773,0.040522772523651995,0,1,1,1,1,1,cases/granite_rqd_p32_rot_05.yaml,granite_dense_p32_05,medium_to_poor,dense,unfavorable,high,1,5
granite_dense_p32_10,40,10,10.5,Center,9.452136104505225,10.460864555143058,6.635079930187162,6.751022068330305,8.769802742763932,8.095219467826567,80.55242278780085,4.0,80.55242278780085,76.23609643393485,86.35212061296076,84.41950164453962,6.285714285714286,44,87.59682720605818,82.0,82.0,5.5,55,10.0,P32_derived_Jv_proxy,1.1329450321940808,2.622435319889459,0.8190682357572294,1.1443117334358373,0.7019661859317331,0.8383439721004973,819,44,10,809,0.9877899877899878,0.01221001221001221,7.0,6.285714285714286,10.427831871380983,6.285714285714286,0.12732395447351627,10.300507916907467,0.26347077370096195,0.3493824431707443,0.08591166946978235,0,1,1,1,1,1,cases/granite_rqd_p32_rot_10.yaml,granite_dense_p32_10,medium_to_poor,dense,unfavorable,high,1,5
granite_dense_p32_10,40,20,20.5,Center,8.782623442489731,11.06269638733881,7.517323430571617,6.066216561117343,9.194265831974588,9.066135643298184,80.562997808084,4.0,80.562997808084,83.5318992267022,86.15736751293765,87.80986177504423,6.428571428571429,45,89.71795866620717,82.0,82.0,5.0,50,10.0,P32_derived_Jv_proxy,1.1664276801181874,2.5590390501732747,0.7437915959255893,0.969117620128164,0.8559314286666693,0.8311053209864252,753,45,14,739,0.9814077025232404,0.01859229747675963,7.0,6.428571428571429,9.587493771855774,6.428571428571429,0.17825353626292278,9.409240235592852,0.26487238926353107,0.366748374224084,0.10187598496055295,1,1,1,1,1,1,cases/granite_rqd_p32_rot_10.yaml,granite_dense_p32_10,medium_to_poor,dense,unfavorable,high,1,5
granite_dense_p32_10,40,30,30.5,Center,9.47849006606987,10.815324432959855,12.812256678807268,13.868040340756988,10.844602049211094,11.388446645326551,89.06231152827645,4.0,89.06231152827645,89.74560692886682,89.53165334116021,90.97959895689502,5.285714285714286,37,89.78576845223216,82.0,82.0,5.2,52,10.0,P32_derived_Jv_proxy,1.196790350640472,2.467039138499853,0.8622720667942148,0.8314782712972022,1.351719165130665,1.0027070492829615,756,37,15,741,0.9801587301587301,0.01984126984126984,7.0,5.285714285714286,9.62569095819783,5.285714285714286,0.1909859317102744,9.434705026487556,0.2893299830765159,0.349131289744795,0.0598013066682791,0,1,1,1,1,1,cases/granite_rqd_p32_rot_10.yaml,granite_dense_p32_10,medium_to_poor,dense,unfavorable,high,1,5
granite_dense_p32_10,41,10,10.5,Center,9.828818479842683,11.363165127889545,10.326012645250367,10.02795436633272,11.857657657575313,10.74816839618924,92.00491714775218,4.0,92.00491714775218,93.31819137503494,93.18815435606302,96.30636868862332,4.0,28,93.64995545178118,82.0,82.0,3.6,36,10.0,P32_derived_Jv_proxy,1.2054376693186177,2.4123770770287742,0.8055916184226878,0.9860304434894659,1.0505853441517259,1.0435171472138598,735,28,10,725,0.9863945578231292,0.013605442176870748,7.0,4.0,9.358310653803446,4.0,0.12732395447351627,9.230986699329929,0.24504535012282924,0.3568037472636423,0.11175839714081304,1,1,1,1,1,1,cases/granite_rqd_p32_rot_10.yaml,granite_dense_p32_10,medium_to_poor,dense,unfavorable,high,1,5
granite_dense_p32_10,41,20,20.5,Center,9.13690337657012,10.991553031919237,9.290569111979426,9.678521608273876,10.154738749706938,9.965073549552942,90.58066682530466,4.0,90.58066682530466,88.434121786341,93.55399130355555,93.8448064449895,4.0,28,90.75971912576799,82.0,82.0,6.1,61,10.0,P32_derived_Jv_proxy,1.1776599265410048,2.612548378112361,0.8095182796292922,0.9271311344271851,1.016818141669677,0.9238675117354019,726,28,10,716,0.9862258953168044,0.013774104683195593,7.0,4.0,9.243719094777282,4.0,0.12732395447351627,9.116395140303764,0.2659981577187732,0.35051964127026725,0.08452148355149403,1,1,1,1,1,1,cases/granite_rqd_p32_rot_10.yaml,granite_dense_p32_10,medium_to_poor,dense,unfavorable,high,1,5
granite_dense_p32_10,41,30,30.5,Center,9.665688654041158,10.49830556303862,7.402490090399825,6.809850580861326,11.238719943565815,10.26112077276753,88.11949912784009,4.0,88.11949912784009,91.0730170421025,88.6908106915287,93.8448064449895,5.428571428571429,38,87.92453176750685,82.0,82.0,6.0,60,10.0,P32_derived_Jv_proxy,1.2255730411315224,2.444556377944342,0.7718460786688566,1.220577777324236,0.765852321066114,1.0705270365852153,781,38,16,765,0.9795134443021767,0.020486555697823303,7.0,5.428571428571429,9.94400084438162,5.428571428571429,0.20371832715762603,9.740282517223994,0.322047817619595,0.35628364999487894,0.03423583237528394,0,1,1,1,1,1,cases/granite_rqd_p32_rot_10.yaml,granite_dense_p32_10,medium_to_poor,dense,unfavorable,high,1,5
granite_dense_p32_10,42,10,10.5,Center,8.862325319579893,9.926864252947643,9.49180879245469,8.250361650743239,10.903021617358132,9.401794054873676,86.54003602493064,4.0,86.54003602493064,83.20942657133364,89.43955315444703,84.41950164453962,5.285714285714286,37,83.95819554931421,82.0,82.0,7.0,70,10.0,P32_derived_Jv_proxy,1.1742421581449707,2.4002477487301976,0.8150001345730925,1.1321174642336316,1.0710291543331243,1.098334916196787,785,37,7,778,0.9910828025477707,0.008917197452229299,7.0,5.285714285714286,9.994930426171027,5.285714285714286,0.08912676813146139,9.905803658039565,0.256281912411637,0.3456877143413656,0.08940580192972858,1,1,1,1,1,1,cases/granite_rqd_p32_rot_10.yaml,granite_dense_p32_10,medium_to_poor,dense,unfavorable,high,1,5
granite_dense_p32_10,42,20,20.5,Center,10.638195905651946,11.254567896074606,8.793514369181297,7.44152814449218,10.963789375137752,11.308304955177965,89.88979288144479,4.0,89.88979288144479,91.87528838700744,91.77608382627123,93.8448064449895,4.571428571428571,32,92.02182049181265,82.0,82.0,4.9,49,10.0,P32_derived_Jv_proxy,1.1816521649365426,2.4644774687905993,0.7644015684490808,0.9881928594745883,0.8265982735389755,0.9741635108853648,721,32,5,716,0.9930651872399445,0.006934812760055479,7.0,4.571428571428571,9.180057117540523,4.571428571428571,0.06366197723675814,9.116395140303764,0.321911061390431,0.34945504135365535,0.02754397996322433,1,1,1,1,1,1,cases/granite_rqd_p32_rot_10.yaml,granite_dense_p32_10,medium_to_poor,dense,unfavorable,high,1,5
granite_dense_p32_10,42,30,30.5,Center,10.305307143413586,11.289332393211524,7.898031807481153,6.577281983429914,11.312264994225286,10.861441129132016,88.38369514928561,4.0,88.38369514928561,89.34385647615717,89.10998736547377,90.97959895689502,5.428571428571429,38,92.23487798830895,82.0,82.0,4.6,46,10.0,P32_derived_Jv_proxy,1.291151212343785,2.5456223248500955,0.7768853968134881,1.2377868911251515,0.7664043096987176,1.002031351386868,730,38,11,719,0.9849315068493151,0.015068493150684932,7.0,5.428571428571429,9.294648676566688,5.428571428571429,0.1400563499208679,9.154592326645819,0.34345378501853707,0.33989932946098367,-0.0035544555575534043,0,1,1,1,1,1,cases/granite_rqd_p32_rot_10.yaml,granite_dense_p32_10,medium_to_poor,dense,unfavorable,high,1,5
granite_dense_p32_10,43,10,10.5,Center,9.177642559642427,10.426422976857053,10.694212109637279,11.087969189697718,12.156005715665883,12.572332430643147,95.35458516793882,4.0,95.35458516793882,96.56180881070443,96.69286965039946,96.30636868862332,2.7142857142857144,19,87.09218540310518,82.0,82.0,6.2,62,10.0,P32_derived_Jv_proxy,1.2884058806627727,2.5254805795230086,0.7595460118482924,0.9278134162271445,1.165246090173939,1.1658845744746678,804,19,8,796,0.9900497512437811,0.009950248756218905,7.0,2.7142857142857144,10.236845939670708,2.7142857142857144,0.10185916357881301,10.134986776091894,0.24245542718013235,0.3504927488345314,0.10803732165439905,1,1,1,1,1,1,cases/granite_rqd_p32_rot_10.yaml,granite_dense_p32_10,medium_to_poor,dense,unfavorable,high,1,5
granite_dense_p32_10,43,20,20.5,Center,8.63963799210702,9.822962478918628,8.326399119900268,7.487144187020882,9.315490636499122,9.225110500706752,78.8109839497209,4.0,78.8109839497209,76.80400631898677,86.30881908596974,90.97959895689502,6.142857142857143,43,82.22923773304612,82.0,82.0,6.2,62,10.0,P32_derived_Jv_proxy,1.1902424100364293,2.53720825750951,0.7675669163349912,0.8959169352762667,0.9637439818088537,0.9483382082026062,755,43,15,740,0.9801324503311258,0.019867549668874173,7.0,6.142857142857143,9.612958562750478,6.142857142857143,0.1909859317102744,9.421972631040203,0.3161410973210277,0.33900247536511807,0.022861378044090386,1,1,1,1,1,1,cases/granite_rqd_p32_rot_10.yaml,granite_dense_p32_10,medium_to_poor,dense,unfavorable,high,1,5
granite_dense_p32_10,43,30,30.5,Center,9.145359757727368,10.449649350683828,8.946249817163395,8.641683200387241,10.073591778223035,10.190502864483653,90.23901924764846,4.0,90.23901924764846,89.57821493606338,91.13837874353196,90.97959895689502,4.714285714285714,33,86.98057230783573,82.0,82.0,7.0,70,10.0,P32_derived_Jv_proxy,1.1817543053813575,2.668694001397849,0.7844426100891507,0.9205059872507112,0.9782283096741234,0.964012421867899,724,33,10,714,0.9861878453038674,0.013812154696132596,7.0,4.714285714285714,9.218254303882578,4.714285714285714,0.12732395447351627,9.090930349409062,0.32617990359498383,0.3469991417845424,0.020819238189558553,1,1,1,1,1,1,cases/granite_rqd_p32_rot_10.yaml,granite_dense_p32_10,medium_to_poor,dense,unfavorable,high,1,5
granite_dense_p32_10,44,10,10.5,Center,9.295413981400424,11.141664306356194,9.038958383082305,8.804735164305638,11.42215670835362,11.158608255159216,94.07566983271563,4.0,94.07566983271563,94.60556714503366,91.98169320727746,90.97959895689502,4.428571428571429,31,92.31069554390118,82.0,82.0,4.9,49,10.0,P32_derived_Jv_proxy,1.2085448700518933,2.5056617975682083,0.8097820186114705,1.1524995211685758,0.972410524283128,1.0251750900300782,691,31,10,681,0.9855282199710564,0.01447178002894356,7.0,4.428571428571429,8.798085254119973,4.428571428571429,0.12732395447351627,8.670761299646458,0.29875219098926786,0.34273368932950565,0.04398149834023779,1,1,1,1,1,1,cases/granite_rqd_p32_rot_10.yaml,granite_dense_p32_10,medium_to_poor,dense,unfavorable,high,1,5
granite_dense_p32_10,44,20,20.5,Center,10.554850995731963,11.407750407746795,9.051329853961587,8.617689082325004,11.35174921063704,10.247326232690902,88.08114293228495,4.0,88.08114293228495,91.42622313099898,91.40272063812672,90.97959895689502,4.571428571428571,32,95.06145545662935,82.0,82.0,4.6,46,10.0,P32_derived_Jv_proxy,1.2419088232817017,2.472012704041348,0.8048331815063978,1.0172143625861205,0.8575516468798706,0.9950909517557708,798,32,11,787,0.9862155388471178,0.013784461152882205,7.0,4.571428571428571,10.160451566986598,4.571428571428571,0.1400563499208679,10.02039521706573,0.3092279916996058,0.3412393090485245,0.03201131734891871,1,1,1,1,1,1,cases/granite_rqd_p32_rot_10.yaml,granite_dense_p32_10,medium_to_poor,dense,unfavorable,high,1,5
granite_dense_p32_10,44,30,30.5,Center,9.508391968216216,10.803406138630251,7.955583182746336,7.689095630257472,9.290981052981843,9.071690377563693,79.07858952545747,4.0,79.07858952545747,82.59006480088829,83.512092590089,80.87921354109989,7.0,49,90.35541282142134,82.0,82.0,5.1,51,10.0,P32_derived_Jv_proxy,1.1117559997700504,2.33365369560781,0.8373758707606299,1.0355057161517147,0.8366907053621193,0.8600047923552223,762,49,18,744,0.9763779527559056,0.023622047244094488,7.0,7.0,9.702085330881939,7.0,0.22918311805232927,9.472902212829611,0.29733399935588156,0.34215969100245314,0.044825691646571575,1,1,1,1,1,1,cases/granite_rqd_p32_rot_10.yaml,granite_dense_p32_10,medium_to_poor,dense,unfavorable,high,1,5
granite_dense_p32_10,45,10,10.5,Center,9.986046968194039,11.432070963075956,8.048095323777975,7.1872995009126734,9.722599955530042,9.532702544635521,87.63491661449402,4.0,87.63491661449402,86.59633453784829,84.83475108848822,87.80986177504423,6.714285714285714,47,93.69505537194797,82.0,82.0,6.0,60,10.0,P32_derived_Jv_proxy,1.1595068343310049,2.6152611488526536,0.7406953331156718,0.9438091422844682,0.8059340547277098,0.8504670752073465,785,47,17,768,0.978343949044586,0.02165605095541401,7.0,6.714285714285714,9.994930426171027,6.714285714285714,0.21645072260497766,9.778479703566049,0.27160891820182087,0.3505266586723371,0.07891774047051625,1,1,1,1,1,1,cases/granite_rqd_p32_rot_10.yaml,granite_dense_p32_10,medium_to_poor,dense,unfavorable,high,1,5
granite_dense_p32_10,45,20,20.5,Center,10.283277952018178,11.571133544552422,8.574334101443942,7.993599001713114,9.56296065024345,10.003108472101372,81.55803874869024,4.0,81.55803874869024,87.44658682768662,83.10833004778793,84.41950164453962,7.285714285714286,51,96.25995337054877,82.0,82.0,3.9,39,10.0,P32_derived_Jv_proxy,1.2099747542161352,2.6119733149890045,0.7680191966405924,0.9245737855503283,0.8338133172566008,0.8264497694563036,799,51,16,783,0.9799749687108886,0.02002503128911139,7.0,7.285714285714286,10.17318396243395,7.285714285714286,0.20371832715762603,9.969465635276324,0.257465494168427,0.34501367353986045,0.08754817937143344,1,1,1,1,1,1,cases/granite_rqd_p32_rot_10.yaml,granite_dense_p32_10,medium_to_poor,dense,unfavorable,high,1,5
granite_dense_p32_10,45,30,30.5,Center,9.643697330059503,10.882096587875326,9.026041607499167,9.130650671790832,11.281476681549167,10.886595541618215,87.04265273221473,4.0,87.04265273221473,89.39480667559981,84.25005673645553,87.80986177504423,6.857142857142857,48,91.26306397406495,82.0,82.0,5.2,52,10.0,P32_derived_Jv_proxy,1.2511065588485357,2.428288481061617,0.8249786684996572,1.08578062856754,0.9359523944581818,1.0367006569413126,742,48,11,731,0.9851752021563343,0.014824797843665768,7.0,6.857142857142857,9.447437421934907,6.857142857142857,0.1400563499208679,9.307381072014039,0.29506159541421983,0.3498959671523003,0.05483437173808048,1,1,1,1,1,1,cases/granite_rqd_p32_rot_10.yaml,granite_dense_p32_10,medium_to_poor,dense,unfavorable,high,1,5
granite_dense_p32_10,46,10,10.5,Center,9.319175647790185,10.643807321074021,11.369436189550216,10.982155670462651,10.647246310285272,10.871742240579081,88.77072975022087,4.0,88.77072975022087,89.96691017285919,86.90064921318216,87.80986177504423,6.0,42,89.00620567885596,82.0,82.0,6.1,61,10.0,P32_derived_Jv_proxy,1.185885030577328,2.472119677309068,0.8055641907029086,0.9055323831550904,1.220004496024946,1.0003230976573996,749,42,11,738,0.9853137516688919,0.014686248331108143,7.0,6.0,9.536564190066368,6.0,0.1400563499208679,9.396507840145501,0.271771072841297,0.3527226354207512,0.08095156257945424,1,1,1,1,1,1,cases/granite_rqd_p32_rot_10.yaml,granite_dense_p32_10,medium_to_poor,dense,unfavorable,high,1,5
granite_dense_p32_10,46,20,20.5,Center,9.666763755271058,11.524413284102025,8.954970174495742,8.843487134003684,10.375482751658355,10.380327953964953,89.8059891426747,4.0,89.8059891426747,86.57805028416736,90.38210726920586,90.97959895689502,5.142857142857143,36,93.03068006686634,82.0,82.0,5.7,57,10.0,P32_derived_Jv_proxy,1.2056167785069678,2.61181403244137,0.7947490891692393,0.9692890113948184,0.9263669208438872,0.900304639887514,806,36,13,793,0.9838709677419355,0.016129032258064516,7.0,5.142857142857143,10.262310730565412,5.142857142857143,0.16552114081557115,10.09678958974984,0.3089752489764267,0.34964140801993515,0.040666159043508454,1,1,1,1,1,1,cases/granite_rqd_p32_rot_10.yaml,granite_dense_p32_10,medium_to_poor,dense,unfavorable,high,1,5
granite_dense_p32_10,46,30,30.5,Center,8.948252786278214,10.39085160236445,7.749654321517214,7.880479769516301,10.086799709387545,9.869264955014073,87.98764773272585,4.0,87.98764773272585,88.3847762120518,88.64047916380014,87.80986177504423,5.714285714285714,40,83.45049217182456,82.0,82.0,6.8,68,10.0,P32_derived_Jv_proxy,1.2115825709484034,2.6350439415303635,0.8400244304157535,1.1371183730815686,0.8660522346218245,0.9707385010764934,777,40,18,759,0.9768339768339769,0.023166023166023165,7.0,5.714285714285714,9.893071262592214,5.714285714285714,0.22918311805232927,9.663888144539884,0.2943133600485449,0.34443827960646145,0.050124919557916536,1,1,1,1,1,1,cases/granite_rqd_p32_rot_10.yaml,granite_dense_p32_10,medium_to_poor,dense,unfavorable,high,1,5
granite_dense_p32_10,47,10,10.5,Center,8.73753749678079,10.226233814797753,9.402377617879129,10.001165213022215,11.312519524939262,11.059537248175277,91.41086028405195,4.0,91.41086028405195,96.07944374387239,90.34090574560742,90.97959895689502,4.857142857142857,34,83.8775686944133,82.0,82.0,6.9,69,10.0,P32_derived_Jv_proxy,1.1961322760838466,2.417036230399799,0.8228216161341467,1.0297249659082828,1.0760901021990794,1.1062253934160602,780,34,14,766,0.982051282051282,0.017948717948717947,7.0,4.857142857142857,9.931268448934269,4.857142857142857,0.17825353626292278,9.753014912671347,0.32970179581204084,0.3490225742121734,0.019320778400132577,1,1,1,1,1,1,cases/granite_rqd_p32_rot_10.yaml,granite_dense_p32_10,medium_to_poor,dense,unfavorable,high,1,5
granite_dense_p32_10,47,20,20.5,Center,9.00162476936491,10.087848282750842,9.450713424822593,10.649663295697462,10.303144203784061,9.910224723750623,81.33844333716307,4.0,81.33844333716307,80.5398182177905,85.81454386962196,84.41950164453962,6.428571428571429,45,81.56790667797796,82.0,81.56790667797796,7.0,70,10.0,P32_derived_Jv_proxy,1.2828272262227607,2.5387027788238563,0.834904369546151,0.964225465324389,1.0498897329053374,1.0213421053725948,775,45,10,765,0.9870967741935484,0.012903225806451613,7.0,6.428571428571429,9.867606471697512,6.428571428571429,0.12732395447351627,9.740282517223994,0.29606685091972096,0.35320075065058454,0.05713389973086358,1,1,1,1,1,1,cases/granite_rqd_p32_rot_10.yaml,granite_dense_p32_10,medium_to_poor,dense,unfavorable,high,1,5
granite_dense_p32_10,47,30,30.5,Center,8.43613139523,10.278068552600166,9.655177123537609,10.15427701042044,10.363080373225594,10.629061680337912,84.5279155691252,4.0,84.5279155691252,90.30291279670325,85.1518816434763,90.97959895689502,6.428571428571429,45,85.63708266970208,82.0,82.0,6.7,67,10.0,P32_derived_Jv_proxy,1.2534022251595978,2.5799786715224804,0.7689370138737678,0.8197185508762805,1.144502932824978,1.0082711863800444,787,45,23,764,0.9707750952986023,0.029224904701397714,7.0,6.428571428571429,10.02039521706573,6.428571428571429,0.2928450952890874,9.727550121776643,0.2752962887757935,0.34830769149135765,0.07301140271556417,1,1,1,1,1,1,cases/granite_rqd_p32_rot_10.yaml,granite_dense_p32_10,medium_to_poor,dense,unfavorable,high,1,5
granite_dense_p32_10,48,10,10.5,Center,8.407782627073031,9.738805132662533,9.462380330990698,6.968924451686849,9.854409061591953,8.815634787285841,78.88007492731519,4.0,78.88007492731519,78.03847496325058,82.31099164012161,80.87921354109989,7.428571428571429,52,81.88981056408026,82.0,81.88981056408026,6.7,67,10.0,P32_derived_Jv_proxy,1.1967598547245755,2.427060575219365,0.7586634820232117,0.9139894311214717,1.1254311333551685,1.0118704427652734,777,52,13,764,0.9832689832689833,0.01673101673101673,7.0,7.428571428571429,9.893071262592214,7.428571428571429,0.16552114081557115,9.727550121776643,0.2755054652266625,0.34543031036217064,0.06992484513550812,1,1,1,1,1,1,cases/granite_rqd_p32_rot_10.yaml,granite_dense_p32_10,medium_to_poor,dense,unfavorable,high,1,5
granite_dense_p32_10,48,20,20.5,Center,8.992036180521374,10.554848282854227,7.9443917541126625,8.318291378179833,10.757612348629992,10.04418521892263,89.5769942595821,4.0,89.5769942595821,92.65267894322892,87.6477841579095,87.80986177504423,5.857142857142857,41,86.94641986521138,82.0,82.0,5.2,52,10.0,P32_derived_Jv_proxy,1.1710529406167,2.4579939716603647,0.8349645395446341,1.1693102606091978,0.8834919694075377,1.0192105144803592,745,41,13,732,0.9825503355704698,0.0174496644295302,7.0,5.857142857142857,9.485634608276962,5.857142857142857,0.16552114081557115,9.320113467461391,0.24850159261912375,0.3572651478893404,0.10876355527021664,1,1,1,1,1,1,cases/granite_rqd_p32_rot_10.yaml,granite_dense_p32_10,medium_to_poor,dense,unfavorable,high,1,5
granite_dense_p32_10,48,30,30.5,Center,9.910522098171585,11.177798051201083,8.891215682073442,6.02946977805794,9.932553812975877,10.0424656953183,83.63207793452673,4.0,83.63207793452673,83.67482779352957,86.48822695367446,90.97959895689502,6.285714285714286,44,91.93243536981059,82.0,82.0,4.5,45,10.0,P32_derived_Jv_proxy,1.2144285751299975,2.563484855599714,0.7749076187272406,1.0322980741234336,0.8971490698470672,0.8885966419753485,762,44,19,743,0.9750656167979003,0.024934383202099737,7.0,6.285714285714286,9.702085330881939,6.285714285714286,0.2419155134996809,9.460169817382258,0.269270877627811,0.3489031089636454,0.07963223133583441,1,1,1,1,1,1,cases/granite_rqd_p32_rot_10.yaml,granite_dense_p32_10,medium_to_poor,dense,unfavorable,high,1,5
granite_dense_p32_10,49,10,10.5,Center,8.95138834997541,10.165884013877099,7.636820775382839,7.259638827522909,9.899424323395882,10.06785783921323,80.49431740278312,4.0,80.49431740278312,83.22405630851854,84.32372923490259,84.41950164453962,7.0,49,85.52186213530449,82.0,82.0,5.7,57,10.0,P32_derived_Jv_proxy,1.1978859813241878,2.459830685200886,0.7604835532077904,0.9947307670322793,0.8531437221583418,0.973788832322159,732,49,12,720,0.9836065573770492,0.01639344262295082,7.0,7.0,9.320113467461391,7.0,0.15278874536821951,9.167324722093172,0.2795476316710217,0.3570771331319599,0.07752950146093818,1,1,1,1,1,1,cases/granite_rqd_p32_rot_10.yaml,granite_dense_p32_10,medium_to_poor,dense,unfavorable,high,1,5
granite_dense_p32_10,49,20,20.5,Center,8.432605258224733,10.373635995852279,8.277864073162094,8.266104295004734,10.905740722770693,11.016914281350276,92.84614504284308,4.0,92.84614504284308,94.79876906353537,94.53462647041299,96.30636868862332,3.5714285714285716,25,86.53781034501048,82.0,82.0,5.1,51,10.0,P32_derived_Jv_proxy,1.176017156336832,2.513491399850733,0.7779759024361802,1.0237610037355218,0.9816496586376183,1.0512939462239823,745,25,6,739,0.9919463087248322,0.008053691275167786,7.0,3.5714285714285716,9.485634608276962,3.5714285714285716,0.07639437268410976,9.409240235592852,0.3268129583237479,0.3527376675588275,0.025924709235079613,1,1,1,1,1,1,cases/granite_rqd_p32_rot_10.yaml,granite_dense_p32_10,medium_to_poor,dense,unfavorable,high,1,5
granite_dense_p32_10,49,30,30.5,Center,9.895392686425978,11.191054009764642,8.897328018063584,8.580276631466363,10.401643734446283,10.25235513393223,82.6564581199523,4.0,82.6564581199523,81.57834239151076,88.31394452674228,90.97959895689502,5.714285714285714,40,91.51487347966652,82.0,82.0,4.8,48,10.0,P32_derived_Jv_proxy,1.2144955622926505,2.431879704426283,0.7763181570071962,0.9355439614841404,0.8991384475593889,0.9294605964166051,693,40,14,679,0.9797979797979798,0.020202020202020204,7.0,5.714285714285714,8.823550045014677,5.714285714285714,0.17825353626292278,8.645296508751754,0.30052967267895014,0.3356803181925765,0.035150645513626344,1,1,1,1,1,1,cases/granite_rqd_p32_rot_10.yaml,granite_dense_p32_10,medium_to_poor,dense,unfavorable,high,1,5
granite_dense_p32_10,50,10,10.5,Center,9.489471075440118,11.056032281144034,6.60452724901297,6.008121313002334,9.36390861434056,9.007686478610982,86.95128804955151,4.0,86.95128804955151,88.69172696439138,86.42734296048926,87.80986177504423,6.285714285714286,44,92.5665633907611,82.0,82.0,5.3,53,10.0,P32_derived_Jv_proxy,1.0665311693118829,2.476731877314662,0.7401624150277978,1.0651815368854758,0.6959847600048303,0.8469501875741284,781,44,12,769,0.9846350832266325,0.015364916773367477,7.0,6.285714285714286,9.94400084438162,6.285714285714286,0.15278874536821951,9.791212099013402,0.29775593400906497,0.34191698020313765,0.044161046194072684,0,1,1,1,1,1,cases/granite_rqd_p32_rot_10.yaml,granite_dense_p32_10,medium_to_poor,dense,unfavorable,high,1,5
granite_dense_p32_10,50,20,20.5,Center,9.949704273527628,10.982202700476263,9.901247769646394,8.42740449902692,10.191772720254075,10.509117525164209,87.06675596435328,4.0,87.06675596435328,85.6983988884803,89.2511012856502,90.97959895689502,5.428571428571429,38,90.1671415612407,82.0,82.0,4.9,49,10.0,P32_derived_Jv_proxy,1.2083203592907772,2.5684310950592137,0.7753567967715271,0.9379319894556258,0.9951298548631081,0.9280262801752959,721,38,10,711,0.986130374479889,0.013869625520110958,7.0,5.428571428571429,9.180057117540523,5.428571428571429,0.12732395447351627,9.052733163067007,0.2592259275107235,0.35044812798242697,0.09122220047170349,1,1,1,1,1,1,cases/granite_rqd_p32_rot_10.yaml,granite_dense_p32_10,medium_to_poor,dense,unfavorable,high,1,5
granite_dense_p32_10,50,30,30.5,Center,9.432375987510975,10.543504517046438,9.474966783412677,8.129770925425003,10.639655228014453,10.220643099244342,90.46018984746514,4.0,90.46018984746514,91.19220553324041,89.82747606205687,90.97959895689502,5.285714285714286,37,88.53369457657855,82.0,82.0,6.3,63,10.0,P32_derived_Jv_proxy,1.1299819286524362,2.417637543401478,0.7876502387671095,0.9362381211208355,1.0045153836062193,1.0091194261654235,765,37,10,755,0.9869281045751634,0.013071895424836602,7.0,5.285714285714286,9.740282517223994,5.285714285714286,0.12732395447351627,9.612958562750478,0.31442023039151556,0.350753718477381,0.03633348808586545,1,1,1,1,1,1,cases/granite_rqd_p32_rot_10.yaml,granite_dense_p32_10,medium_to_poor,dense,unfavorable,high,1,5
granite_dense_p32_10,51,10,10.5,Center,8.603960727866943,10.530815200931753,6.901304044838763,6.616003300313882,9.246267987241227,8.96708477804864,84.20833103657584,4.0,84.20833103657584,90.01176904851893,89.91562830227635,93.8448064449895,5.142857142857143,36,88.01348974172237,82.0,82.0,6.0,60,10.0,P32_derived_Jv_proxy,1.1660261858654002,2.6454296935069905,0.8086775968531461,1.1085599577656706,0.8021078039659654,0.8780201542633783,786,36,13,773,0.9834605597964376,0.01653944020356234,7.0,5.142857142857143,10.007662821618379,5.142857142857143,0.16552114081557115,9.842141680802808,0.29379443905239133,0.3547444375483132,0.060949998495921864,1,1,1,1,1,1,cases/granite_rqd_p32_rot_10.yaml,granite_dense_p32_10,medium_to_poor,dense,unfavorable,high,1,5
granite_dense_p32_10,51,20,20.5,Center,8.355079635820191,10.41837665329737,9.866516928238733,11.086393768115308,9.279444172811244,10.514644822747083,80.03583265979343,4.0,80.03583265979343,86.50326588982743,83.99285233131994,84.41950164453962,7.0,49,86.06402582391468,82.0,82.0,6.4,64,10.0,P32_derived_Jv_proxy,1.191753440744867,2.5860741461142873,0.814450140053415,0.9370434130271722,1.180900405298192,0.890680427634025,785,49,22,763,0.9719745222929936,0.02802547770700637,7.0,7.0,9.994930426171027,7.0,0.2801126998417358,9.714817726329292,0.25545646643362685,0.3602683608241417,0.10481189439051486,1,1,1,1,1,1,cases/granite_rqd_p32_rot_10.yaml,granite_dense_p32_10,medium_to_poor,dense,unfavorable,high,1,5
granite_dense_p32_10,51,30,30.5,Center,9.442755609959919,10.481289187929042,13.607396459645688,7.862745560560621,10.670434725256595,9.981315944527298,91.0858501257352,4.0,91.0858501257352,93.3858473917037,90.47851960592541,90.97959895689502,4.857142857142857,34,87.15633874940217,82.0,82.0,6.7,67,10.0,P32_derived_Jv_proxy,1.0955664536437628,2.3639137899022455,0.8710966058174459,0.8322878573272232,1.4410408382583828,1.018046018379627,766,34,17,749,0.9778067885117493,0.022193211488250653,7.0,4.857142857142857,9.753014912671347,4.857142857142857,0.21645072260497766,9.536564190066368,0.33305171823967994,0.35636508329248495,0.023313365052805013,0,1,1,1,1,1,cases/granite_rqd_p32_rot_10.yaml,granite_dense_p32_10,medium_to_poor,dense,unfavorable,high,1,5
granite_dense_p32_10,52,10,10.5,Center,8.50086663145824,10.111105639635287,10.41597327539946,10.150082608257392,10.97360249072992,11.343335782814808,87.55216654378526,4.0,87.55216654378526,90.64129062273993,88.83075502140036,90.97959895689502,5.428571428571429,38,83.52353700702011,82.0,82.0,6.6,66,10.0,P32_derived_Jv_proxy,1.1716495983500856,2.3672008358163867,0.837628737496793,0.9076235350193812,1.2252836948240302,1.0853019325318556,765,38,13,752,0.9830065359477124,0.01699346405228758,7.0,5.428571428571429,9.740282517223994,5.428571428571429,0.16552114081557115,9.574761376408423,0.3566078154101694,0.35956633668660176,0.0029585212764323687,1,1,1,1,1,1,cases/granite_rqd_p32_rot_10.yaml,granite_dense_p32_10,medium_to_poor,dense,unfavorable,high,1,5
granite_dense_p32_10,52,20,20.5,Center,9.529753574108904,10.749495254642436,6.703191065789111,5.6404830196566715,9.274662264972724,9.561821124295246,77.14937046426364,4.0,77.14937046426364,77.38667215101796,79.94629213703033,77.24823535071383,8.142857142857142,57,90.29195687591722,82.0,82.0,5.1,51,10.0,P32_derived_Jv_proxy,1.2216736518100473,2.5825554734782785,0.7873585981913774,1.136133443830355,0.7033960546472897,0.8627997915499549,742,57,16,726,0.9784366576819407,0.0215633423180593,7.0,8.142857142857142,9.447437421934907,8.142857142857142,0.20371832715762603,9.243719094777282,0.2891100846502084,0.33881707263594363,0.04970698798573525,0,1,1,1,1,1,cases/granite_rqd_p32_rot_10.yaml,granite_dense_p32_10,medium_to_poor,dense,unfavorable,high,1,5
granite_dense_p32_10,52,30,30.5,Center,10.092737020855438,10.727535546029952,9.777891483947958,8.94175919537826,9.565704276045839,9.33377027887024,81.38288629812311,4.0,81.38288629812311,79.44780990017213,83.3028994451198,87.80986177504423,7.142857142857143,50,87.87421064175214,82.0,82.0,5.9,59,10.0,P32_derived_Jv_proxy,1.2021837242169118,2.5417770825674024,0.7868172945266265,0.8274992264154127,0.9688047418399103,0.8916963486162408,742,50,13,729,0.9824797843665768,0.01752021563342318,7.0,7.142857142857143,9.447437421934907,7.142857142857143,0.16552114081557115,9.281916281119337,0.27156131272548156,0.34276022895775204,0.07119891623227048,1,1,1,1,1,1,cases/granite_rqd_p32_rot_10.yaml,granite_dense_p32_10,medium_to_poor,dense,unfavorable,high,1,5
granite_dense_p32_10,53,10,10.5,Center,8.941066945377761,11.063302503398347,9.88908529335582,9.989784029511023,10.80099996655659,11.322608283553475,87.89709525076715,4.0,87.89709525076715,86.96675611027489,90.17440005073716,90.97959895689502,5.142857142857143,36,94.11618800387348,82.0,82.0,4.5,45,10.0,P32_derived_Jv_proxy,1.2575853977418538,2.5850462815785016,0.7994773836537925,0.927456544026097,1.1060296666795626,0.9762907561497858,767,36,11,756,0.9856584093872229,0.014341590612777053,7.0,5.142857142857143,9.765747308118698,5.142857142857143,0.1400563499208679,9.62569095819783,0.2912631116603698,0.3594871437172634,0.06822403205689365,1,1,1,1,1,1,cases/granite_rqd_p32_rot_10.yaml,granite_dense_p32_10,medium_to_poor,dense,unfavorable,high,1,5
granite_dense_p32_10,53,20,20.5,Center,10.262924931208321,11.085986121604526,10.476178927687716,8.347326678742629,11.2593213715857,10.558564810819068,92.45221328355908,4.0,92.45221328355908,93.66485311269895,93.202339554465,93.8448064449895,4.142857142857143,29,91.63354856096626,82.0,82.0,5.9,59,10.0,P32_derived_Jv_proxy,1.1973721665193047,2.4738995105267714,0.7825600235416886,0.9956319960608694,1.0207790661930027,1.0156355283219576,780,29,10,770,0.9871794871794872,0.01282051282051282,7.0,4.142857142857143,9.931268448934269,4.142857142857143,0.12732395447351627,9.803944494460753,0.21489903875916638,0.3381699973335929,0.12327095857442649,1,1,1,1,1,1,cases/granite_rqd_p32_rot_10.yaml,granite_dense_p32_10,medium_to_poor,dense,unfavorable,high,1,5
granite_dense_p32_10,53,30,30.5,Center,9.508732442899673,11.096054293837595,9.553842469198921,9.171454262545646,12.631234264652907,12.355423810489496,92.76928388819614,4.0,92.76928388819614,94.61920741735237,90.47851960592543,90.97959895689502,4.857142857142857,34,91.97921269723341,82.0,82.0,4.6,46,10.0,P32_derived_Jv_proxy,1.2617722582264999,2.3217714577955593,0.7674036426629307,1.0385502184145603,1.0047440630567888,1.138353682323626,776,34,13,763,0.9832474226804123,0.01675257731958763,7.0,4.857142857142857,9.880338867144863,4.857142857142857,0.16552114081557115,9.714817726329292,0.29791285678611334,0.3402823473168003,0.04236949053068695,1,1,1,1,1,1,cases/granite_rqd_p32_rot_10.yaml,granite_dense_p32_10,medium_to_poor,dense,unfavorable,high,1,5
granite_dense_p32_10,54,10,10.5,Center,8.456417773073758,9.963312946339178,8.913689779042162,8.14364913304765,10.929703587656949,10.751918207635507,86.6472294211459,4.0,86.6472294211459,88.13279741102136,84.71270328306538,77.24823535071383,6.714285714285714,47,83.2459108661358,82.0,82.0,7.2,72,10.0,P32_derived_Jv_proxy,1.2591766823347583,2.501327763236145,0.7974372141674478,1.0157807381350346,1.0540739611309664,1.0969949098781298,752,47,18,734,0.976063829787234,0.023936170212765957,7.0,6.714285714285714,9.574761376408423,6.714285714285714,0.22918311805232927,9.345578258356094,0.3215666175107956,0.348273963606588,0.026707346095792395,1,1,1,1,1,1,cases/granite_rqd_p32_rot_10.yaml,granite_dense_p32_10,medium_to_poor,dense,unfavorable,high,1,5
granite_dense_p32_10,54,20,20.5,Center,8.595953690786137,10.656492893668865,8.83816938973674,7.0529467168801565,10.244779059379866,10.577434860473748,81.53247421377505,4.0,81.53247421377505,79.44300656947325,87.27632164516206,87.80986177504423,6.0,42,88.60889330209216,82.0,82.0,5.8,58,10.0,P32_derived_Jv_proxy,1.272417644936763,2.5443203215849386,0.8140542396560414,1.0324737381093576,1.028177873876895,0.961364978290972,796,42,15,781,0.9811557788944724,0.018844221105527637,7.0,6.0,10.134986776091894,6.0,0.1909859317102744,9.94400084438162,0.3044020376438178,0.34205893175032653,0.03765689410650874,1,1,1,1,1,1,cases/granite_rqd_p32_rot_10.yaml,granite_dense_p32_10,medium_to_poor,dense,unfavorable,high,1,5
granite_dense_p32_10,54,30,30.5,Center,9.52350750382805,10.665493408156813,11.056879006594219,8.741744886330224,10.695509239415372,9.412442002023955,90.12626917450955,4.0,90.12626917450955,93.13315618498352,91.92988186746109,93.8448064449895,4.428571428571429,31,89.19246646749505,82.0,82.0,5.4,54,10.0,P32_derived_Jv_proxy,1.1765334851644238,2.544425952567751,0.7768294723685445,0.829853994581361,1.16100911372725,1.002814293733059,802,31,11,791,0.986284289276808,0.01371571072319202,7.0,4.428571428571429,10.211381148776004,4.428571428571429,0.1400563499208679,10.071324798855137,0.26591762048570267,0.34801395278570646,0.0820963323000038,1,1,1,1,1,1,cases/granite_rqd_p32_rot_10.yaml,granite_dense_p32_10,medium_to_poor,dense,unfavorable,high,1,5
granite_dense_p32_10,55,10,10.5,Center,8.870714235626792,10.795006716137179,7.70071542721668,7.888718467486155,8.555941855032005,7.851081145716349,76.49245358039944,4.0,76.49245358039944,79.63280056944137,84.89367611697187,84.41950164453962,6.714285714285714,47,88.08152636331735,82.0,82.0,5.2,52,10.0,P32_derived_Jv_proxy,1.1525652528848214,2.6029388894310466,0.8055259916581122,0.9594425984092777,0.8681054560735219,0.7925832822541876,730,47,16,714,0.9780821917808219,0.021917808219178082,7.0,6.714285714285714,9.294648676566688,6.714285714285714,0.20371832715762603,9.090930349409062,0.2507359357037078,0.34619673305256526,0.09546079734885748,1,1,1,0,1,1,cases/granite_rqd_p32_rot_10.yaml,granite_dense_p32_10,medium_to_poor,dense,unfavorable,high,1,5
granite_dense_p32_10,55,20,20.5,Center,10.52464815539431,11.502426808133434,9.645050531159429,8.640493140052863,10.836942255655995,9.843276934097831,80.75267304121853,4.0,80.75267304121853,78.50380952192344,86.05710353999629,84.41950164453962,6.285714285714286,44,95.46547705101277,82.0,82.0,4.1,41,10.0,P32_derived_Jv_proxy,1.2257613789258117,2.327512006075815,0.8132034045350937,0.981526027753752,0.9164249853061309,0.9421439872143441,749,44,15,734,0.9799732977303071,0.020026702269692925,7.0,6.285714285714286,9.536564190066368,6.285714285714286,0.1909859317102744,9.345578258356094,0.2740306431374673,0.3414692696137339,0.06743862647626664,1,1,1,1,1,1,cases/granite_rqd_p32_rot_10.yaml,granite_dense_p32_10,medium_to_poor,dense,unfavorable,high,1,5
granite_dense_p32_10,55,30,30.5,Center,9.858394877799954,11.213677696999813,12.390506807685739,11.87104511696683,11.441698640638974,11.06469873290071,88.2364538881737,4.0,88.2364538881737,87.50273403121432,89.14553096433305,93.8448064449895,5.428571428571429,38,91.30322002255,82.0,82.0,5.2,52,10.0,P32_derived_Jv_proxy,1.2183508246163814,2.367331749163029,0.7887193287721743,0.8086163978078067,1.2568482964288465,1.0203341802573982,727,38,13,714,0.9821182943603851,0.017881705639614855,7.0,5.428571428571429,9.256451490224633,5.428571428571429,0.16552114081557115,9.090930349409062,0.3365754563137926,0.33255407729939934,-0.004021379014393256,0,1,1,1,1,1,cases/granite_rqd_p32_rot_10.yaml,granite_dense_p32_10,medium_to_poor,dense,unfavorable,high,1,5
granite_dense_p32_10,56,10,10.5,Center,9.689404604140707,11.437473053585377,8.623294632643564,7.029932498472177,11.128295272206715,11.137288278787121,94.18493909165707,4.0,94.18493909165707,95.1633718805466,95.11942975458598,96.30636868862332,3.4285714285714284,24,94.48532428252928,82.0,82.0,4.5,45,10.0,P32_derived_Jv_proxy,1.2009108921626868,2.5519529269908148,0.8211789722276459,1.148708738327558,0.8899715704882891,0.9729679991436796,762,24,9,753,0.9881889763779528,0.011811023622047244,7.0,3.4285714285714284,9.702085330881939,3.4285714285714284,0.11459155902616464,9.587493771855774,0.30282984957066394,0.34086528996617504,0.0380354403955111,1,1,1,1,1,1,cases/granite_rqd_p32_rot_10.yaml,granite_dense_p32_10,medium_to_poor,dense,unfavorable,high,1,5
granite_dense_p32_10,56,20,20.5,Center,9.149886016353006,10.501610765490087,6.361760619203994,6.156270508568914,8.228373147120708,8.660636058197804,79.12773994464887,4.0,79.12773994464887,79.1058998402401,83.53807376921121,84.41950164453962,7.142857142857143,50,86.1209763351544,82.0,82.0,6.8,68,10.0,P32_derived_Jv_proxy,1.0950372994303315,2.6143654542820767,0.7852191434676766,1.0734433072354226,0.6952830459127061,0.7835343863781746,766,50,21,745,0.9725848563968669,0.02741514360313316,7.0,7.142857142857143,9.753014912671347,7.142857142857143,0.26738030439438415,9.485634608276962,0.31594154940671326,0.3411180234058391,0.025176473999125815,0,1,1,0,1,1,cases/granite_rqd_p32_rot_10.yaml,granite_dense_p32_10,medium_to_poor,dense,unfavorable,high,1,5
granite_dense_p32_10,56,30,30.5,Center,9.651372081823823,11.11586254372744,10.948530969423953,10.831105480514038,10.692754902579676,10.362555972941445,81.86627909427463,4.0,81.86627909427463,85.3543136045979,84.10815799251007,84.41950164453962,7.0,49,93.58369059346465,82.0,82.0,4.5,45,10.0,P32_derived_Jv_proxy,1.263299186310697,2.41802415765521,0.8117651410183528,0.8459489616536118,1.1344015002844037,0.9619365893124938,794,49,16,778,0.9798488664987406,0.020151133501259445,7.0,7.0,10.109521985197192,7.0,0.20371832715762603,9.905803658039565,0.299297418461855,0.34211615731786593,0.04281873885601095,1,1,1,1,1,1,cases/granite_rqd_p32_rot_10.yaml,granite_dense_p32_10,medium_to_poor,dense,unfavorable,high,1,5
granite_dense_p32_10,57,10,10.5,Center,8.42050382677246,10.46983341589794,8.968678818244182,7.830751273156415,11.948553482895347,12.38207312157598,90.98919343144095,4.0,90.98919343144095,90.23827189258027,92.0052093265878,90.97959895689502,4.571428571428571,32,87.24879417462597,82.0,82.0,6.4,64,10.0,P32_derived_Jv_proxy,1.2842400937039222,2.478510629304192,0.794383922768454,1.121139960952964,1.0651000228429128,1.1412362554643938,738,32,14,724,0.981029810298103,0.018970189701897018,7.0,4.571428571428571,9.396507840145501,4.571428571428571,0.17825353626292278,9.218254303882578,0.29544063179209656,0.349657108104081,0.05421647631198445,1,1,1,1,1,1,cases/granite_rqd_p32_rot_10.yaml,granite_dense_p32_10,medium_to_poor,dense,unfavorable,high,1,5
granite_dense_p32_10,57,20,20.5,Center,8.602449666863368,10.499540253513006,8.269214817468931,7.32761160361163,9.211683357988688,9.066589283906767,82.53467413157937,4.0,82.53467413157937,84.27620261759282,86.13743632355953,87.80986177504423,6.142857142857143,43,87.96262568477994,82.0,82.0,5.6,56,10.0,P32_derived_Jv_proxy,1.1536306738828102,2.5958763066065567,0.8474977562598436,1.0481669717449873,0.9612627957966372,0.8773415916860343,736,43,18,718,0.9755434782608695,0.024456521739130436,7.0,6.142857142857143,9.371043049250797,6.142857142857143,0.22918311805232927,9.141859931198468,0.28656186293229935,0.34724583601125325,0.0606839730789539,1,1,1,1,1,1,cases/granite_rqd_p32_rot_10.yaml,granite_dense_p32_10,medium_to_poor,dense,unfavorable,high,1,5
granite_dense_p32_10,57,30,30.5,Center,9.646285165800961,11.05792124644733,8.481681194656888,6.13120315476486,10.373862115716216,10.544137500555422,90.91652810011212,4.0,90.91652810011212,91.74805035306628,91.07278032809015,93.8448064449895,4.857142857142857,34,90.5840928748067,82.0,82.0,5.2,52,10.0,P32_derived_Jv_proxy,1.1716305025584248,2.5884544434040495,0.7755378523080092,1.0858487789027842,0.8792691744928969,0.9381385420021067,707,34,9,698,0.9872701555869873,0.01272984441301273,7.0,4.857142857142857,9.001803581277601,4.857142857142857,0.11459155902616464,8.887212022251436,0.2633086374872796,0.3650653250450864,0.10175668755780676,1,1,1,1,1,1,cases/granite_rqd_p32_rot_10.yaml,granite_dense_p32_10,medium_to_poor,dense,unfavorable,high,1,5
granite_dense_p32_10,58,10,10.5,Center,9.140692196569628,10.400201515281912,9.381271548218178,6.371629997591556,9.936078318774893,9.491632005022991,88.50365196012994,4.0,88.50365196012994,88.67436790728472,92.49217641103623,93.8448064449895,4.285714285714286,30,86.07142349954223,82.0,82.0,6.7,67,10.0,P32_derived_Jv_proxy,1.1553888890605997,2.579584863234493,0.7729490352301653,0.9544543061044193,1.0263195988306921,0.9553736342680434,781,30,11,770,0.9859154929577465,0.014084507042253521,7.0,4.285714285714286,9.94400084438162,4.285714285714286,0.1400563499208679,9.803944494460753,0.300235795807975,0.34829200228324286,0.04805620647526787,1,1,1,1,1,1,cases/granite_rqd_p32_rot_10.yaml,granite_dense_p32_10,medium_to_poor,dense,unfavorable,high,1,5
granite_dense_p32_10,58,20,20.5,Center,9.734197943778574,10.754813657841732,7.382662097284323,8.03012550449316,10.331997682322049,10.916522981408844,90.77523133004955,4.0,90.77523133004955,92.21780240613259,91.66668801165814,93.8448064449895,4.571428571428571,32,88.65676121844258,82.0,82.0,6.3,63,10.0,P32_derived_Jv_proxy,1.160362361187482,2.5555347606118386,0.7489249680666565,1.095623897826122,0.7584253104286635,0.9606858855047301,736,32,8,728,0.9891304347826086,0.010869565217391304,7.0,4.571428571428571,9.371043049250797,4.571428571428571,0.10185916357881301,9.269183885671984,0.30631588157290324,0.35264999332791624,0.04633411175501301,0,1,1,1,1,1,cases/granite_rqd_p32_rot_10.yaml,granite_dense_p32_10,medium_to_poor,dense,unfavorable,high,1,5
granite_dense_p32_10,58,30,30.5,Center,9.237709677637376,10.86721367904626,7.59625224458441,6.242898796736996,8.926008433559064,8.678317381758779,76.5643309439965,4.0,76.5643309439965,80.18749824671096,83.65855878193646,87.80986177504423,7.142857142857143,50,89.39415375206214,82.0,82.0,5.9,59,10.0,P32_derived_Jv_proxy,1.1591868580855897,2.482345712157321,0.8217978743598324,1.0658195700715642,0.8223090473359861,0.8213704724302833,791,50,18,773,0.97724399494311,0.022756005056890013,7.0,7.142857142857143,10.071324798855137,7.142857142857143,0.22918311805232927,9.842141680802808,0.2595772137982132,0.34954185128235504,0.08996463748414185,1,1,1,1,1,1,cases/granite_rqd_p32_rot_10.yaml,granite_dense_p32_10,medium_to_poor,dense,unfavorable,high,1,5
granite_dense_p32_10,59,10,10.5,Center,9.690977124382782,10.450326903906882,8.359465265775217,8.034211694226268,10.591182240985162,10.23757774325903,82.07137899525912,4.0,82.07137899525912,80.81140052026167,85.17290846104531,84.41950164453962,6.714285714285714,47,87.44365640831491,82.0,82.0,6.0,60,10.0,P32_derived_Jv_proxy,1.233397497807802,2.3921621695795268,0.764368990292794,1.059708602412422,0.8626029303838266,1.0134785579794274,750,47,15,735,0.98,0.02,7.0,6.714285714285714,9.54929658551372,6.714285714285714,0.1909859317102744,9.358310653803446,0.2618863624847041,0.33618710905811555,0.07430074657341146,1,1,1,1,1,1,cases/granite_rqd_p32_rot_10.yaml,granite_dense_p32_10,medium_to_poor,dense,unfavorable,high,1,5
granite_dense_p32_10,59,20,20.5,Center,9.432590760655428,10.353997242995858,9.205043376001473,9.014213726543236,9.721841451301836,9.419796167838568,85.62022551158533,4.0,85.62022551158533,86.63522836605019,88.75360785597299,87.80986177504423,5.571428571428571,39,84.08338196125612,82.0,82.0,6.1,61,10.0,P32_derived_Jv_proxy,1.1685431475934294,2.557671516424409,0.7307704481171861,0.8286616867153699,0.9758764701630983,0.938945725321527,774,39,16,758,0.979328165374677,0.020671834625323,7.0,5.571428571428571,9.854874076250159,5.571428571428571,0.20371832715762603,9.651155749092533,0.2514655344521841,0.3593584068428971,0.10789287239071299,1,1,1,1,1,1,cases/granite_rqd_p32_rot_10.yaml,granite_dense_p32_10,medium_to_poor,dense,unfavorable,high,1,5
granite_dense_p32_10,59,30,30.5,Center,10.066645586878474,10.976784090013792,7.453454684053496,5.882881484857833,10.594816871247188,10.284155412869016,87.65032205551981,4.0,87.65032205551981,89.16293093730374,88.105331515727,90.97959895689502,5.714285714285714,40,92.38034719810429,82.0,82.0,5.0,50,10.0,P32_derived_Jv_proxy,1.2383909791708683,2.5630663032003467,0.7570383857372643,1.1478734344242796,0.7404109561350622,0.965202265469164,729,40,11,718,0.9849108367626886,0.015089163237311385,7.0,5.714285714285714,9.281916281119337,5.714285714285714,0.1400563499208679,9.141859931198468,0.3217529824715265,0.35712735720822175,0.03537437473669525,0,1,1,1,1,1,cases/granite_rqd_p32_rot_10.yaml,granite_dense_p32_10,medium_to_poor,dense,unfavorable,high,1,5
granite_dense_p32_20,40,10,10.5,Center,7.574695954928224,8.383064690861417,7.2642716225953405,6.351107313470006,9.584595114263644,9.727001082414352,77.59780327215842,4.0,77.59780327215842,78.26522790085102,72.20389812833784,77.24823535071383,10.428571428571429,73,69.90019213067576,49.0,49.0,10.7,107,20.0,P32_derived_Jv_proxy,1.2275333229922583,2.488974727206404,0.8190682357572294,1.1443117334358373,0.9590182451969025,1.1433283014876463,1498,73,19,1479,0.9873164218958611,0.012683578104138851,7.0,10.428571428571429,19.073128380132736,10.428571428571429,0.2419155134996809,18.831212866633056,0.28982712192183013,0.34363756700396964,0.0538104450821395,1,1,1,1,1,1,cases/granite_rqd_p32_rot_20.yaml,granite_dense_p32_20,medium_to_poor,dense,unfavorable,high,1,5
granite_dense_p32_20,40,20,20.5,Center,6.630593813911814,8.351974408489397,6.515353751873248,6.031847555479418,7.785537435076322,7.887777718192845,63.39455259005418,4.0,63.39455259005418,67.00427954166868,72.73438669271991,77.24823535071383,10.285714285714286,72,70.36570595388908,49.0,49.0,11.4,114,20.0,P32_derived_Jv_proxy,1.2531121734065562,2.546204509024439,0.7437915959255893,0.969117620128164,0.9826199484883575,0.9321792733419636,1604,72,22,1582,0.986284289276808,0.01371571072319202,7.0,10.285714285714286,20.42276229755201,10.285714285714286,0.2801126998417358,20.142649597710275,0.2754146128031524,0.3441493554771532,0.06873474267400081,1,1,1,1,1,1,cases/granite_rqd_p32_rot_20.yaml,granite_dense_p32_20,medium_to_poor,dense,unfavorable,high,1,5
granite_dense_p32_20,40,30,30.5,Center,7.144605121939143,8.152271279553919,9.190585693316123,9.117406613875307,7.7184257879639375,7.862748530784074,63.582560367621554,4.0,63.582560367621554,62.181729160155456,68.19584721251964,69.90292757659671,11.571428571428571,81,67.21622077247513,49.0,49.0,11.8,118,20.0,P32_derived_Jv_proxy,1.1808721226478032,2.427325366340541,0.8622720667942148,0.8314782712972022,1.2863672010499685,0.9467822553110965,1539,81,28,1511,0.98180636777128,0.018193632228719947,7.0,11.571428571428571,19.595156593474155,11.571428571428571,0.35650707252584557,19.238649520948307,0.3301486228022943,0.350398072612762,0.020249449810467723,0,1,1,1,1,1,cases/granite_rqd_p32_rot_20.yaml,granite_dense_p32_20,medium_to_poor,dense,unfavorable,high,1,5
granite_dense_p32_20,41,10,10.5,Center,6.816771562214858,7.880916822241367,6.384429177880334,6.917221342569741,7.620407726845614,7.802492012319055,59.19066220267987,4.0,59.19066220267987,61.060335038880886,63.781215091447436,59.18327134598555,12.714285714285714,89,66.13991798084271,49.0,49.0,11.6,116,20.0,P32_derived_Jv_proxy,1.2183235263039947,2.389041865476223,0.8055916184226878,0.9860304434894659,0.936576665304294,0.9669443160901598,1510,89,30,1480,0.9801324503311258,0.019867549668874173,7.0,12.714285714285714,19.225917125500956,12.714285714285714,0.3819718634205488,18.843945262080407,0.27896792412763116,0.352752415832692,0.07378449170506085,1,1,1,1,1,1,cases/granite_rqd_p32_rot_20.yaml,granite_dense_p32_20,medium_to_poor,dense,unfavorable,high,1,5
granite_dense_p32_20,41,20,20.5,Center,6.5648145281083545,7.89737004502546,7.846186196185488,7.319641754571322,8.77777649708032,8.865635120601961,68.56190236373284,4.0,68.56190236373284,74.42550053399835,72.37746472551449,69.90292757659671,10.285714285714286,72,66.17244654659027,49.0,49.0,12.1,121,20.0,P32_derived_Jv_proxy,1.2393928838297945,2.434927513622038,0.8095182796292922,0.9271311344271851,1.195187794352868,1.1114809673391746,1479,72,23,1456,0.9844489519945909,0.01555104800540906,7.0,10.285714285714286,18.831212866633056,10.285714285714286,0.2928450952890874,18.538367771343967,0.28590113390951843,0.35020681074586757,0.06430567683634913,1,1,1,1,1,1,cases/granite_rqd_p32_rot_20.yaml,granite_dense_p32_20,medium_to_poor,dense,unfavorable,high,1,5
granite_dense_p32_20,41,30,30.5,Center,7.556494998937792,8.207422804918782,5.2982424151945136,5.559987936798511,8.117842935928959,8.366819149142424,65.94855877372036,4.0,65.94855877372036,63.23606708891436,69.44345863115316,73.57588823428847,11.142857142857142,78,67.32622519891154,49.0,49.0,10.3,103,20.0,P32_derived_Jv_proxy,1.191784263225072,2.4398030100628856,0.7718460786688566,1.220577777324236,0.7011507869639669,0.989085505752654,1477,78,22,1455,0.9851049424509141,0.014895057549085985,7.0,11.142857142857142,18.805748075738354,11.142857142857142,0.2801126998417358,18.525635375896616,0.25337322496498005,0.345024345255458,0.09165112029047795,0,1,1,1,1,1,cases/granite_rqd_p32_rot_20.yaml,granite_dense_p32_20,medium_to_poor,dense,unfavorable,high,1,5
granite_dense_p32_20,42,10,10.5,Center,7.053320163982934,7.900562129641622,4.718627960056459,3.9577093899870706,6.551489515334226,6.7909728054164855,51.58918362549492,4.0,51.58918362549492,56.245681794050206,60.34658971123901,55.78254003710746,13.857142857142858,97,65.03893480688959,49.0,49.0,11.5,115,20.0,P32_derived_Jv_proxy,1.2413607837429808,2.4992398223653565,0.8150001345730925,1.1321174642336316,0.6689938710214312,0.8292434649370207,1455,97,36,1419,0.9752577319587629,0.024742268041237112,7.0,13.857142857142858,18.525635375896616,13.857142857142858,0.45836623610465854,18.067269139791957,0.2679098642805353,0.3395124879236622,0.07160262364312686,0,0,1,1,1,1,cases/granite_rqd_p32_rot_20.yaml,granite_dense_p32_20,medium_to_poor,dense,unfavorable,high,1,5
granite_dense_p32_20,42,20,20.5,Center,9.008709801137327,9.530670144837812,6.158893249831948,5.8980632383215434,8.091976520869887,7.041656669386636,63.95920813801581,4.0,63.95920813801581,60.27032142868496,64.04731582299779,62.6823123978229,12.714285714285714,89,80.28975004101729,49.0,49.0,10.1,101,20.0,P32_derived_Jv_proxy,1.2054166078156243,2.413044574482142,0.7644015684490808,0.9881928594745883,0.6836598564929246,0.8490459115566833,1557,89,28,1529,0.9820166987797045,0.01798330122029544,7.0,12.714285714285714,19.824339711526484,12.714285714285714,0.35650707252584557,19.467832639000637,0.28239144648455416,0.3420874295040033,0.05969598301944912,0,1,1,1,1,1,cases/granite_rqd_p32_rot_20.yaml,granite_dense_p32_20,medium_to_poor,dense,unfavorable,high,1,5
granite_dense_p32_20,42,30,30.5,Center,7.130602852794329,7.811484378767616,5.704430535486288,4.938451029498426,8.155295091504575,7.811040171392728,67.33926681419277,4.0,67.33926681419277,64.54818151230386,71.42270252323242,66.26272662068445,10.571428571428571,74,65.35181953367307,49.0,49.0,11.1,111,20.0,P32_derived_Jv_proxy,1.1986792186038657,2.5207129856530908,0.7768853968134881,1.2377868911251515,0.7999927430050104,1.0440134929631903,1583,74,31,1552,0.9804169298799748,0.01958307012002527,7.0,10.571428571428571,20.155381993157626,10.571428571428571,0.39470425886790045,19.760677734289725,0.2493131653421239,0.3486117476356051,0.09929858229348121,0,1,1,1,1,1,cases/granite_rqd_p32_rot_20.yaml,granite_dense_p32_20,medium_to_poor,dense,unfavorable,high,1,5
granite_dense_p32_20,43,10,10.5,Center,7.094372382245464,8.05968708542797,7.96013973991736,6.542472668887807,9.013458613603111,8.968005174528837,73.99996397471708,4.0,73.99996397471708,67.3861780514077,71.16536030425634,69.90292757659671,10.714285714285714,75,67.2276501848143,49.0,49.0,11.5,115,20.0,P32_derived_Jv_proxy,1.2080156173616774,2.492981050837554,0.7595460118482924,0.9278134162271445,1.1220357927416647,1.1183385307724383,1542,75,15,1527,0.9902723735408561,0.009727626459143969,7.0,10.714285714285714,19.633353779816208,10.714285714285714,0.1909859317102744,19.442367848105935,0.2959401381228792,0.35816827512846494,0.062228137005585715,1,1,1,1,1,1,cases/granite_rqd_p32_rot_20.yaml,granite_dense_p32_20,medium_to_poor,dense,unfavorable,high,1,5
granite_dense_p32_20,43,20,20.5,Center,6.742162301350165,7.66559980562227,6.723086216132942,7.335163821532447,7.716330694064242,7.634471768421193,60.614946416253574,4.0,60.614946416253574,61.9462026249062,66.60773679592823,66.26272662068445,12.0,84,63.49313514075236,49.0,49.0,13.2,132,20.0,P32_derived_Jv_proxy,1.2273775178295794,2.438800686725115,0.7675669163349912,0.8959169352762667,0.9971706280026212,1.0066179933375552,1497,84,33,1464,0.9779559118236473,0.022044088176352707,7.0,12.0,19.060395984685385,12.0,0.42016904976260366,18.640226934922783,0.3130013382397637,0.3462973050778847,0.03329596683812097,1,1,1,1,1,1,cases/granite_rqd_p32_rot_20.yaml,granite_dense_p32_20,medium_to_poor,dense,unfavorable,high,1,5
granite_dense_p32_20,43,30,30.5,Center,5.983003310552304,6.836285101460946,7.655856701087051,7.991580728401979,8.536695064225878,7.533971961227986,67.70125460700716,4.0,67.70125460700716,64.01617538797109,65.14756317801671,66.26272662068445,12.428571428571429,87,56.212714584553304,49.0,49.0,11.9,119,20.0,P32_derived_Jv_proxy,1.2238786058153077,2.440134604845329,0.7844426100891507,0.9205059872507112,1.2796009468328913,1.2487330381235193,1567,87,34,1533,0.9783024888321634,0.02169751116783663,7.0,12.428571428571429,19.951663665999998,12.428571428571429,0.4329014452099553,19.518762220790045,0.2656881986312031,0.3432632594167031,0.07757506078550003,0,1,1,1,1,1,cases/granite_rqd_p32_rot_20.yaml,granite_dense_p32_20,medium_to_poor,dense,unfavorable,high,1,5
granite_dense_p32_20,44,10,10.5,Center,7.0638810707570086,8.466905481335141,6.837343478709981,6.5527796474794,8.371189850989964,8.30461106485414,67.43822383575024,4.0,67.43822383575024,66.57008382353575,66.76747061151012,66.26272662068445,11.857142857142858,83,68.98715365163805,49.0,49.0,9.9,99,20.0,P32_derived_Jv_proxy,1.2535246655804715,2.5427577211507626,0.8097820186114705,1.1524995211685758,0.9679301520257969,0.98869532315482,1467,83,25,1442,0.9829584185412407,0.017041581458759374,7.0,11.857142857142858,18.678424121264836,11.857142857142858,0.3183098861837907,18.360114235081046,0.29108576782468765,0.34620099647207525,0.055115228647387604,1,1,1,1,1,1,cases/granite_rqd_p32_rot_20.yaml,granite_dense_p32_20,medium_to_poor,dense,unfavorable,high,1,5
granite_dense_p32_20,44,20,20.5,Center,8.291170703034174,8.961150281181888,6.816666959650873,7.194744295607723,8.44877704741895,8.66418029420778,70.91545539328699,4.0,70.91545539328699,67.93069426021884,72.43519327089065,69.90292757659671,10.285714285714286,72,74.97580344001929,49.0,49.0,9.9,99,20.0,P32_derived_Jv_proxy,1.1647740209179545,2.445199101459582,0.8048331815063978,1.0172143625861205,0.8221597653460804,0.9428228276855367,1524,72,29,1495,0.9809711286089239,0.019028871391076115,7.0,10.285714285714286,19.404170661763878,10.285714285714286,0.3692394679731972,19.034931193790683,0.3099753159218023,0.351974717524173,0.0419994016023707,1,1,1,1,1,1,cases/granite_rqd_p32_rot_20.yaml,granite_dense_p32_20,medium_to_poor,dense,unfavorable,high,1,5
granite_dense_p32_20,44,30,30.5,Center,7.971598829597275,9.057306431859812,8.7153860754705,7.45237566382302,9.880685788143497,10.165890000683108,75.63170174276341,4.0,75.63170174276341,74.65754049521732,77.69703727232692,80.87921354109989,8.857142857142858,62,74.27164603332479,49.0,49.0,10.0,100,20.0,P32_derived_Jv_proxy,1.2977337278878103,2.492547623677703,0.8373758707606299,1.0355057161517147,1.0933046508953337,1.0909077508283678,1520,62,15,1505,0.9901315789473685,0.009868421052631578,7.0,8.857142857142858,19.353241079974474,8.857142857142858,0.1909859317102744,19.162255148264197,0.30431335643517576,0.3507570474381203,0.04644369100294454,1,1,1,1,1,1,cases/granite_rqd_p32_rot_20.yaml,granite_dense_p32_20,medium_to_poor,dense,unfavorable,high,1,5
granite_dense_p32_20,45,10,10.5,Center,6.672645496608919,7.638874228375259,5.505316193862887,5.359688752797777,6.8863129944004156,6.756139691618986,61.30176949145723,4.0,61.30176949145723,58.42073046478073,71.63300328899446,69.90292757659671,10.571428571428571,74,63.53414452080107,49.0,49.0,11.3,113,20.0,P32_derived_Jv_proxy,1.1780622224166668,2.6163169299026365,0.7406953331156718,0.9438091422844682,0.8250574973090844,0.9014827039330757,1581,74,29,1552,0.9816571790006325,0.018342820999367487,7.0,10.571428571428571,20.129917202262924,10.571428571428571,0.3692394679731972,19.760677734289725,0.33109467250485614,0.3496209279924096,0.01852625548755349,1,1,1,1,1,1,cases/granite_rqd_p32_rot_20.yaml,granite_dense_p32_20,medium_to_poor,dense,unfavorable,high,1,5
granite_dense_p32_20,45,20,20.5,Center,7.344456524620483,8.264260448378154,7.059778806473142,5.188950758616094,7.259104853655083,7.54925456725622,60.1865240510124,4.0,60.1865240510124,56.94457471504819,65.36927137292287,62.6823123978229,12.285714285714286,86,69.0103538509695,49.0,49.0,10.8,108,20.0,P32_derived_Jv_proxy,1.1965256064651386,2.4854186315389852,0.7680191966405924,0.9245737855503283,0.9612391036432677,0.8783731949154228,1514,86,30,1484,0.9801849405548216,0.019815059445178335,7.0,12.285714285714286,19.276846707290364,12.285714285714286,0.3819718634205488,18.894874843869815,0.3052689901927852,0.3519461542659269,0.04667716407314171,1,1,1,1,1,1,cases/granite_rqd_p32_rot_20.yaml,granite_dense_p32_20,medium_to_poor,dense,unfavorable,high,1,5
granite_dense_p32_20,45,30,30.5,Center,7.122800329394868,8.03747758849944,5.592523934413192,5.661804321820512,6.614493529419922,6.39598275973304,53.89319891532161,4.0,53.89319891532161,54.73405180964068,64.95391607301369,66.26272662068445,12.428571428571429,87,67.07810681914485,49.0,49.0,12.1,121,20.0,P32_derived_Jv_proxy,1.2018440394044387,2.4196068733012734,0.8249786684996572,1.08578062856754,0.7851580383818392,0.8229563885670277,1471,87,25,1446,0.9830047586675731,0.01699524133242692,7.0,12.428571428571429,18.729353703054244,12.428571428571429,0.3183098861837907,18.411043816870453,0.2750109004043594,0.35150491460139954,0.07649401419704016,0,1,1,1,1,1,cases/granite_rqd_p32_rot_20.yaml,granite_dense_p32_20,medium_to_poor,dense,unfavorable,high,1,5
granite_dense_p32_20,46,10,10.5,Center,6.400443842458944,7.310205709519151,7.863988193541199,7.378459013448323,7.619278355649527,8.300139360862136,65.07977066049581,4.0,65.07977066049581,66.55472240123173,67.84860303396201,69.90292757659671,11.714285714285714,82,60.04394184356566,49.0,49.0,11.8,118,20.0,P32_derived_Jv_proxy,1.1949339988093095,2.5663749135029943,0.8055641907029086,0.9055323831550904,1.2286629469933739,1.0422796099606213,1510,82,27,1483,0.9821192052980132,0.017880794701986755,7.0,11.714285714285714,19.225917125500956,11.714285714285714,0.3437746770784939,18.882142448422464,0.30986347408992865,0.3480724065847519,0.03820893249482327,1,1,1,1,1,1,cases/granite_rqd_p32_rot_20.yaml,granite_dense_p32_20,medium_to_poor,dense,unfavorable,high,1,5
granite_dense_p32_20,46,20,20.5,Center,6.0146027408417195,7.1704211957550985,6.27793533755261,6.0596499593351,7.526250035942975,8.04826481749173,60.68963829926607,4.0,60.68963829926607,61.82318043092367,65.04253353419172,59.18327134598555,12.428571428571429,87,59.94021039005237,49.0,49.0,13.1,131,20.0,P32_derived_Jv_proxy,1.1827704392594458,2.4052563277986514,0.7947490891692393,0.9692890113948184,1.0437822094089024,1.0496245381510543,1470,87,32,1438,0.9782312925170068,0.021768707482993196,7.0,12.428571428571429,18.716621307606893,12.428571428571429,0.40743665431525206,18.309184653291638,0.285624644152906,0.3414451689340715,0.055820524781165504,1,1,1,1,1,1,cases/granite_rqd_p32_rot_20.yaml,granite_dense_p32_20,medium_to_poor,dense,unfavorable,high,1,5
granite_dense_p32_20,46,30,30.5,Center,6.645992464847133,7.7174307769395885,6.0690395479785835,5.1114494246348015,8.106067869614924,7.595732231622426,64.48025563210675,4.0,64.48025563210675,62.50861111270814,66.95452220931539,69.90292757659671,11.857142857142858,83,64.30976789552965,49.0,49.0,12.1,121,20.0,P32_derived_Jv_proxy,1.2290049009849169,2.4663883713614956,0.8400244304157535,1.1371183730815686,0.9131878466729769,1.0503583516209332,1486,83,30,1456,0.9798115746971736,0.020188425302826378,7.0,11.857142857142858,18.920339634764517,11.857142857142858,0.3819718634205488,18.538367771343967,0.26127383006918137,0.3479241819720973,0.08665035190291592,1,1,1,1,1,1,cases/granite_rqd_p32_rot_20.yaml,granite_dense_p32_20,medium_to_poor,dense,unfavorable,high,1,5
granite_dense_p32_20,47,10,10.5,Center,6.705656247909258,7.84816187604853,6.561552315267979,4.974098793807681,7.737942040259478,7.496266976342592,66.89274225879501,4.0,66.89274225879501,74.75462482059542,68.11822856579808,69.90292757659671,11.571428571428571,81,65.28831327868951,49.0,49.0,12.9,129,20.0,P32_derived_Jv_proxy,1.1705270637472462,2.530744613294793,0.8228216161341467,1.0297249659082828,0.9785100924780913,0.9859559680942073,1524,81,36,1488,0.9763779527559056,0.023622047244094488,7.0,11.571428571428571,19.404170661763878,11.571428571428571,0.45836623610465854,18.945804425659222,0.3063661796702366,0.3515293577111277,0.045163178040891094,1,1,1,1,1,1,cases/granite_rqd_p32_rot_20.yaml,granite_dense_p32_20,medium_to_poor,dense,unfavorable,high,1,5
granite_dense_p32_20,47,20,20.5,Center,6.586616016188769,7.381421106796138,6.578588825536661,6.685448946896632,7.41849427405004,7.221082880452133,62.72250966355552,4.0,62.72250966355552,56.73878320739689,67.37497291472401,66.26272662068445,11.714285714285714,82,60.64817402054498,49.0,49.0,12.4,124,20.0,P32_derived_Jv_proxy,1.2228706332236698,2.5887242341998964,0.834904369546151,0.964225465324389,0.9987812875940577,1.005022497255951,1539,82,38,1501,0.9753086419753086,0.024691358024691357,7.0,11.714285714285714,19.595156593474155,11.714285714285714,0.4838310269993618,19.111325566474793,0.26906475918996975,0.3563985799997307,0.08733382080976093,1,1,1,1,1,1,cases/granite_rqd_p32_rot_20.yaml,granite_dense_p32_20,medium_to_poor,dense,unfavorable,high,1,5
granite_dense_p32_20,47,30,30.5,Center,6.761369591590068,8.23764079956394,7.734762519549558,8.430952185935043,8.056469535493244,8.472864047595566,69.58912789201098,4.0,69.58912789201098,71.74655967238249,73.56152560661772,73.57588823428847,10.0,70,69.5109618264157,49.0,49.0,11.2,112,20.0,P32_derived_Jv_proxy,1.1765204522364974,2.5436269177517294,0.7689370138737678,0.8197185508762805,1.1439638692684713,0.9780068992471381,1549,70,21,1528,0.986442866365397,0.01355713363460297,7.0,10.0,19.72248054794767,10.0,0.26738030439438415,19.455100243553286,0.23216251176862757,0.35209847536287997,0.1199359635942524,1,1,1,1,1,1,cases/granite_rqd_p32_rot_20.yaml,granite_dense_p32_20,medium_to_poor,dense,unfavorable,high,1,5
granite_dense_p32_20,48,10,10.5,Center,7.871638902338689,9.117785359687586,5.6347212137069755,4.960843785001724,5.951804792245093,6.087229586579766,48.9783513973175,4.0,48.9783513973175,48.56692545338124,56.51334907699353,59.18327134598555,15.142857142857142,106,76.19771976407897,49.0,49.0,10.2,102,20.0,P32_derived_Jv_proxy,1.2005997123735948,2.4512459374718083,0.7586634820232117,0.9139894311214717,0.7158256728510352,0.6527686886071891,1504,106,34,1470,0.9773936170212766,0.022606382978723406,7.0,15.142857142857142,19.149522752816846,15.142857142857142,0.4329014452099553,18.716621307606893,0.28562426710531796,0.3504419403738407,0.06481767326852272,0,1,1,0,0,1,cases/granite_rqd_p32_rot_20.yaml,granite_dense_p32_20,medium_to_poor,dense,unfavorable,high,1,5
granite_dense_p32_20,48,20,20.5,Center,7.234989307131915,8.492427402624427,5.698774891126519,5.845084360523302,7.436889424567754,7.484160373195008,63.76414543242426,4.0,63.76414543242426,59.10565383561553,66.91612623245115,66.26272662068445,12.0,84,71.80708473482615,49.0,49.0,10.5,105,20.0,P32_derived_Jv_proxy,1.1388182798479414,2.477457913990236,0.8349645395446341,1.1693102606091978,0.7876687371892771,0.8757083307264447,1549,84,35,1514,0.9774047772756617,0.022595222724338282,7.0,12.0,19.72248054794767,12.0,0.44563384065730693,19.276846707290364,0.28123287023458976,0.3473460742917296,0.06611320405713983,0,1,1,1,1,1,cases/granite_rqd_p32_rot_20.yaml,granite_dense_p32_20,medium_to_poor,dense,unfavorable,high,1,5
granite_dense_p32_20,48,30,30.5,Center,6.917772365495461,7.802360127924425,7.41203023145559,6.3242136877602135,8.666589947801938,9.272582173440176,67.9492649408473,4.0,67.9492649408473,69.18588829867298,69.07258231606401,69.90292757659671,11.285714285714286,79,64.78895402639722,49.0,49.0,12.3,123,20.0,P32_derived_Jv_proxy,1.2295012460200723,2.442139543479946,0.7749076187272406,1.0322980741234336,1.0714475469625735,1.1107651794723572,1540,79,31,1509,0.9798701298701299,0.02012987012987013,7.0,11.285714285714286,19.607888988921506,11.285714285714286,0.39470425886790045,19.213184730053605,0.29596286097188695,0.3515273503880899,0.055564489416202956,1,1,1,1,1,1,cases/granite_rqd_p32_rot_20.yaml,granite_dense_p32_20,medium_to_poor,dense,unfavorable,high,1,5
granite_dense_p32_20,49,10,10.5,Center,7.135557960187346,8.103687580235674,5.20655614274873,5.705654992618649,6.715251452482382,6.237441509150049,54.69938838999135,4.0,54.69938838999135,53.93492862353382,64.91992301120867,66.26272662068445,12.428571428571429,87,67.64831371637557,49.0,49.0,11.3,113,20.0,P32_derived_Jv_proxy,1.2191203662176373,2.4734206124055236,0.7604835532077904,0.9947307670322793,0.7296634925815991,0.8286661332873209,1496,87,23,1473,0.9846256684491979,0.01537433155080214,7.0,12.428571428571429,19.047663589238034,12.428571428571429,0.2928450952890874,18.754818493948946,0.27370880930569697,0.34732781363847276,0.0736190043327758,0,1,1,1,1,1,cases/granite_rqd_p32_rot_20.yaml,granite_dense_p32_20,medium_to_poor,dense,unfavorable,high,1,5
granite_dense_p32_20,49,20,20.5,Center,7.051260813840931,8.674331449733028,5.942961156147425,5.484931723811506,7.69528195132122,7.691848222536793,60.33616175397021,4.0,60.33616175397021,60.594702069254055,66.40882451361598,62.6823123978229,12.0,84,73.03322267804276,49.0,49.0,10.6,106,20.0,P32_derived_Jv_proxy,1.2418005412152648,2.451517662071287,0.7779759024361802,1.0237610037355218,0.8428224842402621,0.8871325699178879,1483,84,29,1454,0.9804450438300741,0.019554956169925825,7.0,12.0,18.882142448422464,12.0,0.3692394679731972,18.512902980449265,0.30001157522155597,0.35414686008536456,0.054135284863808586,1,1,1,1,1,1,cases/granite_rqd_p32_rot_20.yaml,granite_dense_p32_20,medium_to_poor,dense,unfavorable,high,1,5
granite_dense_p32_20,49,30,30.5,Center,7.617396597547186,8.614786642462935,6.4116403905123684,5.536729936938197,6.988861098816339,8.192840620112783,57.83396320872993,4.0,57.83396320872993,63.58207913200622,66.9317170350224,69.90292757659671,12.0,84,71.69543327272216,49.0,49.0,10.1,101,20.0,P32_derived_Jv_proxy,1.203175421652467,2.486668640212657,0.7763181570071962,0.9355439614841404,0.8417101969689916,0.8112633996491235,1557,84,30,1527,0.9807321772639692,0.019267822736030827,7.0,12.0,19.824339711526484,12.0,0.3819718634205488,19.442367848105935,0.29514976467309073,0.3405206149423483,0.04537085026925758,1,1,1,1,1,1,cases/granite_rqd_p32_rot_20.yaml,granite_dense_p32_20,medium_to_poor,dense,unfavorable,high,1,5
granite_dense_p32_20,50,10,10.5,Center,7.503935629808527,8.742716416883344,5.059235108880823,4.706209141959176,7.117279491294594,7.313864227241677,58.31520038169203,4.0,58.31520038169203,58.3764223504549,65.05875422527855,66.26272662068445,12.428571428571429,87,71.64401483654665,49.0,49.0,9.9,99,20.0,P32_derived_Jv_proxy,1.217431321851628,2.4874650578093345,0.7401624150277978,1.0651815368854758,0.6742108885880616,0.8140810192070492,1503,87,27,1476,0.9820359281437125,0.017964071856287425,7.0,12.428571428571429,19.136790357369495,12.428571428571429,0.3437746770784939,18.793015680291003,0.29384016799544765,0.3518306353452114,0.057990467349763763,0,1,1,1,1,1,cases/granite_rqd_p32_rot_20.yaml,granite_dense_p32_20,medium_to_poor,dense,unfavorable,high,1,5
granite_dense_p32_20,50,20,20.5,Center,6.630796853110207,7.3188863814057985,8.289286798202976,6.888178688018965,8.048952860760584,8.569747718111353,65.24130995264599,4.0,65.24130995264599,72.52273962521096,66.44849079467465,73.57588823428847,12.142857142857142,85,60.84793367845808,49.0,49.0,11.7,117,20.0,P32_derived_Jv_proxy,1.185612534602281,2.4357744285944345,0.7753567967715271,0.9379319894556258,1.2501192514011112,1.0997510333279086,1526,85,31,1495,0.9796854521625163,0.020314547837483616,7.0,12.142857142857142,19.429635452658584,12.142857142857142,0.39470425886790045,19.034931193790683,0.2694560800952468,0.3375106021787807,0.06805452208353391,0,1,1,1,1,1,cases/granite_rqd_p32_rot_20.yaml,granite_dense_p32_20,medium_to_poor,dense,unfavorable,high,1,5
granite_dense_p32_20,50,30,30.5,Center,7.30443086604939,8.164888669897877,6.6615821884023445,6.297629766102352,7.687090710533572,7.083953670054201,66.1623025750776,4.0,66.1623025750776,60.06741230355743,66.70287731902671,66.26272662068445,12.0,84,68.84818228086151,49.0,49.0,10.5,105,20.0,P32_derived_Jv_proxy,1.1640485278048984,2.5326821065932523,0.7876502387671095,0.9362381211208355,0.9119919553712291,0.941481387109926,1563,84,25,1538,0.9840051183621241,0.01599488163787588,7.0,12.0,19.900734084210594,12.0,0.3183098861837907,19.582424198026803,0.2888326213838971,0.3481267075233322,0.0592940861394351,1,1,1,1,1,1,cases/granite_rqd_p32_rot_20.yaml,granite_dense_p32_20,medium_to_poor,dense,unfavorable,high,1,5
granite_dense_p32_20,51,10,10.5,Center,7.279628392748926,8.909899029083562,5.82777219437757,5.7675438869519455,7.891943891687748,8.523611721244205,70.13692985185018,4.0,70.13692985185018,75.04053381647928,74.53866268985244,69.90292757659671,9.714285714285714,68,73.80187323790994,49.0,49.0,9.6,96,20.0,P32_derived_Jv_proxy,1.1491668071705818,2.5538650716681297,0.8086775968531461,1.1085599577656706,0.8005590230653097,0.8857500927818577,1512,68,24,1488,0.9841269841269841,0.015873015873015872,7.0,9.714285714285714,19.25138191639566,9.714285714285714,0.30557749073643903,18.945804425659222,0.29593129676166374,0.3448175491359152,0.04888625237425148,1,1,1,1,1,1,cases/granite_rqd_p32_rot_20.yaml,granite_dense_p32_20,medium_to_poor,dense,unfavorable,high,1,5
granite_dense_p32_20,51,20,20.5,Center,6.980856513893678,8.704787469955592,7.589152583911278,6.613890944172753,8.070616424559788,7.239392564534369,66.88171164069884,4.0,66.88171164069884,71.68306580396218,66.53770786082546,69.90292757659671,12.0,84,72.50519889848724,49.0,49.0,10.1,101,20.0,P32_derived_Jv_proxy,1.2311856096715796,2.5608998979081727,0.814450140053415,0.9370434130271722,1.0871377414514876,0.9271468662980419,1552,84,31,1521,0.9800257731958762,0.01997422680412371,7.0,12.0,19.760677734289725,12.0,0.39470425886790045,19.365973475421825,0.3341779377599513,0.3482418984117148,0.014063960651763519,1,1,1,1,1,1,cases/granite_rqd_p32_rot_20.yaml,granite_dense_p32_20,medium_to_poor,dense,unfavorable,high,1,5
granite_dense_p32_20,51,30,30.5,Center,7.051926461850458,7.8275117594595525,11.098484182949106,9.093552388744024,8.417786371561629,7.377794487260777,67.07095977672996,4.0,67.07095977672996,74.32840958685243,74.60345432089989,73.57588823428847,9.714285714285714,68,65.30769142321985,49.0,49.0,12.0,120,20.0,P32_derived_Jv_proxy,1.2423562428024233,2.491956123401384,0.8710966058174459,0.8322878573272232,1.5738230174392391,1.075410249162351,1551,68,25,1526,0.9838813668600903,0.016118633139909737,7.0,9.714285714285714,19.747945338842374,9.714285714285714,0.3183098861837907,19.429635452658584,0.28452835978406743,0.35513803493086016,0.07060967514679273,0,0,1,1,1,1,cases/granite_rqd_p32_rot_20.yaml,granite_dense_p32_20,medium_to_poor,dense,unfavorable,high,1,5
granite_dense_p32_20,52,10,10.5,Center,6.576770251704335,7.822545825682029,6.524910983219485,6.833367351458189,6.725167543979117,6.312415902518824,59.9342042800128,4.0,59.9342042800128,59.282487312826945,64.00801935657715,66.26272662068445,12.714285714285714,89,66.04581018596272,49.0,49.0,10.2,102,20.0,P32_derived_Jv_proxy,1.1631665930328243,2.5909609167480467,0.837628737496793,0.9076235350193812,0.9921147818001683,0.8597159663673514,1505,89,18,1487,0.9880398671096345,0.011960132890365448,7.0,12.714285714285714,19.162255148264197,12.714285714285714,0.22918311805232927,18.933072030211868,0.26530362005867625,0.3448862635366574,0.07958264347798116,1,1,1,1,1,1,cases/granite_rqd_p32_rot_20.yaml,granite_dense_p32_20,medium_to_poor,dense,unfavorable,high,1,5
granite_dense_p32_20,52,20,20.5,Center,6.695109453250569,7.552036549251308,4.856556086855264,4.317587319180494,6.784208132662814,7.615074169429413,58.643204184949774,4.0,58.643204184949774,68.09427202005116,64.73201806267556,69.90292757659671,12.571428571428571,88,62.88307644994459,49.0,49.0,12.6,126,20.0,P32_derived_Jv_proxy,1.1957104226725035,2.5480720873966165,0.7873585981913774,1.136133443830355,0.7253886020485204,0.8983282970651651,1538,88,24,1514,0.9843953185955787,0.015604681404421327,7.0,12.571428571428571,19.582424198026803,12.571428571428571,0.30557749073643903,19.276846707290364,0.2525361744540553,0.3492179690697582,0.09668179461570292,0,1,1,1,1,1,cases/granite_rqd_p32_rot_20.yaml,granite_dense_p32_20,medium_to_poor,dense,unfavorable,high,1,5
granite_dense_p32_20,52,30,30.5,Center,7.150920704887716,7.600689078691817,10.077950177852925,7.946453486767209,9.581486415189094,10.101886538636261,75.22835015835413,4.0,75.22835015835413,76.527744415775,77.13795459838788,77.24823535071383,9.0,63,63.040806060266554,49.0,49.0,10.4,104,20.0,P32_derived_Jv_proxy,1.214615844317761,2.3965036007794462,0.7868172945266265,0.8274992264154127,1.4093220430992275,1.2606075996517674,1552,63,28,1524,0.9819587628865979,0.01804123711340206,7.0,9.0,19.760677734289725,9.0,0.35650707252584557,19.404170661763878,0.29485388567048554,0.3520524978688274,0.05719861219834188,0,1,1,0,1,1,cases/granite_rqd_p32_rot_20.yaml,granite_dense_p32_20,medium_to_poor,dense,unfavorable,high,1,5
granite_dense_p32_20,53,10,10.5,Center,6.574992838256314,8.135621304671261,6.670245868735881,6.739075889542726,7.047569127500709,6.702513742641251,61.30777369533786,4.0,61.30777369533786,57.44155219531595,70.00825096597123,66.26272662068445,11.0,77,67.74519197266555,49.0,49.0,11.2,112,20.0,P32_derived_Jv_proxy,1.1976410442846819,2.584388830654817,0.7994773836537925,0.927456544026097,1.0144871687046322,0.8662607148951462,1583,77,28,1555,0.9823120656980417,0.017687934301958308,7.0,11.0,20.155381993157626,11.0,0.35650707252584557,19.79887492063178,0.2870081030952756,0.347743838437218,0.06073573534194243,1,1,1,1,1,1,cases/granite_rqd_p32_rot_20.yaml,granite_dense_p32_20,medium_to_poor,dense,unfavorable,high,1,5
granite_dense_p32_20,53,20,20.5,Center,8.104372716414783,8.754323359150463,7.320993180105924,5.448865305144502,8.057734248805787,8.564775656196115,65.09905361775074,4.0,65.09905361775074,69.0279854485027,64.49575163167158,62.6823123978229,12.571428571428571,88,71.85115421021064,49.0,49.0,10.6,106,20.0,P32_derived_Jv_proxy,1.252713809914913,2.546815837908586,0.7825600235416886,0.9956319960608694,0.9033386588054885,0.9204291317824619,1526,88,22,1504,0.9855832241153342,0.014416775884665793,7.0,12.571428571428571,19.429635452658584,12.571428571428571,0.2801126998417358,19.149522752816846,0.29210766818454204,0.35232707388602236,0.06021940570148032,1,1,1,1,1,1,cases/granite_rqd_p32_rot_20.yaml,granite_dense_p32_20,medium_to_poor,dense,unfavorable,high,1,5
granite_dense_p32_20,53,30,30.5,Center,7.333635511972268,8.557861765563016,6.212713559519047,6.7267088897704195,8.179157985317607,8.330941047808956,66.35354248461259,4.0,66.35354248461259,72.19321627301065,70.1338438501458,69.90292757659671,11.0,77,71.02457356574521,49.0,49.0,10.0,100,20.0,P32_derived_Jv_proxy,1.24836649603178,2.5152779945282364,0.7674036426629307,1.0385502184145603,0.84715330471179,0.9557478502668365,1510,77,25,1485,0.9834437086092715,0.016556291390728478,7.0,11.0,19.225917125500956,11.0,0.3183098861837907,18.907607239317166,0.30616655406912485,0.3524318402224351,0.04626528615331027,1,1,1,1,1,1,cases/granite_rqd_p32_rot_20.yaml,granite_dense_p32_20,medium_to_poor,dense,unfavorable,high,1,5
granite_dense_p32_20,54,10,10.5,Center,7.132743288642528,8.403765691062217,6.721795067321731,6.542922521981009,8.524419034598003,7.49613857125361,66.23144646988257,4.0,66.23144646988257,58.28848664244718,73.58621113142827,73.57588823428847,10.0,70,69.46247947385224,49.0,49.0,10.6,106,20.0,P32_derived_Jv_proxy,1.2403128842295172,2.457045074661979,0.7974372141674478,1.0157807381350346,0.9423856706051442,1.0143570570588498,1460,70,25,1435,0.9828767123287672,0.017123287671232876,7.0,10.0,18.589297353133375,10.0,0.3183098861837907,18.270987466949585,0.2970468630315496,0.3429101247190298,0.04586326168748023,1,1,1,1,1,1,cases/granite_rqd_p32_rot_20.yaml,granite_dense_p32_20,medium_to_poor,dense,unfavorable,high,1,5
granite_dense_p32_20,54,20,20.5,Center,6.6597533244257665,8.25616522939182,6.5748107196409435,5.805750598533844,7.742771043396601,7.3923622808461635,60.70243764830939,4.0,60.70243764830939,57.259157260522464,65.41869357051691,59.18327134598555,12.285714285714286,86,68.30896193898002,49.0,49.0,12.1,121,20.0,P32_derived_Jv_proxy,1.1958804851443514,2.350498205254429,0.8140542396560414,1.0324737381093576,0.9872453827271227,0.937816871182817,1511,86,23,1488,0.984778292521509,0.015221707478491065,7.0,12.285714285714286,19.238649520948307,12.285714285714286,0.2928450952890874,18.945804425659222,0.2717054188131537,0.3548608219100664,0.08315540309691272,1,1,1,1,1,1,cases/granite_rqd_p32_rot_20.yaml,granite_dense_p32_20,medium_to_poor,dense,unfavorable,high,1,5
granite_dense_p32_20,54,30,30.5,Center,6.440721248915687,7.213043093258853,7.675372978117126,6.378467260595374,7.389715395784225,7.296663086001979,64.97555192411957,4.0,64.97555192411957,60.91605457628848,71.61404253920873,69.90292757659671,10.571428571428571,74,59.79339094251943,49.0,49.0,12.6,126,20.0,P32_derived_Jv_proxy,1.119690731654877,2.4614303185730684,0.7768294723685445,0.829853994581361,1.1916946381446483,1.0244934489148534,1565,74,22,1543,0.9859424920127795,0.014057507987220448,7.0,10.571428571428571,19.926198875105296,10.571428571428571,0.2801126998417358,19.64608617526356,0.28344530226934594,0.3462247913235552,0.06277948905420927,1,1,1,1,1,1,cases/granite_rqd_p32_rot_20.yaml,granite_dense_p32_20,medium_to_poor,dense,unfavorable,high,1,5
granite_dense_p32_20,55,10,10.5,Center,6.216966770814277,7.565591254806071,6.868274899617084,6.403946318783496,7.846531924770417,8.567751227922203,64.56434711099561,4.0,64.56434711099561,66.09935195842891,67.93346783685554,62.6823123978229,11.571428571428571,81,62.662358577354624,49.0,49.0,12.4,124,20.0,P32_derived_Jv_proxy,1.219313571141812,2.52754336532442,0.8055259916581122,0.9594425984092777,1.1047630062718674,1.03713400056947,1556,81,34,1522,0.9781491002570694,0.021850899742930592,7.0,11.571428571428571,19.81160731607913,11.571428571428571,0.4329014452099553,19.378705870869176,0.272899239073359,0.34931448744575666,0.07641524837239766,1,1,1,1,1,1,cases/granite_rqd_p32_rot_20.yaml,granite_dense_p32_20,medium_to_poor,dense,unfavorable,high,1,5
granite_dense_p32_20,55,20,20.5,Center,7.203510109158266,7.872742781408254,5.850387538449367,5.563777777885573,7.3419308321635475,8.255869551794545,58.67130623864877,4.0,58.67130623864877,68.27910407298087,61.50905592116176,59.18327134598555,13.571428571428571,95,65.00568088172903,49.0,49.0,11.9,119,20.0,P32_derived_Jv_proxy,1.227493668025451,2.4782141211772353,0.8132034045350937,0.981526027753752,0.8121578855024315,0.9325759822233445,1526,95,37,1489,0.9757536041939712,0.024246395806028834,7.0,13.571428571428571,19.429635452658584,13.571428571428571,0.4710986315520102,18.958536821106573,0.29604554931946914,0.3388522838560507,0.04280673453658157,1,1,1,1,1,1,cases/granite_rqd_p32_rot_20.yaml,granite_dense_p32_20,medium_to_poor,dense,unfavorable,high,1,5
granite_dense_p32_20,55,30,30.5,Center,7.1789902337245115,8.165921903998782,8.186895740797903,7.372562821327953,7.461153542975896,7.688434720526416,62.67759634368976,4.0,62.67759634368976,67.12881986549158,62.71541515343025,62.6823123978229,13.142857142857142,92,67.32095809610463,49.0,49.0,11.9,119,20.0,P32_derived_Jv_proxy,1.1905080076439065,2.4732091682651336,0.7887193287721743,0.8086163978078067,1.1403965563762137,0.913693962628057,1548,92,23,1525,0.9851421188630491,0.014857881136950904,7.0,13.142857142857142,19.709748152500318,13.142857142857142,0.2928450952890874,19.41690305721123,0.28853536012065784,0.3421889603674787,0.053653600246820865,1,1,1,1,1,1,cases/granite_rqd_p32_rot_20.yaml,granite_dense_p32_20,medium_to_poor,dense,unfavorable,high,1,5
granite_dense_p32_20,56,10,10.5,Center,6.0601390653921605,7.1534506084906955,6.341095959973524,6.00041075285752,7.990762230245252,8.349554304520025,64.22790019293042,4.0,64.22790019293042,62.76515587422438,71.0135352915039,69.90292757659671,10.714285714285714,75,59.706833858527396,49.0,49.0,13.6,136,20.0,P32_derived_Jv_proxy,1.1979733303254356,2.4302896524376103,0.8211789722276459,1.148708738327558,1.0463614599516096,1.1170500318770247,1511,75,27,1484,0.9821310390469887,0.01786896095301125,7.0,10.714285714285714,19.238649520948307,10.714285714285714,0.3437746770784939,18.894874843869815,0.283012149082444,0.34083957495799144,0.057827425875547456,1,1,1,1,1,1,cases/granite_rqd_p32_rot_20.yaml,granite_dense_p32_20,medium_to_poor,dense,unfavorable,high,1,5
granite_dense_p32_20,56,20,20.5,Center,7.717331672048501,8.857423275349731,6.11527733038672,5.003257579140636,7.943251682854224,6.824003256514591,60.71964210786437,4.0,60.71964210786437,53.82895330820902,68.38468653303401,62.6823123978229,11.428571428571429,80,74.7247654212878,49.0,49.0,10.8,108,20.0,P32_derived_Jv_proxy,1.2800546174403051,2.484859581890769,0.7852191434676766,1.0734433072354226,0.7924082558918283,0.8967903458966838,1466,80,29,1437,0.980218281036835,0.019781718963165076,7.0,11.428571428571429,18.665691725817485,11.428571428571429,0.3692394679731972,18.296452257844287,0.2945676639818091,0.3576141640528685,0.06304650007105939,0,1,1,1,1,1,cases/granite_rqd_p32_rot_20.yaml,granite_dense_p32_20,medium_to_poor,dense,unfavorable,high,1,5
granite_dense_p32_20,56,30,30.5,Center,6.775943399202355,7.8041189160512925,7.382708528058158,7.162155912118975,7.527334706413561,7.925625072554101,62.13807804865848,4.0,62.13807804865848,63.4909077097297,63.76274731708086,66.26272662068445,12.714285714285714,89,65.59833299117301,49.0,49.0,11.3,113,20.0,P32_derived_Jv_proxy,1.186400882390604,2.4531461076529726,0.8117651410183528,0.8459489616536118,1.0895469594576646,0.9645335735378853,1509,89,35,1474,0.9768058316766071,0.023194168323392977,7.0,12.714285714285714,19.213184730053605,12.714285714285714,0.44563384065730693,18.767550889396297,0.2941814375082221,0.34431229725573276,0.05013085974751064,1,1,1,1,1,1,cases/granite_rqd_p32_rot_20.yaml,granite_dense_p32_20,medium_to_poor,dense,unfavorable,high,1,5
granite_dense_p32_20,57,10,10.5,Center,6.533139977478391,8.123134749902457,5.953409393667725,5.397036893742258,8.081914511755544,7.683710091217212,67.40987578166401,4.0,67.40987578166401,69.16208351673951,68.38082038112263,69.90292757659671,11.428571428571429,80,67.47711300550986,49.0,49.0,12.1,121,20.0,P32_derived_Jv_proxy,1.2027306431230236,2.5116995359119634,0.794383922768454,1.121139960952964,0.9112631007740284,0.9949255749884726,1583,80,28,1555,0.9823120656980417,0.017687934301958308,7.0,11.428571428571429,20.155381993157626,11.428571428571429,0.35650707252584557,19.79887492063178,0.30959071476246136,0.35032560781406286,0.040734893051601495,1,1,1,1,1,1,cases/granite_rqd_p32_rot_20.yaml,granite_dense_p32_20,medium_to_poor,dense,unfavorable,high,1,5
granite_dense_p32_20,57,20,20.5,Center,6.314011692061139,7.706435084103195,6.239690445768952,5.074042421440104,6.796696420774075,6.717776326069555,57.97529521121907,4.0,57.97529521121907,58.213934052073604,59.412244198849294,66.26272662068445,14.285714285714286,100,63.65236666286196,49.0,49.0,11.4,114,20.0,P32_derived_Jv_proxy,1.1584278813204096,2.505806433469913,0.8474977562598436,1.0481669717449873,0.988229156055312,0.881950778355906,1477,100,31,1446,0.979011509817197,0.02098849018280298,7.0,14.285714285714286,18.805748075738354,14.285714285714286,0.39470425886790045,18.411043816870453,0.298337285518662,0.348763476817024,0.05042619129836201,1,1,1,1,1,1,cases/granite_rqd_p32_rot_20.yaml,granite_dense_p32_20,medium_to_poor,dense,unfavorable,high,1,5
granite_dense_p32_20,57,30,30.5,Center,7.756243977020312,8.89129168295746,6.8822095891463375,5.394830239642866,8.230222837601724,8.843917502572681,66.18247043678842,4.0,66.18247043678842,71.42616383798384,66.23014642944266,73.57588823428847,12.142857142857142,85,73.51803226830125,49.0,49.0,10.8,108,20.0,P32_derived_Jv_proxy,1.2247053516299131,2.4635698268241817,0.7755378523080092,1.0858487789027842,0.8873121590213632,0.9256498528079051,1458,85,32,1426,0.9780521262002744,0.02194787379972565,7.0,12.142857142857142,18.563832562238673,12.142857142857142,0.40743665431525206,18.156395907923418,0.2789600198637894,0.34466562149909963,0.06570560163531025,1,1,1,1,1,1,cases/granite_rqd_p32_rot_20.yaml,granite_dense_p32_20,medium_to_poor,dense,unfavorable,high,1,5
granite_dense_p32_20,58,10,10.5,Center,7.028046422916653,7.996451197046128,6.064893433736032,5.5904360185837305,6.878374647556801,8.178063340515282,62.02679445565616,4.0,62.02679445565616,65.16408149229474,66.9371212311357,66.26272662068445,11.857142857142858,83,67.11126544352608,49.0,49.0,11.7,117,20.0,P32_derived_Jv_proxy,1.1241512781565566,2.529958271385161,0.7729490352301653,0.9544543061044193,0.8629558014813297,0.8601784064032877,1574,83,31,1543,0.9803049555273189,0.019695044472681066,7.0,11.857142857142858,20.04079043413146,11.857142857142858,0.39470425886790045,19.64608617526356,0.24311593020148503,0.3510606598798467,0.10794472967836166,1,1,1,1,1,1,cases/granite_rqd_p32_rot_20.yaml,granite_dense_p32_20,medium_to_poor,dense,unfavorable,high,1,5
granite_dense_p32_20,58,20,20.5,Center,7.05826608499919,7.798314450770648,5.942399785855408,6.342072770966634,7.653055408386218,9.397003091715904,62.600765702728914,4.0,62.600765702728914,74.75724304895732,70.73197520858447,77.24823535071383,10.857142857142858,76,66.20309450321881,49.0,49.0,11.9,119,20.0,P32_derived_Jv_proxy,1.2388932115454705,2.556996849465454,0.7489249680666565,1.095623897826122,0.8419064561032471,0.9813730206313911,1566,76,24,1542,0.9846743295019157,0.01532567049808429,7.0,10.857142857142858,19.938931270552647,10.857142857142858,0.30557749073643903,19.633353779816208,0.276020116250851,0.34647196125526813,0.07045184500441715,1,1,1,1,1,1,cases/granite_rqd_p32_rot_20.yaml,granite_dense_p32_20,medium_to_poor,dense,unfavorable,high,1,5
granite_dense_p32_20,58,30,30.5,Center,6.757715439138654,7.949755970041694,5.723800520528771,4.887238727754846,6.431721674721941,7.685246385490411,52.44676721323138,4.0,52.44676721323138,54.59300865409933,61.74195005036568,66.26272662068445,13.428571428571429,94,66.01830645835251,49.0,49.0,12.3,123,20.0,P32_derived_Jv_proxy,1.2246714851600369,2.5316362374960995,0.8217978743598324,1.0658195700715642,0.8470023001232401,0.8090464284639178,1534,94,32,1502,0.9791395045632334,0.020860495436766623,7.0,13.428571428571429,19.531494616237396,13.428571428571429,0.40743665431525206,19.124057961922144,0.29015157873097674,0.349627989971694,0.05947641124071723,1,1,1,1,1,1,cases/granite_rqd_p32_rot_20.yaml,granite_dense_p32_20,medium_to_poor,dense,unfavorable,high,1,5
granite_dense_p32_20,59,10,10.5,Center,8.217083751270236,8.860944597784771,5.374458028452232,5.243928009246203,6.500594773187092,6.925905244135762,56.15973378207235,4.0,56.15973378207235,61.02397931326635,64.32434300569182,66.26272662068445,12.571428571428571,88,74.26697837238498,49.0,49.0,9.9,99,20.0,P32_derived_Jv_proxy,1.1796274438554075,2.5407953992097307,0.764368990292794,1.059708602412422,0.654059054420788,0.7336232273489482,1526,88,27,1499,0.9823066841415465,0.017693315858453473,7.0,12.571428571428571,19.429635452658584,12.571428571428571,0.3437746770784939,19.085860775580088,0.2762769727217741,0.35120773067727207,0.07493075795549797,0,0,1,0,1,1,cases/granite_rqd_p32_rot_20.yaml,granite_dense_p32_20,medium_to_poor,dense,unfavorable,high,1,5
granite_dense_p32_20,59,20,20.5,Center,7.694854584278361,8.44651328277663,7.9747530723875695,5.559411035959592,7.845802220080947,7.23017684215608,67.98646433660484,4.0,67.98646433660484,65.27687025903415,70.77271875529809,69.90292757659671,10.714285714285714,75,70.26914560773947,49.0,49.0,11.3,113,20.0,P32_derived_Jv_proxy,1.1522661739750792,2.478876738865271,0.7307704481171861,0.8286616867153699,1.0363747599182809,0.9288805874584252,1480,75,24,1456,0.9837837837837838,0.016216216216216217,7.0,10.714285714285714,18.843945262080407,10.714285714285714,0.30557749073643903,18.538367771343967,0.2756461244801419,0.3476212837434539,0.071975159263312,1,1,1,1,1,1,cases/granite_rqd_p32_rot_20.yaml,granite_dense_p32_20,medium_to_poor,dense,unfavorable,high,1,5
granite_dense_p32_20,59,30,30.5,Center,6.827961922657461,7.445286828965143,5.538795551966844,4.593874589840398,7.96661466548584,8.368945092938375,64.33485072583609,4.0,64.33485072583609,72.34486891379022,69.29183539332075,80.87921354109989,11.428571428571429,80,61.30823770369916,49.0,49.0,12.5,125,20.0,P32_derived_Jv_proxy,1.2425292813052597,2.474367860109029,0.7570383857372643,1.1478734344242796,0.8111930931523312,1.0700211890417066,1523,80,33,1490,0.9783322390019698,0.021667760998030205,7.0,11.428571428571429,19.391438266316527,11.428571428571429,0.42016904976260366,18.971269216553925,0.29727062642285995,0.356368333204642,0.059097706781782056,1,1,1,1,1,1,cases/granite_rqd_p32_rot_20.yaml,granite_dense_p32_20,medium_to_poor,dense,unfavorable,high,1,5
