case_name,seed,face_x_idx,face_x_coord,Q_face_mean,Q_face_median,Qp_face_mean,Qp_face_median,Q_borehole_mean,Qp_borehole_mean,Q_ratio,Q_difference,Q_log_ratio,Qp_ratio,Qp_difference,face_joints_count,face_rqd_practical,face_rqd_mean,face_rqd_min_dir,RQD_borehole_direct,RQD_borehole_hudson,lambda_borehole,borehole_n_intersections_total,RQD_face_scanline,lambda_face_scanline,RQD_face_scanline_hudson,face_scanline_n_intersections,Jv_face,Jv_method,RQD_face_jv,RQD_face_conservative,RQD_diff_bh_direct_minus_face_scanline,RQD_diff_bh_hudson_minus_face_scanline,RQD_diff_bh_direct_minus_face_jv,RQD_diff_bh_hudson_minus_face_jv,RQD_absdiff_bh_direct_face_scanline,RQD_absdiff_bh_hudson_face_scanline,RQD_absdiff_bh_direct_face_jv,RQD_absdiff_bh_hudson_face_jv,face_joint_count,bh_union_fracture_count,common_union_fracture_count,missed_union_fracture_count,miss_ratio_union,detection_ratio_union,face_area,window_length,face_fracture_density,bh_fracture_frequency_mean,bh_union_fracture_frequency,common_fracture_density,missed_fracture_density,face_orientation_bias,bh_union_orientation_bias,orientation_bias_gap,Q_match_strict,Q_match_normal,Q_match_loose,Qp_match_strict,Qp_match_normal,Qp_match_loose,face_RQD_mean,face_RQD_median,face_RQD_std,face_RQD_min,face_RQD_max,face_RQD_n_points,face_Jn_mean,face_Jn_median,face_Jn_std,face_Jn_min,face_Jn_max,face_Jn_n_points,face_Jr_mean,face_Jr_median,face_Jr_std,face_Jr_min,face_Jr_max,face_Jr_n_points,face_Ja_mean,face_Ja_median,face_Ja_std,face_Ja_min,face_Ja_max,face_Ja_n_points,face_Jw_mean,face_Jw_median,face_Jw_std,face_Jw_min,face_Jw_max,face_Jw_n_points,face_SRF_mean,face_SRF_median,face_SRF_std,face_SRF_min,face_SRF_max,face_SRF_n_points,face_Q_mean,face_Q_median,face_Q_std,face_Q_min,face_Q_max,face_Q_n_points,face_Qprime_mean,face_Qprime_median,face_Qprime_std,face_Qprime_min,face_Qprime_max,face_Qprime_n_points
granite_good_dense,42,10,10.5,35.76426425939441,33.21124635440477,41.3359971330611,41.335997133061106,39.58317982515321,41.63783494927129,1.1067802076972872,3.8189155657588003,0.04406138414734828,1.0073020572175522,0.30183781621018824,96,100.0,100.0,100.0,96.90304497410764,98.06536340317659,1.4285714285714286,10,100.0,0.2,99.98026467728904,2,1.4,P32_derived_Jv_proxy,100.0,100.0,-3.096955025892356,-1.9346365968234096,-3.096955025892356,-1.9346365968234096,3.096955025892356,1.9346365968234096,3.096955025892356,1.9346365968234096,96,10,4,92,0.9583333333333334,0.041666666666666664,78.53981633974483,7.0,1.2223099629457561,1.4285714285714286,1.4285714285714286,0.05092958178940651,1.1713803811563497,0.1275471134129802,0.14791923750689118,-0.02037212409391098,1,1,1,1,1,1,100.0,100.0,0.0,100.0,100.0,81,4.0,4.0,0.0,4.0,4.0,81,1.953822658708188,1.953822658708188,0.3286994964673401,1.2274063534230002,2.887788192865754,81,1.1816714209281123,1.1816714209281123,0.27214556604516765,0.75,1.8622266402184073,81,0.8058327165278021,0.8181410398520713,0.09698859505082212,0.5852422834053733,1.0,81,1.0105751285485172,1.0472893591873296,0.2692197399597699,0.5,1.590837079968735,81,35.76426425939441,33.21124635440477,11.983045981306592,18.274860727896158,82.08861071553109,81,41.3359971330611,41.335997133061106,7.105427357601002e-15,41.335997133061106,41.335997133061106,81
granite_good_dense,42,20,20.5,38.22277175554712,33.650056077520425,43.89360114355036,43.893601143550356,43.76936103484092,43.782240960937294,1.1451121680752743,5.546589279293798,0.058848029549444014,0.9974629517808559,-0.11136018261306901,110,100.0,100.0,100.0,96.68338937438305,98.73667554032262,1.1428571428571428,8,100.0,0.2,99.98026467728904,2,1.4,P32_derived_Jv_proxy,100.0,100.0,-3.3166106256169456,-1.2633244596773778,-3.3166106256169456,-1.2633244596773778,3.3166106256169456,1.2633244596773778,3.3166106256169456,1.2633244596773778,110,8,6,104,0.9454545454545454,0.05454545454545454,78.53981633974483,7.0,1.4005634992086788,1.1428571428571428,1.1428571428571428,0.07639437268410976,1.3241691265245692,0.13025663369649965,0.08837932634081347,0.04187730735568618,1,1,1,1,1,1,100.0,100.0,0.0,100.0,100.0,81,4.0,4.0,0.0,4.0,4.0,81,2.000662086212942,2.000662086212942,0.25586354832352987,1.2785136561504584,2.639661182786563,81,1.1394952989103944,1.1394952989103944,0.27493544316199775,0.75,1.7266698020518916,81,0.798630632879434,0.8018718996317244,0.08741301252741472,0.5433440278598597,1.0,81,1.0092073471858596,0.9800795884711129,0.29175180259474975,0.5,1.818773120744136,81,38.22277175554712,33.650056077520425,13.957983518314412,19.27815203424671,83.89994986090174,81,43.89360114355036,43.893601143550356,7.105427357601002e-15,43.893601143550356,43.893601143550356,81
granite_good_dense,42,30,30.5,36.906678678146754,33.406428225551856,43.53877170202924,43.53877170202922,32.742663585198564,39.36455224892777,0.8871744832619199,-4.1640150929481905,-0.05199095777177809,0.9041263846010862,-4.174219453101465,94,100.0,100.0,100.0,98.46939586688497,99.27181666292714,0.8571428571428571,6,100.0,0.1,99.99503320866597,1,1.4,P32_derived_Jv_proxy,100.0,100.0,-1.530604133115034,-0.7281833370728634,-1.530604133115034,-0.7281833370728634,1.530604133115034,0.7281833370728634,1.530604133115034,0.7281833370728634,94,6,1,93,0.9893617021276596,0.010638297872340425,78.53981633974483,7.0,1.196845172051053,0.8571428571428571,0.8571428571428571,0.012732395447351627,1.1841127766037014,0.1171721926149879,0.0978691364037646,0.0193030562112233,1,1,1,1,1,1,100.0,100.0,0.0,100.0,100.0,81,4.0,4.0,0.0,4.0,4.0,81,2.0369315026145274,2.0369315026145274,0.30516948777712566,1.2498663878261849,2.719565991554651,81,1.169607813327214,1.169607813327214,0.3014208661767172,0.75,2.015615884990219,81,0.7859828510482846,0.7902061459452242,0.09814277936060319,0.41211259942630074,1.0,81,0.9982078557519091,1.0207631939712856,0.25956750463695677,0.5,1.4964035952855428,81,36.906678678146754,33.406428225551856,11.261949388434594,19.685311053723517,66.01221766249279,81,43.53877170202924,43.53877170202922,1.4210854715202004e-14,43.53877170202922,43.53877170202922,81
granite_good_dense,42,40,40.5,34.583924160600006,32.00382942259914,39.852343813298205,39.852343813298205,32.8156964107241,40.31087155136789,0.9488713963844979,-1.768227749875905,-0.022792644922849492,1.0115056655191426,0.4585277380696837,93,100.0,100.0,100.0,97.27627012365868,98.56066567350224,1.4285714285714286,10,100.0,0.4,99.92210167184162,4,1.4,P32_derived_Jv_proxy,100.0,100.0,-2.7237298763413236,-1.4393343264977574,-2.7237298763413236,-1.4393343264977574,2.7237298763413236,1.4393343264977574,2.7237298763413236,1.4393343264977574,93,10,4,89,0.956989247311828,0.043010752688172046,78.53981633974483,7.0,1.1841127766037014,1.4285714285714286,1.4285714285714286,0.05092958178940651,1.1331831948142947,0.08645554381602949,0.0900032853015148,-0.0035477414854853118,1,1,1,1,1,1,100.0,100.0,0.0,100.0,100.0,81,4.0,4.0,0.0,4.0,4.0,81,1.97667991821866,1.97667991821866,0.30104363742775625,1.042231283251906,2.8247821094751564,81,1.2400022991615538,1.2400022991615538,0.2974727967680371,0.75,2.0046860414005048,81,0.80108886078776,0.7830120710909552,0.10261550287205679,0.5791784315829681,1.0,81,0.9914101247756762,0.9808340827685149,0.2531766761769635,0.5,1.7645533590169384,81,34.583924160600006,32.00382942259914,11.192894482297763,18.257313323617293,73.5973572759275,81,39.852343813298205,39.852343813298205,0.0,39.852343813298205,39.852343813298205,81
granite_good_dense,42,50,50.5,36.95944904825547,32.84617186234787,41.24261081569461,41.24261081569461,40.6802401321628,40.5603068645914,1.100672255126134,3.7207910839073293,0.0416580192624858,0.983456334659503,-0.682303951103215,108,100.0,100.0,100.0,99.61606522380859,99.54914833160349,0.7142857142857143,5,100.0,0.3,99.95588995549635,3,1.4,P32_derived_Jv_proxy,100.0,100.0,-0.3839347761914098,-0.4508516683965098,-0.3839347761914098,-0.4508516683965098,0.3839347761914098,0.4508516683965098,0.3839347761914098,0.4508516683965098,108,5,3,105,0.9722222222222222,0.027777777777777776,78.53981633974483,7.0,1.3750987083139756,0.7142857142857143,0.7142857142857143,0.03819718634205488,1.336901521971921,0.11778379361379643,0.050146619674271364,0.06763717393952506,1,1,1,1,1,1,100.0,100.0,0.0,100.0,100.0,81,4.0,4.0,0.0,4.0,4.0,81,2.0195946492891226,2.0195946492891226,0.2810148606454844,1.445328686863568,2.734688757150696,81,1.224216053097552,1.224216053097552,0.26065569935936195,0.75,1.880652746394083,81,0.801977084343542,0.8126918194318841,0.09422359011018473,0.575396349393484,1.0,81,1.0039593712621988,1.0038870558080872,0.3151960495864051,0.5,1.850565605707763,81,36.95944904825547,32.84617186234787,14.699477390386239,18.6437761241799,79.51631065434772,81,41.24261081569461,41.24261081569461,0.0,41.24261081569461,41.24261081569461,81
granite_good_dense,42,60,60.5,36.88995440216476,34.07978549429977,40.87394297524518,40.87394297524518,34.28755559063552,40.60640822493225,0.9294550819131256,-2.602398811529241,-0.0317715936797498,0.9934546380691739,-0.26753475031292595,107,100.0,100.0,100.0,99.8950365417563,99.23197781064827,1.1428571428571428,8,100.0,0.1,99.99503320866597,1,1.4,P32_derived_Jv_proxy,100.0,100.0,-0.10496345824370223,-0.7680221893517256,-0.10496345824370223,-0.7680221893517256,0.10496345824370223,0.7680221893517256,0.10496345824370223,0.7680221893517256,107,8,2,105,0.9813084112149533,0.018691588785046728,78.53981633974483,7.0,1.3623663128666241,1.1428571428571428,1.1428571428571428,0.025464790894703253,1.336901521971921,0.11713743806853727,0.11083379240368241,0.006303645664854862,1,1,1,1,1,1,100.0,100.0,0.0,100.0,100.0,81,4.0,4.0,0.0,4.0,4.0,81,1.9874424772710166,1.9874424772710166,0.3090561787416537,1.1731548890811456,2.916125356896137,81,1.2155925833205568,1.2155925833205568,0.2537821530206863,0.75,1.8785913451396499,81,0.796531347629674,0.8009249700722829,0.08300327805529423,0.5657463866024023,1.0,81,0.9485468535984315,0.9675484791222612,0.23298584419055413,0.5,1.5727726683934522,81,36.88995440216476,34.07978549429977,11.681344247895858,17.72475056739916,78.70044100628922,81,40.87394297524518,40.87394297524518,0.0,40.87394297524518,40.87394297524518,81
granite_good_dense,42,70,70.5,35.74666549075029,32.846420348168955,40.82607648427957,40.826076484279575,34.61358332293058,42.740480801401716,0.9683024373808264,-1.1330821678197083,-0.013988974952779287,1.0468917045667934,1.9144043171221483,84,100.0,100.0,100.0,97.07633886228164,98.4440089846739,1.2857142857142858,9,100.0,0.2,99.98026467728904,2,1.4,P32_derived_Jv_proxy,100.0,100.0,-2.923661137718355,-1.5559910153261,-2.923661137718355,-1.5559910153261,2.923661137718355,1.5559910153261,2.923661137718355,1.5559910153261,84,9,5,79,0.9404761904761905,0.05952380952380952,78.53981633974483,7.0,1.0695212175775366,1.2857142857142858,1.2857142857142858,0.06366197723675814,1.0058592403407784,0.11368316356881691,0.07663913656116761,0.037044027007649305,1,1,1,1,1,1,100.0,100.0,0.0,100.0,100.0,81,4.0,4.0,0.0,4.0,4.0,81,1.9996433406849083,1.9996433406849083,0.3141052379688112,1.0788892926942355,2.559966440796605,81,1.224489047738207,1.224489047738207,0.280719965522801,0.75,2.172304688116597,81,0.8058055492208281,0.8141794615669642,0.0996122281003249,0.5807036689543598,1.0,81,0.9987298165939238,1.0016184826170826,0.27952843148427436,0.5,1.7536793343175698,81,35.74666549075029,32.846420348168955,11.40283538302885,18.275348308009484,69.37104978260463,81,40.82607648427957,40.826076484279575,7.105427357601002e-15,40.826076484279575,40.826076484279575,81
granite_good_dense,42,80,80.5,36.52441980265029,31.179890175192373,41.02393302842622,41.02393302842623,36.88556860266421,40.17957579727494,1.0098878723321352,0.3611488000139147,0.00427315682155327,0.9794179356092891,-0.8443572311512781,93,100.0,100.0,100.0,98.45233899367774,98.58766739494399,1.5714285714285714,11,100.0,0.0,100.0,0,1.4,P32_derived_Jv_proxy,100.0,100.0,-1.547661006322258,-1.412332605056008,-1.547661006322258,-1.412332605056008,1.547661006322258,1.412332605056008,1.547661006322258,1.412332605056008,93,11,7,86,0.9247311827956989,0.07526881720430108,78.53981633974483,7.0,1.1841127766037014,1.5714285714285714,1.5714285714285714,0.08912676813146139,1.0949860084722398,0.13103866414706644,0.07376257029936728,0.05727609384769916,1,1,1,1,1,1,100.0,100.0,0.0,100.0,100.0,81,4.0,4.0,0.0,4.0,4.0,81,1.944015006223645,1.944015006223645,0.3070360228403407,1.1266599341033137,2.674227093111033,81,1.1846834656714909,1.1846834656714909,0.2621284213233088,0.75,1.8396463563604082,81,0.8352915629243561,0.840021308278835,0.10435776269106348,0.6032036668355003,1.0,81,1.0498513137319603,1.058428281550172,0.3124754782145494,0.5,1.715070482424471,81,36.52441980265029,31.179890175192373,14.62519196223633,16.255895262433704,80.80329196166916,81,41.02393302842622,41.02393302842623,7.105427357601002e-15,41.02393302842623,41.02393302842623,81
granite_good_dense,43,10,10.5,34.81908277140751,31.48992423281263,40.734941422717895,40.734941422717895,40.749920775605666,43.01859866684817,1.170332976406501,5.930838004198158,0.06830944229506741,1.056061385247425,2.283657244130275,110,100.0,100.0,100.0,97.58387431710277,98.23601564585344,1.7142857142857142,12,100.0,0.2,99.98026467728904,2,1.4,P32_derived_Jv_proxy,100.0,100.0,-2.4161256828972313,-1.763984354146558,-2.4161256828972313,-1.763984354146558,2.4161256828972313,1.763984354146558,2.4161256828972313,1.763984354146558,110,12,8,102,0.9272727272727272,0.07272727272727272,78.53981633974483,7.0,1.4005634992086788,1.7142857142857142,1.7142857142857142,0.10185916357881301,1.298704335629866,0.10933808871609718,0.08870093130838708,0.020637157407710105,1,1,1,1,1,1,100.0,100.0,0.0,100.0,100.0,81,4.0,4.0,0.0,4.0,4.0,81,1.9741530136786754,1.9741530136786754,0.2585868715500206,1.3851665539573528,2.7533072273858195,81,1.2115845418754483,1.2115845418754483,0.2796860578817498,0.75,2.0616893697902623,81,0.8014014062393723,0.8140371538245594,0.10213771782066143,0.5231364227270517,1.0,81,1.0438481419175636,1.0508647323810545,0.3231129883238189,0.5,1.7828850917918175,81,34.81908277140751,31.48992423281263,13.07755810615517,16.287883324138907,70.79212689357483,81,40.734941422717895,40.734941422717895,0.0,40.734941422717895,40.734941422717895,81
granite_good_dense,43,20,20.5,34.0230686377963,32.26000425070607,41.754825105452944,41.754825105452944,31.050877283707223,38.122659038259044,0.9126418787872866,-2.9721913540890768,-0.03969960644991599,0.9130120636831608,-3.6321660671939,98,100.0,100.0,100.0,99.0906091150288,99.48230775788286,0.8571428571428571,6,100.0,0.3,99.95588995549635,3,1.4,P32_derived_Jv_proxy,100.0,100.0,-0.9093908849712022,-0.5176922421171355,-0.9093908849712022,-0.5176922421171355,0.9093908849712022,0.5176922421171355,0.9093908849712022,0.5176922421171355,98,6,3,95,0.9693877551020408,0.030612244897959183,78.53981633974483,7.0,1.2477747538404593,0.8571428571428571,0.8571428571428571,0.03819718634205488,1.2095775674984046,0.124421052199018,0.06206653877927393,0.06235451341974407,1,1,1,1,1,1,100.0,100.0,0.0,100.0,100.0,81,4.0,4.0,0.0,4.0,4.0,81,1.9930098667842797,1.9930098667842797,0.3129262224135634,1.1940169762398671,2.767900196791984,81,1.193281172745233,1.193281172745233,0.27336336286210733,0.75,1.8310443667090879,81,0.7779195492674149,0.7792094108697226,0.10401566941795344,0.5525150982087609,1.0,81,1.0283543124605499,1.0457797336449728,0.25305032988175064,0.5,1.525670655885865,81,34.0230686377963,32.26000425070607,11.487824188095768,17.07102206608462,72.20436270558214,81,41.754825105452944,41.754825105452944,0.0,41.754825105452944,41.754825105452944,81
granite_good_dense,43,30,30.5,35.738571126336396,34.87729438100327,39.34465557310077,39.34465557310077,33.75706755645071,38.858511405263634,0.9445556017647979,-1.9815035698856889,-0.02477247201542143,0.9876439592428531,-0.4861441678371392,90,100.0,100.0,100.0,97.30620987397697,98.77115676845794,1.4285714285714286,10,100.0,0.1,99.99503320866597,1,1.4,P32_derived_Jv_proxy,100.0,100.0,-2.693790126023032,-1.2288432315420579,-2.693790126023032,-1.2288432315420579,2.693790126023032,1.2288432315420579,2.693790126023032,1.2288432315420579,90,10,7,83,0.9222222222222223,0.07777777777777778,78.53981633974483,7.0,1.1459155902616465,1.4285714285714286,1.4285714285714286,0.08912676813146139,1.056788822130185,0.09688708736049989,0.06755401496364521,0.029333072396854676,1,1,1,1,1,1,100.0,100.0,0.0,100.0,100.0,81,4.0,4.0,0.0,4.0,4.0,81,2.033051798409432,2.033051798409432,0.32377139163690394,1.2404132236241523,3.0221007050754523,81,1.2918220840897336,1.2918220840897336,0.2868027028540215,0.75,2.1858673126542962,81,0.8041682561944393,0.8144260509696161,0.09695893638668682,0.5622243506084872,1.0,81,0.9413077924833457,0.9200045478104086,0.24226814047056236,0.5,1.542426758971279,81,35.738571126336396,34.87729438100327,9.564975677474843,20.88725673159415,59.09732011674626,81,39.34465557310077,39.34465557310077,0.0,39.34465557310077,39.34465557310077,81
granite_good_dense,43,40,40.5,36.24077299696824,33.470203160981434,41.315929083209646,41.31592908320964,39.018853032855155,40.37709223592801,1.0766562025627686,2.7780800358869158,0.032077046690698996,0.9772766371684192,-0.9388368472816353,111,100.0,100.0,100.0,96.77402355960844,98.55318616680867,1.2857142857142858,9,100.0,0.4,99.92210167184162,4,1.4,P32_derived_Jv_proxy,100.0,100.0,-3.2259764403915625,-1.446813833191328,-3.2259764403915625,-1.446813833191328,3.2259764403915625,1.446813833191328,3.2259764403915625,1.446813833191328,111,9,2,109,0.9819819819819819,0.018018018018018018,78.53981633974483,7.0,1.4132958946560306,1.2857142857142858,1.2857142857142858,0.025464790894703253,1.3878311037613273,0.1221220049312347,0.12782243240541435,-0.005700427474179648,1,1,1,1,1,1,100.0,100.0,0.0,100.0,100.0,81,4.0,4.0,0.0,4.0,4.0,81,1.98443115472335,1.98443115472335,0.33337175565826815,1.1750168971759987,2.8281545725566373,81,1.2007663864503304,1.2007663864503304,0.26761008152172555,0.75,1.8137836953403221,81,0.8212137045184241,0.8103209676572208,0.09453284979587645,0.5624051435040069,1.0,81,1.039693594951147,1.0296064113542802,0.3119081093139165,0.5,1.6864390077401887,81,36.24077299696824,33.470203160981434,13.135120380256582,14.32891130573541,79.42677552723696,81,41.315929083209646,41.31592908320964,7.105427357601002e-15,41.31592908320964,41.31592908320964,81
granite_good_dense,43,50,50.5,37.19877212183832,34.12117604725313,40.98325851722493,40.98325851722493,28.82925434521108,43.69610491803684,0.7750055364942077,-8.369517776627237,-0.11069519496427693,1.0661940143112758,2.7128464008119053,101,100.0,100.0,100.0,98.67228175832462,99.18216958457558,1.0,7,100.0,0.0,100.0,0,1.4,P32_derived_Jv_proxy,100.0,100.0,-1.3277182416753845,-0.8178304154244245,-1.3277182416753845,-0.8178304154244245,1.3277182416753845,0.8178304154244245,1.3277182416753845,0.8178304154244245,101,7,3,98,0.9702970297029703,0.0297029702970297,78.53981633974483,7.0,1.2859719401825143,1.0,1.0,0.03819718634205488,1.2477747538404593,0.12318543022743467,0.07971293543061886,0.04347249479681581,0,1,1,1,1,1,100.0,100.0,0.0,100.0,100.0,81,4.0,4.0,0.0,4.0,4.0,81,2.0060945834045603,2.0060945834045603,0.27045959799685965,1.2750678103028903,2.8270409832207424,81,1.2237280879956232,1.2237280879956232,0.29085823930083143,0.75,2.0359214036124813,81,0.8051613844720689,0.7960782226200256,0.1060132896310704,0.5904212735944454,1.0,81,0.9806098738886923,0.9504404521207237,0.2829555166867192,0.5,1.6995552875297946,81,37.19877212183832,34.12117604725313,14.208781997676926,19.531460906768935,81.6635853164865,81,40.98325851722493,40.98325851722493,0.0,40.98325851722493,40.98325851722493,81
granite_good_dense,43,60,60.5,36.12913909517842,33.318118143771414,40.44440022139627,40.444400221396265,43.276965753463294,42.316626213722394,1.1978410456848883,7.1478266582848775,0.07839919070597468,1.046291352624279,1.872225992326122,91,100.0,100.0,100.0,100.0,99.48230775788286,0.8571428571428571,6,100.0,0.2,99.98026467728904,2,1.4,P32_derived_Jv_proxy,100.0,100.0,0.0,-0.5176922421171355,0.0,-0.5176922421171355,0.0,0.5176922421171355,0.0,0.5176922421171355,91,6,5,86,0.945054945054945,0.054945054945054944,78.53981633974483,7.0,1.158647985708998,0.8571428571428571,0.8571428571428571,0.06366197723675814,1.0949860084722398,0.11828719737348536,0.11687650623342682,0.0014106911400585398,1,1,1,1,1,1,100.0,100.0,0.0,100.0,100.0,81,4.0,4.0,0.0,4.0,4.0,81,1.951100288032412,1.951100288032412,0.3207715008299326,1.1312109105764416,2.6432225783269234,81,1.206038584669271,1.206038584669271,0.25393938314025954,0.75,1.740433247658992,81,0.7921876350666046,0.788707062658949,0.0841171521556752,0.5897703572237968,1.0,81,0.9686067130123986,0.9176043750931344,0.2849335024448595,0.5,1.7716145996211208,81,36.12913909517842,33.318118143771414,11.757922761103632,16.916331142969096,70.43817687753328,81,40.44440022139627,40.444400221396265,7.105427357601002e-15,40.444400221396265,40.444400221396265,81
granite_good_dense,43,70,70.5,37.46928190439132,34.24431707765821,40.55132143930593,40.55132143930594,29.52540588893789,37.3482814578614,0.7879896381328186,-7.943876015453434,-0.10347949333700135,0.9210126854623321,-3.203039981444533,94,100.0,100.0,100.0,99.12681546838633,99.5491483316035,0.7142857142857143,5,100.0,0.0,100.0,0,1.4,P32_derived_Jv_proxy,100.0,100.0,-0.8731845316136742,-0.4508516683964956,-0.8731845316136742,-0.4508516683964956,0.8731845316136742,0.4508516683964956,0.8731845316136742,0.4508516683964956,94,5,2,92,0.9787234042553191,0.02127659574468085,78.53981633974483,7.0,1.196845172051053,0.7142857142857143,0.7142857142857143,0.025464790894703253,1.1713803811563497,0.1055293574022701,0.12780759696493793,-0.022278239562667834,0,1,1,1,1,1,100.0,100.0,0.0,100.0,100.0,81,4.0,4.0,0.0,4.0,4.0,81,1.9638212628714862,1.9638212628714862,0.2591767321316353,1.2716249690583445,2.6891105451635977,81,1.2107011517557948,1.2107011517557948,0.2748716905414498,0.75,1.8726486365133268,81,0.821639142022217,0.8203952367382287,0.08161854996409543,0.6409272034825164,1.0,81,0.9715214717592067,0.9598117094899175,0.2713572503655,0.5,1.5982698200873018,81,37.46928190439132,34.24431707765821,13.049074811221717,18.75024741147368,80.27336629593209,81,40.55132143930593,40.55132143930594,7.105427357601002e-15,40.55132143930594,40.55132143930594,81
granite_good_dense,43,80,80.5,34.25067748933933,32.408226679313636,40.94951652071684,40.94951652071685,32.56774905935313,42.89622821020422,0.9508643754416239,-1.6829284299861982,-0.021881423333589334,1.0475393082724802,1.9467116894873797,97,100.0,100.0,100.0,99.28374354700345,99.2988183843689,1.0,7,100.0,0.2,99.98026467728904,2,1.4,P32_derived_Jv_proxy,100.0,100.0,-0.7162564529965465,-0.7011816156310999,-0.7162564529965465,-0.7011816156310999,0.7162564529965465,0.7011816156310999,0.7162564529965465,0.7011816156310999,97,7,3,94,0.9690721649484536,0.030927835051546393,78.53981633974483,7.0,1.2350423583931078,1.0,1.0,0.03819718634205488,1.196845172051053,0.1205250376079654,0.1761348482960463,-0.05560981068808091,1,1,1,1,1,1,100.0,100.0,0.0,100.0,100.0,81,4.0,4.0,0.0,4.0,4.0,81,1.9897135971088737,1.9897135971088737,0.298046713993646,1.1657970500186328,2.722384869873179,81,1.214735707625665,1.214735707625665,0.274017286041273,0.75,1.8549011842194665,81,0.7882217612787384,0.7989123157448944,0.10410397492152428,0.5743403119666013,0.9804388142901096,81,1.0303202142754548,1.0055237973194058,0.29940702515844464,0.5,1.9305360718577538,81,34.25067748933933,32.408226679313636,11.993658269389364,17.0358474027715,78.27280395547717,81,40.94951652071684,40.94951652071685,7.105427357601002e-15,40.94951652071685,40.94951652071685,81
granite_good_dense,44,10,10.5,33.36071757854042,31.43636215159945,39.45076366047601,39.450763660476,34.714665482155866,43.22957189446938,1.0405850953423852,1.353947903615449,0.017277601055583736,1.0957854267794365,3.7788082339933737,87,100.0,100.0,100.0,100.0,98.72134854238526,1.2857142857142858,9,100.0,0.0,100.0,0,1.4,P32_derived_Jv_proxy,100.0,100.0,0.0,-1.2786514576147425,0.0,-1.2786514576147425,0.0,1.2786514576147425,0.0,1.2786514576147425,87,9,2,85,0.9770114942528736,0.022988505747126436,78.53981633974483,7.0,1.1077184039195915,1.2857142857142858,1.2857142857142858,0.025464790894703253,1.0822536130248883,0.09888791177970879,0.07119448706589582,0.027693424713812975,1,1,1,1,1,1,100.0,100.0,0.0,100.0,100.0,81,4.0,4.0,0.0,4.0,4.0,81,1.9795617041763505,1.9795617041763505,0.2985865797419898,1.3285695214506659,2.802367396294246,81,1.2544508144462023,1.2544508144462023,0.26968656240289723,0.75,1.880047273536425,81,0.8019218153839792,0.8138158416446175,0.09484961835015239,0.6027499718408068,1.0,81,1.0268927339001495,1.020030751678388,0.26052141440214915,0.5,1.623845060872137,81,33.36071757854042,31.43636215159945,11.302516187063969,15.419396018667022,67.45165836382373,81,39.45076366047601,39.450763660476,7.105427357601002e-15,39.450763660476,39.450763660476,81
granite_good_dense,44,20,20.5,34.162019877757245,32.107222632241985,39.33773181091896,39.33773181091896,35.877856261072196,39.20931107335965,1.05022643243739,1.7158363833149508,0.021282944552105887,0.9967354310569664,-0.12842073755930983,92,100.0,100.0,100.0,100.0,99.86631885255873,0.2857142857142857,2,100.0,0.3,99.95588995549635,3,1.4,P32_derived_Jv_proxy,100.0,100.0,0.0,-0.13368114744126558,0.0,-0.13368114744126558,0.0,0.13368114744126558,0.0,0.13368114744126558,92,2,1,91,0.9891304347826086,0.010869565217391304,78.53981633974483,7.0,1.1713803811563497,0.2857142857142857,0.2857142857142857,0.012732395447351627,1.158647985708998,0.12199715208680018,0.09063003822988946,0.03136711385691071,1,1,1,1,1,1,100.0,100.0,0.0,100.0,100.0,81,4.0,4.0,0.0,4.0,4.0,81,1.9731502372084335,1.9731502372084335,0.27543500200208,1.1386588066352696,2.582369399855663,81,1.2539806862102474,1.2539806862102474,0.28320076816771006,0.75,2.035649507382991,81,0.7926042906262378,0.7976252274649569,0.10425846163476121,0.5764582731527997,1.0,81,1.0009358353484568,0.9539375018243822,0.30665608675251504,0.5,1.9169707032654026,81,34.162019877757245,32.107222632241985,11.318755158009735,12.852615739342276,71.82786866355606,81,39.33773181091896,39.33773181091896,0.0,39.33773181091896,39.33773181091896,81
granite_good_dense,44,30,30.5,39.67150452709375,35.72272539472948,42.826760753024836,42.82676075302484,37.573989339627644,38.61814451335889,0.9471279142934041,-2.097515187466108,-0.02359136342513679,0.9017292887515737,-4.208616239665943,95,100.0,100.0,100.0,98.07268768462812,98.20901392441166,1.5714285714285714,11,100.0,0.2,99.98026467728904,2,1.4,P32_derived_Jv_proxy,100.0,100.0,-1.9273123153718785,-1.7909860755883358,-1.9273123153718785,-1.7909860755883358,1.9273123153718785,1.7909860755883358,1.9273123153718785,1.7909860755883358,95,11,9,86,0.9052631578947369,0.09473684210526316,78.53981633974483,7.0,1.2095775674984046,1.5714285714285714,1.5714285714285714,0.11459155902616464,1.0949860084722398,0.11813092093508404,0.09056186551531586,0.027569055419768174,1,1,1,1,1,1,100.0,100.0,0.0,100.0,100.0,81,4.0,4.0,0.0,4.0,4.0,81,2.06056071693845,2.06056071693845,0.3090066396410718,1.0903596723969367,2.73291869029683,81,1.2028464683690285,1.2028464683690285,0.3079057806654378,0.75,2.190124440962168,81,0.7956167862063868,0.8009992977554642,0.09185406114537087,0.5710365993698773,1.0,81,0.9480729027409732,0.96018036513672,0.28992481050192753,0.5,1.6458730853860284,81,39.67150452709375,35.72272539472948,13.53416515017219,20.434669882344036,71.70460578027108,81,42.826760753024836,42.82676075302484,7.105427357601002e-15,42.82676075302484,42.82676075302484,81
granite_good_dense,44,40,40.5,33.258453823588056,30.580522912596688,41.2934172299806,41.2934172299806,47.984740738993274,44.44219988349814,1.442783269285983,14.726286915405218,0.1592010975367435,1.076253864774151,3.148782653517543,115,100.0,100.0,100.0,98.51805789131772,99.2049760892065,1.0,7,100.0,0.1,99.99503320866597,1,1.4,P32_derived_Jv_proxy,100.0,100.0,-1.4819421086822757,-0.7950239107935033,-1.4819421086822757,-0.7950239107935033,1.4819421086822757,0.7950239107935033,1.4819421086822757,0.7950239107935033,115,7,4,111,0.9652173913043478,0.034782608695652174,78.53981633974483,7.0,1.464225476445437,1.0,1.0,0.05092958178940651,1.4132958946560306,0.11048555523705028,0.14678366675993026,-0.03629811152287998,0,1,1,1,1,1,100.0,100.0,0.0,100.0,100.0,81,4.0,4.0,0.0,4.0,4.0,81,1.9708863687640523,1.9708863687640523,0.2952616321296139,1.2821115941535859,2.73217363780394,81,1.1932206759417294,1.1932206759417294,0.2719301428734098,0.75,2.0150858976925408,81,0.7819141109825277,0.7872261924736107,0.11007218480666231,0.5459817076251031,1.0,81,1.0683914209201355,1.0688220218304751,0.308429715746079,0.5,1.8192772382454212,81,33.258453823588056,30.580522912596688,12.577558770945439,15.731303992233089,79.43630778483843,81,41.2934172299806,41.2934172299806,0.0,41.2934172299806,41.2934172299806,81
granite_good_dense,44,50,50.5,35.41842692372418,35.00940823495278,39.49463324919146,39.494633249191466,36.84224098688202,38.90795882446009,1.0401998108561994,1.4238140631578347,0.017116770469272513,0.985145464675422,-0.5866744247313704,112,100.0,100.0,100.0,97.38221739683563,99.11532901085494,1.1428571428571428,8,100.0,0.1,99.99503320866597,1,1.4,P32_derived_Jv_proxy,100.0,100.0,-2.617782603164372,-0.8846709891450644,-2.617782603164372,-0.8846709891450644,2.617782603164372,0.8846709891450644,2.617782603164372,0.8846709891450644,112,8,2,110,0.9821428571428571,0.017857142857142856,78.53981633974483,7.0,1.4260282901033823,1.1428571428571428,1.1428571428571428,0.025464790894703253,1.4005634992086788,0.09880166934126644,0.10028500650489447,-0.001483337163628029,1,1,1,1,1,1,100.0,100.0,0.0,100.0,100.0,81,4.0,4.0,0.0,4.0,4.0,81,2.037233930337268,2.037233930337268,0.2899759686011426,1.3614267174619716,2.9348467044688014,81,1.2895637728063813,1.2895637728063813,0.2908010970395746,0.75,1.9619017327567863,81,0.796950083535922,0.8000829031191969,0.10243365635177933,0.5689731793404341,0.9948789404152094,81,0.9811189233089843,0.9780559887053968,0.28227813051316036,0.5,1.5754214518439624,81,35.41842692372418,35.00940823495278,12.856423234712143,14.263730521363096,73.21233739047877,81,39.49463324919146,39.494633249191466,7.105427357601002e-15,39.494633249191466,39.494633249191466,81
granite_good_dense,44,60,60.5,37.58955662413105,34.49306573156047,41.667802891145264,41.66780289114527,38.21998098856715,40.710530919671676,1.0167712636448443,0.6304243644361023,0.007223263532546653,0.9770260991688378,-0.9572719714735882,95,100.0,100.0,100.0,99.31836290221592,99.48230775788286,0.8571428571428571,6,100.0,0.3,99.95588995549635,3,1.4,P32_derived_Jv_proxy,100.0,100.0,-0.6816370977840762,-0.5176922421171355,-0.6816370977840762,-0.5176922421171355,0.6816370977840762,0.5176922421171355,0.6816370977840762,0.5176922421171355,95,6,1,94,0.9894736842105263,0.010526315789473684,78.53981633974483,7.0,1.2095775674984046,0.8571428571428571,0.8571428571428571,0.012732395447351627,1.196845172051053,0.12160176095341446,0.030270547323898,0.09133121362951646,1,1,1,1,1,1,100.0,100.0,0.0,100.0,100.0,81,4.0,4.0,0.0,4.0,4.0,81,1.9877403635902173,1.9877403635902173,0.2733393704513227,1.258338188920933,2.620454758331552,81,1.1926116963636613,1.1926116963636613,0.25894884346262576,0.75,1.81286889136841,81,0.8082960877965973,0.791513377950939,0.09470225914104023,0.5894084851840085,1.0,81,0.9744390879034227,0.9637395905353442,0.2592359924869427,0.5,1.550239651642467,81,37.58955662413105,34.49306573156047,13.09486629914316,18.646539446115764,83.33560578229054,81,41.667802891145264,41.66780289114527,7.105427357601002e-15,41.66780289114527,41.66780289114527,81
granite_good_dense,44,70,70.5,34.28036400341038,31.534440805465422,40.28323853672262,40.28323853672262,39.78450843158079,41.02677250946796,1.1605626015996455,5.504144428170413,0.064668571587295,1.0184576513645378,0.7435339727453396,85,100.0,100.0,100.0,100.0,98.52618444536691,1.1428571428571428,8,100.0,0.2,99.98026467728904,2,1.4,P32_derived_Jv_proxy,100.0,100.0,0.0,-1.4738155546330916,0.0,-1.4738155546330916,0.0,1.4738155546330916,0.0,1.4738155546330916,85,8,3,82,0.9647058823529412,0.03529411764705882,78.53981633974483,7.0,1.0822536130248883,1.1428571428571428,1.1428571428571428,0.03819718634205488,1.0440564266828334,0.10178058001924772,0.11883731512502493,-0.01705673510577721,1,1,1,1,1,1,100.0,100.0,0.0,100.0,100.0,81,4.0,4.0,0.0,4.0,4.0,81,1.9487756413429893,1.9487756413429893,0.30684464094290326,1.1945039135673474,2.536328746842946,81,1.2094209106142653,1.2094209106142653,0.292548343104475,0.75,2.008638685773438,81,0.806467414278489,0.8119519209104149,0.10023291980877076,0.48292539730768297,1.0,81,1.0315315158795177,1.0160469517703485,0.27705113913975227,0.5,1.6485630276569154,81,34.28036400341038,31.534440805465422,11.842755860245926,15.515912277415593,69.45708620392195,81,40.28323853672262,40.28323853672262,0.0,40.28323853672262,40.28323853672262,81
granite_good_dense,44,80,80.5,37.479257375929485,31.860051552542103,42.15638534057921,42.156385340579206,42.29658677718389,43.367045317928365,1.1285332137970339,4.817329401254405,0.052514345298148246,1.028718306077912,1.2106599773491524,100,100.0,100.0,100.0,100.0,99.36565895808953,0.8571428571428571,6,100.0,0.2,99.98026467728904,2,1.4,P32_derived_Jv_proxy,100.0,100.0,0.0,-0.6343410419104742,0.0,-0.6343410419104742,0.0,0.6343410419104742,0.0,0.6343410419104742,100,6,1,99,0.99,0.01,78.53981633974483,7.0,1.2732395447351628,0.8571428571428571,0.8571428571428571,0.012732395447351627,1.260507149287811,0.11716254377515467,0.08576141626967748,0.03140112750547719,1,1,1,1,1,1,100.0,100.0,0.0,100.0,100.0,81,4.0,4.0,0.0,4.0,4.0,81,1.9905677266371395,1.9905677266371395,0.30654257622604875,1.224143637877364,2.6121765736289393,81,1.180466322334949,1.180466322334949,0.2849650306359512,0.75,1.9342852835258824,81,0.7925276088811809,0.7846327871923381,0.10392435573907845,0.4298937420596059,1.0,81,0.9978866316750348,0.9864483128072908,0.3025527133525175,0.5,1.9854061122953384,81,37.479257375929485,31.860051552542103,14.986847205885327,13.224504296197239,76.82546618506575,81,42.15638534057921,42.156385340579206,7.105427357601002e-15,42.156385340579206,42.156385340579206,81
granite_good_dense,45,10,10.5,35.747206006891396,32.871812603842386,39.78434412217576,39.78434412217576,36.22160452251558,39.944966121804136,1.013270925720257,0.47439851562418056,0.00572558140558499,1.0040373167680008,0.16062199962837553,116,100.0,100.0,100.0,98.83727156788827,98.95464614197192,1.2857142857142858,9,100.0,0.2,99.98026467728904,2,1.4,P32_derived_Jv_proxy,100.0,100.0,-1.1627284321117344,-1.0453538580280792,-1.1627284321117344,-1.0453538580280792,1.1627284321117344,1.0453538580280792,1.1627284321117344,1.0453538580280792,116,9,4,112,0.9655172413793104,0.034482758620689655,78.53981633974483,7.0,1.4769578718927887,1.2857142857142858,1.2857142857142858,0.05092958178940651,1.4260282901033823,0.09671601813014075,0.12200170160101909,-0.02528568347087834,1,1,1,1,1,1,100.0,100.0,0.0,100.0,100.0,81,4.0,4.0,0.0,4.0,4.0,81,1.9338041520132818,1.9338041520132818,0.2726595177889998,1.1937556818205979,2.677290104388904,81,1.2151791079392087,1.2151791079392087,0.281815932935885,0.75,1.8145884882263716,81,0.8060270265934809,0.8060997719780476,0.0981289942653053,0.6094251075947832,1.0,81,0.9690743200934044,0.9860881172679428,0.23514955213022293,0.5,1.4521896965602994,81,35.747206006891396,32.871812603842386,12.382498099478628,20.45748534128013,79.56868824435152,81,39.78434412217576,39.78434412217576,0.0,39.78434412217576,39.78434412217576,81
granite_good_dense,45,20,20.5,34.686408572023424,31.58446935916009,40.144271633430236,40.144271633430236,39.66663701882937,50.51613548154264,1.1435786710654958,4.9802284468059455,0.058266046716606956,1.2583647286671709,10.371863848112405,100,100.0,100.0,100.0,99.00108770935412,99.23197781064826,1.1428571428571428,8,100.0,0.2,99.98026467728904,2,1.4,P32_derived_Jv_proxy,100.0,100.0,-0.998912290645876,-0.7680221893517398,-0.998912290645876,-0.7680221893517398,0.998912290645876,0.7680221893517398,0.998912290645876,0.7680221893517398,100,8,3,97,0.97,0.03,78.53981633974483,7.0,1.2732395447351628,1.1428571428571428,1.1428571428571428,0.03819718634205488,1.2350423583931078,0.11637074354827404,0.10053990883896624,0.015830834709307795,1,1,1,0,1,1,100.0,100.0,0.0,100.0,100.0,81,4.0,4.0,0.0,4.0,4.0,81,1.9738328689093805,1.9738328689093805,0.30466014253370893,1.3366976484054918,2.9954811179241774,81,1.2292120323747926,1.2292120323747926,0.2987118122444972,0.75,1.9910023217880262,81,0.8059195876569065,0.8137254506699874,0.09750199308083524,0.5453001289969084,1.0,81,1.0263776499748374,1.01128190463088,0.2983743671138117,0.5,1.7066015557977483,81,34.686408572023424,31.58446935916009,12.469893569527212,15.095330748495734,70.33042900090558,81,40.144271633430236,40.144271633430236,0.0,40.144271633430236,40.144271633430236,81
granite_good_dense,45,30,30.5,36.91066240001442,34.44733638033104,42.71310291845549,42.713102918455476,38.673531346401944,43.632852072653044,1.047760425626684,1.7628689463875276,0.020261990927606943,1.0215331851669374,0.9197491541975538,90,99.03067423053223,99.03067423053223,99.03067423053223,98.73839107469072,99.04848843713432,1.2857142857142858,9,99.03067423053223,0.5,99.87908957257498,5,1.4,P32_derived_Jv_proxy,100.0,99.03067423053223,-0.29228315584150266,0.01781420660209676,-1.2616089253092753,-0.9515115628656758,0.29228315584150266,0.01781420660209676,1.2616089253092753,0.9515115628656758,90,9,2,88,0.9777777777777777,0.022222222222222223,78.53981633974483,7.0,1.1459155902616465,1.2857142857142858,1.2857142857142858,0.025464790894703253,1.1204507993669433,0.11987319539461527,0.07629972372139371,0.043573471673221564,1,1,1,1,1,1,99.03067423053223,99.03067423053223,0.0,99.03067423053223,99.03067423053223,81,4.0,4.0,0.0,4.0,4.0,81,1.9972602274215319,1.9972602274215319,0.3472893987555377,1.0899123899611118,3.0981447527908244,81,1.1576659936939357,1.1576659936939357,0.26780004716067435,0.75,1.920005500859799,81,0.7908354427875979,0.792088044165405,0.1050643729298537,0.49350796437265254,1.0,81,0.9944747912067878,0.9589063323497966,0.29134249139654106,0.5,1.87351623010259,81,36.91066240001442,34.44733638033104,11.955070760846736,14.256484272076973,75.93212471093581,81,42.71310291845549,42.713102918455476,1.4210854715202004e-14,42.713102918455476,42.713102918455476,81
granite_good_dense,45,40,40.5,34.41498155251631,33.56985566183028,41.00926249688986,41.00926249688987,34.2592020579449,39.568968310104125,0.9954734976587537,-0.15577949457141216,-0.0019702976393556337,0.9648788078816348,-1.440294186785735,93,100.0,100.0,100.0,100.0,99.79947827883811,0.42857142857142855,3,100.0,0.2,99.98026467728904,2,1.4,P32_derived_Jv_proxy,100.0,100.0,0.0,-0.20052172116189126,0.0,-0.20052172116189126,0.0,0.20052172116189126,0.0,0.20052172116189126,93,3,1,92,0.989247311827957,0.010752688172043012,78.53981633974483,7.0,1.1841127766037014,0.42857142857142855,0.42857142857142855,0.012732395447351627,1.1713803811563497,0.12808188056992842,0.08404298395577603,0.04403889661415239,1,1,1,1,1,1,100.0,100.0,0.0,100.0,100.0,81,4.0,4.0,0.0,4.0,4.0,81,1.9965752107227086,1.9965752107227086,0.2751068185197812,1.3431309021935942,2.6854117094778673,81,1.2171489373127158,1.2171489373127158,0.2985343824763756,0.75,2.076213767733387,81,0.7980556662498804,0.8048286824789156,0.08837937275988537,0.5793810201562046,1.0,81,1.02545014036247,0.9982230999857405,0.27418813598053193,0.5,1.7355619195179905,81,34.41498155251631,33.56985566183028,11.034668012265213,16.581712124778534,75.42429318269227,81,41.00926249688986,41.00926249688987,7.105427357601002e-15,41.00926249688987,41.00926249688987,81
granite_good_dense,45,50,50.5,35.047980561748716,32.8172967369952,40.86325804472633,40.86325804472633,29.693249513161224,41.659577736641936,0.8472171302665115,-5.354731048587492,-0.07200527161515247,1.0194874253796407,0.7963196919156061,94,100.0,100.0,100.0,99.1697122815732,99.20497608920651,1.0,7,100.0,0.1,99.99503320866597,1,1.4,P32_derived_Jv_proxy,100.0,100.0,-0.8302877184268027,-0.7950239107934891,-0.8302877184268027,-0.7950239107934891,0.8302877184268027,0.7950239107934891,0.8302877184268027,0.7950239107934891,94,7,1,93,0.9893617021276596,0.010638297872340425,78.53981633974483,7.0,1.196845172051053,1.0,1.0,0.012732395447351627,1.1841127766037014,0.0994098283616539,0.09462566029864605,0.004784168063007854,1,1,1,1,1,1,100.0,100.0,0.0,100.0,100.0,81,4.0,4.0,0.0,4.0,4.0,81,2.004250859599963,2.004250859599963,0.3361507635615086,1.1991038067293394,2.801532466724229,81,1.2261937468411337,1.2261937468411337,0.2967553796170598,0.75,1.987947054296536,81,0.8012127382367588,0.8098271675870993,0.09117407903712385,0.5847014180299401,1.0,81,1.019414050630217,1.012616248173167,0.2886762777256382,0.5,1.8167993444256842,81,35.047980561748716,32.8172967369952,11.815846396553901,17.36235297436584,72.87962326589394,81,40.86325804472633,40.86325804472633,0.0,40.86325804472633,40.86325804472633,81
granite_good_dense,45,60,60.5,36.38178111090547,32.92599429038668,41.794133762304774,41.79413376230477,54.817578205600476,47.49223449687069,1.50673157090621,18.435797094695005,0.17803588824170058,1.1363373330566593,5.698100734565912,89,100.0,100.0,100.0,100.0,99.61598890532413,0.5714285714285714,4,100.0,0.2,99.98026467728904,2,1.4,P32_derived_Jv_proxy,100.0,100.0,0.0,-0.3840110946758699,0.0,-0.3840110946758699,0.0,0.3840110946758699,0.0,0.3840110946758699,89,4,2,87,0.9775280898876404,0.02247191011235955,78.53981633974483,7.0,1.1331831948142947,0.5714285714285714,0.5714285714285714,0.025464790894703253,1.1077184039195915,0.13107426240407638,0.12584097811042705,0.005233284293649332,0,0,1,1,1,1,100.0,100.0,0.0,100.0,100.0,81,4.0,4.0,0.0,4.0,4.0,81,2.0096691761104797,2.0096691761104797,0.2920086800175768,1.314346208488817,2.7184369196494194,81,1.2021239556848127,1.2021239556848127,0.2684336795575923,0.75,1.8464864493755262,81,0.8029253311314399,0.8042359229241599,0.10626158553941549,0.4225862346985866,1.0,81,1.0107282763038845,1.034360213404987,0.29056271041244996,0.5,1.6279070758444838,81,36.38178111090547,32.92599429038668,12.464199287826293,18.060953895707076,73.85480495134426,81,41.794133762304774,41.79413376230477,7.105427357601002e-15,41.79413376230477,41.79413376230477,81
granite_good_dense,45,70,70.5,36.1310997149201,33.09068307649136,40.93143756392725,40.93143756392724,41.03955788052276,39.61459306428516,1.1358513359496707,4.90845816560266,0.055321493169272484,0.9678280417689845,-1.3168444996420874,102,100.0,100.0,100.0,95.56579367299875,98.8379973421786,1.2857142857142858,9,100.0,0.3,99.95588995549635,3,1.4,P32_derived_Jv_proxy,100.0,100.0,-4.434206327001249,-1.1620026578214038,-4.434206327001249,-1.1620026578214038,4.434206327001249,1.1620026578214038,4.434206327001249,1.1620026578214038,102,9,2,100,0.9803921568627451,0.0196078431372549,78.53981633974483,7.0,1.298704335629866,1.2857142857142858,1.2857142857142858,0.025464790894703253,1.2732395447351628,0.10161043993648189,0.10413026187995178,-0.002519821943469891,1,1,1,1,1,1,100.0,100.0,0.0,100.0,100.0,81,4.0,4.0,0.0,4.0,4.0,81,2.0045862521833664,2.0045862521833664,0.2918411137967903,1.2926398399105115,2.716649257401396,81,1.2243561254430524,1.2243561254430524,0.2835665389253376,0.75,1.9629755457875997,81,0.7887138922376852,0.7892155986468893,0.08964824332112947,0.5842022247712462,0.9729645670902034,81,0.9861262284072244,1.0064117337161205,0.28744346021374323,0.5,1.8309649498877223,81,36.1310997149201,33.09068307649136,13.363501866719842,15.900842003029938,73.94263590465276,81,40.93143756392725,40.93143756392724,7.105427357601002e-15,40.93143756392724,40.93143756392724,81
granite_good_dense,45,80,80.5,34.33171225884067,33.23656289080086,39.749009540739685,39.749009540739685,43.64186263474358,42.83248587169822,1.271182232500084,9.310150375902914,0.10420781404427548,1.077573664516048,3.0834763309585327,90,100.0,100.0,100.0,98.9072069219421,98.73667554032262,1.1428571428571428,8,100.0,0.3,99.95588995549635,3,1.4,P32_derived_Jv_proxy,100.0,100.0,-1.0927930780578947,-1.2633244596773778,-1.0927930780578947,-1.2633244596773778,1.0927930780578947,1.2633244596773778,1.0927930780578947,1.2633244596773778,90,8,5,85,0.9444444444444444,0.05555555555555555,78.53981633974483,7.0,1.1459155902616465,1.1428571428571428,1.1428571428571428,0.06366197723675814,1.0822536130248883,0.10417639671423173,0.11797964357117674,-0.013803246856945006,0,1,1,1,1,1,100.0,100.0,0.0,100.0,100.0,81,4.0,4.0,0.0,4.0,4.0,81,1.9561309384575751,1.9561309384575751,0.2598046704937325,1.2664831964891001,2.5431497983394267,81,1.230301686166979,1.230301686166979,0.306344485460624,0.75,2.154784491957599,81,0.7991908657177667,0.8017910978610264,0.09011572875482018,0.5553439965846448,0.9724056862387129,81,0.9902659152233316,0.9531798228796081,0.264592291677036,0.5,1.8746699564544593,81,34.33171225884067,33.23656289080086,9.91447415424976,17.310404126367334,65.77961095907091,81,39.749009540739685,39.749009540739685,0.0,39.749009540739685,39.749009540739685,81
granite_good_dense,46,10,10.5,38.35098645114026,35.24807679168953,43.24152492097064,43.24152492097065,36.49146629521206,41.3222923561534,0.9515131075364317,-1.8595201559282017,-0.021585224726897945,0.955615983286323,-1.9192325648172428,115,100.0,100.0,100.0,99.2313073381131,98.44401687370892,1.4285714285714286,10,100.0,0.3,99.95588995549635,3,1.4,P32_derived_Jv_proxy,100.0,100.0,-0.7686926618869023,-1.555983126291082,-0.7686926618869023,-1.555983126291082,0.7686926618869023,1.555983126291082,0.7686926618869023,1.555983126291082,115,10,1,114,0.991304347826087,0.008695652173913044,78.53981633974483,7.0,1.464225476445437,1.4285714285714286,1.4285714285714286,0.012732395447351627,1.4514930809980855,0.11494029110806114,0.0629244286203573,0.052015862487703846,1,1,1,1,1,1,100.0,100.0,0.0,100.0,100.0,81,4.0,4.0,0.0,4.0,4.0,81,2.012381691989067,2.012381691989067,0.2986865581799354,1.2320205859195223,2.753932630504851,81,1.1634543969407583,1.1634543969407583,0.2701150779357076,0.75,1.8066294750396914,81,0.8038887247741698,0.8052836183359674,0.09326406989458003,0.5526421459574864,0.9868796435660293,81,0.9904978810249957,0.9888418379729597,0.2726169822972747,0.5,1.6033001160395262,81,38.35098645114026,35.24807679168953,13.138061662136876,19.761886709858793,69.92595677081307,81,43.24152492097064,43.24152492097065,7.105427357601002e-15,43.24152492097065,43.24152492097065,81
granite_good_dense,46,20,20.5,34.111804338797235,31.03958278224718,39.04358969184048,39.04358969184048,41.25308664815564,41.3139631220062,1.2093492985135421,7.141282309358402,0.0825517570288421,1.0581497103131425,2.2703734301657192,92,100.0,100.0,100.0,97.42649656494207,99.73263770511745,0.5714285714285714,4,100.0,0.1,99.99503320866597,1,1.4,P32_derived_Jv_proxy,100.0,100.0,-2.5735034350579298,-0.26736229488254537,-2.5735034350579298,-0.26736229488254537,2.5735034350579298,0.26736229488254537,2.5735034350579298,0.26736229488254537,92,4,2,90,0.9782608695652174,0.021739130434782608,78.53981633974483,7.0,1.1713803811563497,0.5714285714285714,0.5714285714285714,0.025464790894703253,1.1459155902616465,0.10145629866909633,0.050126419572253944,0.05132987909684239,1,1,1,1,1,1,100.0,100.0,0.0,100.0,100.0,81,4.0,4.0,0.0,4.0,4.0,81,1.9691642283478312,1.9691642283478312,0.29027472687523515,1.168313896677045,2.7922525338720616,81,1.2608755008759842,1.2608755008759842,0.30578689874605774,0.75,1.9984023676247642,81,0.8087695502334036,0.8029047295225257,0.08617360811198777,0.5981627773466084,1.0,81,1.011191035743194,1.0183557388348117,0.2691877677920203,0.5,1.5640752255381538,81,34.111804338797235,31.03958278224718,11.953236913948203,16.79588649918592,70.19053711449779,81,39.04358969184048,39.04358969184048,0.0,39.04358969184048,39.04358969184048,81
granite_good_dense,46,30,30.5,34.49196942064731,31.55471107612437,40.98957262322687,40.98957262322687,40.41062739738707,44.33705589184503,1.1715952459704078,5.918657976739759,0.06877760075878636,1.0816667033683904,3.347483268618163,106,100.0,100.0,100.0,99.00940882678476,99.27181666292714,0.8571428571428571,6,100.0,0.5,99.87908957257498,5,1.4,P32_derived_Jv_proxy,100.0,100.0,-0.9905911732152362,-0.7281833370728634,-0.9905911732152362,-0.7281833370728634,0.9905911732152362,0.7281833370728634,0.9905911732152362,0.7281833370728634,106,6,3,103,0.9716981132075472,0.02830188679245283,78.53981633974483,7.0,1.3496339174192724,0.8571428571428571,0.8571428571428571,0.03819718634205488,1.3114367310772175,0.13158371989350315,0.10876639994729376,0.02281731994620939,1,1,1,1,1,1,100.0,100.0,0.0,100.0,100.0,81,4.0,4.0,0.0,4.0,4.0,81,2.0148525592656616,2.0148525592656616,0.2889965865900919,1.4174495008620158,2.643601352881059,81,1.228881170454031,1.228881170454031,0.2913351506747966,0.75,1.9984023676247642,81,0.7800158918433447,0.791890722205356,0.08803516757297734,0.5717943937834866,1.0,81,1.0219497284457337,0.9774296978570125,0.30847397153423206,0.5,1.914428715240052,81,34.49196942064731,31.55471107612437,12.2719226290234,15.598194446392439,80.07409286179745,81,40.98957262322687,40.98957262322687,0.0,40.98957262322687,40.98957262322687,81
granite_good_dense,46,40,40.5,36.44686116988408,34.30088071751975,40.700319326233604,40.700319326233604,36.63151218211259,44.58205457928445,1.0050663076682467,0.18465101222850677,0.0021947145967926573,1.0953735822546449,3.8817352530508487,91,100.0,100.0,100.0,98.3615074415732,97.98318794248357,1.5714285714285714,11,100.0,0.3,99.95588995549635,3,1.4,P32_derived_Jv_proxy,100.0,100.0,-1.6384925584268046,-2.0168120575164323,-1.6384925584268046,-2.0168120575164323,1.6384925584268046,2.0168120575164323,1.6384925584268046,2.0168120575164323,91,11,5,86,0.945054945054945,0.054945054945054944,78.53981633974483,7.0,1.158647985708998,1.5714285714285714,1.5714285714285714,0.06366197723675814,1.0949860084722398,0.10073243223788608,0.10321167442436308,-0.002479242186476993,1,1,1,1,1,1,100.0,100.0,0.0,100.0,100.0,81,4.0,4.0,0.0,4.0,4.0,81,2.0045647670813875,2.0045647670813875,0.32600025446708086,1.2220065166886704,2.705591664214744,81,1.2312954789210553,1.2312954789210553,0.3009834288811627,0.75,2.1283836862281773,81,0.7918976228246617,0.7849144313646687,0.09819728648385748,0.5745079920732349,1.0,81,0.9630660207461456,0.9697475098775562,0.2607866047277147,0.5,1.6192382087571746,81,36.44686116988408,34.30088071751975,12.411416912875973,18.789111596627116,70.76064016760505,81,40.700319326233604,40.700319326233604,0.0,40.700319326233604,40.700319326233604,81
granite_good_dense,46,50,50.5,33.81955668966573,32.28825654709541,40.36266373388827,40.36266373388826,39.8943007220277,43.13479058674618,1.179622225332665,6.07474403236197,0.07174294652506741,1.0686804733982522,2.772126852857909,102,100.0,100.0,100.0,98.13436418216823,98.9546461419719,1.2857142857142858,9,100.0,0.4,99.92210167184162,4,1.4,P32_derived_Jv_proxy,100.0,100.0,-1.8656358178317731,-1.0453538580280934,-1.8656358178317731,-1.0453538580280934,1.8656358178317731,1.0453538580280934,1.8656358178317731,1.0453538580280934,102,9,4,98,0.9607843137254902,0.0392156862745098,78.53981633974483,7.0,1.298704335629866,1.2857142857142858,1.2857142857142858,0.05092958178940651,1.2477747538404593,0.11772174058787499,0.11335489656227327,0.004366844025601724,1,1,1,1,1,1,100.0,100.0,0.0,100.0,100.0,81,4.0,4.0,0.0,4.0,4.0,81,1.9687207273277387,1.9687207273277387,0.3188222764939229,1.043253796575041,2.551947983041571,81,1.2193946987168318,1.2193946987168318,0.2730439617770244,0.75,1.8591819574008301,81,0.7951165162978675,0.7862781796205821,0.10408543729640782,0.5175855933623318,1.0,81,1.0215992832998593,1.0142125739765817,0.26320936718732524,0.5,1.5722320277783246,81,33.81955668966573,32.28825654709541,10.507961895576493,17.256380060086784,63.044544008840674,81,40.36266373388827,40.36266373388826,7.105427357601002e-15,40.36266373388826,40.36266373388826,81
granite_good_dense,46,60,60.5,33.64534883564609,30.072462150753132,39.950328159609406,39.95032815960941,35.44790118399959,44.97898262991418,1.0535750827598422,1.802552348353501,0.02266549093259207,1.1258726699368853,5.028654470304772,101,100.0,100.0,100.0,99.65527058166062,99.23197781064827,1.1428571428571428,8,100.0,0.3,99.95588995549635,3,1.4,P32_derived_Jv_proxy,100.0,100.0,-0.34472941833938364,-0.7680221893517256,-0.34472941833938364,-0.7680221893517256,0.34472941833938364,0.7680221893517256,0.34472941833938364,0.7680221893517256,101,8,4,97,0.9603960396039604,0.039603960396039604,78.53981633974483,7.0,1.2859719401825143,1.1428571428571428,1.1428571428571428,0.05092958178940651,1.2350423583931078,0.09766949525141777,0.08347695574665526,0.014192539504762514,1,1,1,1,1,1,100.0,100.0,0.0,100.0,100.0,81,4.0,4.0,0.0,4.0,4.0,81,2.004583130463972,2.004583130463972,0.28907131018201154,1.4174932120528183,2.788012669980631,81,1.254422193013827,1.254422193013827,0.2825979734218596,0.75,1.9396155768261787,81,0.7957570376926351,0.802935152889684,0.1033861917044928,0.5654754441669947,1.0,81,1.0408239444103646,1.0459493450807615,0.2914762145419057,0.5,1.647019783977109,81,33.64534883564609,30.072462150753132,12.483924237635108,16.25690985732686,69.65704049018828,81,39.950328159609406,39.95032815960941,7.105427357601002e-15,39.95032815960941,39.95032815960941,81
granite_good_dense,46,70,70.5,37.62129436254992,33.720935849090964,42.45243244671972,42.45243244671971,41.24238660812731,44.923491144054715,1.0962511340168564,3.621092245577394,0.039910055630205,1.0582077057760193,2.471058697334996,99,100.0,100.0,100.0,100.0,99.5491483316035,0.7142857142857143,5,100.0,0.5,99.87908957257498,5,1.4,P32_derived_Jv_proxy,100.0,100.0,0.0,-0.4508516683964956,0.0,-0.4508516683964956,0.0,0.4508516683964956,0.0,0.4508516683964956,99,5,4,95,0.9595959595959596,0.04040404040404041,78.53981633974483,7.0,1.260507149287811,0.7142857142857143,0.7142857142857143,0.05092958178940651,1.2095775674984046,0.11089992784126379,0.12350655543712252,-0.012606627595858733,1,1,1,1,1,1,100.0,100.0,0.0,100.0,100.0,81,4.0,4.0,0.0,4.0,4.0,81,2.007792173027621,2.007792173027621,0.31335667390046984,1.291176390238238,2.9352566164758542,81,1.182377579628398,1.182377579628398,0.249454548630826,0.75,1.7864719912856177,81,0.8000907603125308,0.8063975937763108,0.10318413823005129,0.5888109468335544,1.0,81,0.9991560793918962,1.0087301645870042,0.2936155999178232,0.5,1.6276252409054266,81,37.62129436254992,33.720935849090964,13.945135190260965,19.892324360995357,84.90486489343942,81,42.45243244671972,42.45243244671971,7.105427357601002e-15,42.45243244671971,42.45243244671971,81
granite_good_dense,46,80,80.5,35.88972991204579,32.573273943206466,41.52443687235341,41.52443687235341,40.51228635325521,41.03564553614128,1.1287988639796909,4.622556441209426,0.052616563673647976,0.9882288268540599,-0.488791336212131,98,100.0,100.0,100.0,100.0,99.7994782788381,0.42857142857142855,3,100.0,0.1,99.99503320866597,1,1.4,P32_derived_Jv_proxy,100.0,100.0,0.0,-0.20052172116190548,0.0,-0.20052172116190548,0.0,0.20052172116190548,0.0,0.20052172116190548,98,3,1,97,0.9897959183673469,0.01020408163265306,78.53981633974483,7.0,1.2477747538404593,0.42857142857142855,0.42857142857142855,0.012732395447351627,1.2350423583931078,0.14899106170374954,0.11799371798437808,0.030997343719371462,1,1,1,1,1,1,100.0,100.0,0.0,100.0,100.0,81,4.0,4.0,0.0,4.0,4.0,81,2.0022495320978564,2.0022495320978564,0.2838125125163206,1.3062553664045489,2.7433180280192677,81,1.2054645907979404,1.2054645907979404,0.27868306814573807,0.75,2.210276331901732,81,0.7783586508369653,0.778739810876117,0.10682066825708778,0.5189807029041008,1.0,81,0.9934450014940739,1.0075975264683361,0.287922604049271,0.5,1.6299028307777899,81,35.88972991204579,32.573273943206466,13.417264500585844,16.79006669410055,83.04887374470682,81,41.52443687235341,41.52443687235341,0.0,41.52443687235341,41.52443687235341,81
granite_good_dense,47,10,10.5,36.82470561513027,35.444230311558705,41.21314386643343,41.21314386643344,28.231813055547075,37.396884737888705,0.7666541411249569,-8.592892559583195,-0.1154005141169625,0.9074018924420633,-3.816259128544722,96,100.0,100.0,100.0,97.05367735068738,98.58766739494399,1.5714285714285714,11,100.0,0.2,99.98026467728904,2,1.4,P32_derived_Jv_proxy,100.0,100.0,-2.94632264931262,-1.412332605056008,-2.94632264931262,-1.412332605056008,2.94632264931262,1.412332605056008,2.94632264931262,1.412332605056008,96,11,3,93,0.96875,0.03125,78.53981633974483,7.0,1.2223099629457561,1.5714285714285714,1.5714285714285714,0.03819718634205488,1.1841127766037014,0.1056178903786491,0.08959789901354331,0.01601999136510579,0,1,1,1,1,1,100.0,100.0,0.0,100.0,100.0,81,4.0,4.0,0.0,4.0,4.0,81,1.9897546667889283,1.9897546667889283,0.302123875883433,1.3211228655236447,2.7585975713936524,81,1.2069903434432654,1.2069903434432654,0.2531631982629587,0.75,1.7839497653799175,81,0.8089080293811967,0.7949763224522894,0.09826888455299249,0.5318379943918443,1.0,81,1.0083009705827928,0.922535566224743,0.3309949397890558,0.5,1.8902504458979594,81,36.82470561513027,35.444230311558705,13.24151784874701,15.825467555245652,79.38959039895354,81,41.21314386643343,41.21314386643344,1.4210854715202004e-14,41.21314386643344,41.21314386643344,81
granite_good_dense,47,20,20.5,33.49397899596638,29.800988558439293,41.39422596872549,41.39422596872549,38.18225000529747,44.82520081012173,1.1399735459885398,4.688271009331089,0.056894773297433865,1.0828853484055587,3.4309748413962353,105,100.0,100.0,100.0,97.00628821519003,99.11532901085492,1.1428571428571428,8,100.0,0.1,99.99503320866597,1,1.4,P32_derived_Jv_proxy,100.0,100.0,-2.9937117848099746,-0.8846709891450786,-2.9937117848099746,-0.8846709891450786,2.9937117848099746,0.8846709891450786,2.9937117848099746,0.8846709891450786,105,8,4,101,0.9619047619047619,0.0380952380952381,78.53981633974483,7.0,1.336901521971921,1.1428571428571428,1.1428571428571428,0.05092958178940651,1.2859719401825143,0.12947844685264487,0.07287052538948613,0.05660792146315874,1,1,1,1,1,1,100.0,100.0,0.0,100.0,100.0,81,4.0,4.0,0.0,4.0,4.0,81,1.976039068699846,1.976039068699846,0.28463962537374965,1.1098665277265698,2.5275087495942636,81,1.1934267536448195,1.1934267536448195,0.2664211774077531,0.75,1.8282386224123273,81,0.7952708205609522,0.7890438151584972,0.09100439780163969,0.5883143569511564,1.0,81,1.0718930519267948,1.0797772457288954,0.2807788641735918,0.5,1.667658798918481,81,33.49397899596638,29.800988558439293,11.703066356226634,14.602997596435804,67.93908515566112,81,41.39422596872549,41.39422596872549,0.0,41.39422596872549,41.39422596872549,81
granite_good_dense,47,30,30.5,34.64181730012115,31.134066240210686,39.79453261797296,39.79453261797297,34.32500855270228,42.09363350747568,0.9908547307240212,-0.3168087474188681,-0.003990012789709674,1.0577742905432277,2.299100889502718,98,100.0,100.0,100.0,96.91052456425643,98.83799734217858,1.2857142857142858,9,100.0,0.0,100.0,0,1.4,P32_derived_Jv_proxy,100.0,100.0,-3.089475435743566,-1.162002657821418,-3.089475435743566,-1.162002657821418,3.089475435743566,1.162002657821418,3.089475435743566,1.162002657821418,98,9,3,95,0.9693877551020408,0.030612244897959183,78.53981633974483,7.0,1.2477747538404593,1.2857142857142858,1.2857142857142858,0.03819718634205488,1.2095775674984046,0.11578646333660947,0.11334969327044575,0.002436770066163718,1,1,1,1,1,1,100.0,100.0,0.0,100.0,100.0,81,4.0,4.0,0.0,4.0,4.0,81,2.0143106854645496,2.0143106854645496,0.28962419021876545,1.425146741536545,2.955341458296894,81,1.2654443669447684,1.2654443669447684,0.2836340963282303,0.75,1.8729008041452182,81,0.7873844413289043,0.7657799896578825,0.08929412439927069,0.6371549749684965,1.0,81,0.9911139555059092,0.9983837533221154,0.27417052103122,0.5,1.5806110025729119,81,34.64181730012115,31.134066240210686,12.629512910347877,16.752877802334588,74.74075230038714,81,39.79453261797296,39.79453261797297,7.105427357601002e-15,39.79453261797297,39.79453261797297,81
granite_good_dense,47,40,40.5,35.30170238357349,31.669127917370417,39.966386032026456,39.96638603202646,35.0273532695992,37.83952261808364,0.9922284452179295,-0.2743491139742886,-0.0033883267615293367,0.946783694371603,-2.1268634139428144,81,100.0,100.0,100.0,97.75587320067079,98.67731447329554,1.4285714285714286,10,100.0,0.3,99.95588995549635,3,1.4,P32_derived_Jv_proxy,100.0,100.0,-2.2441267993292087,-1.3226855267044613,-2.2441267993292087,-1.3226855267044613,2.2441267993292087,1.3226855267044613,2.2441267993292087,1.3226855267044613,81,10,7,74,0.9135802469135802,0.08641975308641975,78.53981633974483,7.0,1.0313240312354817,1.4285714285714286,1.4285714285714286,0.08912676813146139,0.9421972631040204,0.12039591890446,0.08474088382239553,0.03565503508206447,1,1,1,1,1,1,100.0,100.0,0.0,100.0,100.0,81,4.0,4.0,0.0,4.0,4.0,81,1.939148757980336,1.939148757980336,0.2949610946651253,1.0963908306002081,2.5791721061120385,81,1.2129873066496606,1.2129873066496606,0.2803805422297768,0.75,1.857268622105621,81,0.7972690592383376,0.7760565735779124,0.10247842924309968,0.5298984474827102,1.0,81,0.9969798289085633,0.9854340984229107,0.2974810228355977,0.5,1.7376234100160857,81,35.30170238357349,31.669127917370417,12.943528366037354,16.125475648219755,77.82450133198272,81,39.966386032026456,39.96638603202646,7.105427357601002e-15,39.96638603202646,39.96638603202646,81
granite_good_dense,47,50,50.5,36.94305895511031,34.70612413220752,42.36944876609083,42.36944876609082,47.150861176736655,46.00496462335258,1.2763117757527846,10.207802221626345,0.10595677622660782,1.0858051252290857,3.635515857261751,74,100.0,100.0,100.0,99.95753518003646,99.61598890532413,0.5714285714285714,4,100.0,0.1,99.99503320866597,1,1.4,P32_derived_Jv_proxy,100.0,100.0,-0.042464819963541345,-0.3840110946758699,-0.042464819963541345,-0.3840110946758699,0.042464819963541345,0.3840110946758699,0.042464819963541345,0.3840110946758699,74,4,0,74,1.0,0.0,78.53981633974483,7.0,0.9421972631040204,0.5714285714285714,0.5714285714285714,0.0,0.9421972631040204,0.12451939925680688,0.11598258099417114,0.008536818262635748,0,1,1,1,1,1,100.0,100.0,0.0,100.0,100.0,81,4.0,4.0,0.0,4.0,4.0,81,1.9740275823701736,1.9740275823701736,0.324683573238495,1.0587438032120122,2.5744059058633315,81,1.1647706306424914,1.1647706306424914,0.2612206958255572,0.75,1.88743095975981,81,0.8011436671212637,0.8065709509784248,0.10632814008608729,0.48720500436414005,1.0,81,0.9904353285678427,0.965021836205072,0.2514883160570266,0.5,1.6537488025322318,81,36.94305895511031,34.70612413220752,12.109071255528558,16.7348304525522,77.48017980125012,81,42.36944876609083,42.36944876609082,7.105427357601002e-15,42.36944876609082,42.36944876609082,81
granite_good_dense,47,60,60.5,34.95364574898859,30.784263441199133,40.278931550920326,40.27893155092032,30.75005398568231,43.53029069595459,0.8797381024716737,-4.203591763306282,-0.055646597827058386,1.0807210871749147,3.2513591450342645,90,100.0,100.0,100.0,97.67651138022039,98.90483791589922,1.1428571428571428,8,100.0,0.1,99.99503320866597,1,1.4,P32_derived_Jv_proxy,100.0,100.0,-2.32348861977961,-1.095162084100778,-2.32348861977961,-1.095162084100778,2.32348861977961,1.095162084100778,2.32348861977961,1.095162084100778,90,8,3,87,0.9666666666666667,0.03333333333333333,78.53981633974483,7.0,1.1459155902616465,1.1428571428571428,1.1428571428571428,0.03819718634205488,1.1077184039195915,0.12492545857527992,0.10012390871952159,0.02480154985575833,1,1,1,1,1,1,100.0,100.0,0.0,100.0,100.0,81,4.0,4.0,0.0,4.0,4.0,81,1.9938158684968894,1.9938158684968894,0.3239217161957783,1.2378069749543514,2.788137235604114,81,1.237505435053759,1.237505435053759,0.2831295786483982,0.75,1.9218532262298214,81,0.8055026222190359,0.8233368231270509,0.09253181657882649,0.6226365094750156,0.9833824178432364,81,1.056291675092586,1.0656433780789318,0.3639442485228021,0.5,1.9858802752006142,81,34.95364574898859,30.784263441199133,14.025901707681287,16.733661037668405,71.77518628184565,81,40.278931550920326,40.27893155092032,7.105427357601002e-15,40.27893155092032,40.27893155092032,81
granite_good_dense,47,70,70.5,34.03521056455543,30.853213087643113,41.30556479424637,41.30556479424637,37.288751406632535,43.81621573764539,1.0955933807403964,3.2535408420771077,0.039649399707695654,1.0607823898766477,2.510650943399021,97,100.0,100.0,100.0,98.52496709653023,99.16513723692763,1.2857142857142858,9,100.0,0.2,99.98026467728904,2,1.4,P32_derived_Jv_proxy,100.0,100.0,-1.4750329034697671,-0.8348627630723655,-1.4750329034697671,-0.8348627630723655,1.4750329034697671,0.8348627630723655,1.4750329034697671,0.8348627630723655,97,9,3,94,0.9690721649484536,0.030927835051546393,78.53981633974483,7.0,1.2350423583931078,1.2857142857142858,1.2857142857142858,0.03819718634205488,1.196845172051053,0.11109538564125676,0.1448726621574017,-0.03377727651614493,1,1,1,1,1,1,100.0,100.0,0.0,100.0,100.0,81,4.0,4.0,0.0,4.0,4.0,81,1.9820295629599651,1.9820295629599651,0.30284843178850834,1.3344146565546935,3.090835579543456,81,1.199614127559424,1.199614127559424,0.2750547316334119,0.75,1.8228048259384546,81,0.7951112059850274,0.7912591037104985,0.09887478501839339,0.4778871707931277,1.0,81,1.0543787868975942,1.0726662240570644,0.3055231633599356,0.5,1.8795831270211694,81,34.03521056455543,30.853213087643113,11.403988169472608,16.905861929266596,64.16336385488603,81,41.30556479424637,41.30556479424637,0.0,41.30556479424637,41.30556479424637,81
granite_good_dense,47,80,80.5,35.92952672944754,32.873559008500635,42.89221070960669,42.892210709606694,35.50131430806663,44.61220482121712,0.9880818797139918,-0.42821242138090554,-0.005207065094003038,1.0401003838029081,1.7199941116104327,86,100.0,100.0,100.0,97.31213841054549,98.86499906362035,1.4285714285714286,10,100.0,0.2,99.98026467728904,2,1.4,P32_derived_Jv_proxy,100.0,100.0,-2.6878615894545135,-1.1350009363796545,-2.6878615894545135,-1.1350009363796545,2.6878615894545135,1.1350009363796545,2.6878615894545135,1.1350009363796545,86,10,3,83,0.9651162790697675,0.03488372093023256,78.53981633974483,7.0,1.0949860084722398,1.4285714285714286,1.4285714285714286,0.03819718634205488,1.056788822130185,0.12621139724777575,0.08296777810181999,0.04324361914595576,1,1,1,1,1,1,100.0,100.0,0.0,100.0,100.0,81,4.0,4.0,0.0,4.0,4.0,81,2.0354378763085625,2.0354378763085625,0.31098606311884985,1.3885955931558533,2.856157271292014,81,1.1863680156806884,1.1863680156806884,0.3105234146756992,0.75,1.8926345198303114,81,0.7869883218048704,0.7987146868052973,0.10615854019025994,0.4942880289569222,1.0,81,1.024699905267018,0.9994715446461165,0.29239274319330255,0.5,2.0600190888708036,81,35.92952672944754,32.873559008500635,12.146459875039682,17.4642594588397,71.29445459178167,81,42.89221070960669,42.892210709606694,7.105427357601002e-15,42.892210709606694,42.892210709606694,81
granite_good_dense,48,10,10.5,35.01097017187652,33.240380250436765,41.58985252246771,41.58985252246771,37.7209046963278,41.30263121894541,1.077402440182252,2.7099345244512776,0.032377954833926026,0.9930939571529585,-0.28722130352230124,100,100.0,100.0,100.0,99.72724377018486,99.48230775788286,0.8571428571428571,6,100.0,0.1,99.99503320866597,1,1.4,P32_derived_Jv_proxy,100.0,100.0,-0.272756229815144,-0.5176922421171355,-0.272756229815144,-0.5176922421171355,0.272756229815144,0.5176922421171355,0.272756229815144,0.5176922421171355,100,6,2,98,0.98,0.02,78.53981633974483,7.0,1.2732395447351628,0.8571428571428571,0.8571428571428571,0.025464790894703253,1.2477747538404593,0.1163027652883788,0.15546991161733903,-0.039167146328960234,1,1,1,1,1,1,100.0,100.0,0.0,100.0,100.0,81,4.0,4.0,0.0,4.0,4.0,81,2.023799778329454,2.023799778329454,0.29337692268113785,1.2717560531389145,2.620850931070253,81,1.2165225743684442,1.2165225743684442,0.2769629949413725,0.75,2.1434953979386937,81,0.7875461193518724,0.7820669830548206,0.10691670802820216,0.48071902895720164,1.0,81,1.0206610949738373,1.0005949930088611,0.30885139687871277,0.5,1.8149665430266715,81,35.01097017187652,33.240380250436765,11.405425058101963,16.251991404989028,73.30018394759274,81,41.58985252246771,41.58985252246771,0.0,41.58985252246771,41.58985252246771,81
granite_good_dense,48,20,20.5,36.18600817707396,34.26042099254628,41.248454338514094,41.2484543385141,32.08287848053199,37.41872192354615,0.8866100489320744,-4.10312969654197,-0.05226735066919419,0.9071545230873759,-3.8297324149679426,85,100.0,100.0,100.0,100.0,99.5491483316035,0.7142857142857143,5,100.0,0.0,100.0,0,1.4,P32_derived_Jv_proxy,100.0,100.0,0.0,-0.4508516683964956,0.0,-0.4508516683964956,0.0,0.4508516683964956,0.0,0.4508516683964956,85,5,3,82,0.9647058823529412,0.03529411764705882,78.53981633974483,7.0,1.0822536130248883,0.7142857142857143,0.7142857142857143,0.03819718634205488,1.0440564266828334,0.09006548396209502,0.015143735294488203,0.07492174866760681,1,1,1,1,1,1,100.0,100.0,0.0,100.0,100.0,81,4.0,4.0,0.0,4.0,4.0,81,2.046796679427854,2.046796679427854,0.3619940138588316,1.1291935405946167,2.9468054444360012,81,1.2405293193718165,1.2405293193718165,0.2810857121537891,0.75,1.6750774511966993,81,0.8146611604917224,0.8057933674923249,0.09921872831806995,0.5364609462276558,1.0,81,1.009229992700725,0.9931543087050523,0.28472271507375246,0.5,1.6839235638184176,81,36.18600817707396,34.26042099254628,11.812966688376727,18.131464830167985,80.17584083574177,81,41.248454338514094,41.2484543385141,7.105427357601002e-15,41.2484543385141,41.2484543385141,81
granite_good_dense,48,30,30.5,36.406274721243854,34.703114902499536,41.67589306839608,41.675893068396086,40.61959842456799,49.76074541209731,1.1157307012481992,4.213323703324136,0.04755938360228229,1.1939934995617931,8.084852343701229,73,100.0,100.0,100.0,93.84375382746568,98.49382509978159,1.5714285714285714,11,100.0,0.3,99.95588995549635,3,1.4,P32_derived_Jv_proxy,100.0,100.0,-6.156246172534324,-1.5061749002184115,-6.156246172534324,-1.5061749002184115,6.156246172534324,1.5061749002184115,6.156246172534324,1.5061749002184115,73,11,6,67,0.9178082191780822,0.0821917808219178,78.53981633974483,7.0,0.9294648676566688,1.5714285714285714,1.5714285714285714,0.07639437268410976,0.853070494972559,0.10537738450999212,0.08179103072197647,0.023586353788015657,1,1,1,1,1,1,100.0,100.0,0.0,100.0,100.0,81,4.0,4.0,0.0,4.0,4.0,81,2.0420795331429473,2.0420795331429473,0.2944905873270795,1.3774698909534142,2.667252152310809,81,1.2249764688855038,1.2249764688855038,0.298177294621058,0.75,1.7981847457608604,81,0.8236881799105977,0.824487554205073,0.08112997677413807,0.6209282483534614,1.0,81,1.0077241836143125,1.000064816020931,0.2536195219434247,0.5037102629839664,1.5794418630247624,81,36.406274721243854,34.703114902499536,10.496055629781878,19.724728008552688,69.20420208673136,81,41.67589306839608,41.675893068396086,7.105427357601002e-15,41.675893068396086,41.675893068396086,81
granite_good_dense,48,40,40.5,35.22647009773058,32.369713733365224,40.89024667566846,40.890246675668465,44.84168009771383,50.536461024602495,1.2729541158483177,9.61520999998325,0.10481274961357623,1.2359050172879973,9.646214348934038,101,100.0,100.0,100.0,97.54335560435725,98.52082682122334,1.7142857142857142,12,100.0,0.4,99.92210167184162,4,1.4,P32_derived_Jv_proxy,100.0,100.0,-2.456644395642755,-1.4791731787766622,-2.456644395642755,-1.4791731787766622,2.456644395642755,1.4791731787766622,2.456644395642755,1.4791731787766622,101,12,5,96,0.9504950495049505,0.04950495049504951,78.53981633974483,7.0,1.2859719401825143,1.7142857142857142,1.7142857142857142,0.06366197723675814,1.2223099629457561,0.10626421499048522,0.12592878490623638,-0.019664569915751162,0,1,1,1,1,1,100.0,100.0,0.0,100.0,100.0,81,4.0,4.0,0.0,4.0,4.0,81,1.9427977730027859,1.9427977730027859,0.28599280222301776,1.1082871753152237,2.5974364796659106,81,1.1878124558727827,1.1878124558727827,0.29566949570045337,0.75,1.9727244260434742,81,0.8004156201957708,0.7917339926443703,0.11104536389192048,0.5447106566197294,1.0,81,1.0135912357751853,0.981133211571501,0.27587179029104913,0.5,1.6486961258274384,81,35.22647009773058,32.369713733365224,12.493196403883488,16.385883166300403,75.21189879527422,81,40.89024667566846,40.890246675668465,7.105427357601002e-15,40.890246675668465,40.890246675668465,81
granite_good_dense,48,50,50.5,34.21383020676357,32.40992922304235,41.200168819884595,41.20016881988458,30.502595931526542,42.85740249786053,0.8915282430289442,-3.7112342752370253,-0.04986489410687156,1.040223953577008,1.6572336779759311,93,100.0,100.0,100.0,98.7370039756175,99.73263770511745,0.5714285714285714,4,100.0,0.3,99.95588995549635,3,1.4,P32_derived_Jv_proxy,100.0,100.0,-1.2629960243825025,-0.26736229488254537,-1.2629960243825025,-0.26736229488254537,1.2629960243825025,0.26736229488254537,1.2629960243825025,0.26736229488254537,93,4,3,90,0.967741935483871,0.03225806451612903,78.53981633974483,7.0,1.1841127766037014,0.5714285714285714,0.5714285714285714,0.03819718634205488,1.1459155902616465,0.11038328932760832,0.1003944598771056,0.009988829450502723,1,1,1,1,1,1,100.0,100.0,0.0,100.0,100.0,81,4.0,4.0,0.0,4.0,4.0,81,1.9911359280102074,1.9911359280102074,0.2757276064594076,1.1581524038318913,2.847985586895204,81,1.208208597830562,1.208208597830562,0.3120201776362869,0.75,2.029498168721694,81,0.8036090976929678,0.7980159393577346,0.08949790371933214,0.5128447149712022,1.0,81,1.0604292125073718,1.0153370415711023,0.30366640902774217,0.5,2.082679152367628,81,34.21383020676357,32.40992922304235,11.96501788212141,15.628271524399318,68.81116015303097,81,41.200168819884595,41.20016881988458,1.4210854715202004e-14,41.20016881988458,41.20016881988458,81
granite_good_dense,48,60,60.5,35.920681731330184,33.15865644444998,42.980225513103285,42.980225513103285,32.58435331968227,42.874898667923794,0.907119568704122,-3.336328411647912,-0.04233546420131051,0.9975494115276947,-0.10532684517949065,101,100.0,100.0,100.0,97.25300495046943,98.58766739494399,1.5714285714285714,11,100.0,0.3,99.95588995549635,3,1.4,P32_derived_Jv_proxy,100.0,100.0,-2.746995049530568,-1.412332605056008,-2.746995049530568,-1.412332605056008,2.746995049530568,1.412332605056008,2.746995049530568,1.412332605056008,101,11,4,97,0.9603960396039604,0.039603960396039604,78.53981633974483,7.0,1.2859719401825143,1.5714285714285714,1.5714285714285714,0.05092958178940651,1.2350423583931078,0.09789115307465213,0.05825637749388646,0.03963477558076567,1,1,1,1,1,1,100.0,100.0,0.0,100.0,100.0,81,4.0,4.0,0.0,4.0,4.0,81,2.0224764396860633,2.0224764396860633,0.30626107141844156,1.1892352830823132,2.8658871618792925,81,1.1763993880566515,1.1763993880566515,0.26627222828930797,0.75,1.9133153272423167,81,0.7870191075962926,0.7907279909506533,0.09379029182290412,0.5058599638772637,1.0,81,1.0268729671828085,0.9824971075870756,0.29267007206574336,0.5,1.7489648712033357,81,35.920681731330184,33.15865644444998,11.974161671573292,17.35630469157784,73.74843854401553,81,42.980225513103285,42.980225513103285,0.0,42.980225513103285,42.980225513103285,81
granite_good_dense,48,70,70.5,32.37615124500324,29.167380555812233,39.14222347665919,39.14222347665919,26.468196917251134,40.905337870898016,0.8175214131215207,-5.907954327752108,-0.087500863158533,1.0450437976598388,1.7631143942388263,104,100.0,100.0,100.0,98.47714868991152,99.20497608920651,1.0,7,100.0,0.0,100.0,0,1.4,P32_derived_Jv_proxy,100.0,100.0,-1.522851310088484,-0.7950239107934891,-1.522851310088484,-0.7950239107934891,1.522851310088484,0.7950239107934891,1.522851310088484,0.7950239107934891,104,7,2,102,0.9807692307692307,0.019230769230769232,78.53981633974483,7.0,1.3241691265245692,1.0,1.0,0.025464790894703253,1.298704335629866,0.0939797481332939,0.10418900060711933,-0.010209252473825425,1,1,1,1,1,1,100.0,100.0,0.0,100.0,100.0,81,4.0,4.0,0.0,4.0,4.0,81,1.95976862549287,1.95976862549287,0.2827709337112522,1.263989204668881,2.5977765354406372,81,1.2516973049969269,1.2516973049969269,0.2702311791440837,0.75,1.8839145403717152,81,0.7866498877159113,0.7816879119059458,0.10077375140992606,0.5661051228465592,1.0,81,1.0397662402094812,1.048825337302501,0.3005318555970452,0.5,2.073632273561048,81,32.37615124500324,29.167380555812233,11.01084020922595,12.079675558585755,60.196006796482024,81,39.14222347665919,39.14222347665919,0.0,39.14222347665919,39.14222347665919,81
granite_good_dense,48,80,80.5,36.94759374724271,34.59399010668366,43.009025860441945,43.00902586044194,27.702625073284796,40.91516596326345,0.7497815761101401,-9.244968673957917,-0.1250652354162114,0.9513158027811937,-2.093859897178497,101,100.0,100.0,100.0,98.12917138243974,99.08832728941317,1.0,7,100.0,0.2,99.98026467728904,2,1.4,P32_derived_Jv_proxy,100.0,100.0,-1.8708286175602638,-0.9116727105868279,-1.8708286175602638,-0.9116727105868279,1.8708286175602638,0.9116727105868279,1.8708286175602638,0.9116727105868279,101,7,4,97,0.9603960396039604,0.039603960396039604,78.53981633974483,7.0,1.2859719401825143,1.0,1.0,0.05092958178940651,1.2350423583931078,0.12371153710386051,0.07876208139949614,0.04494945570436437,0,1,1,1,1,1,100.0,100.0,0.0,100.0,100.0,81,4.0,4.0,0.0,4.0,4.0,81,1.9997948721090242,1.9997948721090242,0.3186329230125162,1.093599447519464,2.706711137906017,81,1.1624274394158967,1.1624274394158967,0.26942760009286565,0.75,1.909495550963328,81,0.7973902434697542,0.7957002868520555,0.09032120288040073,0.5715826576870513,1.0,81,1.0066636378845086,0.9956263445757828,0.26787819651952116,0.5,1.6857531196525006,81,36.94759374724271,34.59399010668366,12.270485860713405,17.51893118476986,86.01805172088388,81,43.009025860441945,43.00902586044194,7.105427357601002e-15,43.00902586044194,43.00902586044194,81
granite_good_dense,49,10,10.5,33.668746893912825,32.41701178883637,40.73526520692952,40.735265206929526,37.00494345313972,41.88065072381145,1.0990888247115032,3.3361965592268916,0.04103279208065613,1.0281177871572342,1.1453855168819302,108,100.0,100.0,100.0,99.11116651571766,99.13813551548587,1.1428571428571428,8,100.0,0.1,99.99503320866597,1,1.4,P32_derived_Jv_proxy,100.0,100.0,-0.888833484282344,-0.861864484514129,-0.888833484282344,-0.861864484514129,0.888833484282344,0.861864484514129,0.888833484282344,0.861864484514129,108,8,7,101,0.9351851851851852,0.06481481481481481,78.53981633974483,7.0,1.3750987083139756,1.1428571428571428,1.1428571428571428,0.08912676813146139,1.2859719401825143,0.11784759569981651,0.12427185864473689,-0.006424262944920378,1,1,1,1,1,1,100.0,100.0,0.0,100.0,100.0,81,4.0,4.0,0.0,4.0,4.0,81,1.9874640928253957,1.9874640928253957,0.30151511390753266,1.2703296776034885,2.7053237358597944,81,1.219744171744895,1.219744171744895,0.3027038758236976,0.75,2.212453205604737,81,0.8120884137393153,0.8263962332537989,0.10275519926631112,0.5561934259416487,1.0,81,1.0584977019402422,1.041526649128181,0.2810619135789203,0.5,1.7948564452614986,81,33.668746893912825,32.41701178883637,10.663193555987432,16.107772157465998,74.3658282721673,81,40.73526520692952,40.735265206929526,7.105427357601002e-15,40.735265206929526,40.735265206929526,81
granite_good_dense,49,20,20.5,36.209687074110626,32.932628970418214,42.29581169975483,42.29581169975483,46.17991416967609,45.63226592860802,1.2753469555028003,9.970227095565463,0.1056283497599857,1.0788837971130019,3.336454228853192,94,100.0,100.0,100.0,98.68828108131821,98.52082682122334,1.7142857142857142,12,100.0,0.3,99.95588995549635,3,1.4,P32_derived_Jv_proxy,100.0,100.0,-1.311718918681791,-1.4791731787766622,-1.311718918681791,-1.4791731787766622,1.311718918681791,1.4791731787766622,1.311718918681791,1.4791731787766622,94,12,4,90,0.9574468085106383,0.0425531914893617,78.53981633974483,7.0,1.196845172051053,1.7142857142857142,1.7142857142857142,0.05092958178940651,1.1459155902616465,0.10952554623089827,0.09722692934684751,0.012298616884050761,0,1,1,1,1,1,100.0,100.0,0.0,100.0,100.0,81,4.0,4.0,0.0,4.0,4.0,81,2.025026464247985,2.025026464247985,0.2827728284279812,1.4193162563238955,2.78560799238564,81,1.196942665755557,1.196942665755557,0.2938022545145864,0.75,1.8774351811293823,81,0.8026806372678075,0.8033954083239402,0.09584258282879426,0.6100266111428901,1.0,81,1.0182730122477035,0.9792060697134359,0.28131329178959874,0.5,1.6351497209584223,81,36.209687074110626,32.932628970418214,12.132590759673688,19.033667333663267,80.08203961948414,81,42.29581169975483,42.29581169975483,0.0,42.29581169975483,42.29581169975483,81
granite_good_dense,49,30,30.5,33.3374784563051,31.74658495331448,41.1191210877733,41.1191210877733,37.891926768391805,38.41236611025471,1.1366164606017264,4.554448312086706,0.055613941253612076,0.9341728396445846,-2.7067549775185924,87,100.0,100.0,100.0,98.92928093622605,99.29881838436891,1.0,7,100.0,0.2,99.98026467728904,2,1.4,P32_derived_Jv_proxy,100.0,100.0,-1.07071906377395,-0.7011816156310857,-1.07071906377395,-0.7011816156310857,1.07071906377395,0.7011816156310857,1.07071906377395,0.7011816156310857,87,7,2,85,0.9770114942528736,0.022988505747126436,78.53981633974483,7.0,1.1077184039195915,1.0,1.0,0.025464790894703253,1.0822536130248883,0.1417002463722986,0.10116105673221854,0.040539189640080076,1,1,1,1,1,1,100.0,100.0,0.0,100.0,100.0,81,4.0,4.0,0.0,4.0,4.0,81,1.9990842214962183,1.9990842214962183,0.2915953662128456,1.3733748692311025,2.7247433729920503,81,1.2154225142780608,1.2154225142780608,0.2648221814511195,0.75,1.830548263049637,81,0.8059181062213961,0.8067780888304694,0.09760486076169199,0.5334840383219855,1.0,81,1.0781340564538626,1.0756367145839782,0.28601625896325994,0.5,1.8009480701978726,81,33.3374784563051,31.74658495331448,11.295807932626321,16.02112726771111,76.23056797808948,81,41.1191210877733,41.1191210877733,0.0,41.1191210877733,41.1191210877733,81
granite_good_dense,49,40,40.5,33.308094401261776,31.72853906519885,39.3822058246841,39.38220582468411,36.79201496204941,43.56345202551643,1.104596814180269,3.483920560787631,0.04320378632028099,1.1061709498814207,4.181246200832334,102,100.0,100.0,100.0,98.71844965207121,98.669834966602,1.2857142857142858,9,100.0,0.5,99.87908957257498,5,1.4,P32_derived_Jv_proxy,100.0,100.0,-1.2815503479287855,-1.3301650333980035,-1.2815503479287855,-1.3301650333980035,1.2815503479287855,1.3301650333980035,1.2815503479287855,1.3301650333980035,102,9,2,100,0.9803921568627451,0.0196078431372549,78.53981633974483,7.0,1.298704335629866,1.2857142857142858,1.2857142857142858,0.025464790894703253,1.2732395447351628,0.121557615193985,0.15916327347618853,-0.037605658282203525,1,1,1,1,1,1,100.0,100.0,0.0,100.0,100.0,81,4.0,4.0,0.0,4.0,4.0,81,1.9183605681048483,1.9183605681048483,0.3421096823458462,1.1026849529718854,2.6809220081090164,81,1.2177838492876216,1.2177838492876216,0.2740448729701554,0.75,1.9550936534841226,81,0.8078007719868309,0.8038118371455693,0.10780495577246738,0.43378714797851214,1.0,81,1.0281099087018273,1.0352591536118272,0.2803522715671556,0.5588251103462913,1.7410191032665125,81,33.308094401261776,31.72853906519885,10.298329371130997,15.821300157723275,60.35064864868095,81,39.3822058246841,39.38220582468411,7.105427357601002e-15,39.38220582468411,39.38220582468411,81
granite_good_dense,49,50,50.5,37.21728650192616,34.91032661168936,43.31120816880674,43.31120816880675,35.19812134996626,40.43418322796553,0.9457465779549672,-2.0191651519599034,-0.02422522146314665,0.933573200506716,-2.87702494084121,90,100.0,100.0,100.0,99.12554730897448,98.45934387164628,1.2857142857142858,9,100.0,0.2,99.98026467728904,2,1.4,P32_derived_Jv_proxy,100.0,100.0,-0.8744526910255246,-1.5406561283537172,-0.8744526910255246,-1.5406561283537172,0.8744526910255246,1.5406561283537172,0.8744526910255246,1.5406561283537172,90,9,6,84,0.9333333333333333,0.06666666666666667,78.53981633974483,7.0,1.1459155902616465,1.2857142857142858,1.2857142857142858,0.07639437268410976,1.0695212175775366,0.12603668666137746,0.1281808427255855,-0.002144156064208036,1,1,1,1,1,1,100.0,100.0,0.0,100.0,100.0,81,4.0,4.0,0.0,4.0,4.0,81,2.0570429375853703,2.0570429375853703,0.27194341114155396,1.4412192447108165,2.807648640391881,81,1.1873617849495117,1.1873617849495117,0.2538203797869879,0.75,1.940044626092862,81,0.798102691007179,0.8116350744354175,0.0959528741109582,0.5233562620188199,1.0,81,1.0140491393403188,0.9883664598149039,0.27999222552958714,0.5,1.6671270713542141,81,37.21728650192616,34.91032661168936,12.517971799957488,17.682135997851603,72.6098297582971,81,43.31120816880674,43.31120816880675,7.105427357601002e-15,43.31120816880675,43.31120816880675,81
granite_good_dense,49,60,60.5,36.63687905604893,33.250050761074085,41.26909965743772,41.26909965743772,35.487501003386846,43.552580960611905,0.9686278394263957,-1.1493780526620867,-0.01384305301040234,1.0553315027981873,2.2834813031741845,103,100.0,100.0,100.0,98.97529884321894,99.41546718416224,1.0,7,100.0,0.3,99.95588995549635,3,1.4,P32_derived_Jv_proxy,100.0,100.0,-1.024701156781063,-0.5845328158377612,-1.024701156781063,-0.5845328158377612,1.024701156781063,0.5845328158377612,1.024701156781063,0.5845328158377612,103,7,3,100,0.970873786407767,0.02912621359223301,78.53981633974483,7.0,1.3114367310772175,1.0,1.0,0.03819718634205488,1.2732395447351628,0.11325497345329194,0.09482962532134098,0.018425348131950958,1,1,1,1,1,1,100.0,100.0,0.0,100.0,100.0,81,4.0,4.0,0.0,4.0,4.0,81,1.9723973299543627,1.9723973299543627,0.30283516812002226,1.2616681976810358,2.707342952787262,81,1.1948390844037275,1.1948390844037275,0.27326021693914015,0.75,2.105856538786017,81,0.8158225379379701,0.8253953465711736,0.09598350343512235,0.5449674353041102,1.0,81,1.0148003335866194,1.0321918656560003,0.2930315213963172,0.5,1.690232887708877,81,36.63687905604893,33.250050761074085,13.703346929123141,17.30421286287235,78.95332203859468,81,41.26909965743772,41.26909965743772,0.0,41.26909965743772,41.26909965743772,81
granite_good_dense,49,70,70.5,37.449942362607274,35.035005710411255,40.95918411650758,40.95918411650758,40.81744159432969,40.745870720224964,1.0899200110674876,3.3674992317224195,0.03739462635648971,0.9947920496737471,-0.21331339628261503,91,100.0,100.0,100.0,99.80458435497147,98.8703566877639,0.8571428571428571,6,100.0,0.1,99.99503320866597,1,1.4,P32_derived_Jv_proxy,100.0,100.0,-0.19541564502853248,-1.129643312236098,-0.19541564502853248,-1.129643312236098,0.19541564502853248,1.129643312236098,0.19541564502853248,1.129643312236098,91,6,2,89,0.978021978021978,0.02197802197802198,78.53981633974483,7.0,1.158647985708998,0.8571428571428571,0.8571428571428571,0.025464790894703253,1.1331831948142947,0.12608074442946537,0.14354684623779068,-0.017466101808325307,1,1,1,1,1,1,100.0,100.0,0.0,100.0,100.0,81,4.0,4.0,0.0,4.0,4.0,81,2.021755989770844,2.021755989770844,0.325397079945739,1.1765849108802051,2.904801283578133,81,1.2340065075637248,1.2340065075637248,0.2717308266901649,0.75,1.915130575335397,81,0.8047353331915218,0.8013749957062574,0.09427592358966462,0.5571607811470304,1.0,81,0.9530808022619482,0.9240469948446344,0.259513988253164,0.5,1.5148708932821469,81,37.449942362607274,35.035005710411255,12.163577361950333,18.90379078978066,73.09879396657631,81,40.95918411650758,40.95918411650758,0.0,40.95918411650758,40.95918411650758,81
granite_good_dense,49,80,80.5,37.08600341808781,34.171230469819314,43.62922347074321,43.629223470743206,36.410757983049606,43.09418674783889,0.9817924453215988,-0.6752454350382067,-0.007980314024461865,0.987736735143519,-0.5350367229043229,102,100.0,100.0,100.0,99.22411563683602,99.61598890532413,0.5714285714285714,4,100.0,0.1,99.99503320866597,1,1.4,P32_derived_Jv_proxy,100.0,100.0,-0.775884363163982,-0.3840110946758699,-0.775884363163982,-0.3840110946758699,0.775884363163982,0.3840110946758699,0.775884363163982,0.3840110946758699,102,4,1,101,0.9901960784313726,0.00980392156862745,78.53981633974483,7.0,1.298704335629866,0.5714285714285714,0.5714285714285714,0.012732395447351627,1.2859719401825143,0.09428831705060192,0.0661661206413039,0.028122196409298028,1,1,1,1,1,1,100.0,100.0,0.0,100.0,100.0,81,4.0,4.0,0.0,4.0,4.0,81,2.0290390957174314,2.0290390957174314,0.29613955841455375,1.1472648182151157,2.787283526528899,81,1.1626605600017499,1.1626605600017499,0.2771300361190979,0.75,1.926005740074836,81,0.7936181600077753,0.7955307687519819,0.1017476596307102,0.5886710297266916,1.0,81,1.0098610894183522,1.0249860229469183,0.2660035296284057,0.5,1.6155016396162434,81,37.08600341808781,34.171230469819314,12.306109671248954,19.477382669509595,80.9392368547342,81,43.62922347074321,43.629223470743206,7.105427357601002e-15,43.629223470743206,43.629223470743206,81
granite_good_dense,50,10,10.5,35.54359286288119,31.7938454659252,41.254618573718865,41.254618573718865,28.122689560101268,42.18063707900508,0.7912168493655658,-7.420903302779923,-0.10170447279033556,1.0224464202385362,0.9260185052862155,106,100.0,100.0,100.0,98.49348706516408,99.61598890532413,0.5714285714285714,4,100.0,0.1,99.99503320866597,1,1.4,P32_derived_Jv_proxy,100.0,100.0,-1.506512934835925,-0.3840110946758699,-1.506512934835925,-0.3840110946758699,1.506512934835925,0.3840110946758699,1.506512934835925,0.3840110946758699,106,4,0,106,1.0,0.0,78.53981633974483,7.0,1.3496339174192724,0.5714285714285714,0.5714285714285714,0.0,1.3496339174192724,0.09963015017148924,0.056992379468762455,0.042637770702726785,0,1,1,1,1,1,100.0,100.0,0.0,100.0,100.0,81,4.0,4.0,0.0,4.0,4.0,81,1.995119871172635,1.995119871172635,0.26321062301137177,1.2939940080858248,2.7176823149232057,81,1.209028188933263,1.209028188933263,0.25579025045040393,0.75,1.953402756917707,81,0.7955343864600936,0.7809868200684269,0.09177243480029444,0.5537817811934956,0.9840822758677985,81,1.0213685082062083,1.0395604635837303,0.330128132818617,0.5,1.8644055566427016,81,35.54359286288119,31.7938454659252,11.855387599754163,18.01830442986228,67.46045947822566,81,41.254618573718865,41.254618573718865,0.0,41.254618573718865,41.254618573718865,81
granite_good_dense,50,20,20.5,38.1875270999112,37.85246393210912,44.049402077576815,44.049402077576815,37.65449521140533,47.8675516699438,0.9860417280461424,-0.5330318885058674,-0.006104705873475114,1.0866788063466268,3.8181495923669857,81,100.0,100.0,100.0,98.11715813299496,98.74415504701619,1.2857142857142858,9,100.0,0.2,99.98026467728904,2,1.4,P32_derived_Jv_proxy,100.0,100.0,-1.882841867005041,-1.2558449529838072,-1.882841867005041,-1.2558449529838072,1.882841867005041,1.2558449529838072,1.882841867005041,1.2558449529838072,81,9,3,78,0.9629629629629629,0.037037037037037035,78.53981633974483,7.0,1.0313240312354817,1.2857142857142858,1.2857142857142858,0.03819718634205488,0.9931268448934268,0.13509732362416504,0.03341158889609064,0.1016857347280744,1,1,1,1,1,1,100.0,100.0,0.0,100.0,100.0,81,4.0,4.0,0.0,4.0,4.0,81,2.0400633972162323,2.0400633972162323,0.2957558680691701,1.4913745857111018,2.872394648939023,81,1.1578269516708826,1.1578269516708826,0.27179977226753105,0.75,1.715658605387397,81,0.7933618928165986,0.7918102767390782,0.11005258019205046,0.5248795410418331,1.0,81,0.9900331527042265,0.9735808827074941,0.2853629792595352,0.5,1.8140894592506938,81,38.1875270999112,37.85246393210912,11.701953468942204,18.53700723600372,70.5711109789068,81,44.049402077576815,44.049402077576815,0.0,44.049402077576815,44.049402077576815,81
granite_good_dense,50,30,30.5,35.26080484752601,32.92859121199431,41.38247693632333,41.382476936323336,30.962570631677217,42.03022242219612,0.8781016419099018,-4.298234215848794,-0.056455210784430276,1.0156526514077322,0.6477454858727896,98,100.0,100.0,100.0,97.52518287358895,98.56066567350224,1.4285714285714286,10,100.0,0.1,99.99503320866597,1,1.4,P32_derived_Jv_proxy,100.0,100.0,-2.474817126411054,-1.4393343264977574,-2.474817126411054,-1.4393343264977574,2.474817126411054,1.4393343264977574,2.474817126411054,1.4393343264977574,98,10,3,95,0.9693877551020408,0.030612244897959183,78.53981633974483,7.0,1.2477747538404593,1.4285714285714286,1.4285714285714286,0.03819718634205488,1.2095775674984046,0.10514592414115975,0.11707512359821881,-0.011929199457059059,1,1,1,1,1,1,100.0,100.0,0.0,100.0,100.0,81,4.0,4.0,0.0,4.0,4.0,81,2.0148791960097,2.0148791960097,0.28590077177069745,1.2201049212729607,2.5860242589976763,81,1.2172296979166237,1.2172296979166237,0.26298178959873586,0.75,1.9842379256009055,81,0.7872961158187808,0.7972223219889195,0.10384230147324675,0.5615071323303882,1.0,81,1.0167259208804145,1.018968127164253,0.2896808416069519,0.5,1.9387880917179439,81,35.26080484752601,32.92859121199431,13.456252996727232,15.915088134044861,79.00041186977613,81,41.38247693632333,41.382476936323336,7.105427357601002e-15,41.382476936323336,41.382476936323336,81
granite_good_dense,50,40,40.5,34.0822623255625,30.74010971638377,41.78734823540865,41.78734823540865,45.223340785118744,44.56696901248397,1.326887879482113,11.14107845955624,0.12283422702462121,1.0665182380422025,2.7796207770753227,109,100.0,100.0,100.0,96.82394699031688,99.18216958457558,1.0,7,100.0,0.2,99.98026467728904,2,1.4,P32_derived_Jv_proxy,100.0,100.0,-3.176053009683116,-0.8178304154244245,-3.176053009683116,-0.8178304154244245,3.176053009683116,0.8178304154244245,3.176053009683116,0.8178304154244245,109,7,5,104,0.9541284403669725,0.045871559633027525,78.53981633974483,7.0,1.3878311037613273,1.0,1.0,0.06366197723675814,1.3241691265245692,0.09897016243186196,0.07372680674455279,0.025243355687309177,0,1,1,1,1,1,100.0,100.0,0.0,100.0,100.0,81,4.0,4.0,0.0,4.0,4.0,81,2.006331841956772,2.006331841956772,0.3024990433011672,1.3211262705109232,2.8215137928727154,81,1.2003225417978904,1.2003225417978904,0.2574624521368679,0.75,1.8203345858731235,81,0.7892632851811698,0.7904588545357104,0.09678555341746373,0.5450880953344516,1.0,81,1.0582551932642357,1.0546872355950234,0.3003887592593481,0.5,1.8401142922808147,81,34.0822623255625,30.74010971638377,11.68058281692569,15.555540858426552,69.96065626638317,81,41.78734823540865,41.78734823540865,0.0,41.78734823540865,41.78734823540865,81
granite_good_dense,50,50,50.5,34.891001689288146,31.54465679550074,42.41644954837472,42.41644954837472,30.205784457955932,37.16515999874631,0.8657184659513338,-4.685217231332214,-0.06262331879409277,0.8761968621716094,-5.25128954962841,124,99.54363016238614,99.54363016238614,99.54363016238614,97.20068324524297,98.83799734217858,1.2857142857142858,9,99.54363016238614,0.2,99.98026467728904,2,1.4,P32_derived_Jv_proxy,100.0,99.54363016238614,-2.3429469171431663,-0.7056328202075548,-2.7993167547570295,-1.162002657821418,2.3429469171431663,0.7056328202075548,2.7993167547570295,1.162002657821418,124,9,5,119,0.9596774193548387,0.04032258064516129,78.53981633974483,7.0,1.5788170354716018,1.2857142857142858,1.2857142857142858,0.06366197723675814,1.5151550582348436,0.10805012536099545,0.04917258236469024,0.05887754299630521,1,1,1,1,1,1,99.54363016238614,99.54363016238614,0.0,99.54363016238614,99.54363016238614,81,4.0,4.0,0.0,4.0,4.0,81,2.0206041723684667,2.0206041723684667,0.27207444955015464,1.3270270120004577,2.637843293014707,81,1.18549688022231,1.18549688022231,0.27231251988176775,0.75,2.030793122288232,81,0.7893542837799735,0.7914503017375882,0.09093508364992649,0.5214981345946683,1.0,81,1.0636705114418306,1.0421842854706984,0.3342966007719294,0.5,1.9263354491396614,81,34.891001689288146,31.54465679550074,12.618718485379537,15.19600711571675,75.29309561313917,81,42.41644954837472,42.41644954837472,0.0,42.41644954837472,42.41644954837472,81
granite_good_dense,50,60,60.5,32.68344077985166,31.246329055823562,40.99744484020682,40.99744484020682,36.773687015041865,38.63622409502765,1.1251473571201145,4.090246235190207,0.051209404396933556,0.9424056607824621,-2.3612207451791676,96,100.0,100.0,100.0,94.11635098552911,97.41371954528299,1.7142857142857142,12,100.0,0.4,99.92210167184162,4,1.4,P32_derived_Jv_proxy,100.0,100.0,-5.88364901447089,-2.586280454717013,-5.88364901447089,-2.586280454717013,5.88364901447089,2.586280454717013,5.88364901447089,2.586280454717013,96,12,2,94,0.9791666666666666,0.020833333333333332,78.53981633974483,7.0,1.2223099629457561,1.7142857142857142,1.7142857142857142,0.025464790894703253,1.196845172051053,0.1058082051646867,0.12018224792235632,-0.014374042757669625,1,1,1,1,1,1,100.0,100.0,0.0,100.0,100.0,81,4.0,4.0,0.0,4.0,4.0,81,1.972335760952162,1.972335760952162,0.3215843534950326,1.1906889612963416,2.8977982814001213,81,1.2027187112755513,1.2027187112755513,0.28666349005525754,0.75,1.876284165674038,81,0.7874601381764889,0.7843495387742621,0.09695425210959312,0.5481788268996802,1.0,81,1.055896049145417,1.0567827711880764,0.262994875293279,0.5,1.7275956147172196,81,32.68344077985166,31.246329055823562,9.84310300946046,18.69448919721938,62.468224061128254,81,40.99744484020682,40.99744484020682,0.0,40.99744484020682,40.99744484020682,81
granite_good_dense,50,70,70.5,37.364010438426384,36.666223055877964,43.821401633914554,43.82140163391456,44.41236689230002,44.34980785781685,1.1886402549182695,7.048356453873637,0.07505043414433143,1.0120581771508959,0.5284062239022944,83,100.0,100.0,100.0,96.20960260567021,98.47101859515065,1.5714285714285714,11,100.0,0.1,99.99503320866597,1,1.4,P32_derived_Jv_proxy,100.0,100.0,-3.790397394329787,-1.5289814048493469,-3.790397394329787,-1.5289814048493469,3.790397394329787,1.5289814048493469,3.790397394329787,1.5289814048493469,83,11,4,79,0.9518072289156626,0.04819277108433735,78.53981633974483,7.0,1.056788822130185,1.5714285714285714,1.5714285714285714,0.05092958178940651,1.0058592403407784,0.11430216084704947,0.14851101396565614,-0.034208853118606664,1,1,1,1,1,1,100.0,100.0,0.0,100.0,100.0,81,4.0,4.0,0.0,4.0,4.0,81,2.066942126389601,2.066942126389601,0.2830889948649952,1.3484560987716259,2.8977982814001213,81,1.1791853120405094,1.1791853120405094,0.30165813061301183,0.75,2.139953479541858,81,0.7906703835997104,0.8031802299317032,0.09232205502845092,0.5855439423010901,1.0,81,1.005069477355901,1.0085529256467987,0.28649813452047623,0.5,1.766908609332754,81,37.364010438426384,36.666223055877964,11.327130712809453,16.76688381675882,65.1718238121526,81,43.821401633914554,43.82140163391456,7.105427357601002e-15,43.82140163391456,43.82140163391456,81
granite_good_dense,50,80,80.5,37.253788802501056,34.33174308679495,42.468069867718505,42.46806986771851,32.13173608413323,35.440125101839634,0.8625092136125506,-5.122052718367826,-0.0642362569506687,0.8345122632657939,-7.027944765878871,88,100.0,100.0,100.0,97.41681028367347,97.98568569861884,2.0,14,100.0,0.2,99.98026467728904,2,1.4,P32_derived_Jv_proxy,100.0,100.0,-2.5831897163265296,-2.0143143013811624,-2.5831897163265296,-2.0143143013811624,2.5831897163265296,2.0143143013811624,2.5831897163265296,2.0143143013811624,88,14,4,84,0.9545454545454546,0.045454545454545456,78.53981633974483,7.0,1.1204507993669433,2.0,2.0,0.05092958178940651,1.0695212175775366,0.11335373605826538,0.07096432028930122,0.042389415768964156,1,1,1,1,1,1,100.0,100.0,0.0,100.0,100.0,81,4.0,4.0,0.0,4.0,4.0,81,2.0156835001511166,2.0156835001511166,0.3372073995374607,1.1702952864718503,2.7401138594110654,81,1.1865876565792017,1.1865876565792017,0.2793432876283342,0.75,1.7490101856623068,81,0.7938390319979844,0.7991128798108118,0.10819846485450738,0.5738170559431729,1.0,81,1.0118141904934224,1.0057213680815007,0.3164670787012683,0.5,1.8821514771085883,81,37.253788802501056,34.33174308679495,14.534598130554222,16.329492418877717,79.40540089171492,81,42.468069867718505,42.46806986771851,7.105427357601002e-15,42.46806986771851,42.46806986771851,81
granite_good_dense,51,10,10.5,37.80559413580589,34.52973930540756,41.12921594948882,41.12921594948882,47.99853342708214,38.189392382716186,1.269614577532124,10.192939291276247,0.10367190028224837,0.9285222560434155,-2.939823566772631,97,99.50876622143042,99.50876622143042,99.50876622143042,98.3283938574617,99.48230775788286,0.8571428571428571,6,99.50876622143042,0.3,99.95588995549635,3,1.4,P32_derived_Jv_proxy,100.0,99.50876622143042,-1.180372363968715,-0.026458463547555766,-1.6716061425382946,-0.5176922421171355,1.180372363968715,0.026458463547555766,1.6716061425382946,0.5176922421171355,97,6,2,95,0.979381443298969,0.020618556701030927,78.53981633974483,7.0,1.2350423583931078,0.8571428571428571,0.8571428571428571,0.025464790894703253,1.2095775674984046,0.10765546566451811,0.164073714029923,-0.05641824836540488,0,1,1,1,1,1,99.50876622143042,99.50876622143042,0.0,99.50876622143042,99.50876622143042,81,4.0,4.0,0.0,4.0,4.0,81,2.000657653882262,2.000657653882262,0.3028254475382658,1.0164320987210695,2.7111796062400577,81,1.2101067949713724,1.2101067949713724,0.2804782126953479,0.75,1.8918938309074875,81,0.8069341623113596,0.8050898115906931,0.09220232731602251,0.5303740571999812,1.0,81,0.9772009866085334,0.9338746072220193,0.3038260494765155,0.5,1.6612061864765497,81,37.80559413580589,34.52973930540756,14.027989471307281,19.15809920208976,80.38520758189965,81,41.12921594948882,41.12921594948882,0.0,41.12921594948882,41.12921594948882,81
granite_good_dense,51,20,20.5,38.07342715567927,33.7449612202047,41.52638503781992,41.52638503781992,52.017096315175074,47.39073663067779,1.3662309962925383,13.943669159495805,0.13552413414335085,1.1412198915825913,5.864351592857872,92,100.0,100.0,100.0,97.9587529836789,99.11532901085492,1.1428571428571428,8,100.0,0.2,99.98026467728904,2,1.4,P32_derived_Jv_proxy,100.0,100.0,-2.041247016321094,-0.8846709891450786,-2.041247016321094,-0.8846709891450786,2.041247016321094,0.8846709891450786,2.041247016321094,0.8846709891450786,92,8,5,87,0.9456521739130435,0.05434782608695652,78.53981633974483,7.0,1.1713803811563497,1.1428571428571428,1.1428571428571428,0.06366197723675814,1.1077184039195915,0.12040777139703662,0.07308920404443953,0.047318567352597096,0,1,1,1,1,1,100.0,100.0,0.0,100.0,100.0,81,4.0,4.0,0.0,4.0,4.0,81,2.0228358681874807,2.0228358681874807,0.2579113880793638,1.4419814349008189,2.668289402668328,81,1.2178015654054613,1.2178015654054613,0.2724470531161253,0.75,2.0017926282362293,81,0.815941136305098,0.8072649511295511,0.10039738939437683,0.5145903613530548,1.0,81,0.9912417643209227,1.0167203311381006,0.29466277594248785,0.5,1.670831042112046,81,38.07342715567927,33.7449612202047,14.407025856546747,14.146449504871951,83.05277007563984,81,41.52638503781992,41.52638503781992,0.0,41.52638503781992,41.52638503781992,81
granite_good_dense,51,30,30.5,34.24016772566881,32.71722417551598,41.53892379343127,41.53892379343127,37.42659187225716,41.162301596064275,1.0930609970172427,3.186424146588351,0.03864439793217911,0.9909332702204828,-0.37662219736699853,103,100.0,100.0,100.0,97.79822867265318,98.22068864791605,1.8571428571428572,13,100.0,0.6,99.82704055993037,6,1.4,P32_derived_Jv_proxy,100.0,100.0,-2.201771327346819,-1.7793113520839512,-2.201771327346819,-1.7793113520839512,2.201771327346819,1.7793113520839512,2.201771327346819,1.7793113520839512,103,13,5,98,0.9514563106796117,0.04854368932038835,78.53981633974483,7.0,1.3114367310772175,1.8571428571428572,1.8571428571428572,0.06366197723675814,1.2477747538404593,0.11614058499137403,0.12749058761997456,-0.01135000262860053,1,1,1,1,1,1,100.0,100.0,0.0,100.0,100.0,81,4.0,4.0,0.0,4.0,4.0,81,2.021203144137352,2.021203144137352,0.2965793953665906,1.5204826163328187,2.653990355986703,81,1.2164513181591947,1.2164513181591947,0.264866522035973,0.75,1.8356063740412332,81,0.7858091298014285,0.7845142905262456,0.08985074709213502,0.5715791235736324,1.0,81,1.0310814505311707,1.0169442276015848,0.2911337577769954,0.5,1.9044562340043607,81,34.24016772566881,32.71722417551598,10.25472161312955,14.887622946396633,62.74295205987401,81,41.53892379343127,41.53892379343127,0.0,41.53892379343127,41.53892379343127,81
granite_good_dense,51,40,40.5,35.55871187635412,31.68408375442276,42.523717167641614,42.52371716764161,41.41420484473215,37.45062395255487,1.1646711216294598,5.85549296837803,0.06620330714252542,0.8806996764867229,-5.073093215086743,90,100.0,100.0,100.0,97.3503553540548,99.02148671569255,1.1428571428571428,8,100.0,0.2,99.98026467728904,2,1.4,P32_derived_Jv_proxy,100.0,100.0,-2.6496446459452017,-0.9785132843074535,-2.6496446459452017,-0.9785132843074535,2.6496446459452017,0.9785132843074535,2.6496446459452017,0.9785132843074535,90,8,3,87,0.9666666666666667,0.03333333333333333,78.53981633974483,7.0,1.1459155902616465,1.1428571428571428,1.1428571428571428,0.03819718634205488,1.1077184039195915,0.10345218320381488,0.11182431269340365,-0.008372129489588764,1,1,1,1,1,1,100.0,100.0,0.0,100.0,100.0,81,4.0,4.0,0.0,4.0,4.0,81,2.026675638454535,2.026675638454535,0.3172662060960244,0.7309266782065613,2.7151018315098345,81,1.1914972240460275,1.1914972240460275,0.26689847897796665,0.75,1.9028550017857553,81,0.807218682264119,0.789772509678702,0.10283430440142691,0.5538072656124634,1.0,81,1.0463773473319053,1.0966182589559417,0.2587405606464073,0.5,1.6718416434034427,81,35.55871187635412,31.68408375442276,12.749648590015386,17.507704537461926,78.2879103924741,81,42.523717167641614,42.52371716764161,7.105427357601002e-15,42.52371716764161,42.52371716764161,81
granite_good_dense,51,50,50.5,34.71479317488753,32.608036719241774,41.69693011222216,41.69693011222216,24.741889381660922,39.78033002795984,0.7127189050793208,-9.97290379322661,-0.14708172126094343,0.9540349834123513,-1.9166000842623205,102,100.0,100.0,100.0,96.77166681499303,99.3486266104416,1.1428571428571428,8,100.0,0.3,99.95588995549635,3,1.4,P32_derived_Jv_proxy,100.0,100.0,-3.2283331850069743,-0.6513733895584011,-3.2283331850069743,-0.6513733895584011,3.2283331850069743,0.6513733895584011,3.2283331850069743,0.6513733895584011,102,8,4,98,0.9607843137254902,0.0392156862745098,78.53981633974483,7.0,1.298704335629866,1.1428571428571428,1.1428571428571428,0.05092958178940651,1.2477747538404593,0.12669093985081992,0.12859168596601178,-0.0019007461151918648,0,1,1,1,1,1,100.0,100.0,0.0,100.0,100.0,81,4.0,4.0,0.0,4.0,4.0,81,1.9929736059592054,1.9929736059592054,0.2828444840811562,1.363696464782462,2.7539034796209463,81,1.194916268772882,1.194916268772882,0.2781486004266425,0.75,1.956009607527756,81,0.7970853688359029,0.7941504334039503,0.09886732986393418,0.536069052069871,1.0,81,1.0434167522196485,1.0320528664875812,0.29676652321174823,0.5,1.9662893953373841,81,34.71479317488753,32.608036719241774,11.365796185841594,15.83644552309118,71.15223017364484,81,41.69693011222216,41.69693011222216,0.0,41.69693011222216,41.69693011222216,81
granite_good_dense,51,60,60.5,34.769882101363436,33.05081393316562,40.94910354635995,40.94910354635996,57.092718241457355,40.88142259668076,1.642016446159263,22.32283614009392,0.21537750262535083,0.99834719337378,-0.06768094967919325,91,100.0,100.0,100.0,98.2409566762088,99.43249953181018,0.7142857142857143,5,100.0,0.1,99.99503320866597,1,1.4,P32_derived_Jv_proxy,100.0,100.0,-1.7590433237912038,-0.5675004681898201,-1.7590433237912038,-0.5675004681898201,1.7590433237912038,0.5675004681898201,1.7590433237912038,0.5675004681898201,91,5,1,90,0.989010989010989,0.01098901098901099,78.53981633974483,7.0,1.158647985708998,0.7142857142857143,0.7142857142857143,0.012732395447351627,1.1459155902616465,0.12798307395937025,0.09759399051856066,0.030389083440809594,0,0,1,1,1,1,100.0,100.0,0.0,100.0,100.0,81,4.0,4.0,0.0,4.0,4.0,81,1.9550986386434412,1.9550986386434412,0.2973786730259157,1.2234896473314993,2.619956038292964,81,1.193615042408684,1.193615042408684,0.26054591758852547,0.75,1.7591132215522354,81,0.8131424001623218,0.818556709405455,0.09702222170858028,0.5086314498032902,1.0,81,1.0559840633695008,1.0668078586324339,0.31574060399209253,0.5,1.689659858254578,81,34.769882101363436,33.05081393316562,12.20971253257487,16.598190875230745,71.86529469252386,81,40.94910354635995,40.94910354635996,7.105427357601002e-15,40.94910354635996,40.94910354635996,81
granite_good_dense,51,70,70.5,35.72247949030074,31.066401052409397,39.201752130632656,39.20175213063267,29.233748644437924,35.36441492219965,0.8183572098452847,-6.488730845862818,-0.08705708703527892,0.9021131199532668,-3.8373372084330057,109,100.0,100.0,100.0,98.88006102829766,98.4195050193674,1.5714285714285714,11,100.0,0.3,99.95588995549635,3,1.4,P32_derived_Jv_proxy,100.0,100.0,-1.1199389717023394,-1.5804949806325936,-1.1199389717023394,-1.5804949806325936,1.1199389717023394,1.5804949806325936,1.1199389717023394,1.5804949806325936,109,11,4,105,0.963302752293578,0.03669724770642202,78.53981633974483,7.0,1.3878311037613273,1.5714285714285714,1.5714285714285714,0.05092958178940651,1.336901521971921,0.11556874136259243,0.0873661219129086,0.02820261944968383,1,1,1,1,1,1,100.0,100.0,0.0,100.0,100.0,81,4.0,4.0,0.0,4.0,4.0,81,1.9989353558426235,1.9989353558426235,0.28932245611543844,1.3189048250041555,2.783247651233477,81,1.2747742429863447,1.2747742429863447,0.2887589065330035,0.75,2.083617241142895,81,0.8023404130066586,0.8042982252052315,0.0945332022242995,0.5760668787595602,1.0,81,0.9797225629969077,0.9885438605895746,0.2973216732079027,0.5,1.7695815526314984,81,35.72247949030074,31.066401052409397,13.204762863486113,17.38579551360123,75.05541980502164,81,39.201752130632656,39.20175213063267,1.4210854715202004e-14,39.20175213063267,39.20175213063267,81
granite_good_dense,51,80,80.5,35.369556222067736,33.57176291128669,40.00041942190274,40.00041942190274,39.495249187269664,43.135683569279145,1.116645313254675,4.125692965201928,0.047915247459570764,1.0783807818189939,3.135264147376404,83,100.0,100.0,100.0,99.65788815354871,99.29881838436891,1.0,7,100.0,0.2,99.98026467728904,2,1.4,P32_derived_Jv_proxy,100.0,100.0,-0.34211184645128867,-0.7011816156310857,-0.34211184645128867,-0.7011816156310857,0.34211184645128867,0.7011816156310857,0.34211184645128867,0.7011816156310857,83,7,3,80,0.963855421686747,0.03614457831325301,78.53981633974483,7.0,1.056788822130185,1.0,1.0,0.03819718634205488,1.0185916357881302,0.12275725415448047,0.06911258639029272,0.05364466776418775,1,1,1,1,1,1,100.0,100.0,0.0,100.0,100.0,81,4.0,4.0,0.0,4.0,4.0,81,2.0362364842955443,2.0362364842955443,0.2728297671661376,1.515128345992701,2.896660440381668,81,1.272634458415564,1.272634458415564,0.2803815347075795,0.75,1.9404365064514055,81,0.805383436447178,0.8076600411866947,0.1002509035550152,0.5610539298096725,1.0,81,0.9952001961939748,0.9894195621814642,0.28467629427346325,0.5,1.7737852241566043,81,35.369556222067736,33.57176291128669,11.945142490358434,15.31358212501026,74.78178037121005,81,40.00041942190274,40.00041942190274,0.0,40.00041942190274,40.00041942190274,81
