case_name,seed,face_x_idx,face_x_coord,Q_face_mean,Q_face_median,Qp_face_mean,Qp_face_median,Q_borehole_mean,Qp_borehole_mean,Q_ratio,Q_difference,Q_log_ratio,Qp_ratio,Qp_difference,face_joints_count,face_rqd_practical,face_rqd_mean,face_rqd_min_dir,RQD_borehole_direct,RQD_borehole_hudson,lambda_borehole,borehole_n_intersections_total,RQD_face_scanline,lambda_face_scanline,RQD_face_scanline_hudson,face_scanline_n_intersections,Jv_face,Jv_method,RQD_face_jv,RQD_face_conservative,RQD_diff_bh_direct_minus_face_scanline,RQD_diff_bh_hudson_minus_face_scanline,RQD_diff_bh_direct_minus_face_jv,RQD_diff_bh_hudson_minus_face_jv,RQD_absdiff_bh_direct_face_scanline,RQD_absdiff_bh_hudson_face_scanline,RQD_absdiff_bh_direct_face_jv,RQD_absdiff_bh_hudson_face_jv,face_joint_count,bh_union_fracture_count,common_union_fracture_count,missed_union_fracture_count,miss_ratio_union,detection_ratio_union,face_area,window_length,face_fracture_density,bh_fracture_frequency_mean,bh_union_fracture_frequency,common_fracture_density,missed_fracture_density,face_orientation_bias,bh_union_orientation_bias,orientation_bias_gap,Q_match_strict,Q_match_normal,Q_match_loose,Qp_match_strict,Qp_match_normal,Qp_match_loose,face_RQD_mean,face_RQD_median,face_RQD_std,face_RQD_min,face_RQD_max,face_RQD_n_points,face_Jn_mean,face_Jn_median,face_Jn_std,face_Jn_min,face_Jn_max,face_Jn_n_points,face_Jr_mean,face_Jr_median,face_Jr_std,face_Jr_min,face_Jr_max,face_Jr_n_points,face_Ja_mean,face_Ja_median,face_Ja_std,face_Ja_min,face_Ja_max,face_Ja_n_points,face_Jw_mean,face_Jw_median,face_Jw_std,face_Jw_min,face_Jw_max,face_Jw_n_points,face_SRF_mean,face_SRF_median,face_SRF_std,face_SRF_min,face_SRF_max,face_SRF_n_points,face_Q_mean,face_Q_median,face_Q_std,face_Q_min,face_Q_max,face_Q_n_points,face_Qprime_mean,face_Qprime_median,face_Qprime_std,face_Qprime_min,face_Qprime_max,face_Qprime_n_points
granite_dense_unfavorable,42,10,10.5,9.899094115368234,9.192451184413093,11.441279009822752,11.441279009822754,10.33368432213282,10.827886546715886,1.043902017871503,0.43459020676458593,0.018659737081266226,0.9463877716311047,-0.6133924631068659,187,97.6413442556088,97.6413442556088,97.6413442556088,100.0,99.86631885255873,0.2857142857142857,2,97.6413442556088,2.4,97.54185477225263,24,2.2,P32_derived_Jv_proxy,100.0,97.6413442556088,2.3586557443912,2.2249745969499344,0.0,-0.13368114744126558,2.3586557443912,2.2249745969499344,0.0,0.13368114744126558,187,2,1,186,0.9946524064171123,0.0053475935828877,78.53981633974483,7.0,2.3809579486547543,0.2857142857142857,0.2857142857142857,0.012732395447351627,2.368225553207403,0.8908592905900214,0.8619923933249299,0.028866897265091507,1,1,1,1,1,1,97.6413442556088,97.6413442556088,0.0,97.6413442556088,97.6413442556088,81,4.0,4.0,0.0,4.0,4.0,81,1.1644221459709816,1.1644221459709816,0.3204171370491603,0.5,1.9192132080435826,81,2.484332029574566,2.484332029574566,0.48955030700767777,1.073426901929234,4.307606045568007,81,0.8058327165278021,0.8181410398520713,0.09698859505082212,0.5852422834053733,1.0,81,1.0105751285485172,1.0472893591873296,0.2692197399597699,0.5,1.590837079968735,81,9.899094115368234,9.192451184413093,3.3167549344057896,5.058249345732637,22.72108486222854,81,11.441279009822752,11.441279009822754,1.7763568394002505e-15,11.441279009822754,11.441279009822754,81
granite_dense_unfavorable,42,20,20.5,9.77695763075548,8.607308089704858,11.22749238036333,11.227492380363332,12.692285543187808,12.257026191544742,1.2981835477389767,2.9153279124323284,0.11333610088857804,1.0916975738039285,1.0295338111814125,181,100.0,100.0,100.0,100.0,99.93315942627937,0.14285714285714285,1,100.0,1.1,99.43758901791463,11,2.2,P32_derived_Jv_proxy,100.0,100.0,0.0,-0.06684057372062568,0.0,-0.06684057372062568,0.0,0.06684057372062568,0.0,0.06684057372062568,181,1,0,181,1.0,0.0,78.53981633974483,7.0,2.3045635759706444,0.14285714285714285,0.14285714285714285,0.0,2.3045635759706444,0.8891460140566586,0.9473485287279009,-0.05820251467124227,0,1,1,1,1,1,100.0,100.0,0.0,100.0,100.0,81,4.0,4.0,0.0,4.0,4.0,81,1.1537763730569555,1.1537763730569555,0.2982962279084699,0.5,1.940601914834916,81,2.5690874105487884,2.5690874105487884,0.48306772053427166,0.75,3.8822117195934993,81,0.798630632879434,0.8018718996317244,0.08741301252741472,0.5433440278598597,1.0,81,1.0092073471858596,0.9800795884711129,0.29175180259474975,0.5,1.818773120744136,81,9.77695763075548,8.607308089704858,3.5702961141099987,4.931135733523537,21.460669055050943,81,11.22749238036333,11.227492380363332,1.7763568394002505e-15,11.227492380363332,11.227492380363332,81
granite_dense_unfavorable,42,30,30.5,9.733870305493802,8.810704494789766,11.483037005413268,11.48303700541327,9.40848251055994,11.924000526414021,0.9665715912867451,-0.32538779493386194,-0.014765973451962955,1.0384012975655201,0.44096352100075364,181,98.11650345253786,98.11650345253786,98.11650345253786,100.0,99.86631885255873,0.2857142857142857,2,98.11650345253786,2.1,98.08069376239264,21,2.2,P32_derived_Jv_proxy,100.0,98.11650345253786,1.8834965474621441,1.7498154000208785,0.0,-0.13368114744126558,1.8834965474621441,1.7498154000208785,0.0,0.13368114744126558,181,2,1,180,0.994475138121547,0.0055248618784530384,78.53981633974483,7.0,2.3045635759706444,0.2857142857142857,0.2857142857142857,0.012732395447351627,2.291831180523293,0.8860894565672214,0.8814245098099143,0.004664946757307109,1,1,1,1,1,1,98.11650345253786,98.11650345253786,0.0,98.11650345253786,98.11650345253786,81,4.0,4.0,0.0,4.0,4.0,81,1.188686840975946,1.188686840975946,0.32197817163927034,0.5,1.9606688282806888,81,2.5391757529306433,2.5391757529306433,0.5311243012811688,1.3778524154753606,4.08235674694029,81,0.7859828510482846,0.7902061459452242,0.09814277936060319,0.41211259942630074,1.0,81,0.9982078557519091,1.0207631939712856,0.25956750463695677,0.5,1.4964035952855428,81,9.733870305493802,8.810704494789766,2.970257922422246,5.191858806674663,17.41024628383053,81,11.483037005413268,11.48303700541327,1.7763568394002505e-15,11.48303700541327,11.48303700541327,81
granite_dense_unfavorable,42,40,40.5,10.329705042595632,9.559069023914299,11.903303827981192,11.903303827981194,9.845956667847668,12.0,0.9531691976921726,-0.4837483747479645,-0.02083000061897733,1.008123473400007,0.09669617201880776,158,98.32655671403168,98.32655671403168,98.32655671403168,100.0,100.0,0.0,0,98.32655671403168,2.2,97.90729335142237,22,2.2,P32_derived_Jv_proxy,100.0,98.32655671403168,1.6734432859683182,1.6734432859683182,0.0,0.0,1.6734432859683182,1.6734432859683182,0.0,0.0,158,0,0,158,1.0,0.0,78.53981633974483,7.0,2.011718480681557,0.0,0.0,0.0,2.011718480681557,0.8819251305875319,0.0,0.8819251305875319,1,1,1,1,1,1,98.32655671403168,98.32655671403168,0.0,98.32655671403168,98.32655671403168,81,4.0,4.0,0.0,4.0,4.0,81,1.2001668785152868,1.2001668785152868,0.2914345677131849,0.5,1.9151077936833503,81,2.4784773696449025,2.4784773696449025,0.576078461232558,0.7732855411543524,3.8664047423448515,81,0.80108886078776,0.7830120710909552,0.10261550287205679,0.5791784315829681,1.0,81,0.9914101247756762,0.9808340827685149,0.2531766761769635,0.5,1.7645533590169384,81,10.329705042595632,9.559069023914299,3.34315151855301,5.453188615248977,21.982438691586324,81,11.903303827981192,11.903303827981194,1.7763568394002505e-15,11.903303827981194,11.903303827981194,81
granite_dense_unfavorable,42,50,50.5,10.605217347468313,9.424945463274954,11.834236249204421,11.834236249204421,11.546786078003839,11.95591850737672,1.0887835392416825,0.9415687305355256,0.0369415463700169,1.0102822231709696,0.12168225817229938,173,98.82235237708493,98.82235237708493,98.82235237708493,100.0,99.93315942627937,0.14285714285714285,1,98.82235237708493,1.7,98.70878354177688,17,2.2,P32_derived_Jv_proxy,100.0,98.82235237708493,1.1776476229150745,1.1108070491944488,0.0,-0.06684057372062568,1.1776476229150745,1.1108070491944488,0.0,0.06684057372062568,173,1,1,172,0.9942196531791907,0.005780346820809248,78.53981633974483,7.0,2.2027044123918316,0.14285714285714285,0.14285714285714285,0.012732395447351627,2.1899720169444796,0.8911948930675598,0.8253065550397751,0.06588833802778471,1,1,1,1,1,1,98.82235237708493,98.82235237708493,0.0,98.82235237708493,98.82235237708493,81,4.0,4.0,0.0,4.0,4.0,81,1.1917468874394126,1.1917468874394126,0.31116124142220686,0.5,2.118887745476324,81,2.4879347592614858,2.4879347592614858,0.48350857157575344,1.1603678204293069,3.4331049849124664,81,0.801977084343542,0.8126918194318841,0.09422359011018473,0.575396349393484,1.0,81,1.0039593712621988,1.0038870558080872,0.3151960495864051,0.5,1.850565605707763,81,10.605217347468313,9.424945463274954,4.217897090827998,5.349681964044345,22.816567315631346,81,11.834236249204421,11.834236249204421,0.0,11.834236249204421,11.834236249204421,81
granite_dense_unfavorable,42,60,60.5,10.722412278154295,9.90561024926345,11.880396035095918,11.88039603509592,10.784691126145178,12.56825768188916,1.0058082870137133,0.06227884799088379,0.00251520952064177,1.0578988818858586,0.687861646793241,176,98.96840246214987,98.96840246214987,98.96840246214987,98.95734833401265,99.7496700527654,0.2857142857142857,2,98.96840246214987,2.2,97.90729335142237,22,2.2,P32_derived_Jv_proxy,100.0,98.96840246214987,-0.011054128137217845,0.7812675906155278,-1.04265166598735,-0.25032994723460433,0.011054128137217845,0.7812675906155278,1.04265166598735,0.25032994723460433,176,2,1,175,0.9943181818181818,0.005681818181818182,78.53981633974483,7.0,2.2409015987338865,0.2857142857142857,0.2857142857142857,0.012732395447351627,2.2281692032865346,0.8851094976002911,0.8490474817607478,0.03606201583954327,1,1,1,1,1,1,98.96840246214987,98.96840246214987,0.0,98.96840246214987,98.96840246214987,81,4.0,4.0,0.0,4.0,4.0,81,1.185114049861877,1.185114049861877,0.3068116614434286,0.5,2.1789496362622827,81,2.468117306523183,2.468117306523183,0.538726552993343,1.0384613330939545,4.107604739369504,81,0.796531347629674,0.8009249700722829,0.08300327805529423,0.5657463866024023,1.0,81,0.9485468535984315,0.9675484791222612,0.23298584419055413,0.5,1.5727726683934522,81,10.722412278154295,9.90561024926345,3.395292594388125,5.151865492681404,22.875023529236852,81,11.880396035095918,11.88039603509592,1.7763568394002505e-15,11.88039603509592,11.88039603509592,81
granite_dense_unfavorable,42,70,70.5,9.869245533138063,9.068521017285452,11.27161281888763,11.271612818887629,9.743459952593183,11.745730121598156,0.9872547926665186,-0.1257855805448802,-0.0055707492869659925,1.0420629514452497,0.47411730271052477,201,96.54591209339148,96.54591209339148,96.54591209339148,99.51098223298702,99.33865723664778,0.7142857142857143,5,96.54591209339148,3.0,96.30636868862332,30,2.2,P32_derived_Jv_proxy,100.0,96.54591209339148,2.9650701395955394,2.7927451432562975,-0.4890177670129816,-0.6613427633522235,2.9650701395955394,2.7927451432562975,0.4890177670129816,0.6613427633522235,201,5,2,199,0.9900497512437811,0.009950248756218905,78.53981633974483,7.0,2.559211484917677,0.7142857142857143,0.7142857142857143,0.025464790894703253,2.5337466940229736,0.8864021365108353,0.824628959201817,0.06177317730901832,1,1,1,1,1,1,96.54591209339148,96.54591209339148,0.0,96.54591209339148,96.54591209339148,81,4.0,4.0,0.0,4.0,4.0,81,1.1845295760252634,1.1845295760252634,0.2716415049465,0.5652030139245636,1.8537032463453562,81,2.5364934494406155,2.5364934494406155,0.4783550254827258,1.4058531720718788,3.8256666518484845,81,0.8058055492208281,0.8141794615669642,0.0996122281003249,0.5807036689543598,1.0,81,0.9987298165939238,1.0016184826170826,0.27952843148427436,0.5,1.7536793343175698,81,9.869245533138063,9.068521017285452,3.148192443241621,5.045614665850029,19.152553498261938,81,11.27161281888763,11.271612818887629,1.7763568394002505e-15,11.271612818887629,11.271612818887629,81
granite_dense_unfavorable,42,80,80.5,10.639239500734845,9.082425428600782,11.949907790728615,11.949907790728613,10.907633080347313,12.535733876423308,1.0252267635853043,0.2683935796124679,0.010819934934855002,1.0490234816831983,0.5858260856946931,181,95.57441151816931,95.57441151816931,95.57441151816931,100.0,99.93315942627937,0.14285714285714285,1,95.57441151816931,2.4,97.54185477225263,24,2.2,P32_derived_Jv_proxy,100.0,95.57441151816931,4.425588481830687,4.358747908110061,0.0,-0.06684057372062568,4.425588481830687,4.358747908110061,0.0,0.06684057372062568,181,1,0,181,1.0,0.0,78.53981633974483,7.0,2.3045635759706444,0.14285714285714285,0.14285714285714285,0.0,2.3045635759706444,0.886063709316285,0.5841117255030779,0.3019519838132071,1,1,1,1,1,1,95.57441151816931,95.57441151816931,0.0,95.57441151816931,95.57441151816931,81,4.0,4.0,0.0,4.0,4.0,81,1.2453813287320297,1.2453813287320297,0.29620415914836035,0.5,2.126268252156388,81,2.49011518945834,2.49011518945834,0.49180070321543706,1.097835074447658,3.8294206522629617,81,0.8352915629243561,0.840021308278835,0.10435776269106348,0.6032036668355003,1.0,81,1.0498513137319603,1.058428281550172,0.3124754782145494,0.5,1.715070482424471,81,10.639239500734845,9.082425428600782,4.260188686670493,4.735198092957617,23.53728218745367,81,11.949907790728615,11.949907790728613,1.7763568394002505e-15,11.949907790728613,11.949907790728613,81
granite_dense_unfavorable,43,10,10.5,9.509317550753694,8.600102740928246,11.124976954248368,11.124976954248368,12.030866860070722,12.219435670774956,1.2651661694815495,2.5215493093170274,0.10214757037305722,1.0983785153917682,1.0944587165265887,184,94.87816482171843,94.87816482171843,94.87816482171843,100.0,99.68282947904478,0.42857142857142855,3,94.87816482171843,2.5,97.35009788392561,25,2.2,P32_derived_Jv_proxy,100.0,94.87816482171843,5.121835178281572,4.804664657326356,0.0,-0.3171705209552158,5.121835178281572,4.804664657326356,0.0,0.3171705209552158,184,3,1,183,0.9945652173913043,0.005434782608695652,78.53981633974483,7.0,2.3427607623126994,0.42857142857142855,0.42857142857142855,0.012732395447351627,2.330028366865348,0.8894271077308247,0.8154484105761963,0.07397869715462835,0,1,1,1,1,1,94.87816482171843,94.87816482171843,0.0,94.87816482171843,94.87816482171843,81,4.0,4.0,0.0,4.0,4.0,81,1.172807953348847,1.172807953348847,0.266197878074743,0.5016114435914398,1.8308687296464723,81,2.5005415013368024,2.5005415013368024,0.5151943246926391,1.2677086406706393,3.8745636783134247,81,0.8014014062393723,0.8140371538245594,0.10213771782066143,0.5231364227270517,1.0,81,1.0438481419175636,1.0508647323810545,0.3231129883238189,0.5,1.7828850917918175,81,9.509317550753694,8.600102740928246,3.5715660184472906,4.4483266769465635,19.333789437930136,81,11.124976954248368,11.124976954248368,0.0,11.124976954248368,11.124976954248368,81
granite_dense_unfavorable,43,20,20.5,9.33676069312137,8.852932780828375,11.45854343542839,11.458543435428389,9.842376902605618,12.092473806220271,1.054153279290616,0.5056162094842485,0.02290376411199302,1.0553238179323776,0.6339303707918802,163,97.73276010928585,97.73276010928585,97.73276010928585,100.0,99.7496700527654,0.2857142857142857,2,97.73276010928585,2.8,96.74031890633287,28,2.2,P32_derived_Jv_proxy,100.0,97.73276010928585,2.2672398907141513,2.016909943479547,0.0,-0.25032994723460433,2.2672398907141513,2.016909943479547,0.0,0.25032994723460433,163,2,1,162,0.9938650306748467,0.006134969325153374,78.53981633974483,7.0,2.0753804579183153,0.2857142857142857,0.2857142857142857,0.012732395447351627,2.0626480624709633,0.8871988429907871,0.8145991737273083,0.07259966926347883,1,1,1,1,1,1,97.73276010928585,97.73276010928585,0.0,97.73276010928585,97.73276010928585,81,4.0,4.0,0.0,4.0,4.0,81,1.2075952535122014,1.2075952535122014,0.30728219603929513,0.5,2.1721864089133556,81,2.5749698878766756,2.5749698878766756,0.4515658940873179,1.2053204219968516,3.774355358638725,81,0.7779195492674149,0.7792094108697226,0.10401566941795344,0.5525150982087609,1.0,81,1.0283543124605499,1.0457797336449728,0.25305032988175064,0.5,1.525670655885865,81,9.33676069312137,8.852932780828375,3.1525394276090406,4.684705236756976,19.81463996555671,81,11.45854343542839,11.458543435428389,1.7763568394002505e-15,11.458543435428389,11.458543435428389,81
granite_dense_unfavorable,43,30,30.5,11.213175107021241,10.942944746470848,12.344604122729065,12.344604122729063,10.286460735940716,12.047071499492366,0.9173548649480865,-0.926714371080525,-0.037462631531481216,0.9758977590306945,-0.29753262323669816,182,98.0824015338882,98.0824015338882,98.0824015338882,98.91909549007961,99.43249953181018,0.7142857142857143,5,98.0824015338882,1.8,98.56188494653009,18,2.2,P32_derived_Jv_proxy,100.0,98.0824015338882,0.8366939561914108,1.3500979979219778,-1.0809045099203871,-0.5675004681898201,0.8366939561914108,1.3500979979219778,1.0809045099203871,0.5675004681898201,182,5,4,178,0.978021978021978,0.02197802197802198,78.53981633974483,7.0,2.317295971417996,0.7142857142857143,0.7142857142857143,0.05092958178940651,2.2663663896285895,0.8854245550150429,0.835155649783174,0.05026890523186889,1,1,1,1,1,1,98.0824015338882,98.0824015338882,0.0,98.0824015338882,98.0824015338882,81,4.0,4.0,0.0,4.0,4.0,81,1.261766225997926,1.261766225997926,0.2916223263363775,0.5,2.1343117011366046,81,2.5062987113609427,2.5062987113609427,0.47071533305823055,1.4235518598243981,3.785382026592666,81,0.8041682561944393,0.8144260509696161,0.09695893638668682,0.5622243506084872,1.0,81,0.9413077924833457,0.9200045478104086,0.24226814047056236,0.5,1.542426758971279,81,11.213175107021241,10.942944746470848,3.001064222371423,6.553492763007471,18.542112287651936,81,12.344604122729065,12.344604122729063,1.7763568394002505e-15,12.344604122729063,12.344604122729063,81
granite_dense_unfavorable,43,40,40.5,10.827906549893642,10.000124226472204,12.344246056022358,12.34424605602236,11.465694341353721,11.887641533265988,1.0589022253305598,0.6377877914600791,0.024855860995325774,0.9630107403332577,-0.4566045227563702,175,98.17633543589336,98.17633543589336,98.17633543589336,100.0,99.93315942627937,0.14285714285714285,1,98.17633543589336,2.1,98.08069376239264,21,2.2,P32_derived_Jv_proxy,100.0,98.17633543589336,1.823664564106636,1.7568239903860103,0.0,-0.06684057372062568,1.823664564106636,1.7568239903860103,0.0,0.06684057372062568,175,1,1,174,0.9942857142857143,0.005714285714285714,78.53981633974483,7.0,2.2281692032865346,0.14285714285714285,0.14285714285714285,0.012732395447351627,2.215436807839183,0.8826769323080408,0.8422150861201197,0.040461846187921036,1,1,1,1,1,1,98.17633543589336,98.17633543589336,0.0,98.17633543589336,98.17633543589336,81,4.0,4.0,0.0,4.0,4.0,81,1.2300844651949463,1.2300844651949463,0.27598551314625336,0.520858887930468,2.13110635009391,81,2.445778877895566,2.445778877895566,0.48559939799486856,1.1758774411287733,3.662489306317438,81,0.8212137045184241,0.8103209676572208,0.09453284979587645,0.5624051435040069,1.0,81,1.039693594951147,1.0296064113542802,0.3119081093139165,0.5,1.6864390077401887,81,10.827906549893642,10.000124226472204,3.92447081663848,4.2811479929856056,23.730887391398834,81,12.344246056022358,12.34424605602236,1.7763568394002505e-15,12.34424605602236,12.34424605602236,81
granite_dense_unfavorable,43,50,50.5,10.788978185816173,9.89636493490836,11.886614984972072,11.886614984972073,7.8812602599163215,12.041851229057565,0.7304918152747302,-2.907717925899852,-0.136384645713167,1.0130597520220648,0.15523624408549352,178,95.75073554238276,95.75073554238276,95.75073554238276,100.0,99.93315942627937,0.14285714285714285,1,95.75073554238276,2.4,97.54185477225263,24,2.2,P32_derived_Jv_proxy,100.0,95.75073554238276,4.249264457617244,4.182423883896618,0.0,-0.06684057372062568,4.249264457617244,4.182423883896618,0.0,0.06684057372062568,178,1,1,177,0.9943820224719101,0.0056179775280898875,78.53981633974483,7.0,2.2663663896285895,0.14285714285714285,0.14285714285714285,0.012732395447351627,2.253633994181238,0.8956976370214675,0.8267831330379626,0.06891450398350496,0,1,1,1,1,1,95.75073554238276,95.75073554238276,0.0,95.75073554238276,95.75073554238276,81,4.0,4.0,0.0,4.0,4.0,81,1.2153893177677948,1.2153893177677948,0.3160945220598508,0.5,1.9895292412164143,81,2.4475938123206262,2.4475938123206262,0.471882728445729,1.1768045822041777,3.6899802975522578,81,0.8051613844720689,0.7960782226200256,0.1060132896310704,0.5904212735944454,1.0,81,0.9806098738886923,0.9504404521207237,0.2829555166867192,0.5,1.6995552875297946,81,10.788978185816173,9.89636493490836,4.121056429439427,5.664824230489619,23.685368905976937,81,11.886614984972072,11.886614984972073,1.7763568394002505e-15,11.886614984972073,11.886614984972073,81
granite_dense_unfavorable,43,60,60.5,10.076077216345059,9.292109901526846,11.27956297342101,11.27956297342101,12.814322225486269,12.38590216582658,1.2717570489336192,2.7382450091412096,0.10440415346241738,1.0980835157366053,1.1063391924055708,173,97.2496072376399,97.2496072376399,97.2496072376399,98.7202147533551,99.7496700527654,0.2857142857142857,2,97.2496072376399,2.1,98.08069376239264,21,2.2,P32_derived_Jv_proxy,100.0,97.2496072376399,1.4706075157151872,2.5000628151254887,-1.2797852466449058,-0.25032994723460433,1.4706075157151872,2.5000628151254887,1.2797852466449058,0.25032994723460433,173,2,1,172,0.9942196531791907,0.005780346820809248,78.53981633974483,7.0,2.2027044123918316,0.2857142857142857,0.2857142857142857,0.012732395447351627,2.1899720169444796,0.8878888006262766,0.8636873360015183,0.024201464624758362,0,1,1,1,1,1,97.2496072376399,97.2496072376399,0.0,97.2496072376399,97.2496072376399,81,4.0,4.0,0.0,4.0,4.0,81,1.161966186716815,1.161966186716815,0.3106856126954108,0.5,2.1663027972228885,81,2.5045463983822263,2.5045463983822263,0.5137517107410439,0.8891803464393921,3.653500434193151,81,0.7921876350666046,0.788707062658949,0.0841171521556752,0.5897703572237968,1.0,81,0.9686067130123986,0.9176043750931344,0.2849335024448595,0.5,1.7716145996211208,81,10.076077216345059,9.292109901526846,3.279174112967228,4.717805712579699,19.644545288689546,81,11.27956297342101,11.27956297342101,0.0,11.27956297342101,11.27956297342101,81
granite_dense_unfavorable,43,70,70.5,10.906496914549002,9.967779460020697,11.803611910343063,11.80361191034306,9.445854648888039,11.883678519359561,0.8660759474737941,-1.4606422656609634,-0.06244402239079183,1.0067832295423351,0.08006660901649809,155,98.95947718114446,98.95947718114446,98.95947718114446,100.0,99.93315942627937,0.14285714285714285,1,98.95947718114446,1.5,98.98141728888164,15,2.2,P32_derived_Jv_proxy,100.0,98.95947718114446,1.0405228188555355,0.9736822451349099,0.0,-0.06684057372062568,1.0405228188555355,0.9736822451349099,0.0,0.06684057372062568,155,1,0,155,1.0,0.0,78.53981633974483,7.0,1.9735212943395022,0.14285714285714285,0.14285714285714285,0.0,1.9735212943395022,0.8828999515014676,0.9075704717533915,-0.024670520251923844,1,1,1,1,1,1,98.95947718114446,98.95947718114446,0.0,98.95947718114446,98.95947718114446,81,4.0,4.0,0.0,4.0,4.0,81,1.1971635841089778,1.1971635841089778,0.2938046173879572,0.5,2.32342423955256,81,2.509204031859056,2.509204031859056,0.5238992551475745,1.382289781560172,4.285341182039862,81,0.821639142022217,0.8203952367382287,0.08161854996409543,0.6409272034825164,1.0,81,0.9715214717592067,0.9598117094899175,0.2713572503655,0.5,1.5982698200873018,81,10.906496914549002,9.967779460020697,3.7983032215418358,5.45779115975802,23.365839357717675,81,11.803611910343063,11.80361191034306,3.552713678800501e-15,11.80361191034306,11.80361191034306,81
granite_dense_unfavorable,43,80,80.5,9.923091026794243,9.389296998750087,11.863875687269683,11.863875687269683,9.161230903965123,11.908188201755271,0.9232235075973856,-0.7618601228291197,-0.03469314581545602,1.0037350791304342,0.04431251448558804,168,99.46687931021965,99.46687931021965,99.46687931021965,100.0,99.79947827883811,0.42857142857142855,3,99.46687931021965,2.0,98.24769036935783,20,2.2,P32_derived_Jv_proxy,100.0,99.46687931021965,0.5331206897803469,0.3325989686184556,0.0,-0.20052172116189126,0.5331206897803469,0.3325989686184556,0.0,0.20052172116189126,168,3,3,165,0.9821428571428571,0.017857142857142856,78.53981633974483,7.0,2.139042435155073,0.42857142857142855,0.42857142857142855,0.03819718634205488,2.1008452488130183,0.8810928126042935,0.8094291014985127,0.07166371110578085,1,1,1,1,1,1,99.46687931021965,99.46687931021965,0.0,99.46687931021965,99.46687931021965,81,4.0,4.0,0.0,4.0,4.0,81,1.1751538002102853,1.1751538002102853,0.29194066275178704,0.5,1.8491814640774054,81,2.463125969490053,2.463125969490053,0.5234338787123415,1.1806418896980564,4.0709651130353945,81,0.7882217612787384,0.7989123157448944,0.10410397492152428,0.5743403119666013,0.9804388142901096,81,1.0303202142754548,1.0055237973194058,0.29940702515844464,0.5,1.9305360718577538,81,9.923091026794243,9.389296998750087,3.4747973317741767,4.93561812168226,22.67716189889599,81,11.863875687269683,11.863875687269683,0.0,11.863875687269683,11.863875687269683,81
granite_dense_unfavorable,44,10,10.5,10.354581001870413,9.75729486443233,12.244824379041932,12.244824379041932,9.246279488695233,11.281991185107769,0.8929651027912205,-1.1083015131751797,-0.04916551307264694,0.9213681499930587,-0.9628331939341628,192,97.93142124742278,97.93142124742278,97.93142124742278,100.0,99.86631885255873,0.2857142857142857,2,97.93142124742278,2.0,98.24769036935783,20,2.2,P32_derived_Jv_proxy,100.0,97.93142124742278,2.068578752577224,1.9348976051359585,0.0,-0.13368114744126558,2.068578752577224,1.9348976051359585,0.0,0.13368114744126558,192,2,1,191,0.9947916666666666,0.005208333333333333,78.53981633974483,7.0,2.4446199258915122,0.2857142857142857,0.2857142857142857,0.012732395447351627,2.4318875304441607,0.8961185551388287,0.7508492261361813,0.14526932900264733,1,1,1,1,1,1,97.93142124742278,97.93142124742278,0.0,97.93142124742278,97.93142124742278,81,4.0,4.0,0.0,4.0,4.0,81,1.2169079068565452,1.2169079068565452,0.28655301273015216,0.5,1.956129622683207,81,2.433140671451025,2.433140671451025,0.4732001452242639,0.9957498708273587,3.6085186770543514,81,0.8019218153839792,0.8138158416446175,0.09484961835015239,0.6027499718408068,1.0,81,1.0268927339001495,1.020030751678388,0.26052141440214915,0.5,1.623845060872137,81,10.354581001870413,9.75729486443233,3.5081025792798832,4.785909796434039,20.935810466138665,81,12.244824379041932,12.244824379041932,0.0,12.244824379041932,12.244824379041932,81
granite_dense_unfavorable,44,20,20.5,10.047662108690306,9.443309424080828,11.569931718696141,11.569931718696143,10.974001055565399,12.0,1.0921944763721598,0.9263389468750933,0.038299975818681053,1.037171203059816,0.43006828130385877,180,98.31858303071742,98.31858303071742,98.31858303071742,100.0,100.0,0.0,0,98.31858303071742,1.7,98.70878354177688,17,2.2,P32_derived_Jv_proxy,100.0,98.31858303071742,1.68141696928258,1.68141696928258,0.0,0.0,1.68141696928258,1.68141696928258,0.0,0.0,180,0,0,180,1.0,0.0,78.53981633974483,7.0,2.291831180523293,0.0,0.0,0.0,2.291831180523293,0.8813854271898807,0.0,0.8813854271898807,1,1,1,1,1,1,98.31858303071742,98.31858303071742,0.0,98.31858303071742,98.31858303071742,81,4.0,4.0,0.0,4.0,4.0,81,1.1814324780123842,1.1814324780123842,0.29634121384888024,0.5,2.035901340099563,81,2.509884457592481,2.509884457592481,0.5138364289687586,1.065010929468919,3.808876101119233,81,0.7926042906262378,0.7976252274649569,0.10425846163476121,0.5764582731527997,1.0,81,1.0009358353484568,0.9539375018243822,0.30665608675251504,0.5,1.9169707032654026,81,10.047662108690306,9.443309424080828,3.3290486840540883,3.7801845623837873,21.125863075464494,81,11.569931718696141,11.569931718696143,1.7763568394002505e-15,11.569931718696143,11.569931718696143,81
granite_dense_unfavorable,44,30,30.5,10.441062844866385,9.401791670934614,11.271488333874574,11.271488333874576,11.934568277928921,12.0,1.1430415136134207,1.493505433062536,0.05806200362873093,1.0646331384592758,0.7285116661254261,181,98.71318842731291,98.71318842731291,98.71318842731291,100.0,100.0,0.0,0,98.71318842731291,1.9,98.4081369392601,19,2.2,P32_derived_Jv_proxy,100.0,98.71318842731291,1.2868115726870855,1.2868115726870855,0.0,0.0,1.2868115726870855,1.2868115726870855,0.0,0.0,181,0,0,181,1.0,0.0,78.53981633974483,7.0,2.3045635759706444,0.0,0.0,0.0,2.3045635759706444,0.8871164061346325,0.0,0.8871164061346325,1,1,1,1,1,1,98.71318842731291,98.71318842731291,0.0,98.71318842731291,98.71318842731291,81,4.0,4.0,0.0,4.0,4.0,81,1.1715351735169413,1.1715351735169413,0.288395127479192,0.5377734952863035,1.8857573015886588,81,2.5650111348881914,2.5650111348881914,0.47726928961303455,1.2368343749679944,3.8006085881766327,81,0.7956167862063868,0.8009992977554642,0.09185406114537087,0.5710365993698773,1.0,81,0.9480729027409732,0.96018036513672,0.28992481050192753,0.5,1.6458730853860284,81,10.441062844866385,9.401791670934614,3.562029486157743,5.378159336254513,18.871789818479716,81,11.271488333874574,11.271488333874576,1.7763568394002505e-15,11.271488333874576,11.271488333874576,81
granite_dense_unfavorable,44,40,40.5,9.588838409735802,8.816756613205595,11.905421319473918,11.90542131947392,13.345240489317016,12.0,1.3917473544832333,3.756402079581214,0.14356040444678597,1.007944169130023,0.09457868052608198,158,98.3480835922647,98.3480835922647,98.3480835922647,100.0,100.0,0.0,0,98.3480835922647,1.7,98.70878354177688,17,2.2,P32_derived_Jv_proxy,100.0,98.3480835922647,1.6519164077352997,1.6519164077352997,0.0,0.0,1.6519164077352997,1.6519164077352997,0.0,0.0,158,0,0,158,1.0,0.0,78.53981633974483,7.0,2.011718480681557,0.0,0.0,0.0,2.011718480681557,0.8942020819797274,0.0,0.8942020819797274,0,1,1,1,1,1,98.3480835922647,98.3480835922647,0.0,98.3480835922647,98.3480835922647,81,4.0,4.0,0.0,4.0,4.0,81,1.196615988659035,1.196615988659035,0.32834703955099676,0.5,1.8573575328975167,81,2.4712457905202374,2.4712457905202374,0.4877737948130962,0.8726567875486548,3.580547929244684,81,0.7819141109825277,0.7872261924736107,0.11007218480666231,0.5459817076251031,1.0,81,1.0683914209201355,1.0688220218304751,0.308429715746079,0.5,1.8192772382454212,81,9.588838409735802,8.816756613205595,3.626271361960139,4.535536521212851,22.902505427796775,81,11.905421319473918,11.90542131947392,1.7763568394002505e-15,11.90542131947392,11.90542131947392,81
granite_dense_unfavorable,44,50,50.5,11.035852344951726,10.908408236117419,12.305937299099797,12.305937299099797,11.152503184733163,11.729478288880562,1.0105701703987366,0.1166508397814372,0.004566474762668804,0.9531560257290272,-0.5764590102192351,162,99.04137860018596,99.04137860018596,99.04137860018596,98.71059601723456,99.68282947904478,0.42857142857142855,3,99.04137860018596,2.2,97.90729335142237,22,2.2,P32_derived_Jv_proxy,100.0,99.04137860018596,-0.3307825829514002,0.6414508788588194,-1.2894039827654353,-0.3171705209552158,0.3307825829514002,0.6414508788588194,1.2894039827654353,0.3171705209552158,162,3,2,160,0.9876543209876543,0.012345679012345678,78.53981633974483,7.0,2.0626480624709633,0.42857142857142855,0.42857142857142855,0.025464790894703253,2.0371832715762603,0.897403636903336,0.882059607991329,0.015344028912007035,1,1,1,1,1,1,99.04137860018596,99.04137860018596,0.0,99.04137860018596,99.04137860018596,81,4.0,4.0,0.0,4.0,4.0,81,1.2193876926777996,1.2193876926777996,0.27661678018878444,0.5,1.8236272675324183,81,2.45348719068607,2.45348719068607,0.48498052891772586,1.26397635180834,3.766263334497483,81,0.796950083535922,0.8000829031191969,0.10243365635177933,0.5689731793404341,0.9948789404152094,81,0.9811189233089843,0.9780559887053968,0.28227813051316036,0.5,1.5754214518439624,81,11.035852344951726,10.908408236117419,4.005869284032314,4.444365196143295,22.81186984984132,81,12.305937299099797,12.305937299099797,0.0,12.305937299099797,12.305937299099797,81
granite_dense_unfavorable,44,60,60.5,10.301393577023182,9.452802259200615,11.419034317525272,11.419034317525272,11.588489809496588,12.214121859678462,1.1249438945177495,1.2870962324734059,0.05113086297275138,1.069628264531348,0.7950875421531904,182,95.70298854795982,95.70298854795982,95.70298854795982,98.67833544877031,99.73263770511747,0.5714285714285714,4,95.70298854795982,2.5,97.35009788392561,25,2.2,P32_derived_Jv_proxy,100.0,95.70298854795982,2.975346900810493,4.02964915715765,-1.3216645512296878,-0.26736229488253116,2.975346900810493,4.02964915715765,1.3216645512296878,0.26736229488253116,182,4,1,181,0.9945054945054945,0.005494505494505495,78.53981633974483,7.0,2.317295971417996,0.5714285714285714,0.5714285714285714,0.012732395447351627,2.3045635759706444,0.8917376208453814,0.7626148776903741,0.12912274315500738,1,1,1,1,1,1,95.70298854795982,95.70298854795982,0.0,95.70298854795982,95.70298854795982,81,4.0,4.0,0.0,4.0,4.0,81,1.175650301786341,1.175650301786341,0.3076262987538006,0.5,1.9798465805541754,81,2.4632828888950984,2.4632828888950984,0.4750309020607938,0.8622886367152898,3.4951875067481515,81,0.8082960877965973,0.791513377950939,0.09470225914104023,0.5894084851840085,1.0,81,0.9744390879034227,0.9637395905353442,0.2592359924869427,0.5,1.550239651642467,81,10.301393577023182,9.452802259200615,3.5886396036757993,5.110072023584735,22.838068635050544,81,11.419034317525272,11.419034317525272,0.0,11.419034317525272,11.419034317525272,81
granite_dense_unfavorable,44,70,70.5,9.833860653414925,9.046149470100659,11.55587946496118,11.55587946496118,11.898221625692187,12.639324330507128,1.209923756806579,2.064360972277262,0.08275800416650159,1.0937570237584324,1.0834448655459479,179,98.4037882811603,98.4037882811603,98.4037882811603,100.0,99.93315942627937,0.14285714285714285,1,98.4037882811603,1.7,98.70878354177688,17,2.2,P32_derived_Jv_proxy,100.0,98.4037882811603,1.5962117188396974,1.5293711451190717,0.0,-0.06684057372062568,1.5962117188396974,1.5293711451190717,0.0,0.06684057372062568,179,1,1,178,0.994413407821229,0.00558659217877095,78.53981633974483,7.0,2.279098785075941,0.14285714285714285,0.14285714285714285,0.012732395447351627,2.2663663896285895,0.8914706978507138,0.8686543507396769,0.02281634711103686,1,1,1,1,1,1,98.4037882811603,98.4037882811603,0.0,98.4037882811603,98.4037882811603,81,4.0,4.0,0.0,4.0,4.0,81,1.1849258106333826,1.1849258106333826,0.28390610725060966,0.5,1.9294123855671435,81,2.5225511600393222,2.5225511600393222,0.5220181942821543,1.189498976956711,3.9370190909199665,81,0.806467414278489,0.8119519209104149,0.10023291980877076,0.48292539730768297,1.0,81,1.0315315158795177,1.0160469517703485,0.27705113913975227,0.5,1.6485630276569154,81,9.833860653414925,9.046149470100659,3.397280462672025,4.4509830534919415,19.924855729467907,81,11.55587946496118,11.55587946496118,0.0,11.55587946496118,11.55587946496118,81
granite_dense_unfavorable,44,80,80.5,10.63861862870963,9.043587351765602,11.966237802016352,11.966237802016348,12.215520597931969,12.0,1.1482243159809182,1.5769019692223392,0.06002673969630723,1.0028214547080085,0.033762197983648434,159,99.17853371987995,99.17853371987995,99.17853371987995,100.0,100.0,0.0,0,99.17853371987995,1.6,98.84867952008052,16,2.2,P32_derived_Jv_proxy,100.0,99.17853371987995,0.821466280120049,0.821466280120049,0.0,0.0,0.821466280120049,0.821466280120049,0.0,0.0,159,0,0,159,1.0,0.0,78.53981633974483,7.0,2.024450876128909,0.0,0.0,0.0,2.024450876128909,0.9060102131559773,0.0,0.9060102131559773,1,1,1,1,1,1,99.17853371987995,99.17853371987995,0.0,99.17853371987995,99.17853371987995,81,4.0,4.0,0.0,4.0,4.0,81,1.2177501818219607,1.2177501818219607,0.33063301840319675,0.5,1.973977864512722,81,2.5232382865119973,2.5232382865119973,0.5115326538180721,1.1409676056166742,3.836497731223774,81,0.7925276088811809,0.7846327871923381,0.10392435573907845,0.4298937420596059,1.0,81,0.9978866316750348,0.9864483128072908,0.3025527133525175,0.5,1.9854061122953384,81,10.63861862870963,9.043587351765602,4.254069131384501,3.753821916741896,21.80717796827672,81,11.966237802016352,11.966237802016348,3.552713678800501e-15,11.966237802016348,11.966237802016348,81
granite_dense_unfavorable,45,10,10.5,10.502296740989463,9.657524851402274,11.688381674813426,11.688381674813426,12.105730636006266,13.252894900921683,1.1526745943826509,1.6034338950168028,0.06170672116283327,1.1338519967635494,1.5645132261082573,195,98.00770712143466,98.00770712143466,98.00770712143466,100.0,99.68282947904478,0.42857142857142855,3,98.00770712143466,1.5,98.98141728888164,15,2.2,P32_derived_Jv_proxy,100.0,98.00770712143466,1.9922928785653369,1.675122357610121,0.0,-0.3171705209552158,1.9922928785653369,1.675122357610121,0.0,0.3171705209552158,195,3,1,194,0.9948717948717949,0.005128205128205128,78.53981633974483,7.0,2.482817112233567,0.42857142857142855,0.42857142857142855,0.012732395447351627,2.4700847167862157,0.8921381126369747,0.8671631573267431,0.02497495531023164,1,1,1,1,1,1,98.00770712143466,98.00770712143466,0.0,98.00770712143466,98.00770712143466,81,4.0,4.0,0.0,4.0,4.0,81,1.1840520941937431,1.1840520941937431,0.29666102575191666,0.5,1.9790122109232917,81,2.48208507586475,2.48208507586475,0.5070870293273322,1.0249802977005968,3.6479007749438663,81,0.8060270265934809,0.8060997719780476,0.0981289942653053,0.6094251075947832,1.0,81,0.9690743200934044,0.9860881172679428,0.23514955213022293,0.5,1.4521896965602994,81,10.502296740989463,9.657524851402274,3.637897446037949,6.010276204163952,23.376763349626852,81,11.688381674813426,11.688381674813426,0.0,11.688381674813426,11.688381674813426,81
granite_dense_unfavorable,45,20,20.5,10.486886715893936,9.549064483380533,12.136985241285787,12.13698524128579,9.279992098535557,11.922437901530186,0.8849139263105409,-1.2068946173583797,-0.05309897014546405,0.9823228474377816,-0.21454733975560103,183,98.70294137549467,98.70294137549467,98.70294137549467,100.0,99.68282947904477,0.42857142857142855,3,98.70294137549467,2.5,97.35009788392561,25,2.2,P32_derived_Jv_proxy,100.0,98.70294137549467,1.2970586245053255,0.9798881035500955,0.0,-0.31717052095523,1.2970586245053255,0.9798881035500955,0.0,0.31717052095523,183,3,1,182,0.994535519125683,0.00546448087431694,78.53981633974483,7.0,2.330028366865348,0.42857142857142855,0.42857142857142855,0.012732395447351627,2.317295971417996,0.8904747896778178,0.8268543969783875,0.06362039269943032,1,1,1,1,1,1,98.70294137549467,98.70294137549467,0.0,98.70294137549467,98.70294137549467,81,4.0,4.0,0.0,4.0,4.0,81,1.1899467711069351,1.1899467711069351,0.29596027725428653,0.5017370508349744,1.8559841837438884,81,2.4192837853382,2.4192837853382,0.5247117566245993,0.9919480574320418,3.595547077757074,81,0.8059195876569065,0.8137254506699874,0.09750199308083524,0.5453001289969084,1.0,81,1.0263776499748374,1.01128190463088,0.2983743671138117,0.5,1.7066015557977483,81,10.486886715893936,9.549064483380533,3.770074983443513,4.5638343667007835,21.263292222406452,81,12.136985241285787,12.13698524128579,3.552713678800501e-15,12.13698524128579,12.13698524128579,81
granite_dense_unfavorable,45,30,30.5,10.082999048368134,9.410084711499493,11.66806955161738,11.668069551617382,10.403651792247532,11.980529958061098,1.0318013264050931,0.320652743879398,0.013596081833511908,1.0267791004382902,0.31246040644371753,174,99.22115325838806,99.22115325838806,99.22115325838806,100.0,99.93315942627937,0.14285714285714285,1,99.22115325838806,1.4,99.10683883546386,14,2.2,P32_derived_Jv_proxy,100.0,99.22115325838806,0.7788467416119431,0.7120061678913174,0.0,-0.06684057372062568,0.7788467416119431,0.7120061678913174,0.0,0.06684057372062568,174,1,0,174,1.0,0.0,78.53981633974483,7.0,2.215436807839183,0.14285714285714285,0.14285714285714285,0.0,2.215436807839183,0.8902078772306561,0.7544909539185926,0.13571692331206353,1,1,1,1,1,1,99.22115325838806,99.22115325838806,0.0,99.22115325838806,99.22115325838806,81,4.0,4.0,0.0,4.0,4.0,81,1.1626220870557387,1.1626220870557387,0.29098547412678594,0.5011826863157104,2.0440327923472266,81,2.471632170408046,2.471632170408046,0.4877948039487456,0.9767351806741027,3.551870235295771,81,0.7908354427875979,0.792088044165405,0.1050643729298537,0.49350796437265254,1.0,81,0.9944747912067878,0.9589063323497966,0.29134249139654106,0.5,1.87351623010259,81,10.082999048368134,9.410084711499493,3.265803409281115,3.894487608772127,20.74261179340518,81,11.66806955161738,11.668069551617382,1.7763568394002505e-15,11.668069551617382,11.668069551617382,81
granite_dense_unfavorable,45,40,40.5,9.538528022219342,9.304291168763225,11.366212673983894,11.366212673983894,9.627029670026527,11.110080614734002,1.009278333889781,0.08850164780718472,0.004010950382828504,0.9774654877049633,-0.25613205924989124,184,96.33324864204849,96.33324864204849,96.33324864204849,98.72925017148118,99.68282947904478,0.42857142857142855,3,96.33324864204849,2.2,97.90729335142237,22,2.2,P32_derived_Jv_proxy,100.0,96.33324864204849,2.396001529432695,3.349580836996296,-1.2707498285188166,-0.3171705209552158,2.396001529432695,3.349580836996296,1.2707498285188166,0.3171705209552158,184,3,0,184,1.0,0.0,78.53981633974483,7.0,2.3427607623126994,0.42857142857142855,0.42857142857142855,0.0,2.3427607623126994,0.8940468053333964,0.8305920564968723,0.06345474883652413,1,1,1,1,1,1,96.33324864204849,96.33324864204849,0.0,96.33324864204849,96.33324864204849,81,4.0,4.0,0.0,4.0,4.0,81,1.197655685526514,1.197655685526514,0.2898622452045872,0.5,2.2673224070530353,81,2.5376540596822594,2.5376540596822594,0.49744294131515016,1.1243565755529135,3.8488321217178756,81,0.7980556662498804,0.8048286824789156,0.08837937275988537,0.5793810201562046,1.0,81,1.02545014036247,0.9982230999857405,0.27418813598053193,0.5,1.7355619195179905,81,9.538528022219342,9.304291168763225,3.058391587113412,4.595821895682805,20.904754314087224,81,11.366212673983894,11.366212673983894,0.0,11.366212673983894,11.366212673983894,81
granite_dense_unfavorable,45,50,50.5,10.623895486301572,9.947720955349302,12.386647553974896,12.3866475539749,8.276586588884097,11.857634216378443,0.7790538413669365,-2.3473088974174754,-0.10843252666565661,0.9572916452743752,-0.529013337596453,195,99.23202522203336,99.23202522203336,99.23202522203336,100.0,99.86631885255873,0.2857142857142857,2,99.23202522203336,1.6,98.84867952008052,16,2.2,P32_derived_Jv_proxy,100.0,99.23202522203336,0.7679747779666428,0.6342936305253772,0.0,-0.13368114744126558,0.7679747779666428,0.6342936305253772,0.0,0.13368114744126558,195,2,0,195,1.0,0.0,78.53981633974483,7.0,2.482817112233567,0.2857142857142857,0.2857142857142857,0.0,2.482817112233567,0.8880616115247423,0.8225994262101303,0.06546218531461201,0,1,1,1,1,1,99.23202522203336,99.23202522203336,0.0,99.23202522203336,99.23202522203336,81,4.0,4.0,0.0,4.0,4.0,81,1.2175453900819795,1.2175453900819795,0.29607876197278366,0.5,2.2673224070530353,81,2.4385027169602123,2.4385027169602123,0.5021102618713865,1.2459867819960342,3.8162321303671405,81,0.8012127382367588,0.8098271675870993,0.09117407903712385,0.5847014180299401,1.0,81,1.019414050630217,1.012616248173167,0.2886762777256382,0.5,1.8167993444256842,81,10.623895486301572,9.947720955349302,3.581670475364997,5.26295154355497,22.091586683397143,81,12.386647553974896,12.3866475539749,3.552713678800501e-15,12.3866475539749,12.3866475539749,81
granite_dense_unfavorable,45,60,60.5,10.202916312052658,9.233774542589405,11.720757920334737,11.720757920334739,12.78902623626826,11.6028598027968,1.2534677189462626,2.5861099242156023,0.09811315387937203,0.989941084156905,-0.117898117537937,183,98.5014122146834,98.5014122146834,98.5014122146834,100.0,99.86631885255873,0.2857142857142857,2,98.5014122146834,2.7,96.94919578078034,27,2.2,P32_derived_Jv_proxy,100.0,98.5014122146834,1.4985877853166016,1.364906637875336,0.0,-0.13368114744126558,1.4985877853166016,1.364906637875336,0.0,0.13368114744126558,183,2,1,182,0.994535519125683,0.00546448087431694,78.53981633974483,7.0,2.330028366865348,0.2857142857142857,0.2857142857142857,0.012732395447351627,2.317295971417996,0.890628086515616,0.8013132840907906,0.08931480242482537,0,1,1,1,1,1,98.5014122146834,98.5014122146834,0.0,98.5014122146834,98.5014122146834,81,4.0,4.0,0.0,4.0,4.0,81,1.1700837298926074,1.1700837298926074,0.3071856577183537,0.5,1.99097152306581,81,2.4583499758980256,2.4583499758980256,0.5165833388375041,1.1394937883290068,3.6081436288195423,81,0.8029253311314399,0.8042359229241599,0.10626158553941549,0.4225862346985866,1.0,81,1.0107282763038845,1.034360213404987,0.29056271041244996,0.5,1.6279070758444838,81,10.202916312052658,9.233774542589405,3.4954633431159405,5.065018684819264,20.711861023639255,81,11.720757920334737,11.720757920334739,1.7763568394002505e-15,11.720757920334739,11.720757920334739,81
granite_dense_unfavorable,45,70,70.5,10.341695834391048,9.47144653856163,11.715682076947813,11.715682076947813,12.440367438709021,12.0,1.202933023551021,2.098671604317973,0.08024144752940798,1.0242681494073334,0.2843179230521873,189,98.49129633176176,98.49129633176176,98.49129633176176,100.0,100.0,0.0,0,98.49129633176176,2.1,98.08069376239264,21,2.2,P32_derived_Jv_proxy,100.0,98.49129633176176,1.5087036682382404,1.5087036682382404,0.0,0.0,1.5087036682382404,1.5087036682382404,0.0,0.0,189,0,0,189,1.0,0.0,78.53981633974483,7.0,2.4064227395494573,0.0,0.0,0.0,2.4064227395494573,0.901720644818576,0.0,0.901720644818576,1,1,1,1,1,1,98.49129633176176,98.49129633176176,0.0,98.49129633176176,98.49129633176176,81,4.0,4.0,0.0,4.0,4.0,81,1.1976162705430313,1.1976162705430313,0.2785232863205792,0.5005133896668893,1.8775721701825134,81,2.5170275665359045,2.5170275665359045,0.5317583030665172,0.950887060290112,4.1379945010312875,81,0.7887138922376852,0.7892155986468893,0.08964824332112947,0.5842022247712462,0.9729645670902034,81,0.9861262284072244,1.0064117337161205,0.28744346021374323,0.5,1.8309649498877223,81,10.341695834391048,9.47144653856163,3.8249948846938717,4.551250108729456,21.164377939021513,81,11.715682076947813,11.715682076947813,0.0,11.715682076947813,11.715682076947813,81
granite_dense_unfavorable,45,80,80.5,10.174645101987027,9.850083481830692,11.78013092336746,11.780130923367459,11.519855532628764,12.0,1.1322120248085144,1.3452104306417372,0.05392776305542135,1.0186644000871332,0.21986907663253952,178,97.92322773940845,97.92322773940845,97.92322773940845,100.0,100.0,0.0,0,97.92322773940845,1.9,98.4081369392601,19,2.2,P32_derived_Jv_proxy,100.0,97.92322773940845,2.0767722605915537,2.0767722605915537,0.0,0.0,2.0767722605915537,2.0767722605915537,0.0,0.0,178,0,0,178,1.0,0.0,78.53981633974483,7.0,2.2663663896285895,0.0,0.0,0.0,2.2663663896285895,0.8895767560948132,0.0,0.8895767560948132,1,1,1,1,1,1,97.92322773940845,97.92322773940845,0.0,97.92322773940845,97.92322773940845,81,4.0,4.0,0.0,4.0,4.0,81,1.1988374670354058,1.1988374670354058,0.3094780747768494,0.5075103003947654,2.0096541697120425,81,2.491356740233186,2.491356740233186,0.5154332200778541,1.206845850510888,3.7156605422837576,81,0.7991908657177667,0.8017910978610264,0.09011572875482018,0.5553439965846448,0.9724056862387129,81,0.9902659152233316,0.9531798228796081,0.264592291677036,0.5,1.8746699564544593,81,10.174645101987027,9.850083481830692,2.938282108732806,5.130161211589595,19.494634913904633,81,11.78013092336746,11.780130923367459,1.7763568394002505e-15,11.780130923367459,11.780130923367459,81
granite_dense_unfavorable,46,10,10.5,10.48213939135222,9.634048257879726,11.818827458159646,11.81882745815965,11.191924030738694,13.12014575892485,1.0677137188208017,0.7097846393864735,0.02845482291447543,1.1101055333426313,1.3013183007652032,178,97.62841387360652,97.62841387360652,97.62841387360652,100.0,99.86631885255873,0.2857142857142857,2,97.62841387360652,1.7,98.70878354177688,17,2.2,P32_derived_Jv_proxy,100.0,97.62841387360652,2.371586126393481,2.2379049789522156,0.0,-0.13368114744126558,2.371586126393481,2.2379049789522156,0.0,0.13368114744126558,178,2,1,177,0.9943820224719101,0.0056179775280898875,78.53981633974483,7.0,2.2663663896285895,0.2857142857142857,0.2857142857142857,0.012732395447351627,2.253633994181238,0.8928468105931415,0.8482559144710026,0.04459089612213896,1,1,1,1,1,1,97.62841387360652,97.62841387360652,0.0,97.62841387360652,97.62841387360652,81,4.0,4.0,0.0,4.0,4.0,81,1.1981361995446766,1.1981361995446766,0.2962333276065492,0.5,1.7894308494236624,81,2.474275413110901,2.474275413110901,0.4925461319178961,1.0808386109190622,3.805410683789745,81,0.8038887247741698,0.8052836183359674,0.09326406989458003,0.5526421459574864,0.9868796435660293,81,0.9904978810249957,0.9888418379729597,0.2726169822972747,0.5,1.6033001160395262,81,10.48213939135222,9.634048257879726,3.590911379819405,5.401343493282997,19.112249612644305,81,11.818827458159646,11.81882745815965,3.552713678800501e-15,11.81882745815965,11.81882745815965,81
granite_dense_unfavorable,46,20,20.5,10.396117305652872,9.459808707795336,11.899157676877808,11.899157676877808,15.049180983729585,14.787241176764221,1.4475770656749531,4.6530636780767125,0.16064169385470617,1.2427132725115893,2.888083499886413,181,97.9531413178931,97.9531413178931,97.9531413178931,100.0,99.73263770511745,0.5714285714285714,4,97.9531413178931,1.8,98.56188494653009,18,2.2,P32_derived_Jv_proxy,100.0,97.9531413178931,2.046858682106901,1.7794963872243557,0.0,-0.26736229488254537,2.046858682106901,1.7794963872243557,0.0,0.26736229488254537,181,4,1,180,0.994475138121547,0.0055248618784530384,78.53981633974483,7.0,2.3045635759706444,0.5714285714285714,0.5714285714285714,0.012732395447351627,2.291831180523293,0.8850132957453783,0.8377864195286977,0.04722687621668065,0,1,1,1,1,1,97.9531413178931,97.9531413178931,0.0,97.9531413178931,97.9531413178931,81,4.0,4.0,0.0,4.0,4.0,81,1.2327510063055132,1.2327510063055132,0.2882954469172381,0.5,1.8232467499223364,81,2.5369828018385974,2.5369828018385974,0.5239602480493469,0.8937141401916939,3.7994106715970526,81,0.8087695502334036,0.8029047295225257,0.08617360811198777,0.5981627773466084,1.0,81,1.011191035743194,1.0183557388348117,0.2691877677920203,0.5,1.5640752255381538,81,10.396117305652872,9.459808707795336,3.642939901549846,5.118814723599134,21.391687473979857,81,11.899157676877808,11.899157676877808,0.0,11.899157676877808,11.899157676877808,81
granite_dense_unfavorable,46,30,30.5,10.027278396799852,9.17337797770044,11.916218846375983,11.916218846375983,10.6980716666726,12.0,1.066896843124135,0.6707932698727479,0.028122430082634597,1.0070308505327172,0.08378115362401672,149,98.04416393741535,98.04416393741535,98.04416393741535,100.0,100.0,0.0,0,98.04416393741535,1.5,98.98141728888164,15,2.2,P32_derived_Jv_proxy,100.0,98.04416393741535,1.9558360625846518,1.9558360625846518,0.0,0.0,1.9558360625846518,1.9558360625846518,0.0,0.0,149,0,0,149,1.0,0.0,78.53981633974483,7.0,1.8971269216553923,0.0,0.0,0.0,1.8971269216553923,0.8790188286574191,0.0,0.8790188286574191,1,1,1,1,1,1,98.04416393741535,98.04416393741535,0.0,98.04416393741535,98.04416393741535,81,4.0,4.0,0.0,4.0,4.0,81,1.2250982685565097,1.2250982685565097,0.29216487558811793,0.5,1.9599112650475723,81,2.519963275060354,2.519963275060354,0.45416712651146907,1.5830904965064183,4.228818428140782,81,0.7800158918433447,0.791890722205356,0.08803516757297734,0.5717943937834866,1.0,81,1.0219497284457337,0.9774296978570125,0.30847397153423206,0.5,1.914428715240052,81,10.027278396799852,9.17337797770044,3.5676125988776977,4.5346044551392595,23.278613398509115,81,11.916218846375983,11.916218846375983,0.0,11.916218846375983,11.916218846375983,81
granite_dense_unfavorable,46,40,40.5,10.548113190654492,9.927043392326427,11.779109678274112,11.779109678274114,10.603803604468311,12.420291492475046,1.0052796564472934,0.055690413813819006,0.002286893952448299,1.0544338096608064,0.6411818142009338,191,98.11530094063002,98.11530094063002,98.11530094063002,100.0,99.86631885255873,0.2857142857142857,2,98.11530094063002,2.3,97.72763310791008,23,2.2,P32_derived_Jv_proxy,100.0,98.11530094063002,1.8846990593699786,1.751017911928713,0.0,-0.13368114744126558,1.8846990593699786,1.751017911928713,0.0,0.13368114744126558,191,2,0,191,1.0,0.0,78.53981633974483,7.0,2.4318875304441607,0.2857142857142857,0.2857142857142857,0.0,2.4318875304441607,0.8800565302423788,0.9125390560725493,-0.03248252583017042,1,1,1,1,1,1,98.11530094063002,98.11530094063002,0.0,98.11530094063002,98.11530094063002,81,4.0,4.0,0.0,4.0,4.0,81,1.1978731216106902,1.1978731216106902,0.3013255012482483,0.5,2.0671626145950985,81,2.494451724825635,2.494451724825635,0.4885276289053416,1.428189638114744,4.087342888199187,81,0.7918976228246617,0.7849144313646687,0.09819728648385748,0.5745079920732349,1.0,81,0.9630660207461456,0.9697475098775562,0.2607866047277147,0.5,1.6192382087571746,81,10.548113190654492,9.927043392326427,3.591997397065172,5.437770757522055,20.47888948384426,81,11.779109678274112,11.779109678274114,1.7763568394002505e-15,11.779109678274114,11.779109678274114,81
granite_dense_unfavorable,46,50,50.5,9.80579958643969,9.361807299890305,11.70293847968466,11.702938479684656,10.864581131946334,12.300551664560398,1.107975034179856,1.058781545506644,0.04452997461616537,1.0510652248504209,0.5976131848757387,187,98.4468461622813,98.4468461622813,98.4468461622813,100.0,99.93315942627937,0.14285714285714285,1,98.4468461622813,2.0,98.24769036935783,20,2.2,P32_derived_Jv_proxy,100.0,98.4468461622813,1.5531538377186962,1.4863132639980705,0.0,-0.06684057372062568,1.5531538377186962,1.4863132639980705,0.0,0.06684057372062568,187,1,0,187,1.0,0.0,78.53981633974483,7.0,2.3809579486547543,0.14285714285714285,0.14285714285714285,0.0,2.3809579486547543,0.8977064207284757,0.7200544758523904,0.17765194487608538,1,1,1,1,1,1,98.4468461622813,98.4468461622813,0.0,98.4468461622813,98.4468461622813,81,4.0,4.0,0.0,4.0,4.0,81,1.1998548051274198,1.1998548051274198,0.2898129227167725,0.5,1.8597093910155396,81,2.5233389379621003,2.5233389379621003,0.49378524616742836,1.1359236478085204,3.812620023407411,81,0.7951165162978675,0.7862781796205821,0.10408543729640782,0.5175855933623318,1.0,81,1.0215992832998593,1.0142125739765817,0.26320936718732524,0.5,1.5722320277783246,81,9.80579958643969,9.361807299890305,3.0467273523266987,5.0033951068421745,18.279428356849902,81,11.70293847968466,11.702938479684656,3.552713678800501e-15,11.702938479684656,11.702938479684656,81
granite_dense_unfavorable,46,60,60.5,10.003707744364945,8.941388124081069,11.878355286267345,11.878355286267343,10.206729498214331,12.332677410744305,1.020294650647281,0.20302175384938614,0.008725609674576473,1.038247898259299,0.45432212447695974,189,99.16098246156847,99.16098246156847,99.16098246156847,97.86571240734193,99.68282947904478,0.42857142857142855,3,99.16098246156847,2.2,97.90729335142237,22,2.2,P32_derived_Jv_proxy,100.0,99.16098246156847,-1.2952700542265347,0.5218470174763183,-2.134287592658069,-0.3171705209552158,1.2952700542265347,0.5218470174763183,2.134287592658069,0.3171705209552158,189,3,1,188,0.9947089947089947,0.005291005291005291,78.53981633974483,7.0,2.4064227395494573,0.42857142857142855,0.42857142857142855,0.012732395447351627,2.393690344102106,0.8873716997162495,0.8920608795086221,-0.0046891797923726,1,1,1,1,1,1,99.16098246156847,99.16098246156847,0.0,99.16098246156847,99.16098246156847,81,4.0,4.0,0.0,4.0,4.0,81,1.207455437522273,1.207455437522273,0.28171371203824197,0.5,1.9287371161391123,81,2.519971506528669,2.519971506528669,0.46644048602243754,1.1620858204035247,3.769419010396934,81,0.7957570376926351,0.802935152889684,0.1033861917044928,0.5654754441669947,1.0,81,1.0408239444103646,1.0459493450807615,0.2914762145419057,0.5,1.647019783977109,81,10.003707744364945,8.941388124081069,3.7118215116790116,4.833636168660652,20.710995710140264,81,11.878355286267345,11.878355286267343,1.7763568394002505e-15,11.878355286267343,11.878355286267343,81
granite_dense_unfavorable,46,70,70.5,10.722126561605561,9.610518406555679,12.099008321065314,12.099008321065316,10.370154629420215,12.0,0.9671733093092084,-0.3519719321853465,-0.014495697031147392,0.9918168234587513,-0.09900832106531432,153,98.07491810116619,98.07491810116619,98.07491810116619,100.0,100.0,0.0,0,98.07491810116619,1.8,98.56188494653009,18,2.2,P32_derived_Jv_proxy,100.0,98.07491810116619,1.9250818988338096,1.9250818988338096,0.0,0.0,1.9250818988338096,1.9250818988338096,0.0,0.0,153,0,0,153,1.0,0.0,78.53981633974483,7.0,1.948056503444799,0.0,0.0,0.0,1.948056503444799,0.8908294161200406,0.0,0.8908294161200406,1,1,1,1,1,1,98.07491810116619,98.07491810116619,0.0,98.07491810116619,98.07491810116619,81,4.0,4.0,0.0,4.0,4.0,81,1.2230628731002202,1.2230628731002202,0.2726345888084751,0.6197367300063567,1.864324548274182,81,2.47854592559945,2.47854592559945,0.4348898071747538,1.4579297401188018,3.8375224701618382,81,0.8000907603125308,0.8063975937763108,0.10318413823005129,0.5888109468335544,1.0,81,0.9991560793918962,1.0087301645870042,0.2936155999178232,0.5,1.6276252409054266,81,10.722126561605561,9.610518406555679,3.974384905201946,5.6693429350856945,24.198016642130632,81,12.099008321065314,12.099008321065316,1.7763568394002505e-15,12.099008321065316,12.099008321065316,81
granite_dense_unfavorable,46,80,80.5,9.980179078198615,9.057942422891045,11.54707257822932,11.547072578229324,11.79655528309098,11.502285899764024,1.181998358011449,1.8163762048923644,0.0726168732397694,0.9961213824402787,-0.0447866784652966,184,96.866221406088,96.866221406088,96.866221406088,100.0,99.68282947904478,0.42857142857142855,3,96.866221406088,2.1,98.08069376239264,21,2.2,P32_derived_Jv_proxy,100.0,96.866221406088,3.133778593911998,2.8166080729567824,0.0,-0.3171705209552158,3.133778593911998,2.8166080729567824,0.0,0.3171705209552158,184,3,1,183,0.9945652173913043,0.005434782608695652,78.53981633974483,7.0,2.3427607623126994,0.42857142857142855,0.42857142857142855,0.012732395447351627,2.330028366865348,0.9002596016516158,0.8379154816441392,0.06234412000747658,1,1,1,1,1,1,96.866221406088,96.866221406088,0.0,96.866221406088,96.866221406088,81,4.0,4.0,0.0,4.0,4.0,81,1.2094706245286824,1.2094706245286824,0.294634222417174,0.5,2.1270382062843667,81,2.5365054325682648,2.5365054325682648,0.5047742394565937,1.3181856511349057,3.704893972217099,81,0.7783586508369653,0.778739810876117,0.10682066825708778,0.5189807029041008,1.0,81,0.9934450014940739,1.0075975264683361,0.287922604049271,0.5,1.6299028307777899,81,9.980179078198615,9.057942422891045,3.7310590741018728,4.668964429453127,23.094145156458648,81,11.54707257822932,11.547072578229324,3.552713678800501e-15,11.547072578229324,11.547072578229324,81
granite_dense_unfavorable,47,10,10.5,9.748221545304837,9.382782667457883,10.909927188214754,10.909927188214757,8.18662579641368,10.806552398097097,0.839807113365895,-1.5615957488911576,-0.07582045110499458,0.9905247039385079,-0.10337479011765716,171,98.12193587776493,98.12193587776493,98.12193587776493,97.70009281859662,99.68282947904477,0.42857142857142855,3,98.12193587776493,1.7,98.70878354177688,17,2.2,P32_derived_Jv_proxy,100.0,98.12193587776493,-0.4218430591683102,1.5608936012798438,-2.299907181403384,-0.31717052095523,0.4218430591683102,1.5608936012798438,2.299907181403384,0.31717052095523,171,3,1,170,0.9941520467836257,0.005847953216374269,78.53981633974483,7.0,2.177239621497128,0.42857142857142855,0.42857142857142855,0.012732395447351627,2.1645072260497766,0.8896422102911581,0.7769282666046549,0.11271394368650323,1,1,1,1,1,1,98.12193587776493,98.12193587776493,0.0,98.12193587776493,98.12193587776493,81,4.0,4.0,0.0,4.0,4.0,81,1.1544767920287973,1.1544767920287973,0.2991505756741724,0.5,2.0066654889483155,81,2.595789499910353,2.595789499910353,0.5080844536472692,1.2638617020408092,3.835347996537609,81,0.8089080293811967,0.7949763224522894,0.09826888455299249,0.5318379943918443,1.0,81,1.0083009705827928,0.922535566224743,0.3309949397890558,0.5,1.8902504458979594,81,9.748221545304837,9.382782667457883,3.5052893819376028,4.189311529029112,21.01598105599051,81,10.909927188214754,10.909927188214757,3.552713678800501e-15,10.909927188214757,10.909927188214757,81
granite_dense_unfavorable,47,20,20.5,9.491357434212482,8.44485614369936,11.730090188121537,11.73009018812154,10.809076308273921,12.150544432773595,1.1388335528605844,1.3177188740614394,0.056460254055827885,1.0358440760394008,0.42045424465205805,155,99.90927476771157,99.90927476771157,99.90927476771157,100.0,99.93315942627937,0.14285714285714285,1,99.90927476771157,1.2,99.33508891232165,12,2.2,P32_derived_Jv_proxy,100.0,99.90927476771157,0.09072523228843465,0.02388465856780897,0.0,-0.06684057372062568,0.09072523228843465,0.02388465856780897,0.0,0.06684057372062568,155,1,0,155,1.0,0.0,78.53981633974483,7.0,1.9735212943395022,0.14285714285714285,0.14285714285714285,0.0,1.9735212943395022,0.891240372109699,0.6489763681357082,0.24226400397399073,1,1,1,1,1,1,99.90927476771157,99.90927476771157,0.0,99.90927476771157,99.90927476771157,81,4.0,4.0,0.0,4.0,4.0,81,1.1882302629948118,1.1882302629948118,0.28943861798695164,0.5,1.9245796922138632,81,2.5301430323416363,2.5301430323416363,0.5140424641108129,1.0193751918159406,3.975080999679758,81,0.7952708205609522,0.7890438151584972,0.09100439780163969,0.5883143569511564,1.0,81,1.0718930519267948,1.0797772457288954,0.2807788641735918,0.5,1.667658798918481,81,9.491357434212482,8.44485614369936,3.3163568257038256,4.138124939273702,19.252240560711982,81,11.730090188121537,11.73009018812154,3.552713678800501e-15,11.73009018812154,11.73009018812154,81
granite_dense_unfavorable,47,30,30.5,10.049033035493943,9.031490971348083,11.543752726524922,11.543752726524922,8.7357341204965,10.304153837427185,0.869310916746042,-1.3132989149974428,-0.0608248665006742,0.8926173387056863,-1.2395988890977367,176,99.06271243655212,99.06271243655212,99.06271243655212,99.78368066189365,99.86631885255873,0.2857142857142857,2,99.06271243655212,1.6,98.84867952008052,16,2.2,P32_derived_Jv_proxy,100.0,99.06271243655212,0.7209682253415366,0.8036064160066161,-0.21631933810634507,-0.13368114744126558,0.7209682253415366,0.8036064160066161,0.21631933810634507,0.13368114744126558,176,2,0,176,1.0,0.0,78.53981633974483,7.0,2.2409015987338865,0.2857142857142857,0.2857142857142857,0.0,2.2409015987338865,0.8880513421171727,0.8810011387336119,0.007050203383560882,1,1,1,1,1,1,99.06271243655212,99.06271243655212,0.0,99.06271243655212,99.06271243655212,81,4.0,4.0,0.0,4.0,4.0,81,1.1782557090438188,1.1782557090438188,0.27353643760233515,0.6387807432545082,1.8677075962982088,81,2.5278003013165473,2.5278003013165473,0.4992121507840985,0.9907162306136084,3.6650985525146744,81,0.7873844413289043,0.7657799896578825,0.08929412439927069,0.6371549749684965,1.0,81,0.9911139555059092,0.9983837533221154,0.27417052103122,0.5,1.5806110025729119,81,10.049033035493943,9.031490971348083,3.6636182033625375,4.859739921169341,21.68108798846514,81,11.543752726524922,11.543752726524922,0.0,11.543752726524922,11.543752726524922,81
granite_dense_unfavorable,47,40,40.5,10.154420234843432,9.109521967236029,11.496201362402733,11.496201362402735,10.369234962122418,11.582627505547796,1.021154799812389,0.21481472727898598,0.009091583035358619,1.007517800047215,0.08642614314506325,164,97.43987625561681,97.43987625561681,97.43987625561681,99.8116956543249,99.4993401055308,0.5714285714285714,4,97.43987625561681,1.9,98.4081369392601,19,2.2,P32_derived_Jv_proxy,100.0,97.43987625561681,2.371819398708084,2.059463849913996,-0.1883043456751068,-0.5006598944691945,2.371819398708084,2.059463849913996,0.1883043456751068,0.5006598944691945,164,4,0,164,1.0,0.0,78.53981633974483,7.0,2.0881128533656668,0.5714285714285714,0.5714285714285714,0.0,2.0881128533656668,0.8953528451852308,0.8793653830513941,0.015987462133836727,1,1,1,1,1,1,97.43987625561681,97.43987625561681,0.0,97.43987625561681,97.43987625561681,81,4.0,4.0,0.0,4.0,4.0,81,1.1490887318258571,1.1490887318258571,0.2764872243397864,0.5,1.8023047416350353,81,2.4348708826989824,2.4348708826989824,0.5069194040956639,0.75,3.8999378275527627,81,0.7972690592383376,0.7760565735779124,0.10247842924309968,0.5298984474827102,1.0,81,0.9969798289085633,0.9854340984229107,0.2974810228355977,0.5,1.7376234100160857,81,10.154420234843432,9.109521967236029,3.7231639687585782,4.638440787913703,22.385965484197392,81,11.496201362402733,11.496201362402735,1.7763568394002505e-15,11.496201362402735,11.496201362402735,81
granite_dense_unfavorable,47,50,50.5,10.188921049630034,9.571972888098005,11.685523088886697,11.685523088886697,13.114378782257122,12.132689904440452,1.2871214447905956,2.9254577326270876,0.10961952616941506,1.0382667350149712,0.44716681555375537,173,95.82258061988004,95.82258061988004,95.82258061988004,100.0,99.79947827883811,0.42857142857142855,3,95.82258061988004,2.1,98.08069376239264,21,2.2,P32_derived_Jv_proxy,100.0,95.82258061988004,4.177419380119957,3.976897658958066,0.0,-0.20052172116189126,4.177419380119957,3.976897658958066,0.0,0.20052172116189126,173,3,0,173,1.0,0.0,78.53981633974483,7.0,2.2027044123918316,0.42857142857142855,0.42857142857142855,0.0,2.2027044123918316,0.8913596073317563,0.8105736672274517,0.08078594010430462,0,1,1,1,1,1,95.82258061988004,95.82258061988004,0.0,95.82258061988004,95.82258061988004,81,4.0,4.0,0.0,4.0,4.0,81,1.2016227666562989,1.2016227666562989,0.27930397811439234,0.5,2.1020388170516773,81,2.463359867520838,2.463359867520838,0.5162792757001047,1.0747278597887882,3.8737428805441647,81,0.8011436671212637,0.8065709509784248,0.10632814008608729,0.48720500436414005,1.0,81,0.9904353285678427,0.965021836205072,0.2514883160570266,0.5,1.6537488025322318,81,10.188921049630034,9.571972888098005,3.3396901744612584,4.615477740140202,21.36908683889249,81,11.685523088886697,11.685523088886697,0.0,11.685523088886697,11.685523088886697,81
granite_dense_unfavorable,47,60,60.5,10.192238448167563,8.976475750115071,11.745054514557426,11.74505451455743,9.988384287949525,13.460989740654979,0.9799990785876199,-0.2038541602180377,-0.008774332638627924,1.1460985322776267,1.7159352260975531,170,97.89242038402497,97.89242038402497,97.89242038402497,100.0,99.61598890532413,0.5714285714285714,4,97.89242038402497,2.4,97.54185477225263,24,2.2,P32_derived_Jv_proxy,100.0,97.89242038402497,2.107579615975027,1.723568521299157,0.0,-0.3840110946758699,2.107579615975027,1.723568521299157,0.0,0.3840110946758699,170,4,1,169,0.9941176470588236,0.0058823529411764705,78.53981633974483,7.0,2.1645072260497766,0.5714285714285714,0.5714285714285714,0.012732395447351627,2.151774830602425,0.8898369115266547,0.79324978768508,0.09658712384157464,1,1,1,1,1,1,97.89242038402497,97.89242038402497,0.0,97.89242038402497,97.89242038402497,81,4.0,4.0,0.0,4.0,4.0,81,1.183227980957261,1.183227980957261,0.30665044305299205,0.5,1.972030399377424,81,2.4654855960533166,2.4654855960533166,0.49793464811752647,1.3325375854128254,3.707178151528277,81,0.8055026222190359,0.8233368231270509,0.09253181657882649,0.6226365094750156,0.9833824178432364,81,1.056291675092586,1.0656433780789318,0.3639442485228021,0.5,1.9858802752006142,81,10.192238448167563,8.976475750115071,4.089854765990606,4.879418434103186,20.929141941291892,81,11.745054514557426,11.74505451455743,3.552713678800501e-15,11.74505451455743,11.74505451455743,81
granite_dense_unfavorable,47,70,70.5,9.451944616907912,8.568269639611387,11.471000306133044,11.471000306133043,10.7148974997712,12.0,1.1336183117920602,1.2629528828632868,0.05446685262932427,1.046116265342973,0.5289996938669557,185,97.7128291152851,97.7128291152851,97.7128291152851,100.0,100.0,0.0,0,97.7128291152851,2.0,98.24769036935783,20,2.2,P32_derived_Jv_proxy,100.0,97.7128291152851,2.2871708847148966,2.2871708847148966,0.0,0.0,2.2871708847148966,2.2871708847148966,0.0,0.0,185,0,0,185,1.0,0.0,78.53981633974483,7.0,2.355493157760051,0.0,0.0,0.0,2.355493157760051,0.8912361317010153,0.0,0.8912361317010153,1,1,1,1,1,1,97.7128291152851,97.7128291152851,0.0,97.7128291152851,97.7128291152851,81,4.0,4.0,0.0,4.0,4.0,81,1.1904849894510268,1.1904849894510268,0.2897869121187412,0.5,2.194984678534388,81,2.535211691092579,2.535211691092579,0.48355493552076406,1.0557840043903717,3.9764056502462424,81,0.7951112059850274,0.7912591037104985,0.09887478501839339,0.4778871707931277,1.0,81,1.0543787868975942,1.0726662240570644,0.3055231633599356,0.5,1.8795831270211694,81,9.451944616907912,8.568269639611387,3.1670103637314186,4.694939975571354,17.818857340123976,81,11.471000306133044,11.471000306133043,1.7763568394002505e-15,11.471000306133043,11.471000306133043,81
granite_dense_unfavorable,47,80,80.5,9.291970545680593,8.501646691280468,11.09263591346279,11.092635913462791,9.488074040422143,12.0,1.0211046186357864,0.19610349474154987,0.009070240586988465,1.0817987801651339,0.9073640865372106,189,98.42696063740816,98.42696063740816,98.42696063740816,100.0,100.0,0.0,0,98.42696063740816,1.7,98.70878354177688,17,2.2,P32_derived_Jv_proxy,100.0,98.42696063740816,1.5730393625918424,1.5730393625918424,0.0,0.0,1.5730393625918424,1.5730393625918424,0.0,0.0,189,0,0,189,1.0,0.0,78.53981633974483,7.0,2.4064227395494573,0.0,0.0,0.0,2.4064227395494573,0.8818765931662198,0.0,0.8818765931662198,1,1,1,1,1,1,98.42696063740816,98.42696063740816,0.0,98.42696063740816,98.42696063740816,81,4.0,4.0,0.0,4.0,4.0,81,1.1596132383098983,1.1596132383098983,0.30990073239699534,0.5,2.2418460324546663,81,2.572364392290676,2.572364392290676,0.478841798820784,1.6514751637620566,3.9297658117693417,81,0.7869883218048704,0.7987146868052973,0.10615854019025994,0.4942880289569222,1.0,81,1.024699905267018,0.9994715446461165,0.29239274319330255,0.5,2.0600190888708036,81,9.291970545680593,8.501646691280468,3.1412756489402085,4.516546675263077,18.437926475503676,81,11.09263591346279,11.092635913462791,1.7763568394002505e-15,11.092635913462791,11.092635913462791,81
granite_dense_unfavorable,48,10,10.5,9.738673725327006,9.246165306919758,11.568659823261116,11.568659823261118,10.274331439196718,11.43241739187267,1.0550031481675628,0.5356577138697123,0.023253755586091218,0.9882231448179932,-0.13624243138844605,178,99.38237638822338,99.38237638822338,99.38237638822338,98.89668604588908,99.93315942627937,0.14285714285714285,1,99.38237638822338,1.5,98.98141728888164,15,2.2,P32_derived_Jv_proxy,100.0,99.38237638822338,-0.4856903423342942,0.5507830380559966,-1.1033139541109165,-0.06684057372062568,0.4856903423342942,0.5507830380559966,1.1033139541109165,0.06684057372062568,178,1,1,177,0.9943820224719101,0.0056179775280898875,78.53981633974483,7.0,2.2663663896285895,0.14285714285714285,0.14285714285714285,0.012732395447351627,2.253633994181238,0.8809008976185349,0.8431362519563546,0.037764645662180296,1,1,1,1,1,1,99.38237638822338,99.38237638822338,0.0,99.38237638822338,99.38237638822338,81,4.0,4.0,0.0,4.0,4.0,81,1.1784228897152382,1.1784228897152382,0.3016847889475653,0.5,2.0187024041380126,81,2.5308564034075807,2.5308564034075807,0.4751071948736112,1.2515279145174012,3.7266011443865175,81,0.7875461193518724,0.7820669830548206,0.10691670802820216,0.48071902895720164,1.0,81,1.0206610949738373,1.0005949930088611,0.30885139687871277,0.5,1.8149665430266715,81,9.738673725327006,9.246165306919758,3.172540286494165,4.520664263315496,20.389225776024727,81,11.568659823261116,11.568659823261118,1.7763568394002505e-15,11.568659823261118,11.568659823261118,81
granite_dense_unfavorable,48,20,20.5,10.663366453124176,10.095930507009863,12.155178379559587,12.155178379559583,9.838304626111674,11.315722218831892,0.9226265147465907,-0.8250618270125027,-0.034974068649638146,0.9309383923036998,-0.8394561607276945,184,97.61384317610349,97.61384317610349,97.61384317610349,99.511140145147,99.68282947904477,0.42857142857142855,3,97.61384317610349,2.0,98.24769036935783,20,2.2,P32_derived_Jv_proxy,100.0,97.61384317610349,1.8972969690435093,2.0689863029412834,-0.4888598548530041,-0.31717052095523,1.8972969690435093,2.0689863029412834,0.4888598548530041,0.31717052095523,184,3,1,183,0.9945652173913043,0.005434782608695652,78.53981633974483,7.0,2.3427607623126994,0.42857142857142855,0.42857142857142855,0.012732395447351627,2.330028366865348,0.8895163387092265,0.7639569907629519,0.12555934794627466,1,1,1,1,1,1,97.61384317610349,97.61384317610349,0.0,97.61384317610349,97.61384317610349,81,4.0,4.0,0.0,4.0,4.0,81,1.228941855896632,1.228941855896632,0.2940868643501792,0.5,2.014598719924458,81,2.4672969381464145,2.4672969381464145,0.4824934469774594,0.75,3.530033082004153,81,0.8146611604917224,0.8057933674923249,0.09921872831806995,0.5364609462276558,1.0,81,1.009229992700725,0.9931543087050523,0.28472271507375246,0.5,1.6839235638184176,81,10.663366453124176,10.095930507009863,3.4810690386268397,5.3430169160937835,23.626379769087976,81,12.155178379559587,12.155178379559583,3.552713678800501e-15,12.155178379559583,12.155178379559583,81
granite_dense_unfavorable,48,30,30.5,9.917903179466753,9.45392343117332,11.353467926477261,11.35346792647726,8.338866117378435,10.534250098242568,0.8407892239402546,-1.579037062088318,-0.07531286312309993,0.9278442645419196,-0.8192178282346934,182,96.76197433327629,96.76197433327629,96.76197433327629,100.0,99.86631885255873,0.2857142857142857,2,96.76197433327629,3.0,96.30636868862332,30,2.2,P32_derived_Jv_proxy,100.0,96.76197433327629,3.238025666723715,3.1043445192824493,0.0,-0.13368114744126558,3.238025666723715,3.1043445192824493,0.0,0.13368114744126558,182,2,2,180,0.989010989010989,0.01098901098901099,78.53981633974483,7.0,2.317295971417996,0.2857142857142857,0.2857142857142857,0.025464790894703253,2.291831180523293,0.8911437483841267,0.8125776457628092,0.07856610262131747,1,1,1,1,1,1,96.76197433327629,96.76197433327629,0.0,96.76197433327629,96.76197433327629,81,4.0,4.0,0.0,4.0,4.0,81,1.174336376638219,1.174336376638219,0.3275879499354027,0.5,2.071098610120389,81,2.502123295515341,2.502123295515341,0.4750065267521349,0.974568821314596,3.7487650429175208,81,0.8236881799105977,0.824487554205073,0.08112997677413807,0.6209282483534614,1.0,81,1.0077241836143125,1.000064816020931,0.2536195219434247,0.5037102629839664,1.5794418630247624,81,9.917903179466753,9.45392343117332,2.859365982911996,5.373467736757709,18.85280988411446,81,11.353467926477261,11.35346792647726,1.7763568394002505e-15,11.35346792647726,11.35346792647726,81
granite_dense_unfavorable,48,40,40.5,10.015032561297346,9.202844796544397,11.625267895425125,11.625267895425123,12.08326655588017,12.453729370453829,1.2065129575889173,2.0682339945828243,0.08153199046291237,1.0712638609691503,0.8284614750287034,184,97.97411081340466,97.97411081340466,97.97411081340466,99.35327743447708,99.93315942627937,0.14285714285714285,1,97.97411081340466,1.9,98.4081369392601,19,2.2,P32_derived_Jv_proxy,100.0,97.97411081340466,1.3791666210724145,1.9590486128747102,-0.6467225655229214,-0.06684057372062568,1.3791666210724145,1.9590486128747102,0.6467225655229214,0.06684057372062568,184,1,0,184,1.0,0.0,78.53981633974483,7.0,2.3427607623126994,0.14285714285714285,0.14285714285714285,0.0,2.3427607623126994,0.8938821473585361,0.6326334240032343,0.2612487233553018,1,1,1,1,1,1,97.97411081340466,97.97411081340466,0.0,97.97411081340466,97.97411081340466,81,4.0,4.0,0.0,4.0,4.0,81,1.185739776293733,1.185739776293733,0.30066345956410756,0.5,2.2154348049540715,81,2.498260712860234,2.498260712860234,0.47362320395849555,1.126457620544927,4.00308489151767,81,0.8004156201957708,0.7917339926443703,0.11104536389192048,0.5447106566197294,1.0,81,1.0135912357751853,0.981133211571501,0.27587179029104913,0.5,1.6486961258274384,81,10.015032561297346,9.202844796544397,3.5518679116144756,4.658575014778019,21.383056926847733,81,11.625267895425125,11.625267895425123,1.7763568394002505e-15,11.625267895425123,11.625267895425123,81
granite_dense_unfavorable,48,50,50.5,9.83666063098206,9.318029373343663,11.84527064556066,11.845270645560664,8.601089258870147,12.0,0.8743911761863276,-1.235571372111913,-0.058294233666911444,1.0130625427708002,0.15472935443933977,170,98.02677057264188,98.02677057264188,98.02677057264188,100.0,100.0,0.0,0,98.02677057264188,2.5,97.35009788392561,25,2.2,P32_derived_Jv_proxy,100.0,98.02677057264188,1.9732294273581203,1.9732294273581203,0.0,0.0,1.9732294273581203,1.9732294273581203,0.0,0.0,170,0,0,170,1.0,0.0,78.53981633974483,7.0,2.1645072260497766,0.0,0.0,0.0,2.1645072260497766,0.8881558295225597,0.0,0.8881558295225597,1,1,1,1,1,1,98.02677057264188,98.02677057264188,0.0,98.02677057264188,98.02677057264188,81,4.0,4.0,0.0,4.0,4.0,81,1.190593002570041,1.190593002570041,0.3251569058494045,0.5,2.093552816118082,81,2.4632190897230886,2.4632190897230886,0.5121380510493682,1.116141956214678,3.8290975436510557,81,0.8036090976929678,0.7980159393577346,0.08949790371933214,0.5128447149712022,1.0,81,1.0604292125073718,1.0153370415711023,0.30366640902774217,0.5,2.082679152367628,81,9.83666063098206,9.318029373343663,3.440007144443983,4.493212315175592,19.783579504516087,81,11.84527064556066,11.845270645560664,3.552713678800501e-15,11.845270645560664,11.845270645560664,81
granite_dense_unfavorable,48,60,60.5,9.60899530975259,8.870137171548011,11.497465122085936,11.497465122085934,9.435562332109553,12.0,0.9819509769697762,-0.17343297764303678,-0.007910193438056878,1.0437083194058772,0.5025348779140639,175,99.33247607426938,99.33247607426938,99.33247607426938,100.0,100.0,0.0,0,99.33247607426938,1.2,99.33508891232165,12,2.2,P32_derived_Jv_proxy,100.0,99.33247607426938,0.6675239257306202,0.6675239257306202,0.0,0.0,0.6675239257306202,0.6675239257306202,0.0,0.0,175,0,0,175,1.0,0.0,78.53981633974483,7.0,2.2281692032865346,0.0,0.0,0.0,2.2281692032865346,0.8944785163466213,0.0,0.8944785163466213,1,1,1,1,1,1,99.33247607426938,99.33247607426938,0.0,99.33247607426938,99.33247607426938,81,4.0,4.0,0.0,4.0,4.0,81,1.184566979700821,1.184566979700821,0.31519052148830323,0.5,2.019645553417993,81,2.5585198545954304,2.5585198545954304,0.49048211452466595,1.323405963867044,3.7444616983118486,81,0.7870191075962926,0.7907279909506533,0.09379029182290412,0.5058599638772637,1.0,81,1.0268729671828085,0.9824971075870756,0.29267007206574336,0.5,1.7489648712033357,81,9.60899530975259,8.870137171548011,3.2031592329165477,4.642914397433193,19.728144509377064,81,11.497465122085936,11.497465122085934,1.7763568394002505e-15,11.497465122085934,11.497465122085934,81
granite_dense_unfavorable,48,70,70.5,9.972946540256814,8.98453694514832,12.057124988250534,12.057124988250534,7.7199813781122035,11.916540997642334,0.774092325367404,-2.2529651621446103,-0.11120723827527845,0.9883401730723372,-0.14058399060819937,167,99.59501519757202,99.59501519757202,99.59501519757202,99.52633076132346,99.7496700527654,0.2857142857142857,2,99.59501519757202,1.6,98.84867952008052,16,2.2,P32_derived_Jv_proxy,100.0,99.59501519757202,-0.06868443624856013,0.15465485519337108,-0.47366923867653554,-0.25032994723460433,0.06868443624856013,0.15465485519337108,0.47366923867653554,0.25032994723460433,167,2,0,167,1.0,0.0,78.53981633974483,7.0,2.1263100397077217,0.2857142857142857,0.2857142857142857,0.0,2.1263100397077217,0.8696019952165541,0.8539815611597747,0.015620434056779375,0,1,1,1,1,1,99.59501519757202,99.59501519757202,0.0,99.59501519757202,99.59501519757202,81,4.0,4.0,0.0,4.0,4.0,81,1.2187102805437962,1.2187102805437962,0.29219287723577486,0.5,2.0567686211692924,81,2.5167166515748356,2.5167166515748356,0.48887036175757054,1.3797591187706395,3.7515730833375067,81,0.7866498877159113,0.7816879119059458,0.10077375140992606,0.5661051228465592,1.0,81,1.0397662402094812,1.048825337302501,0.3005318555970452,0.5,2.073632273561048,81,9.972946540256814,8.98453694514832,3.3917101492064496,3.720947485628492,18.542400335830617,81,12.057124988250534,12.057124988250534,0.0,12.057124988250534,12.057124988250534,81
granite_dense_unfavorable,48,80,80.5,10.289556946650954,9.634100495141587,11.977608713531623,11.977608713531623,8.308087371519559,12.10781238530363,0.807429067606616,-1.9814695751313955,-0.09289561995676554,1.0108705898552948,0.13020367177200676,172,97.4771536484137,97.4771536484137,97.4771536484137,100.0,99.93315942627937,0.14285714285714285,1,97.4771536484137,2.2,97.90729335142237,22,2.2,P32_derived_Jv_proxy,100.0,97.4771536484137,2.5228463515862956,2.45600577786567,0.0,-0.06684057372062568,2.5228463515862956,2.45600577786567,0.0,0.06684057372062568,172,1,1,171,0.9941860465116279,0.005813953488372093,78.53981633974483,7.0,2.1899720169444796,0.14285714285714285,0.14285714285714285,0.012732395447351627,2.177239621497128,0.8839933549256093,0.7910666821826187,0.0929266727429906,1,1,1,1,1,1,97.4771536484137,97.4771536484137,0.0,97.4771536484137,97.4771536484137,81,4.0,4.0,0.0,4.0,4.0,81,1.2235639641237301,1.2235639641237301,0.2772623858424446,0.5814019556785942,1.9080545000492155,81,2.4894270505515648,2.4894270505515648,0.4813851307410264,1.033020304856888,3.8904730150967106,81,0.7973902434697542,0.7957002868520555,0.09032120288040073,0.5715826576870513,1.0,81,1.0066636378845086,0.9956263445757828,0.26787819651952116,0.5,1.6857531196525006,81,10.289556946650954,9.634100495141587,3.4172147688591537,4.878857370342314,23.955217427063246,81,11.977608713531623,11.977608713531623,0.0,11.977608713531623,11.977608713531623,81
granite_dense_unfavorable,49,10,10.5,10.350893621258786,9.966068579938815,12.523376593707553,12.523376593707553,9.646284420480617,11.483322909534332,0.931927693727715,-0.7046092007781688,-0.030617782316881503,0.9169510174519704,-1.0400536841732215,167,98.10484908115559,98.10484908115559,98.10484908115559,99.09964698975035,99.79947827883811,0.42857142857142855,3,98.10484908115559,1.6,98.84867952008052,16,2.2,P32_derived_Jv_proxy,100.0,98.10484908115559,0.9947979085947622,1.6946291976825165,-0.9003530102496455,-0.20052172116189126,0.9947979085947622,1.6946291976825165,0.9003530102496455,0.20052172116189126,167,3,1,166,0.9940119760479041,0.005988023952095809,78.53981633974483,7.0,2.1263100397077217,0.42857142857142855,0.42857142857142855,0.012732395447351627,2.11357764426037,0.8802882991686665,0.8419190538676995,0.03836924530096697,1,1,1,1,1,1,98.10484908115559,98.10484908115559,0.0,98.10484908115559,98.10484908115559,81,4.0,4.0,0.0,4.0,4.0,81,1.2677321943499713,1.2677321943499713,0.3300379803260614,0.5,2.0498473853868076,81,2.4827704148200125,2.4827704148200125,0.5211701001053097,1.0028023720993091,3.79414121871459,81,0.8120884137393153,0.8263962332537989,0.10275519926631112,0.5561934259416487,1.0,81,1.0584977019402422,1.041526649128181,0.2810619135789203,0.5,1.7948564452614986,81,10.350893621258786,9.966068579938815,3.2782206747609366,4.952065385823692,22.86253123489936,81,12.523376593707553,12.523376593707553,0.0,12.523376593707553,12.523376593707553,81
granite_dense_unfavorable,49,20,20.5,10.122322370245229,9.206229434017779,11.823682432268681,11.823682432268681,12.27248147554036,12.026440319553716,1.2124175684836482,2.150159105295131,0.0836522208663395,1.0171484550981915,0.20275788728503485,189,99.12581248147762,99.12581248147762,99.12581248147762,100.0,99.93315942627937,0.14285714285714285,1,99.12581248147762,1.9,98.4081369392601,19,2.2,P32_derived_Jv_proxy,100.0,99.12581248147762,0.8741875185223762,0.8073469448017505,0.0,-0.06684057372062568,0.8741875185223762,0.8073469448017505,0.0,0.06684057372062568,189,1,1,188,0.9947089947089947,0.005291005291005291,78.53981633974483,7.0,2.4064227395494573,0.14285714285714285,0.14285714285714285,0.012732395447351627,2.393690344102106,0.8759906706174319,0.765038691876676,0.11095197874075591,1,1,1,1,1,1,99.12581248147762,99.12581248147762,0.0,99.12581248147762,99.12581248147762,81,4.0,4.0,0.0,4.0,4.0,81,1.211728925322312,1.211728925322312,0.25265950431385104,0.5,1.8791797822743146,81,2.539682855107666,2.539682855107666,0.4584286884171116,1.4605677302107434,3.62370132188697,81,0.8026806372678075,0.8033954083239402,0.09584258282879426,0.6100266111428901,1.0,81,1.0182730122477035,0.9792060697134359,0.28131329178959874,0.5,1.6351497209584223,81,10.122322370245229,9.206229434017779,3.391633697477679,5.320811423888223,22.386722631324453,81,11.823682432268681,11.823682432268681,0.0,11.823682432268681,11.823682432268681,81
granite_dense_unfavorable,49,30,30.5,9.46035264428296,9.00889637780149,11.66859054511772,11.668590545117718,11.494163835351767,11.432424279659378,1.2149825981696223,2.033811191068807,0.08457005770961512,0.9797605148158055,-0.2361662654583423,181,98.72053630729887,98.72053630729887,98.72053630729887,100.0,99.86631885255873,0.2857142857142857,2,98.72053630729887,2.2,97.90729335142237,22,2.2,P32_derived_Jv_proxy,100.0,98.72053630729887,1.2794636927011283,1.1457825452598627,0.0,-0.13368114744126558,1.2794636927011283,1.1457825452598627,0.0,0.13368114744126558,181,2,0,181,1.0,0.0,78.53981633974483,7.0,2.3045635759706444,0.2857142857142857,0.2857142857142857,0.0,2.3045635759706444,0.8868955027763292,0.9252808232327919,-0.0383853204564627,1,1,1,1,1,1,98.72053630729887,98.72053630729887,0.0,98.72053630729887,98.72053630729887,81,4.0,4.0,0.0,4.0,4.0,81,1.1643276805959724,1.1643276805959724,0.3102339732289416,0.5,2.00878056331272,81,2.4626593207943475,2.4626593207943475,0.4622844315219146,1.1780749746190442,3.8811543942452342,81,0.8059181062213961,0.8067780888304694,0.09760486076169199,0.5334840383219855,1.0,81,1.0781340564538626,1.0756367145839782,0.28601625896325994,0.5,1.8009480701978726,81,9.46035264428296,9.00889637780149,3.2054711811751626,4.546400049725989,21.632351597675093,81,11.66859054511772,11.668590545117718,1.7763568394002505e-15,11.668590545117718,11.668590545117718,81
granite_dense_unfavorable,49,40,40.5,9.784644364597485,9.320631412328664,11.568986014201883,11.568986014201883,10.475521361508262,12.386312554095513,1.0706082889849822,0.6908769969107773,0.02963060150444885,1.070648070530148,0.8173265398936298,194,97.05831421631072,97.05831421631072,97.05831421631072,100.0,99.86631885255873,0.2857142857142857,2,97.05831421631072,2.3,97.72763310791008,23,2.2,P32_derived_Jv_proxy,100.0,97.05831421631072,2.9416857836892802,2.8080046362480147,0.0,-0.13368114744126558,2.9416857836892802,2.8080046362480147,0.0,0.13368114744126558,194,2,1,193,0.9948453608247423,0.005154639175257732,78.53981633974483,7.0,2.4700847167862157,0.2857142857142857,0.2857142857142857,0.012732395447351627,2.457352321338864,0.8921733933183977,0.883065783711435,0.009107609606962774,1,1,1,1,1,1,97.05831421631072,97.05831421631072,0.0,97.05831421631072,97.05831421631072,81,4.0,4.0,0.0,4.0,4.0,81,1.1846565861389164,1.1846565861389164,0.3026981436604625,0.5,2.105809852618534,81,2.4846769421871664,2.4846769421871664,0.5250596213825479,1.081037299595397,4.102721551382084,81,0.8078007719868309,0.8038118371455693,0.10780495577246738,0.43378714797851214,1.0,81,1.0281099087018273,1.0352591536118272,0.2803522715671556,0.5588251103462913,1.7410191032665125,81,9.784644364597485,9.320631412328664,3.0252553398007795,4.6476929470635815,17.728712639224092,81,11.568986014201883,11.568986014201883,0.0,11.568986014201883,11.568986014201883,81
granite_dense_unfavorable,49,50,50.5,10.375889760154775,9.732727301200196,12.074827682974572,12.074827682974568,10.45557430537967,12.0,1.0076797794759633,0.07968454522489488,0.0033225439139932256,0.9938030020022498,-0.07482768297457199,177,98.90154284066833,98.90154284066833,98.90154284066833,100.0,100.0,0.0,0,98.90154284066833,1.7,98.70878354177688,17,2.2,P32_derived_Jv_proxy,100.0,98.90154284066833,1.098457159331673,1.098457159331673,0.0,0.0,1.098457159331673,1.098457159331673,0.0,0.0,177,0,0,177,1.0,0.0,78.53981633974483,7.0,2.253633994181238,0.0,0.0,0.0,2.253633994181238,0.87131725767384,0.0,0.87131725767384,1,1,1,1,1,1,98.90154284066833,98.90154284066833,0.0,98.90154284066833,98.90154284066833,81,4.0,4.0,0.0,4.0,4.0,81,1.2149395064367847,1.2149395064367847,0.27592401317210014,0.5,1.9408602014338703,81,2.487807586150941,2.487807586150941,0.5002445368753643,1.2568042712810272,3.8475815414445838,81,0.798102691007179,0.8116350744354175,0.0959528741109582,0.5233562620188199,1.0,81,1.0140491393403188,0.9883664598149039,0.27999222552958714,0.5,1.6671270713542141,81,10.375889760154775,9.732727301200196,3.4899130921423573,4.929641870271151,20.243055308094664,81,12.074827682974572,12.074827682974568,3.552713678800501e-15,12.074827682974568,12.074827682974568,81
granite_dense_unfavorable,49,60,60.5,10.5773582984868,9.599554039652492,11.914717218813054,11.914717218813056,9.537653622898842,12.0,0.9017046935304538,-1.0397046755879575,-0.04493566974043672,1.0071577679621542,0.08528278118694566,190,98.81559993860245,98.81559993860245,98.81559993860245,100.0,100.0,0.0,0,98.81559993860245,2.2,97.90729335142237,22,2.2,P32_derived_Jv_proxy,100.0,98.81559993860245,1.1844000613975538,1.1844000613975538,0.0,0.0,1.1844000613975538,1.1844000613975538,0.0,0.0,190,0,0,190,1.0,0.0,78.53981633974483,7.0,2.4191551349968092,0.0,0.0,0.0,2.4191551349968092,0.884825656337319,0.0,0.884825656337319,1,1,1,1,1,1,98.81559993860245,98.81559993860245,0.0,98.81559993860245,98.81559993860245,81,4.0,4.0,0.0,4.0,4.0,81,1.2064309246983373,1.2064309246983373,0.281946284452108,0.5305125174941968,1.9054683768586658,81,2.5014063158022903,2.5014063158022903,0.4934633819101963,0.9586107858710506,3.643254931517623,81,0.8158225379379701,0.8253953465711736,0.09598350343512235,0.5449674353041102,1.0,81,1.0148003335866194,1.0321918656560003,0.2930315213963172,0.5,1.690232887708877,81,10.5773582984868,9.599554039652492,3.9562652194271193,4.995863846477536,22.794451863119274,81,11.914717218813054,11.914717218813056,1.7763568394002505e-15,11.914717218813056,11.914717218813056,81
granite_dense_unfavorable,49,70,70.5,10.436512914157404,9.763520755358229,11.41446493685662,11.414464936856623,11.948134152557959,11.702008492858747,1.144839684560731,1.5116212384005543,0.05874467533507666,1.0251911550469324,0.28754355600212733,201,95.29041268060897,95.29041268060897,95.29041268060897,98.7788380734636,99.93315942627937,0.14285714285714285,1,95.29041268060897,2.3,97.72763310791008,23,2.2,P32_derived_Jv_proxy,100.0,95.29041268060897,3.488425392854637,4.642746745670408,-1.2211619265363964,-0.06684057372062568,3.488425392854637,4.642746745670408,1.2211619265363964,0.06684057372062568,201,1,0,201,1.0,0.0,78.53981633974483,7.0,2.559211484917677,0.14285714285714285,0.14285714285714285,0.0,2.559211484917677,0.8880906885644366,0.6224705245782404,0.26562016398619626,1,1,1,1,1,1,95.29041268060897,95.29041268060897,0.0,95.29041268060897,95.29041268060897,81,4.0,4.0,0.0,4.0,4.0,81,1.2168953615456082,1.2168953615456082,0.28110317349763125,0.5,1.9190485075731363,81,2.5397261683370047,2.5397261683370047,0.5529947484362066,1.2731147987024622,4.324179034062925,81,0.8047353331915218,0.8013749957062574,0.09427592358966462,0.5571607811470304,1.0,81,0.9530808022619482,0.9240469948446344,0.259513988253164,0.5,1.5148708932821469,81,10.436512914157404,9.763520755358229,3.3897337141725132,5.268089728785909,20.371099636277037,81,11.41446493685662,11.414464936856623,3.552713678800501e-15,11.414464936856623,11.414464936856623,81
granite_dense_unfavorable,49,80,80.5,9.941034260945537,9.159719072707107,11.69496751676324,11.694967516763239,9.437707382610112,11.63593713949363,0.9493687613256901,-0.5033268783354252,-0.02256506270305758,0.9949524975434948,-0.05903037726961102,177,96.07410082008064,96.07410082008064,96.07410082008064,98.63594248479185,99.7994782788381,0.42857142857142855,3,96.07410082008064,2.6,97.15249981124936,26,2.2,P32_derived_Jv_proxy,100.0,96.07410082008064,2.56184166471121,3.7253774587574497,-1.3640575152081453,-0.20052172116190548,2.56184166471121,3.7253774587574497,1.3640575152081453,0.20052172116190548,177,3,1,176,0.9943502824858758,0.005649717514124294,78.53981633974483,7.0,2.253633994181238,0.42857142857142855,0.42857142857142855,0.012732395447351627,2.2409015987338865,0.8846708252444119,0.8489837652793539,0.03568705996505794,1,1,1,1,1,1,96.07410082008064,96.07410082008064,0.0,96.07410082008064,96.07410082008064,81,4.0,4.0,0.0,4.0,4.0,81,1.2179097114196413,1.2179097114196413,0.2840369475909497,0.5,1.9182825574248512,81,2.501280577243325,2.501280577243325,0.4540028336975747,1.3638373234986152,3.8738959624874743,81,0.7936181600077753,0.7955307687519819,0.1017476596307102,0.5886710297266916,1.0,81,1.0098610894183522,1.0249860229469183,0.2660035296284057,0.5,1.6155016396162434,81,9.941034260945537,9.159719072707107,3.298696181459469,5.220981248594331,21.696048440616398,81,11.69496751676324,11.694967516763239,1.7763568394002505e-15,11.694967516763239,11.694967516763239,81
granite_dense_unfavorable,50,10,10.5,10.13754022797462,9.068058725977046,11.766406311095777,11.766406311095775,8.118157590297042,12.202009936359373,0.8008015167125969,-2.0193826376775785,-0.09647511297717981,1.0370209572699203,0.435603625263596,185,96.68945044863125,96.68945044863125,96.68945044863125,100.0,99.86631885255873,0.2857142857142857,2,96.68945044863125,3.1,96.0815512653819,31,2.2,P32_derived_Jv_proxy,100.0,96.68945044863125,3.3105495513687515,3.176868403927486,0.0,-0.13368114744126558,3.3105495513687515,3.176868403927486,0.0,0.13368114744126558,185,2,2,183,0.9891891891891892,0.010810810810810811,78.53981633974483,7.0,2.355493157760051,0.2857142857142857,0.2857142857142857,0.025464790894703253,2.330028366865348,0.8820787355989743,0.8835084989886192,-0.0014297633896448447,1,1,1,1,1,1,96.68945044863125,96.68945044863125,0.0,96.68945044863125,96.68945044863125,81,4.0,4.0,0.0,4.0,4.0,81,1.206587278091133,1.206587278091133,0.28191692438828536,0.5,2.079125116577653,81,2.478757272025498,2.478757272025498,0.4873631674198801,0.9925507583845903,3.8076423628285676,81,0.7955343864600936,0.7809868200684269,0.09177243480029444,0.5537817811934956,0.9840822758677985,81,1.0213685082062083,1.0395604635837303,0.330128132818617,0.5,1.8644055566427016,81,10.13754022797462,9.068058725977046,3.3813258320390593,5.139077715139446,19.240686342442206,81,11.766406311095777,11.766406311095775,1.7763568394002505e-15,11.766406311095775,11.766406311095775,81
granite_dense_unfavorable,50,20,20.5,10.629872148296062,10.536604034180668,12.261582455141937,12.261582455141939,9.678222630765415,12.0,0.9104740391742911,-0.9516495175306474,-0.04073243295976903,0.9786665011552207,-0.26158245514193723,168,99.24462235656115,99.24462235656115,99.24462235656115,100.0,100.0,0.0,0,99.24462235656115,1.0,99.53211598395555,10,2.2,P32_derived_Jv_proxy,100.0,99.24462235656115,0.7553776434388482,0.7553776434388482,0.0,0.0,0.7553776434388482,0.7553776434388482,0.0,0.0,168,0,0,168,1.0,0.0,78.53981633974483,7.0,2.139042435155073,0.0,0.0,0.0,2.139042435155073,0.8883714561014214,0.0,0.8883714561014214,1,1,1,1,1,1,99.24462235656115,99.24462235656115,0.0,99.24462235656115,99.24462235656115,81,4.0,4.0,0.0,4.0,4.0,81,1.219370161230442,1.219370161230442,0.30347937871307373,0.5,2.0400153545267465,81,2.4673799570100723,2.4673799570100723,0.4837112251060387,1.1408330146630807,3.9707974568058093,81,0.7933618928165986,0.7918102767390782,0.11005258019205046,0.5248795410418331,1.0,81,0.9900331527042265,0.9735808827074941,0.2853629792595352,0.5,1.8140894592506938,81,10.629872148296062,10.536604034180668,3.2573533482469066,5.159957501705229,19.644159861577847,81,12.261582455141937,12.261582455141939,1.7763568394002505e-15,12.261582455141939,12.261582455141939,81
granite_dense_unfavorable,50,30,30.5,10.401956704550901,9.713952407216599,12.207853317021307,12.207853317021309,8.860700427082824,11.676070458330555,0.851830158378397,-1.5412562774680776,-0.06964698813470149,0.9564392817573183,-0.531782858690752,164,98.4471484989041,98.4471484989041,98.4471484989041,100.0,99.93315942627937,0.14285714285714285,1,98.4471484989041,2.1,98.08069376239264,21,2.2,P32_derived_Jv_proxy,100.0,98.4471484989041,1.5528515010959012,1.4860109273752755,0.0,-0.06684057372062568,1.5528515010959012,1.4860109273752755,0.0,0.06684057372062568,164,1,1,163,0.9939024390243902,0.006097560975609756,78.53981633974483,7.0,2.0881128533656668,0.14285714285714285,0.14285714285714285,0.012732395447351627,2.0753804579183153,0.8968042494719979,0.9795623871009285,-0.08275813762893058,1,1,1,1,1,1,98.4471484989041,98.4471484989041,0.0,98.4471484989041,98.4471484989041,81,4.0,4.0,0.0,4.0,4.0,81,1.2194831630600793,1.2194831630600793,0.3298440533674055,0.5,2.121153756761936,81,2.458553459974362,2.458553459974362,0.47550179660836045,0.9157068463789164,3.7701776259626123,81,0.7872961158187808,0.7972223219889195,0.10384230147324675,0.5615071323303882,1.0,81,1.0167259208804145,1.018968127164253,0.2896808416069519,0.5,1.9387880917179439,81,10.401956704550901,9.713952407216599,3.9696019895944237,4.6949596991703855,23.305164685393077,81,12.207853317021307,12.207853317021309,1.7763568394002505e-15,12.207853317021309,12.207853317021309,81
granite_dense_unfavorable,50,40,40.5,9.781508956173269,8.822320995957954,11.992845930089972,11.992845930089972,11.90568789572547,12.0,1.2171627045550673,2.1241789395522,0.08534863654343827,1.0005965281261622,0.0071540699100278715,197,98.70444852968838,98.70444852968838,98.70444852968838,100.0,100.0,0.0,0,98.70444852968838,1.4,99.10683883546386,14,2.2,P32_derived_Jv_proxy,100.0,98.70444852968838,1.2955514703116222,1.2955514703116222,0.0,0.0,1.2955514703116222,1.2955514703116222,0.0,0.0,197,0,0,197,1.0,0.0,78.53981633974483,7.0,2.5082819031282706,0.0,0.0,0.0,2.5082819031282706,0.8854876406646773,0.0,0.8854876406646773,1,1,1,1,1,1,98.70444852968838,98.70444852968838,0.0,98.70444852968838,98.70444852968838,81,4.0,4.0,0.0,4.0,4.0,81,1.201973622874309,1.201973622874309,0.3175755490000655,0.5,2.0856709403469598,81,2.4731440786580308,2.4731440786580308,0.5232469795349345,1.0923783519095438,3.9619600774640764,81,0.7892632851811698,0.7904588545357104,0.09678555341746373,0.5450880953344516,1.0,81,1.0582551932642357,1.0546872355950234,0.3003887592593481,0.5,1.8401142922808147,81,9.781508956173269,8.822320995957954,3.3522928831924763,4.464394434013187,20.07850239847869,81,11.992845930089972,11.992845930089972,0.0,11.992845930089972,11.992845930089972,81
granite_dense_unfavorable,50,50,50.5,10.084390701034453,9.117211551812032,12.25943735309406,12.259437353094063,9.55015835136854,12.127058813289775,0.9470238346069721,-0.5342323496659134,-0.02363909057642488,0.9892019073966004,-0.13237853980428582,181,100.0,100.0,100.0,98.90116066098689,99.86631885255873,0.2857142857142857,2,100.0,1.4,99.10683883546386,14,2.2,P32_derived_Jv_proxy,100.0,100.0,-1.0988393390131108,-0.13368114744126558,-1.0988393390131108,-0.13368114744126558,1.0988393390131108,0.13368114744126558,1.0988393390131108,0.13368114744126558,181,2,1,180,0.994475138121547,0.0055248618784530384,78.53981633974483,7.0,2.3045635759706444,0.2857142857142857,0.2857142857142857,0.012732395447351627,2.291831180523293,0.8741709791974517,0.7522589099805626,0.12191206921688913,1,1,1,1,1,1,100.0,100.0,0.0,100.0,100.0,81,4.0,4.0,0.0,4.0,4.0,81,1.2200418769987889,1.2200418769987889,0.2924989266129352,0.5,1.8503292257963466,81,2.487964663180224,2.487964663180224,0.4732465408443718,1.2256349125750425,3.6777189914265613,81,0.7893542837799735,0.7914503017375882,0.09093508364992649,0.5214981345946683,1.0,81,1.0636705114418306,1.0421842854706984,0.3342966007719294,0.5,1.9263354491396614,81,10.084390701034453,9.117211551812032,3.6471319592982767,4.392034204556364,21.761627826418813,81,12.25943735309406,12.259437353094063,1.7763568394002505e-15,12.259437353094063,12.259437353094063,81
granite_dense_unfavorable,50,60,60.5,9.812810726320105,9.381335183844268,12.308990635028366,12.308990635028362,11.451052870985393,11.957177381525625,1.1669493267888236,1.6382421446652877,0.06705199779875337,0.9714181882223903,-0.3518132535027405,185,99.0850142761916,99.0850142761916,99.0850142761916,100.0,99.93315942627937,0.14285714285714285,1,99.0850142761916,1.5,98.98141728888164,15,2.2,P32_derived_Jv_proxy,100.0,99.0850142761916,0.9149857238083996,0.8481451500877739,0.0,-0.06684057372062568,0.9149857238083996,0.8481451500877739,0.0,0.06684057372062568,185,1,0,185,1.0,0.0,78.53981633974483,7.0,2.355493157760051,0.14285714285714285,0.14285714285714285,0.0,2.355493157760051,0.8861350706959628,0.7410805544058479,0.1450545162901149,1,1,1,1,1,1,99.0850142761916,99.0850142761916,0.0,99.0850142761916,99.0850142761916,81,4.0,4.0,0.0,4.0,4.0,81,1.2501827166795498,1.2501827166795498,0.29028240519478965,0.5328113808589479,2.131003184123383,81,2.5159327844787933,2.5159327844787933,0.5189932502242739,1.1577047677923622,3.997355214858704,81,0.7874601381764889,0.7843495387742621,0.09695425210959312,0.5481788268996802,1.0,81,1.055896049145417,1.0567827711880764,0.262994875293279,0.5,1.7275956147172196,81,9.812810726320105,9.381335183844268,2.9552735111980963,5.612795952335535,18.755334337353357,81,12.308990635028366,12.308990635028362,3.552713678800501e-15,12.308990635028362,12.308990635028362,81
granite_dense_unfavorable,50,70,70.5,9.992039281275014,9.805434073359985,11.718901727858649,11.718901727858645,12.041956260269782,12.16080552690939,1.205155016037246,2.0499169789947675,0.08104291270311004,1.0377086359552132,0.44190379905074195,189,99.59323617202656,99.59323617202656,99.59323617202656,99.54166335605453,99.93315942627937,0.14285714285714285,1,99.59323617202656,1.7,98.70878354177688,17,2.2,P32_derived_Jv_proxy,100.0,99.59323617202656,-0.05157281597203678,0.33992325425280967,-0.45833664394547213,-0.06684057372062568,0.05157281597203678,0.33992325425280967,0.45833664394547213,0.06684057372062568,189,1,0,189,1.0,0.0,78.53981633974483,7.0,2.4064227395494573,0.14285714285714285,0.14285714285714285,0.0,2.4064227395494573,0.8963919293196392,0.809866262623678,0.08652566669596118,1,1,1,1,1,1,99.59323617202656,99.59323617202656,0.0,99.59323617202656,99.59323617202656,81,4.0,4.0,0.0,4.0,4.0,81,1.1772192752200714,1.1772192752200714,0.30221919653703405,0.5,1.9431785023981651,81,2.5011532655944104,2.5011532655944104,0.47540975263947655,1.092601736050392,3.661999980108665,81,0.7906703835997104,0.8031802299317032,0.09232205502845092,0.5855439423010901,1.0,81,1.005069477355901,1.0085529256467987,0.28649813452047623,0.5,1.766908609332754,81,9.992039281275014,9.805434073359985,3.029148469301611,4.483869899290296,17.428520544830167,81,11.718901727858649,11.718901727858645,3.552713678800501e-15,11.718901727858645,11.718901727858645,81
granite_dense_unfavorable,50,80,80.5,10.495484876380376,9.67225890116825,11.964500775711187,11.96450077571119,9.939354805575027,12.0,0.9470124460798477,-0.5561300708053487,-0.023644313258310845,1.00296704601005,0.035499224288813025,165,98.54387100516655,98.54387100516655,98.54387100516655,100.0,100.0,0.0,0,98.54387100516655,2.1,98.08069376239264,21,2.2,P32_derived_Jv_proxy,100.0,98.54387100516655,1.456128994833449,1.456128994833449,0.0,0.0,1.456128994833449,1.456128994833449,0.0,0.0,165,0,0,165,1.0,0.0,78.53981633974483,7.0,2.1008452488130183,0.0,0.0,0.0,2.1008452488130183,0.869561658660835,0.0,0.869561658660835,1,1,1,1,1,1,98.54387100516655,98.54387100516655,0.0,98.54387100516655,98.54387100516655,81,4.0,4.0,0.0,4.0,4.0,81,1.2164411460590054,1.2164411460590054,0.27230299730444796,0.5,1.9085835964282047,81,2.5047601573557956,2.5047601573557956,0.5228574107706436,0.9898918416476483,3.796346373044943,81,0.7938390319979844,0.7991128798108118,0.10819846485450738,0.5738170559431729,1.0,81,1.0118141904934224,1.0057213680815007,0.3164670787012683,0.5,1.8821514771085883,81,10.495484876380376,9.67225890116825,4.0948225607929825,4.60049692206858,22.37083021488445,81,11.964500775711187,11.96450077571119,3.552713678800501e-15,11.96450077571119,11.96450077571119,81
granite_dense_unfavorable,51,10,10.5,11.265990737033274,10.289792610307376,12.256423328354204,12.256423328354204,15.351404125098002,12.0,1.3626324114252342,4.085413388064728,0.13437871480719665,0.9790784536822427,-0.2564233283542041,203,99.14725358886113,99.14725358886113,99.14725358886113,100.0,100.0,0.0,0,99.14725358886113,2.4,97.54185477225263,24,2.2,P32_derived_Jv_proxy,100.0,99.14725358886113,0.8527464111388667,0.8527464111388667,0.0,0.0,0.8527464111388667,0.8527464111388667,0.0,0.0,203,0,0,203,1.0,0.0,78.53981633974483,7.0,2.58467627581238,0.0,0.0,0.0,2.58467627581238,0.8899097490551813,0.0,0.8899097490551813,0,1,1,1,1,1,99.14725358886113,99.14725358886113,0.0,99.14725358886113,99.14725358886113,81,4.0,4.0,0.0,4.0,4.0,81,1.2347255414275633,1.2347255414275633,0.28494498171955335,0.5074686695968316,1.9543568970614331,81,2.497050793059565,2.497050793059565,0.49918222005675644,1.2173660621666302,3.5913131750462606,81,0.8069341623113596,0.8050898115906931,0.09220232731602251,0.5303740571999812,1.0,81,0.9772009866085334,0.9338746072220193,0.3038260494765155,0.5,1.6612061864765497,81,11.265990737033274,10.289792610307376,4.1803125451550125,5.7090748891442304,23.954629591562522,81,12.256423328354204,12.256423328354204,0.0,12.256423328354204,12.256423328354204,81
granite_dense_unfavorable,51,20,20.5,10.811574829514631,9.582435851112791,11.792098919801504,11.792098919801504,12.732167079682648,12.0,1.1776422288568889,1.920592250168017,0.0710133705588949,1.017630540721583,0.2079010801984964,203,97.70777814801195,97.70777814801195,97.70777814801195,100.0,100.0,0.0,0,97.70777814801195,2.1,98.08069376239264,21,2.2,P32_derived_Jv_proxy,100.0,97.70777814801195,2.292221851988046,2.292221851988046,0.0,0.0,2.292221851988046,2.292221851988046,0.0,0.0,203,0,0,203,1.0,0.0,78.53981633974483,7.0,2.58467627581238,0.0,0.0,0.0,2.58467627581238,0.8706192407321711,0.0,0.8706192407321711,1,1,1,1,1,1,97.70777814801195,97.70777814801195,0.0,97.70777814801195,97.70777814801195,81,4.0,4.0,0.0,4.0,4.0,81,1.2302376070558434,1.2302376070558434,0.2969842222346185,0.5,2.258439567525655,81,2.5483966848706023,2.5483966848706023,0.5052928359787071,1.2188228917285733,3.763818996176359,81,0.815941136305098,0.8072649511295511,0.10039738939437683,0.5145903613530548,1.0,81,0.9912417643209227,1.0167203311381006,0.29466277594248785,0.5,1.670831042112046,81,10.811574829514631,9.582435851112791,4.091111564028791,4.017116630149723,23.584197839603007,81,11.792098919801504,11.792098919801504,0.0,11.792098919801504,11.792098919801504,81
granite_dense_unfavorable,51,30,30.5,9.546071946568402,9.121479146182603,11.58094663239187,11.58094663239187,9.337014314421964,10.485158534459227,0.9781001407367782,-0.2090576321464379,-0.009616678604039697,0.9053800926024712,-1.0957880979326422,184,97.90061008402617,97.90061008402617,97.90061008402617,98.40705280044183,99.7994782788381,0.42857142857142855,3,97.90061008402617,2.4,97.54185477225263,24,2.2,P32_derived_Jv_proxy,100.0,97.90061008402617,0.5064427164156626,1.898868194811925,-1.5929471995581679,-0.20052172116190548,0.5064427164156626,1.898868194811925,1.5929471995581679,0.20052172116190548,184,3,1,183,0.9945652173913043,0.005434782608695652,78.53981633974483,7.0,2.3427607623126994,0.42857142857142855,0.42857142857142855,0.012732395447351627,2.330028366865348,0.8915069643178859,0.7964541837984502,0.09505278051943566,1,1,1,1,1,1,97.90061008402617,97.90061008402617,0.0,97.90061008402617,97.90061008402617,81,4.0,4.0,0.0,4.0,4.0,81,1.1819489269858816,1.1819489269858816,0.29321784261720296,0.5,2.0858761126875147,81,2.497928811717938,2.497928811717938,0.47375643435659576,1.554689053433275,3.69527947443925,81,0.7858091298014285,0.7845142905262456,0.08985074709213502,0.5715791235736324,1.0,81,1.0310814505311707,1.0169442276015848,0.2911337577769954,0.5,1.9044562340043607,81,9.546071946568402,9.121479146182603,2.8589903850727287,4.1506315301470655,17.49257595063227,81,11.58094663239187,11.58094663239187,0.0,11.58094663239187,11.58094663239187,81
granite_dense_unfavorable,51,40,40.5,9.82563816076088,8.754994936507238,11.75021917533594,11.750219175335939,13.54220560219669,12.0,1.3782520158617368,3.71656744143581,0.13932863636044024,1.0212575460029167,0.24978082466405915,156,98.71503006826592,98.71503006826592,98.71503006826592,100.0,100.0,0.0,0,98.71503006826592,1.5,98.98141728888164,15,2.2,P32_derived_Jv_proxy,100.0,98.71503006826592,1.2849699317340821,1.2849699317340821,0.0,0.0,1.2849699317340821,1.2849699317340821,0.0,0.0,156,0,0,156,1.0,0.0,78.53981633974483,7.0,1.9862536897868537,0.0,0.0,0.0,1.9862536897868537,0.8909356857376678,0.0,0.8909356857376678,0,1,1,1,1,1,98.71503006826592,98.71503006826592,0.0,98.71503006826592,98.71503006826592,81,4.0,4.0,0.0,4.0,4.0,81,1.2120111910480125,1.2120111910480125,0.29216635370108734,0.5,1.9497171469900145,81,2.545563605709481,2.545563605709481,0.4846663289460575,1.3353200589421672,3.673053049115789,81,0.807218682264119,0.789772509678702,0.10283430440142691,0.5538072656124634,1.0,81,1.0463773473319053,1.0966182589559417,0.2587405606464073,0.5,1.6718416434034427,81,9.82563816076088,8.754994936507238,3.5230025811382344,4.83775594596286,21.632636259527853,81,11.75021917533594,11.750219175335939,1.7763568394002505e-15,11.750219175335939,11.750219175335939,81
granite_dense_unfavorable,51,50,50.5,9.35050634684551,8.783046834396973,11.231160378635039,11.231160378635039,7.762582308647422,12.08089417069262,0.8301777487447201,-1.5879240381980875,-0.08082891119706703,1.075658593004693,0.8497337920575809,181,92.09472088093487,92.09472088093487,92.09472088093487,100.0,99.86631885255873,0.2857142857142857,2,92.09472088093487,3.3,95.61685654644619,33,2.2,P32_derived_Jv_proxy,100.0,92.09472088093487,7.905279119065128,7.771597971623862,0.0,-0.13368114744126558,7.905279119065128,7.771597971623862,0.0,0.13368114744126558,181,2,0,181,1.0,0.0,78.53981633974483,7.0,2.3045635759706444,0.2857142857142857,0.2857142857142857,0.0,2.3045635759706444,0.8837340496447735,0.7793532102435607,0.10438083940121279,1,1,1,1,1,1,92.09472088093487,92.09472088093487,0.0,92.09472088093487,92.09472088093487,81,4.0,4.0,0.0,4.0,4.0,81,1.1901799889439502,1.1901799889439502,0.2951477705399594,0.5,1.860200989845697,81,2.4398479361130008,2.4398479361130008,0.46666501849215214,1.0894014815902222,3.812831678709312,81,0.7970853688359029,0.7941504334039503,0.09886732986393418,0.536069052069871,1.0,81,1.0434167522196485,1.0320528664875812,0.29676652321174823,0.5,1.9662893953373841,81,9.35050634684551,8.783046834396973,3.061402349058028,4.265581639191689,19.16501061893577,81,11.231160378635039,11.231160378635039,0.0,11.231160378635039,11.231160378635039,81
granite_dense_unfavorable,51,60,60.5,9.538780063466536,9.067170377740789,11.233989559876255,11.233989559876257,15.563472551685804,11.552087227482884,1.6315998951788184,6.024692488219268,0.21261366874406284,1.0283156456494102,0.3180976676066294,200,97.94703826389484,97.94703826389484,97.94703826389484,100.0,99.93315942627937,0.14285714285714285,1,97.94703826389484,2.3,97.72763310791008,23,2.2,P32_derived_Jv_proxy,100.0,97.94703826389484,2.0529617361051606,1.986121162384535,0.0,-0.06684057372062568,2.0529617361051606,1.986121162384535,0.0,0.06684057372062568,200,1,0,200,1.0,0.0,78.53981633974483,7.0,2.5464790894703255,0.14285714285714285,0.14285714285714285,0.0,2.5464790894703255,0.8872952048088981,0.6470863291572944,0.24020887565160376,0,0,1,1,1,1,97.94703826389484,97.94703826389484,0.0,97.94703826389484,97.94703826389484,81,4.0,4.0,0.0,4.0,4.0,81,1.1736205340053187,1.1736205340053187,0.2864247366723487,0.5,1.7806876901595183,81,2.55814407559361,2.55814407559361,0.5122998825522974,1.1070117581300385,3.919255234974407,81,0.8131424001623218,0.818556709405455,0.09702222170858028,0.5086314498032902,1.0,81,1.0559840633695008,1.0668078586324339,0.31574060399209253,0.5,1.689659858254578,81,9.538780063466536,9.067170377740789,3.349616261189901,4.553552748574167,19.715546870989048,81,11.233989559876255,11.233989559876257,1.7763568394002505e-15,11.233989559876257,11.233989559876257,81
granite_dense_unfavorable,51,70,70.5,10.785083613463314,9.379352656933929,11.835521513503359,11.835521513503359,10.283066760269685,12.399469541792618,0.9534526693361053,-0.5020168531936289,-0.02070086104099156,1.0476487688054845,0.5639480282892588,184,97.6576547935556,97.6576547935556,97.6576547935556,100.0,99.93315942627937,0.14285714285714285,1,97.6576547935556,2.1,98.08069376239264,21,2.2,P32_derived_Jv_proxy,100.0,97.6576547935556,2.3423452064444064,2.2755046327237807,0.0,-0.06684057372062568,2.3423452064444064,2.2755046327237807,0.0,0.06684057372062568,184,1,0,184,1.0,0.0,78.53981633974483,7.0,2.3427607623126994,0.14285714285714285,0.14285714285714285,0.0,2.3427607623126994,0.8868592796474566,0.7699344251027642,0.11692485454469237,1,1,1,1,1,1,97.6576547935556,97.6576547935556,0.0,97.6576547935556,97.6576547935556,81,4.0,4.0,0.0,4.0,4.0,81,1.1929286203778218,1.1929286203778218,0.28595764776188304,0.5,2.004542460781546,81,2.460783229308791,2.460783229308791,0.5121741478841327,0.8795324694204529,3.7305196906445452,81,0.8023404130066586,0.8042982252052315,0.0945332022242995,0.5760668787595602,1.0,81,0.9797225629969077,0.9885438605895746,0.2973216732079027,0.5,1.7695815526314984,81,10.785083613463314,9.379352656933929,3.9866905548177565,5.24899897700763,22.660212554969373,81,11.835521513503359,11.835521513503359,0.0,11.835521513503359,11.835521513503359,81
granite_dense_unfavorable,51,80,80.5,10.31680683274156,9.792415568229432,11.66756511767987,11.667565117679867,10.503995761896562,11.573007584376565,1.018144076184594,0.18718892915500085,0.007809238771398608,0.9918956926874125,-0.09455753330330374,144,97.45281021194285,97.45281021194285,97.45281021194285,100.0,99.93315942627937,0.14285714285714285,1,97.45281021194285,2.2,97.90729335142237,22,2.2,P32_derived_Jv_proxy,100.0,97.45281021194285,2.5471897880571532,2.4803492143365276,0.0,-0.06684057372062568,2.5471897880571532,2.4803492143365276,0.0,0.06684057372062568,144,1,0,144,1.0,0.0,78.53981633974483,7.0,1.8334649444186342,0.14285714285714285,0.14285714285714285,0.0,1.8334649444186342,0.8961503140648547,0.885160876466225,0.010989437598629692,1,1,1,1,1,1,97.45281021194285,97.45281021194285,0.0,97.45281021194285,97.45281021194285,81,4.0,4.0,0.0,4.0,4.0,81,1.1738225569725098,1.1738225569725098,0.3177469065934654,0.5,1.885044151778223,81,2.4510749610859413,2.4510749610859413,0.528904834205109,1.0627700610508461,3.7741805101974544,81,0.805383436447178,0.8076600411866947,0.1002509035550152,0.5610539298096725,1.0,81,0.9952001961939748,0.9894195621814642,0.28467629427346325,0.5,1.7737852241566043,81,10.31680683274156,9.792415568229432,3.48423166207871,4.466758579302831,21.81280358323861,81,11.66756511767987,11.667565117679867,1.7763568394002505e-15,11.667565117679867,11.667565117679867,81
