case_name,seed,face_x_idx,face_x_coord,Q_face_mean,Q_face_median,Qp_face_mean,Qp_face_median,Q_borehole_mean,Qp_borehole_mean,Q_ratio,Q_difference,Q_log_ratio,Qp_ratio,Qp_difference,face_joints_count,face_rqd_practical,face_rqd_mean,face_rqd_min_dir,RQD_borehole_direct,RQD_borehole_hudson,lambda_borehole,borehole_n_intersections_total,RQD_face_scanline,lambda_face_scanline,RQD_face_scanline_hudson,face_scanline_n_intersections,Jv_face,Jv_method,RQD_face_jv,RQD_face_conservative,RQD_diff_bh_direct_minus_face_scanline,RQD_diff_bh_hudson_minus_face_scanline,RQD_diff_bh_direct_minus_face_jv,RQD_diff_bh_hudson_minus_face_jv,RQD_absdiff_bh_direct_face_scanline,RQD_absdiff_bh_hudson_face_scanline,RQD_absdiff_bh_direct_face_jv,RQD_absdiff_bh_hudson_face_jv,face_joint_count,bh_union_fracture_count,common_union_fracture_count,missed_union_fracture_count,miss_ratio_union,detection_ratio_union,face_area,window_length,face_fracture_density,bh_fracture_frequency_mean,bh_union_fracture_frequency,common_fracture_density,missed_fracture_density,face_orientation_bias,bh_union_orientation_bias,orientation_bias_gap,Q_match_strict,Q_match_normal,Q_match_loose,Qp_match_strict,Qp_match_normal,Qp_match_loose,face_RQD_mean,face_RQD_median,face_RQD_std,face_RQD_min,face_RQD_max,face_RQD_n_points,face_Jn_mean,face_Jn_median,face_Jn_std,face_Jn_min,face_Jn_max,face_Jn_n_points,face_Jr_mean,face_Jr_median,face_Jr_std,face_Jr_min,face_Jr_max,face_Jr_n_points,face_Ja_mean,face_Ja_median,face_Ja_std,face_Ja_min,face_Ja_max,face_Ja_n_points,face_Jw_mean,face_Jw_median,face_Jw_std,face_Jw_min,face_Jw_max,face_Jw_n_points,face_SRF_mean,face_SRF_median,face_SRF_std,face_SRF_min,face_SRF_max,face_SRF_n_points,face_Q_mean,face_Q_median,face_Q_std,face_Q_min,face_Q_max,face_Q_n_points,face_Qprime_mean,face_Qprime_median,face_Qprime_std,face_Qprime_min,face_Qprime_max,face_Qprime_n_points
granite_sparse,42,10,10.5,16.5977057243571,15.412885044454477,19.183470719859685,19.183470719859685,17.785913350139868,19.230873349162543,1.0715886668624977,1.1882076257827698,0.030028111855630923,1.0024710142390336,0.047402629302858657,14,100.0,100.0,100.0,100.0,99.93315942627937,0.14285714285714285,1,100.0,0.2,99.98026467728904,2,0.25,P32_derived_Jv_proxy,100.0,100.0,0.0,-0.06684057372062568,0.0,-0.06684057372062568,0.0,0.06684057372062568,0.0,0.06684057372062568,14,1,0,14,1.0,0.0,78.53981633974483,7.0,0.17825353626292278,0.14285714285714285,0.14285714285714285,0.0,0.17825353626292278,0.44058207443727915,0.19931707115155006,0.24126500328572908,1,1,1,1,1,1,100.0,100.0,0.0,100.0,100.0,81,4.0,4.0,0.0,4.0,4.0,81,1.5697278248389182,1.5697278248389182,0.2628797527493817,1.1691953759442886,2.225911553982422,81,2.0456775624207792,2.0456775624207792,0.5510239367640357,1.2993313293497852,2.890532319635625,81,0.8058327165278021,0.8181410398520713,0.09698859505082212,0.5852422834053733,1.0,81,1.0105751285485172,1.0472893591873296,0.2692197399597699,0.5,1.590837079968735,81,16.5977057243571,15.412885044454477,5.561167690648713,8.48111283138044,38.096201115609425,81,19.183470719859685,19.183470719859685,0.0,19.183470719859685,19.183470719859685,81
granite_sparse,42,20,20.5,17.015763939937525,14.980112233688313,19.54026673704092,19.54026673704092,18.71299502019613,18.713365958173885,1.0997446301117901,1.6972310802586037,0.041291850059210544,0.9576822164203345,-0.8269007788670351,14,100.0,100.0,100.0,100.0,99.68282947904477,0.42857142857142855,3,100.0,0.2,99.98026467728904,2,0.25,P32_derived_Jv_proxy,100.0,100.0,0.0,-0.31717052095523,0.0,-0.31717052095523,0.0,0.31717052095523,0.0,0.31717052095523,14,3,2,12,0.8571428571428571,0.14285714285714285,78.53981633974483,7.0,0.17825353626292278,0.42857142857142855,0.42857142857142855,0.025464790894703253,0.15278874536821951,0.31141034127140177,0.18121556025293317,0.1301947810184686,1,1,1,1,1,1,100.0,100.0,0.0,100.0,100.0,81,4.0,4.0,0.0,4.0,4.0,81,1.5286016921698824,1.5286016921698824,0.30123946467829515,1.0497216859407268,2.225911553982422,81,1.9557073001365872,1.9557073001365872,0.47830831713650956,0.75,2.7038152098254487,81,0.798630632879434,0.8018718996317244,0.08741301252741472,0.5433440278598597,1.0,81,1.0092073471858596,0.9800795884711129,0.29175180259474975,0.5,1.818773120744136,81,17.015763939937525,14.980112233688313,6.213723958695077,8.58212183854412,37.35003182228701,81,19.54026673704092,19.54026673704092,0.0,19.54026673704092,19.54026673704092,81
granite_sparse,42,30,30.5,16.033146892184714,14.512554097712538,18.914287256557397,18.914287256557397,15.141967851212396,18.75,0.9444164612870404,-0.8911790409723181,-0.024836451724799424,0.9913141185639739,-0.1642872565573974,16,99.6549751317874,99.6549751317874,99.6549751317874,100.0,100.0,0.0,0,99.6549751317874,0.1,99.99503320866597,1,0.25,P32_derived_Jv_proxy,100.0,99.6549751317874,0.3450248682126045,0.3450248682126045,0.0,0.0,0.3450248682126045,0.3450248682126045,0.0,0.0,16,0,0,16,1.0,0.0,78.53981633974483,7.0,0.20371832715762603,0.0,0.0,0.0,0.20371832715762603,0.4424459979394616,0.0,0.4424459979394616,1,1,1,1,1,1,99.6549751317874,99.6549751317874,0.0,99.6549751317874,99.6549751317874,81,4.0,4.0,0.0,4.0,4.0,81,1.4658769845906363,1.4658769845906363,0.2837808703797092,0.9639452124257596,1.954152775461802,81,1.9308411211079892,1.9308411211079892,0.4786641956072939,1.2213884681631249,2.752350048273971,81,0.7859828510482846,0.7902061459452242,0.09814277936060319,0.41211259942630074,1.0,81,0.9982078557519091,1.0207631939712856,0.25956750463695677,0.5,1.4964035952855428,81,16.033146892184714,14.512554097712538,4.89246107491211,8.551771523390444,28.67729149218484,81,18.914287256557397,18.914287256557397,0.0,18.914287256557397,18.914287256557397,81
granite_sparse,42,40,40.5,15.685531525849335,14.51533010033567,18.075022150743422,18.07502215074342,15.22032217088404,18.584252627985865,0.9703414988393194,-0.46520935496529425,-0.01307539464058638,1.0281731592357413,0.5092304772424434,17,100.0,100.0,100.0,100.0,99.93315942627937,0.14285714285714285,1,100.0,0.3,99.95588995549635,3,0.25,P32_derived_Jv_proxy,100.0,100.0,0.0,-0.06684057372062568,0.0,-0.06684057372062568,0.0,0.06684057372062568,0.0,0.06684057372062568,17,1,1,16,0.9411764705882353,0.058823529411764705,78.53981633974483,7.0,0.21645072260497766,0.14285714285714285,0.14285714285714285,0.012732395447351627,0.20371832715762603,0.3606694767509969,0.4558287398968667,-0.09515926314586975,1,1,1,1,1,1,100.0,100.0,0.0,100.0,100.0,81,4.0,4.0,0.0,4.0,4.0,81,1.390504998235186,1.390504998235186,0.2678082984277103,0.9300097821904493,1.9124601812573254,81,1.9232410707972425,1.9232410707972425,0.4105944034314531,1.1443111877551533,2.904415922294087,81,0.80108886078776,0.7830120710909552,0.10261550287205679,0.5791784315829681,1.0,81,0.9914101247756762,0.9808340827685149,0.2531766761769635,0.5,1.7645533590169384,81,15.685531525849335,14.51533010033567,5.07653493722387,8.280600616200857,33.38006590605273,81,18.075022150743422,18.07502215074342,3.552713678800501e-15,18.07502215074342,18.07502215074342,81
granite_sparse,42,50,50.5,16.186682799544194,14.385240548931673,18.062527345228645,18.062527345228645,20.135728243370085,19.767149809456537,1.2439687916746656,3.9490454438258915,0.09480948503848552,1.0943734191593173,1.7046224642278922,16,100.0,100.0,100.0,100.0,99.93315942627937,0.14285714285714285,1,100.0,0.2,99.98026467728904,2,0.25,P32_derived_Jv_proxy,100.0,100.0,0.0,-0.06684057372062568,0.0,-0.06684057372062568,0.0,0.06684057372062568,0.0,0.06684057372062568,16,1,1,15,0.9375,0.0625,78.53981633974483,7.0,0.20371832715762603,0.14285714285714285,0.14285714285714285,0.012732395447351627,0.1909859317102744,0.4540902459171978,0.2765891496983125,0.17750109621888532,1,1,1,1,1,1,100.0,100.0,0.0,100.0,100.0,81,4.0,4.0,0.0,4.0,4.0,81,1.3967561246893405,1.3967561246893405,0.3434909641578327,0.5963564781247945,2.050743184550997,81,1.9332235434072633,1.9332235434072633,0.5021460085377311,1.0396922490451312,2.8815925157313003,81,0.801977084343542,0.8126918194318841,0.09422359011018473,0.575396349393484,1.0,81,1.0039593712621988,1.0038870558080872,0.3151960495864051,0.5,1.850565605707763,81,16.186682799544194,14.385240548931673,6.437752292427221,8.165189094507346,34.82479666489227,81,18.062527345228645,18.062527345228645,0.0,18.062527345228645,18.062527345228645,81
granite_sparse,42,60,60.5,17.199640132611375,15.889421816800855,19.057142286243703,19.0571422862437,15.216291107163755,17.78908181604319,0.884686597501125,-1.9833490254476196,-0.05321055199314295,0.9334600932734886,-1.2680604702005134,15,100.0,100.0,100.0,100.0,99.93315942627937,0.14285714285714285,1,100.0,0.1,99.99503320866597,1,0.25,P32_derived_Jv_proxy,100.0,100.0,0.0,-0.06684057372062568,0.0,-0.06684057372062568,0.0,0.06684057372062568,0.0,0.06684057372062568,15,1,0,15,1.0,0.0,78.53981633974483,7.0,0.1909859317102744,0.14285714285714285,0.14285714285714285,0.0,0.1909859317102744,0.32465644069168065,0.10604931917522786,0.21860712151645278,1,1,1,1,1,1,100.0,100.0,0.0,100.0,100.0,81,4.0,4.0,0.0,4.0,4.0,81,1.513339587457134,1.513339587457134,0.3337384902071863,0.7285652092030718,2.3462544742299984,81,1.9852656352226672,1.9852656352226672,0.5307892966244566,0.8698867787773237,2.9936142141130877,81,0.796531347629674,0.8009249700722829,0.08300327805529423,0.5657463866024023,1.0,81,0.9485468535984315,0.9675484791222612,0.23298584419055413,0.5,1.5727726683934522,81,17.199640132611375,15.889421816800855,5.446331408779641,8.264020277066953,36.693438241456704,81,19.057142286243703,19.0571422862437,3.552713678800501e-15,19.0571422862437,19.0571422862437,81
granite_sparse,42,70,70.5,15.898748307013808,14.608830298788076,18.157875859901143,18.157875859901146,15.06552140321463,18.49295304604795,0.9475916664815937,-0.8332269037991775,-0.023378767300236136,1.0184535453778916,0.33507718614680826,10,100.0,100.0,100.0,100.0,99.93315942627937,0.14285714285714285,1,100.0,0.0,100.0,0,0.25,P32_derived_Jv_proxy,100.0,100.0,0.0,-0.06684057372062568,0.0,-0.06684057372062568,0.0,0.06684057372062568,0.0,0.06684057372062568,10,1,1,9,0.9,0.1,78.53981633974483,7.0,0.12732395447351627,0.14285714285714285,0.14285714285714285,0.012732395447351627,0.11459155902616464,0.2674728500825341,0.06731035030312227,0.2001624997794118,1,1,1,1,1,1,100.0,100.0,0.0,100.0,100.0,81,4.0,4.0,0.0,4.0,4.0,81,1.4032523632084994,1.4032523632084994,0.23378271116999272,1.103158177295345,1.796108919081888,81,1.9320161317813676,1.9320161317813676,0.38729470229973056,1.2526731925279786,2.6999214073555597,81,0.8058055492208281,0.8141794615669642,0.0996122281003249,0.5807036689543598,1.0,81,0.9987298165939238,1.0016184826170826,0.27952843148427436,0.5,1.7536793343175698,81,15.898748307013808,14.608830298788076,5.071544639261454,8.128175285251059,30.85358718486183,81,18.157875859901143,18.157875859901146,3.552713678800501e-15,18.157875859901146,18.157875859901146,81
granite_sparse,42,80,80.5,15.859498240139184,13.53881638731232,17.813260201896572,17.81326020189657,15.296177482018473,18.037968687337663,0.9644805434830852,-0.5633207581207103,-0.015706528977237566,1.012614674848637,0.22470848544109145,14,100.0,100.0,100.0,99.20825331634533,99.93315942627937,0.14285714285714285,1,100.0,0.0,100.0,0,0.25,P32_derived_Jv_proxy,100.0,100.0,-0.7917466836546652,-0.06684057372062568,-0.7917466836546652,-0.06684057372062568,0.7917466836546652,0.06684057372062568,0.7917466836546652,0.06684057372062568,14,1,0,14,1.0,0.0,78.53981633974483,7.0,0.17825353626292278,0.14285714285714285,0.14285714285714285,0.0,0.17825353626292278,0.24451367099677856,0.6545194890958868,-0.4100058180991082,1,1,1,1,1,1,100.0,100.0,0.0,100.0,100.0,81,4.0,4.0,0.0,4.0,4.0,81,1.4083976867123322,1.4083976867123322,0.25319060842405244,0.8832095164980469,1.9888553652879835,81,1.9766141497253558,1.9766141497253558,0.6120785961335494,0.7811642574188318,2.800456619120087,81,0.8352915629243561,0.840021308278835,0.10435776269106348,0.6032036668355003,1.0,81,1.0498513137319603,1.058428281550172,0.3124754782145494,0.5,1.715070482424471,81,15.859498240139184,13.53881638731232,6.350496666067618,7.058574611163212,35.08610605145207,81,17.813260201896572,17.81326020189657,3.552713678800501e-15,17.81326020189657,17.81326020189657,81
granite_sparse,43,10,10.5,15.775209203739808,14.266893411404308,18.455460962720963,18.455460962720963,17.018235524585435,17.996447759874567,1.078796186141921,1.2430263208456278,0.032939402426342745,0.9751285972334379,-0.45901320284639624,24,100.0,100.0,100.0,100.0,99.93315942627937,0.14285714285714285,1,100.0,0.2,99.98026467728904,2,0.25,P32_derived_Jv_proxy,100.0,100.0,0.0,-0.06684057372062568,0.0,-0.06684057372062568,0.0,0.06684057372062568,0.0,0.06684057372062568,24,1,1,23,0.9583333333333334,0.041666666666666664,78.53981633974483,7.0,0.30557749073643903,0.14285714285714285,0.14285714285714285,0.012732395447351627,0.2928450952890874,0.4013785435066386,0.13105643173950754,0.27032211176713106,1,1,1,1,1,1,100.0,100.0,0.0,100.0,100.0,81,4.0,4.0,0.0,4.0,4.0,81,1.5530907663751872,1.5530907663751872,0.37044335689882435,0.799833025713013,2.304421640139562,81,2.1038363245333547,2.1038363245333547,0.37149185503696075,1.330470966800703,2.9363510399830233,81,0.8014014062393723,0.8140371538245594,0.10213771782066143,0.5231364227270517,1.0,81,1.0438481419175636,1.0508647323810545,0.3231129883238189,0.5,1.7828850917918175,81,15.775209203739808,14.266893411404308,5.924946856097834,7.3794237663087525,32.073234641347064,81,18.455460962720963,18.455460962720963,0.0,18.455460962720963,18.455460962720963,81
granite_sparse,43,20,20.5,17.874843328617047,16.948574742058906,21.93690889318088,21.936908893180878,15.289137955164039,18.75,0.8553438860460736,-2.585705373453008,-0.06785924458647252,0.8547238852702927,-3.186908893180881,16,100.0,100.0,100.0,100.0,100.0,0.0,0,100.0,0.0,100.0,0,0.25,P32_derived_Jv_proxy,100.0,100.0,0.0,0.0,0.0,0.0,0.0,0.0,0.0,0.0,16,0,0,16,1.0,0.0,78.53981633974483,7.0,0.20371832715762603,0.0,0.0,0.0,0.20371832715762603,0.42699756571425285,0.0,0.42699756571425285,1,1,1,1,1,1,100.0,100.0,0.0,100.0,100.0,81,4.0,4.0,0.0,4.0,4.0,81,1.5942130730726545,1.5942130730726545,0.28857696426457713,1.0732696322063318,2.0002066665893046,81,1.81681598902047,1.81681598902047,0.34039081459192433,1.3093022447090648,2.6369531340772046,81,0.7779195492674149,0.7792094108697226,0.10401566941795344,0.5525150982087609,1.0,81,1.0283543124605499,1.0457797336449728,0.25305032988175064,0.5,1.525670655885865,81,17.874843328617047,16.948574742058906,6.035406733441825,8.96867499340269,37.9343111212239,81,21.93690889318088,21.936908893180878,3.552713678800501e-15,21.936908893180878,21.936908893180878,81
granite_sparse,43,30,30.5,18.84536579671707,18.391204513641938,20.746896225924615,20.746896225924615,15.042648941890103,17.44198698789436,0.7982147496712739,-3.802716854826965,-0.0978802514434256,0.8407034381412409,-3.3049092380302554,11,100.0,100.0,100.0,99.96424401885174,99.68282947904477,0.42857142857142855,3,100.0,0.2,99.98026467728904,2,0.25,P32_derived_Jv_proxy,100.0,100.0,-0.035755981148255955,-0.31717052095523,-0.035755981148255955,-0.31717052095523,0.035755981148255955,0.31717052095523,0.035755981148255955,0.31717052095523,11,3,3,8,0.7272727272727273,0.2727272727272727,78.53981633974483,7.0,0.1400563499208679,0.42857142857142855,0.42857142857142855,0.03819718634205488,0.10185916357881301,0.37931963896261955,0.28826059946729343,0.09105903949532612,0,1,1,1,1,1,100.0,100.0,0.0,100.0,100.0,81,4.0,4.0,0.0,4.0,4.0,81,1.533673281403643,1.533673281403643,0.3510499341325876,0.9078021392295588,2.357199469630652,81,1.8480755683917878,1.8480755683917878,0.28889372364945437,1.4329540216151573,2.3205571849885875,81,0.8041682561944393,0.8144260509696161,0.09695893638668682,0.5622243506084872,1.0,81,0.9413077924833457,0.9200045478104086,0.24226814047056236,0.5,1.542426758971279,81,18.84536579671707,18.391204513641938,5.043723344212875,11.014094329774736,31.16270684882128,81,20.746896225924615,20.746896225924615,0.0,20.746896225924615,20.746896225924615,81
granite_sparse,43,40,40.5,16.54821200156347,15.283118207485675,18.86562280467116,18.865622804671162,18.160776663577046,18.75,1.0974464589806572,1.6125646620135754,0.04038334154608858,0.9938712436971585,-0.11562280467115826,17,100.0,100.0,100.0,100.0,100.0,0.0,0,100.0,0.1,99.99503320866597,1,0.25,P32_derived_Jv_proxy,100.0,100.0,0.0,0.0,0.0,0.0,0.0,0.0,0.0,0.0,17,0,0,17,1.0,0.0,78.53981633974483,7.0,0.21645072260497766,0.0,0.0,0.0,0.21645072260497766,0.5035146974081877,0.0,0.5035146974081877,1,1,1,1,1,1,100.0,100.0,0.0,100.0,100.0,81,4.0,4.0,0.0,4.0,4.0,81,1.5197307484391414,1.5197307484391414,0.31298625062923746,1.0031116661272583,1.9981715783234038,81,2.013888918714697,2.013888918714697,0.3478916883030468,1.23113447116047,2.4863269428779153,81,0.8212137045184241,0.8103209676572208,0.09453284979587645,0.5624051435040069,1.0,81,1.039693594951147,1.0296064113542802,0.3119081093139165,0.5,1.6864390077401887,81,16.54821200156347,15.283118207485675,5.997740631435389,6.542847804563813,36.26774517572418,81,18.86562280467116,18.865622804671162,3.552713678800501e-15,18.865622804671162,18.865622804671162,81
granite_sparse,43,50,50.5,17.385384672340123,15.947025592973198,19.154119176681682,19.15411917668168,11.818464843744412,18.039537088262968,0.6797931174078308,-5.5669198285957116,-0.1676232367622732,0.9418097967263558,-1.1145820884187145,13,100.0,100.0,100.0,100.0,99.93315942627937,0.14285714285714285,1,100.0,0.0,100.0,0,0.25,P32_derived_Jv_proxy,100.0,100.0,0.0,-0.06684057372062568,0.0,-0.06684057372062568,0.0,0.06684057372062568,0.0,0.06684057372062568,13,1,0,13,1.0,0.0,78.53981633974483,7.0,0.16552114081557115,0.14285714285714285,0.14285714285714285,0.0,0.16552114081557115,0.33036720862134117,0.24437946174580172,0.08598774687553945,0,1,1,1,1,1,100.0,100.0,0.0,100.0,100.0,81,4.0,4.0,0.0,4.0,4.0,81,1.4342785138742078,1.4342785138742078,0.3040132880944342,1.0248510461023665,2.2100963626821364,81,1.8720235849063551,1.8720235849063551,0.45887983138802557,1.095150562906734,2.552111860726928,81,0.8051613844720689,0.7960782226200256,0.1060132896310704,0.5904212735944454,1.0,81,0.9806098738886923,0.9504404521207237,0.2829555166867192,0.5,1.6995552875297946,81,17.385384672340123,15.947025592973198,6.640679965079101,9.128311008889565,38.166658829474876,81,19.154119176681682,19.15411917668168,3.552713678800501e-15,19.15411917668168,19.15411917668168,81
granite_sparse,43,60,60.5,16.07764228971179,14.826724319965908,17.997954439726133,17.997954439726133,24.601882338497568,22.81490339068306,1.530192169671576,8.524240048785778,0.1847459752536582,1.2676386901127317,4.816948950956927,24,100.0,100.0,100.0,100.0,99.79947827883811,0.42857142857142855,3,100.0,0.3,99.95588995549635,3,0.25,P32_derived_Jv_proxy,100.0,100.0,0.0,-0.20052172116189126,0.0,-0.20052172116189126,0.0,0.20052172116189126,0.0,0.20052172116189126,24,3,2,22,0.9166666666666666,0.08333333333333333,78.53981633974483,7.0,0.30557749073643903,0.42857142857142855,0.42857142857142855,0.025464790894703253,0.2801126998417358,0.380669983806342,0.3012201544225124,0.0794498293838296,0,0,1,0,1,1,100.0,100.0,0.0,100.0,100.0,81,4.0,4.0,0.0,4.0,4.0,81,1.4069042613982383,1.4069042613982383,0.22922059262421604,1.0252837080972435,1.9114049952573853,81,1.9542557823860767,1.9542557823860767,0.48949501816107654,0.8406149634362488,2.828643444860332,81,0.7921876350666046,0.788707062658949,0.0841171521556752,0.5897703572237968,1.0,81,0.9686067130123986,0.9176043750931344,0.2849335024448595,0.5,1.7716145996211208,81,16.07764228971179,14.826724319965908,5.232332708650472,7.52784948056691,31.345330659361387,81,17.997954439726133,17.997954439726133,0.0,17.997954439726133,17.997954439726133,81
granite_sparse,43,70,70.5,17.6816144121705,16.1597655359468,19.136017376136532,19.136017376136536,14.158605109591251,17.56676296318206,0.8007529617796487,-3.523009302579249,-0.09650144631736657,0.9179947226160339,-1.5692544129544714,17,100.0,100.0,100.0,100.0,99.68282947904477,0.42857142857142855,3,100.0,0.2,99.98026467728904,2,0.25,P32_derived_Jv_proxy,100.0,100.0,0.0,-0.31717052095523,0.0,-0.31717052095523,0.0,0.31717052095523,0.0,0.31717052095523,17,3,2,15,0.8823529411764706,0.11764705882352941,78.53981633974483,7.0,0.21645072260497766,0.42857142857142855,0.42857142857142855,0.025464790894703253,0.1909859317102744,0.36438687728430763,0.32195495374726846,0.04243192353703917,1,1,1,1,1,1,100.0,100.0,0.0,100.0,100.0,81,4.0,4.0,0.0,4.0,4.0,81,1.4924738231944525,1.4924738231944525,0.24852237149714554,1.034915348926053,1.9761238759827975,81,1.9498229358001546,1.9498229358001546,0.5862378853372318,0.8406149634362488,2.8751891431039436,81,0.821639142022217,0.8203952367382287,0.08161854996409543,0.6409272034825164,1.0,81,0.9715214717592067,0.9598117094899175,0.2713572503655,0.5,1.5982698200873018,81,17.6816144121705,16.1597655359468,6.157809744961995,8.848171836023912,37.880702225180585,81,19.136017376136532,19.136017376136536,3.552713678800501e-15,19.136017376136536,19.136017376136536,81
granite_sparse,43,80,80.5,14.798015713430388,14.001984275907175,17.692251171368984,17.692251171368987,14.69744523689434,19.292781238027477,0.993203786339761,-0.10057047653604734,-0.0029616334757793794,1.090465031903266,1.600530066658493,15,100.0,100.0,100.0,100.0,99.86631885255873,0.2857142857142857,2,100.0,0.0,100.0,0,0.25,P32_derived_Jv_proxy,100.0,100.0,0.0,-0.13368114744126558,0.0,-0.13368114744126558,0.0,0.13368114744126558,0.0,0.13368114744126558,15,2,0,15,1.0,0.0,78.53981633974483,7.0,0.1909859317102744,0.2857142857142857,0.2857142857142857,0.0,0.1909859317102744,0.4008798768510794,0.30160015997043665,0.09927971688064274,1,1,1,1,1,1,100.0,100.0,0.0,100.0,100.0,81,4.0,4.0,0.0,4.0,4.0,81,1.4413378985679084,1.4413378985679084,0.2358374658588256,1.068377068640955,1.827496805870172,81,2.0366796240441074,2.0366796240441074,0.4907149364522998,1.0703343530970764,2.635201719918608,81,0.7882217612787384,0.7989123157448944,0.10410397492152428,0.5743403119666013,0.9804388142901096,81,1.0303202142754548,1.0055237973194058,0.29940702515844464,0.5,1.9305360718577538,81,14.798015713430388,14.001984275907175,5.181863733562066,7.360343095002458,33.817788954041205,81,17.692251171368984,17.692251171368987,3.552713678800501e-15,17.692251171368987,17.692251171368987,81
granite_sparse,44,10,10.5,14.619403929324431,13.776108840608044,17.28819675161333,17.288196751613334,15.274470259250005,18.75,1.044808005380548,0.6550663299255746,0.019036491533676925,1.0845549868149351,1.4618032483866692,15,100.0,100.0,100.0,100.0,100.0,0.0,0,100.0,0.2,99.98026467728904,2,0.25,P32_derived_Jv_proxy,100.0,100.0,0.0,0.0,0.0,0.0,0.0,0.0,0.0,0.0,15,0,0,15,1.0,0.0,78.53981633974483,7.0,0.1909859317102744,0.0,0.0,0.0,0.1909859317102744,0.39714921571587836,0.0,0.39714921571587836,1,1,1,1,1,1,100.0,100.0,0.0,100.0,100.0,81,4.0,4.0,0.0,4.0,4.0,81,1.4843969436261477,1.4843969436261477,0.24885464138821217,1.047798722937037,1.9458367610617806,81,2.1465468101634486,2.1465468101634486,0.4176680006663203,1.454292237865668,3.0076978931812537,81,0.8019218153839792,0.8138158416446175,0.09484961835015239,0.6027499718408068,1.0,81,1.0268927339001495,1.020030751678388,0.26052141440214915,0.5,1.623845060872137,81,14.619403929324431,13.776108840608044,4.953012451467937,6.757120203197162,29.55880781047268,81,17.28819675161333,17.288196751613334,3.552713678800501e-15,17.288196751613334,17.288196751613334,81
granite_sparse,44,20,20.5,14.470922863597423,13.600517291954278,16.663337961328494,16.66333796132849,17.146876649320937,18.75,1.1849193593903438,2.6759537857235145,0.07368879510267878,1.1252247324944218,2.0866620386715056,23,100.0,100.0,100.0,100.0,100.0,0.0,0,100.0,0.3,99.95588995549635,3,0.25,P32_derived_Jv_proxy,100.0,100.0,0.0,0.0,0.0,0.0,0.0,0.0,0.0,0.0,23,0,0,23,1.0,0.0,78.53981633974483,7.0,0.2928450952890874,0.0,0.0,0.0,0.2928450952890874,0.39603853700212777,0.0,0.39603853700212777,1,1,1,1,1,1,100.0,100.0,0.0,100.0,100.0,81,4.0,4.0,0.0,4.0,4.0,81,1.489190036885229,1.489190036885229,0.2445276841818931,1.0685202581184883,1.9716363162377308,81,2.234231281183387,2.234231281183387,0.5703401431330287,0.9705440875955067,3.8444838586455594,81,0.7926042906262378,0.7976252274649569,0.10425846163476121,0.5764582731527997,1.0,81,1.0009358353484568,0.9539375018243822,0.30665608675251504,0.5,1.9169707032654026,81,14.470922863597423,13.600517291954278,4.794588651069464,5.444327110194589,30.4260564980142,81,16.663337961328494,16.66333796132849,3.552713678800501e-15,16.66333796132849,16.66333796132849,81
granite_sparse,44,30,30.5,20.735610813422067,18.671652104194195,22.384808793116807,22.38480879311681,19.48816141586453,20.214342455625278,0.9398402386704678,-1.2474493975575385,-0.026945964869102168,0.9030384240691421,-2.170466337491529,14,100.0,100.0,100.0,99.19959809749278,99.86631885255873,0.2857142857142857,2,100.0,0.1,99.99503320866597,1,0.25,P32_derived_Jv_proxy,100.0,100.0,-0.8004019025072182,-0.13368114744126558,-0.8004019025072182,-0.13368114744126558,0.8004019025072182,0.13368114744126558,0.8004019025072182,0.13368114744126558,14,2,0,14,1.0,0.0,78.53981633974483,7.0,0.17825353626292278,0.2857142857142857,0.2857142857142857,0.0,0.17825353626292278,0.31095984333587157,0.26714226138986497,0.0438175819460066,1,1,1,1,1,1,100.0,100.0,0.0,100.0,100.0,81,4.0,4.0,0.0,4.0,4.0,81,1.6055055425919824,1.6055055425919824,0.31469296375129974,0.9810948161409003,2.004019376700715,81,1.7930748900183429,1.7930748900183429,0.4657072439847597,1.2364607817043,2.73055200922241,81,0.7956167862063868,0.8009992977554642,0.09185406114537087,0.5710365993698773,1.0,81,0.9480729027409732,0.96018036513672,0.28992481050192753,0.5,1.6458730853860284,81,20.735610813422067,18.671652104194195,7.074074567726245,10.680849310659717,37.47876004990219,81,22.384808793116807,22.38480879311681,3.552713678800501e-15,22.38480879311681,22.38480879311681,81
granite_sparse,44,40,40.5,13.9693026267067,12.84451109227526,17.344168939307345,17.344168939307348,23.822624661460193,22.823849228497473,1.7053553278970262,9.853322034753493,0.2318148823707955,1.3159378986889045,5.479680289190128,22,100.0,100.0,100.0,100.0,99.86631885255873,0.2857142857142857,2,100.0,0.1,99.99503320866597,1,0.25,P32_derived_Jv_proxy,100.0,100.0,0.0,-0.13368114744126558,0.0,-0.13368114744126558,0.0,0.13368114744126558,0.0,0.13368114744126558,22,2,1,21,0.9545454545454546,0.045454545454545456,78.53981633974483,7.0,0.2801126998417358,0.2857142857142857,0.2857142857142857,0.012732395447351627,0.26738030439438415,0.4008592216255916,0.10917530995891733,0.2916839116666743,0,0,1,0,1,1,100.0,100.0,0.0,100.0,100.0,81,4.0,4.0,0.0,4.0,4.0,81,1.508021915804779,1.508021915804779,0.21558873697041964,1.2352079155142843,1.9770352609015323,81,2.173672778848352,2.173672778848352,0.3729631811445522,1.3213487639436294,2.850116539899559,81,0.7819141109825277,0.7872261924736107,0.11007218480666231,0.5459817076251031,1.0,81,1.0683914209201355,1.0688220218304751,0.308429715746079,0.5,1.8192772382454212,81,13.9693026267067,12.84451109227526,5.282859080235222,6.6075033838273365,33.365045437187725,81,17.344168939307345,17.344168939307348,3.552713678800501e-15,17.344168939307348,17.344168939307348,81
granite_sparse,44,50,50.5,16.500488058494298,16.309937303535357,18.39948244190322,18.39948244190322,17.710761973023242,18.171934205701373,1.073347764638144,1.210273914528944,0.03074045616304355,0.9876329001687773,-0.22754823620184794,13,100.0,100.0,100.0,100.0,99.93315942627937,0.14285714285714285,1,100.0,0.2,99.98026467728904,2,0.25,P32_derived_Jv_proxy,100.0,100.0,0.0,-0.06684057372062568,0.0,-0.06684057372062568,0.0,0.06684057372062568,0.0,0.06684057372062568,13,1,0,13,1.0,0.0,78.53981633974483,7.0,0.16552114081557115,0.14285714285714285,0.14285714285714285,0.0,0.16552114081557115,0.38230515044014934,0.48785781148152585,-0.1055526610413765,1,1,1,1,1,1,100.0,100.0,0.0,100.0,100.0,81,4.0,4.0,0.0,4.0,4.0,81,1.4704844783824322,1.4704844783824322,0.2516619655879969,1.0827827772461602,2.1223501644145375,81,1.9979970673434975,1.9979970673434975,0.3920574615814892,1.4164894786145805,2.8821064669396264,81,0.796950083535922,0.8000829031191969,0.10243365635177933,0.5689731793404341,0.9948789404152094,81,0.9811189233089843,0.9780559887053968,0.28227813051316036,0.5,1.5754214518439624,81,16.500488058494298,16.309937303535357,5.989460190204586,6.645086628047929,34.10764971148038,81,18.39948244190322,18.39948244190322,0.0,18.39948244190322,18.39948244190322,81
granite_sparse,44,60,60.5,17.28610030172692,15.862134260105739,19.161540726089218,19.16154072608922,18.121723701520125,18.75,1.0483407700526721,0.8356233997932065,0.020502475870576076,0.9785225660101076,-0.41154072608921766,15,100.0,100.0,100.0,100.0,100.0,0.0,0,100.0,0.1,99.99503320866597,1,0.25,P32_derived_Jv_proxy,100.0,100.0,0.0,0.0,0.0,0.0,0.0,0.0,0.0,0.0,15,0,0,15,1.0,0.0,78.53981633974483,7.0,0.1909859317102744,0.0,0.0,0.0,0.1909859317102744,0.41377962806948454,0.0,0.41377962806948454,1,1,1,1,1,1,100.0,100.0,0.0,100.0,100.0,81,4.0,4.0,0.0,4.0,4.0,81,1.5352323690865672,1.5352323690865672,0.25774022430168786,1.044135469804246,1.9906477359951622,81,2.003012689627152,2.003012689627152,0.42417099801652836,1.2093355074291825,2.6308571420446323,81,0.8082960877965973,0.791513377950939,0.09470225914104023,0.5894084851840085,1.0,81,0.9744390879034227,0.9637395905353442,0.2592359924869427,0.5,1.550239651642467,81,17.28610030172692,15.862134260105739,6.0218633209251085,8.57488036820162,38.32308145217844,81,19.161540726089218,19.16154072608922,3.552713678800501e-15,19.16154072608922,19.16154072608922,81
granite_sparse,44,70,70.5,15.359005830139786,14.128719873953413,18.048539259410493,18.048539259410493,17.125629553931073,18.11920558662725,1.115022010104622,1.7666237237912874,0.047283440274438204,1.0039153488379904,0.07066632721675603,23,100.0,100.0,100.0,100.0,99.93315942627937,0.14285714285714285,1,100.0,0.1,99.99503320866597,1,0.25,P32_derived_Jv_proxy,100.0,100.0,0.0,-0.06684057372062568,0.0,-0.06684057372062568,0.0,0.06684057372062568,0.0,0.06684057372062568,23,1,1,22,0.9565217391304348,0.043478260869565216,78.53981633974483,7.0,0.2928450952890874,0.14285714285714285,0.14285714285714285,0.012732395447351627,0.2801126998417358,0.40551336828632034,0.07089479657014897,0.3346185717161714,1,1,1,1,1,1,100.0,100.0,0.0,100.0,100.0,81,4.0,4.0,0.0,4.0,4.0,81,1.4981250096733352,1.4981250096733352,0.312084883365587,0.897020382735747,1.942611029762854,81,2.0751333226208515,2.0751333226208515,0.5578684702332208,1.2635860758334778,3.096703250176871,81,0.806467414278489,0.8119519209104149,0.10023291980877076,0.48292539730768297,1.0,81,1.0315315158795177,1.0160469517703485,0.27705113913975227,0.5,1.6485630276569154,81,15.359005830139786,14.128719873953413,5.306039232382238,6.951763613275969,31.119616811665985,81,18.048539259410493,18.048539259410493,0.0,18.048539259410493,18.048539259410493,81
granite_sparse,44,80,80.5,19.300112794165194,16.406477386259336,21.708620955494403,21.7086209554944,19.22220105403615,18.9527827257542,0.9959631458655207,-0.07791174012904278,-0.0017567317001636606,0.8730532798287813,-2.7558382297402026,14,100.0,100.0,100.0,100.0,99.93315942627937,0.14285714285714285,1,100.0,0.2,99.98026467728904,2,0.25,P32_derived_Jv_proxy,100.0,100.0,0.0,-0.06684057372062568,0.0,-0.06684057372062568,0.0,0.06684057372062568,0.0,0.06684057372062568,14,1,1,13,0.9285714285714286,0.07142857142857142,78.53981633974483,7.0,0.17825353626292278,0.14285714285714285,0.14285714285714285,0.012732395447351627,0.16552114081557115,0.351103909986213,0.13302961542089775,0.21807429456531524,1,1,1,1,1,1,100.0,100.0,0.0,100.0,100.0,81,4.0,4.0,0.0,4.0,4.0,81,1.6140562082903356,1.6140562082903356,0.32386787974887044,1.0719554763033368,2.288608578851885,81,1.8587733089994158,1.8587733089994158,0.3931714232410265,1.1778148122217236,2.419826362473004,81,0.7925276088811809,0.7846327871923381,0.10392435573907845,0.4298937420596059,1.0,81,0.9978866316750348,0.9864483128072908,0.3025527133525175,0.5,1.9854061122953384,81,19.300112794165194,16.406477386259336,7.717544630120436,6.810018192288132,39.56162065762706,81,21.708620955494403,21.7086209554944,3.552713678800501e-15,21.7086209554944,21.7086209554944,81
granite_sparse,45,10,10.5,16.318446305864594,15.005841543219738,18.161382549634997,18.161382549635,17.683555997694558,18.75,1.0836543912479808,1.3651096918299643,0.03489079520390814,1.0324103877420299,0.5886174503650032,13,99.96990844009652,99.96990844009652,99.96990844009652,100.0,100.0,0.0,0,99.96990844009652,0.1,99.99503320866597,1,0.25,P32_derived_Jv_proxy,100.0,99.96990844009652,0.030091559903482334,0.030091559903482334,0.0,0.0,0.030091559903482334,0.030091559903482334,0.0,0.0,13,0,0,13,1.0,0.0,78.53981633974483,7.0,0.16552114081557115,0.0,0.0,0.0,0.16552114081557115,0.33427257841496005,0.0,0.33427257841496005,1,1,1,1,1,1,99.96990844009652,99.96990844009652,0.0,99.96990844009652,99.96990844009652,81,4.0,4.0,0.0,4.0,4.0,81,1.4837782973699278,1.4837782973699278,0.27684543027112984,0.9803795053132207,1.976148361306356,81,2.0418762190609647,2.0418762190609647,0.45425424962310174,1.323081634796916,2.9244072011541586,81,0.8060270265934809,0.8060997719780476,0.0981289942653053,0.6094251075947832,1.0,81,0.9690743200934044,0.9860881172679428,0.23514955213022293,0.5,1.4521896965602994,81,16.318446305864594,15.005841543219738,5.652557302796151,9.338754363916856,36.32276509927,81,18.161382549634997,18.161382549635,3.552713678800501e-15,18.161382549635,18.161382549635,81
granite_sparse,45,20,20.5,15.847673349552695,14.430446215946365,18.34128495549819,18.341284955498185,14.571201457079624,18.75,0.9194536722004623,-1.2764718924730705,-0.03647014833408502,1.022283882808292,0.40871504450181106,20,100.0,100.0,100.0,100.0,100.0,0.0,0,100.0,0.2,99.98026467728904,2,0.25,P32_derived_Jv_proxy,100.0,100.0,0.0,0.0,0.0,0.0,0.0,0.0,0.0,0.0,20,0,0,20,1.0,0.0,78.53981633974483,7.0,0.25464790894703254,0.0,0.0,0.0,0.25464790894703254,0.4776675406101414,0.0,0.4776675406101414,1,1,1,1,1,1,100.0,100.0,0.0,100.0,100.0,81,4.0,4.0,0.0,4.0,4.0,81,1.435987439778176,1.435987439778176,0.21936268574050907,0.8605039560186998,1.7398333072803367,81,1.95731575413383,1.95731575413383,0.561206689603656,0.9826961454031682,3.16241689646058,81,0.8059195876569065,0.8137254506699874,0.09750199308083524,0.5453001289969084,1.0,81,1.0263776499748374,1.01128190463088,0.2983743671138117,0.5,1.7066015557977483,81,15.847673349552695,14.430446215946365,5.697297821514614,6.8968186864571654,32.132864462630664,81,18.34128495549819,18.341284955498185,3.552713678800501e-15,18.341284955498185,18.341284955498185,81
granite_sparse,45,30,30.5,16.804547755912772,15.683053936930653,19.44626108352154,19.446261083521545,16.101361638001386,18.451536313012237,0.9581550108860284,-0.7031861179113861,-0.01856422481855513,0.9488475051200347,-0.9947247705093041,21,100.0,100.0,100.0,100.0,99.93315942627937,0.14285714285714285,1,100.0,0.0,100.0,0,0.25,P32_derived_Jv_proxy,100.0,100.0,0.0,-0.06684057372062568,0.0,-0.06684057372062568,0.0,0.06684057372062568,0.0,0.06684057372062568,21,1,0,21,1.0,0.0,78.53981633974483,7.0,0.26738030439438415,0.14285714285714285,0.14285714285714285,0.0,0.26738030439438415,0.4288170959163311,0.6116475248784039,-0.1828304289620728,1,1,1,1,1,1,100.0,100.0,0.0,100.0,100.0,81,4.0,4.0,0.0,4.0,4.0,81,1.4542605433999347,1.4542605433999347,0.2466833517778256,0.9288523746423668,1.8760435214257616,81,1.8695888854339358,1.8695888854339358,0.41817266528833885,1.0393732171485808,2.4910886174291798,81,0.7908354427875979,0.792088044165405,0.1050643729298537,0.49350796437265254,1.0,81,0.9944747912067878,0.9589063323497966,0.29134249139654106,0.5,1.87351623010259,81,16.804547755912772,15.683053936930653,5.442859717572746,6.490638617784418,34.57009256794987,81,19.44626108352154,19.446261083521545,3.552713678800501e-15,19.446261083521545,19.446261083521545,81
granite_sparse,45,40,40.5,14.444703057016318,14.089985664007473,17.212463660655313,17.21246366065531,15.48784122073737,17.93209970038593,1.0722159645375584,1.0431381637210517,0.030282269275178075,1.0418090085137306,0.7196360397306165,16,100.0,100.0,100.0,100.0,99.93315942627937,0.14285714285714285,1,100.0,0.1,99.99503320866597,1,0.25,P32_derived_Jv_proxy,100.0,100.0,0.0,-0.06684057372062568,0.0,-0.06684057372062568,0.0,0.06684057372062568,0.0,0.06684057372062568,16,1,0,16,1.0,0.0,78.53981633974483,7.0,0.20371832715762603,0.14285714285714285,0.14285714285714285,0.0,0.20371832715762603,0.36361962579947604,0.32901095558357596,0.034608670215900084,1,1,1,1,1,1,100.0,100.0,0.0,100.0,100.0,81,4.0,4.0,0.0,4.0,4.0,81,1.4368251556452594,1.4368251556452594,0.2555741328224014,0.890141219669438,1.9430592958094737,81,2.0868964257127107,2.0868964257127107,0.3466113432032055,1.3250506820028716,2.6475022150683873,81,0.7980556662498804,0.8048286824789156,0.08837937275988537,0.5793810201562046,1.0,81,1.02545014036247,0.9982230999857405,0.27418813598053193,0.5,1.7355619195179905,81,14.444703057016318,14.089985664007473,4.631485927914825,6.959698858296797,31.65718733996157,81,17.212463660655313,17.21246366065531,3.552713678800501e-15,17.21246366065531,17.21246366065531,81
granite_sparse,45,50,50.5,18.514562842483286,17.33617438205984,21.586560677433443,21.58656067743344,14.607979265016395,20.40382028637054,0.7889994157192363,-3.9065835774668916,-0.10292331840021918,0.9452094102095968,-1.1827403910629037,20,100.0,100.0,100.0,99.24004460030775,99.86631885255873,0.2857142857142857,2,100.0,0.0,100.0,0,0.25,P32_derived_Jv_proxy,100.0,100.0,-0.7599553996922452,-0.13368114744126558,-0.7599553996922452,-0.13368114744126558,0.7599553996922452,0.13368114744126558,0.7599553996922452,0.13368114744126558,20,2,1,19,0.95,0.05,78.53981633974483,7.0,0.25464790894703254,0.2857142857142857,0.2857142857142857,0.012732395447351627,0.2419155134996809,0.2960307739900956,0.19823958028267086,0.09779119370742473,0,1,1,1,1,1,100.0,100.0,0.0,100.0,100.0,81,4.0,4.0,0.0,4.0,4.0,81,1.5623551383521415,1.5623551383521415,0.28735588034616205,1.0741987831439939,2.039337651520838,81,1.8094072067550637,1.8094072067550637,0.4395219036998002,0.9876982072517633,2.601021755796939,81,0.8012127382367588,0.8098271675870993,0.09117407903712385,0.5847014180299401,1.0,81,1.019414050630217,1.012616248173167,0.2886762777256382,0.5,1.8167993444256842,81,18.514562842483286,17.33617438205984,6.241878337632005,9.171894359816832,38.49963231164197,81,21.586560677433443,21.58656067743344,3.552713678800501e-15,21.58656067743344,21.58656067743344,81
granite_sparse,45,60,60.5,17.36686154495751,15.717239964917585,19.950450810221934,19.950450810221934,25.14867485680355,22.630123655322542,1.448084030134132,7.78181331184604,0.16079376404669854,1.1343164057088693,2.679672845100608,17,100.0,100.0,100.0,100.0,99.93315942627937,0.14285714285714285,1,100.0,0.1,99.99503320866597,1,0.25,P32_derived_Jv_proxy,100.0,100.0,0.0,-0.06684057372062568,0.0,-0.06684057372062568,0.0,0.06684057372062568,0.0,0.06684057372062568,17,1,0,17,1.0,0.0,78.53981633974483,7.0,0.21645072260497766,0.14285714285714285,0.14285714285714285,0.0,0.21645072260497766,0.4304300952387402,0.15001590852764235,0.28041418671109786,0,1,1,1,1,1,100.0,100.0,0.0,100.0,100.0,81,4.0,4.0,0.0,4.0,4.0,81,1.5163660285554255,1.5163660285554255,0.3419958460284227,0.8432438168652209,2.119603024702792,81,1.9001651177958483,1.9001651177958483,0.5124930457443562,0.7874315972892443,2.8438891752052626,81,0.8029253311314399,0.8042359229241599,0.10626158553941549,0.4225862346985866,1.0,81,1.0107282763038845,1.034360213404987,0.29056271041244996,0.5,1.6279070758444838,81,17.36686154495751,15.717239964917585,5.949791810372692,8.621405442478057,35.25462835670159,81,19.950450810221934,19.950450810221934,0.0,19.950450810221934,19.950450810221934,81
granite_sparse,45,70,70.5,16.41938926411034,15.037704657072913,18.600851117305545,18.60085111730554,18.943604202831033,17.906388296661124,1.153733789857711,2.524214938720693,0.06210561217065047,0.9626649976248496,-0.6944628206444214,19,100.0,100.0,100.0,98.79919256752021,99.73263770511745,0.5714285714285714,4,100.0,0.3,99.95588995549635,3,0.25,P32_derived_Jv_proxy,100.0,100.0,-1.2008074324797917,-0.26736229488254537,-1.2008074324797917,-0.26736229488254537,1.2008074324797917,0.26736229488254537,1.2008074324797917,0.26736229488254537,19,4,1,18,0.9473684210526315,0.05263157894736842,78.53981633974483,7.0,0.2419155134996809,0.5714285714285714,0.5714285714285714,0.012732395447351627,0.22918311805232927,0.3600559064425828,0.2190173279465888,0.141038578495994,1,1,1,1,1,1,100.0,100.0,0.0,100.0,100.0,81,4.0,4.0,0.0,4.0,4.0,81,1.6033288639604226,1.6033288639604226,0.2760043705683372,1.0145481600434907,2.1447845361477444,81,2.154913307258216,2.154913307258216,0.31673756692357713,1.5700913408630355,2.8624721411401994,81,0.7887138922376852,0.7892155986468893,0.08964824332112947,0.5842022247712462,0.9729645670902034,81,0.9861262284072244,1.0064117337161205,0.28744346021374323,0.5,1.8309649498877223,81,16.41938926411034,15.037704657072913,6.072899546722901,7.225966453687883,33.60243479197295,81,18.600851117305545,18.60085111730554,3.552713678800501e-15,18.60085111730554,18.60085111730554,81
granite_sparse,45,80,80.5,16.781638301886865,16.24631980561083,19.429660132933577,19.429660132933577,19.54120618641949,20.33105114382915,1.1644397188695426,2.7595678845326255,0.06611701074107268,1.0463925258974398,0.9013910108955727,23,100.0,100.0,100.0,100.0,99.93315942627937,0.14285714285714285,1,100.0,0.4,99.92210167184162,4,0.25,P32_derived_Jv_proxy,100.0,100.0,0.0,-0.06684057372062568,0.0,-0.06684057372062568,0.0,0.06684057372062568,0.0,0.06684057372062568,23,1,1,22,0.9565217391304348,0.043478260869565216,78.53981633974483,7.0,0.2928450952890874,0.14285714285714285,0.14285714285714285,0.012732395447351627,0.2801126998417358,0.41175113738139313,0.35378586258664135,0.057965274794751775,1,1,1,1,1,1,100.0,100.0,0.0,100.0,100.0,81,4.0,4.0,0.0,4.0,4.0,81,1.4549697727649735,1.4549697727649735,0.2847861043761973,0.8702673186889287,2.0836403593302872,81,1.8720988463132933,1.8720988463132933,0.5704555364082566,0.8394051239076159,3.0118206608388935,81,0.7991908657177667,0.8017910978610264,0.09011572875482018,0.5553439965846448,0.9724056862387129,81,0.9902659152233316,0.9531798228796081,0.264592291677036,0.5,1.8746699564544593,81,16.781638301886865,16.24631980561083,4.846280836668168,8.46147546379314,32.15364355938005,81,19.429660132933577,19.429660132933577,0.0,19.429660132933577,19.429660132933577,81
granite_sparse,46,10,10.5,15.223189563767574,13.991508548072094,17.164458904778545,17.164458904778545,16.04681851246092,17.960884778762598,1.0541035730549957,0.8236289486933455,0.022883285446097856,1.046399707581946,0.7964258739840524,23,99.0226462892841,99.0226462892841,99.0226462892841,99.5679301299184,99.68282947904477,0.42857142857142855,3,99.0226462892841,0.2,99.98026467728904,2,0.25,P32_derived_Jv_proxy,100.0,99.0226462892841,0.5452838406342977,0.6601831897606729,-0.43206987008160525,-0.31717052095523,0.5452838406342977,0.6601831897606729,0.43206987008160525,0.31717052095523,23,3,1,22,0.9565217391304348,0.043478260869565216,78.53981633974483,7.0,0.2928450952890874,0.42857142857142855,0.42857142857142855,0.012732395447351627,0.2801126998417358,0.3646422198919198,0.2725897238703391,0.09205249602158072,1,1,1,1,1,1,99.0226462892841,99.0226462892841,0.0,99.0226462892841,99.0226462892841,81,4.0,4.0,0.0,4.0,4.0,81,1.4017111157584912,1.4017111157584912,0.2941417835017261,0.5687469055081946,1.895221303796797,81,2.0216358812346384,2.0216358812346384,0.5860394454685475,0.766644964940659,2.9805831203697712,81,0.8038887247741698,0.8052836183359674,0.09326406989458003,0.5526421459574864,0.9868796435660293,81,0.9904978810249957,0.9888418379729597,0.2726169822972747,0.5,1.6033001160395262,81,15.223189563767574,13.991508548072094,5.215073240371119,7.844360089802459,27.75668095802668,81,17.164458904778545,17.164458904778545,0.0,17.164458904778545,17.164458904778545,81
granite_sparse,46,20,20.5,18.20923969857994,16.569255540171245,20.84187855706949,20.84187855706949,18.030683633255045,18.306483092307115,0.9901942053440694,-0.17855606532489432,-0.004279619505705101,0.8783509145867096,-2.5353954647623738,15,100.0,100.0,100.0,98.84706438066178,99.86631885255873,0.2857142857142857,2,100.0,0.1,99.99503320866597,1,0.25,P32_derived_Jv_proxy,100.0,100.0,-1.1529356193382228,-0.13368114744126558,-1.1529356193382228,-0.13368114744126558,1.1529356193382228,0.13368114744126558,1.1529356193382228,0.13368114744126558,15,2,0,15,1.0,0.0,78.53981633974483,7.0,0.1909859317102744,0.2857142857142857,0.2857142857142857,0.0,0.1909859317102744,0.3932923359101689,0.4502273678219201,-0.0569350319117512,1,1,1,1,1,1,100.0,100.0,0.0,100.0,100.0,81,4.0,4.0,0.0,4.0,4.0,81,1.554835073417796,1.554835073417796,0.3414210685385103,0.956144590711321,2.2968601039943963,81,1.8650371044533336,1.8650371044533336,0.40129058954707564,0.7913382485862859,2.4283103826151184,81,0.8087695502334036,0.8029047295225257,0.08617360811198777,0.5981627773466084,1.0,81,1.011191035743194,1.0183557388348117,0.2691877677920203,0.5,1.5640752255381538,81,18.20923969857994,16.569255540171245,6.380763502810104,8.965820751556373,37.46844647078048,81,20.84187855706949,20.84187855706949,0.0,20.84187855706949,20.84187855706949,81
granite_sparse,46,30,30.5,16.944352135206117,15.501409312930614,20.136332139497938,20.136332139497938,16.715736979175936,18.75,0.9865078845029916,-0.22861515603018034,-0.0058994393702713754,0.9311526980239558,-1.386332139497938,16,100.0,100.0,100.0,100.0,100.0,0.0,0,100.0,0.0,100.0,0,0.25,P32_derived_Jv_proxy,100.0,100.0,0.0,0.0,0.0,0.0,0.0,0.0,0.0,0.0,16,0,0,16,1.0,0.0,78.53981633974483,7.0,0.20371832715762603,0.0,0.0,0.0,0.20371832715762603,0.2976833752919248,0.0,0.2976833752919248,1,1,1,1,1,1,100.0,100.0,0.0,100.0,100.0,81,4.0,4.0,0.0,4.0,4.0,81,1.5199166348820756,1.5199166348820756,0.3114343098283606,0.7919680364797939,2.0010072920677215,81,1.887032633789249,1.887032633789249,0.33313062433349966,1.3270551380504112,2.6865282017139154,81,0.7800158918433447,0.791890722205356,0.08803516757297734,0.5717943937834866,1.0,81,1.0219497284457337,0.9774296978570125,0.30847397153423206,0.5,1.914428715240052,81,16.944352135206117,15.501409312930614,6.02864324348211,7.662690875948534,39.336797786481036,81,20.136332139497938,20.136332139497938,0.0,20.136332139497938,20.136332139497938,81
granite_sparse,46,40,40.5,15.25216325431971,14.354120373549364,17.032136511651025,17.03213651165102,15.319764763786432,18.41364478143253,1.0044322571388407,0.06760150946672283,0.001920651544318197,1.081111859856012,1.3815082697815058,19,100.0,100.0,100.0,100.0,99.7496700527654,0.2857142857142857,2,100.0,0.3,99.95588995549635,3,0.25,P32_derived_Jv_proxy,100.0,100.0,0.0,-0.25032994723460433,0.0,-0.25032994723460433,0.0,0.25032994723460433,0.0,0.25032994723460433,19,2,2,17,0.8947368421052632,0.10526315789473684,78.53981633974483,7.0,0.2419155134996809,0.2857142857142857,0.2857142857142857,0.025464790894703253,0.21645072260497766,0.4155429684125975,0.38861198362009297,0.026930984792504553,1,1,1,1,1,1,100.0,100.0,0.0,100.0,100.0,81,4.0,4.0,0.0,4.0,4.0,81,1.4321331783694329,1.4321331783694329,0.3115680848828942,0.8406727326677438,2.0205781073487525,81,2.1021044209423847,2.1021044209423847,0.3412854160211484,1.2097839427153978,2.7041769672055818,81,0.7918976228246617,0.7849144313646687,0.09819728648385748,0.5745079920732349,1.0,81,0.9630660207461456,0.9697475098775562,0.2607866047277147,0.5,1.6192382087571746,81,15.25216325431971,14.354120373549364,5.193889155234795,7.862805966736692,29.61168125798081,81,17.032136511651025,17.03213651165102,3.552713678800501e-15,17.03213651165102,17.03213651165102,81
granite_sparse,46,50,50.5,17.52892665985141,16.735242456961274,20.9202674913763,20.920267491376297,15.611027671699992,17.499567609434738,0.8905866271581698,-1.9178989881514195,-0.0503238304208502,0.8364887120419644,-3.4206998819415624,23,100.0,100.0,100.0,100.0,99.79947827883811,0.42857142857142855,3,100.0,0.3,99.95588995549635,3,0.25,P32_derived_Jv_proxy,100.0,100.0,0.0,-0.20052172116189126,0.0,-0.20052172116189126,0.0,0.20052172116189126,0.0,0.20052172116189126,23,3,0,23,1.0,0.0,78.53981633974483,7.0,0.2928450952890874,0.42857142857142855,0.42857142857142855,0.0,0.2928450952890874,0.3989135939086831,0.5626278537411535,-0.16371425983247045,1,1,1,1,1,1,100.0,100.0,0.0,100.0,100.0,81,4.0,4.0,0.0,4.0,4.0,81,1.6010891001422316,1.6010891001422316,0.3393078738235128,0.7990271742884546,2.1647293619023436,81,1.9133229305053447,1.9133229305053447,0.43640000661345907,1.3263523788067224,2.8815140908608567,81,0.7951165162978675,0.7862781796205821,0.10408543729640782,0.5175855933623318,1.0,81,1.0215992832998593,1.0142125739765817,0.26320936718732524,0.5,1.5722320277783246,81,17.52892665985141,16.735242456961274,5.446354460002655,8.944109565463771,32.67645399303623,81,20.9202674913763,20.920267491376297,3.552713678800501e-15,20.920267491376297,20.920267491376297,81
granite_sparse,46,60,60.5,16.58647377217726,14.82511318770465,19.694700549729387,19.694700549729387,15.409297765018023,18.75,0.9290279523346382,-1.1771760071592379,-0.03197121887819643,0.9520327538190284,-0.9447005497293866,17,100.0,100.0,100.0,100.0,100.0,0.0,0,100.0,0.3,99.95588995549635,3,0.25,P32_derived_Jv_proxy,100.0,100.0,0.0,0.0,0.0,0.0,0.0,0.0,0.0,0.0,17,0,0,17,1.0,0.0,78.53981633974483,7.0,0.21645072260497766,0.0,0.0,0.0,0.21645072260497766,0.45054116690773094,0.0,0.45054116690773094,1,1,1,1,1,1,100.0,100.0,0.0,100.0,100.0,81,4.0,4.0,0.0,4.0,4.0,81,1.480763045480754,1.480763045480754,0.27126591366448227,0.8318024746035056,2.0185257375149317,81,1.8796465599233245,1.8796465599233245,0.6518918888640141,0.75,3.1799153721736233,81,0.7957570376926351,0.802935152889684,0.1033861917044928,0.5654754441669947,1.0,81,1.0408239444103646,1.0459493450807615,0.2914762145419057,0.5,1.647019783977109,81,16.58647377217726,14.82511318770465,6.154321150090297,8.014326446201755,34.33950650301857,81,19.694700549729387,19.694700549729387,0.0,19.694700549729387,19.694700549729387,81
granite_sparse,46,70,70.5,15.51996470172028,13.91094439876135,17.51296079092686,17.512960790926865,16.46567588170326,19.217322788258933,1.0609351372995168,0.9457111799829789,0.025688833124726473,1.0973200372957534,1.7043619973320716,17,100.0,100.0,100.0,98.69266389089113,99.86631885255873,0.2857142857142857,2,100.0,0.2,99.98026467728904,2,0.25,P32_derived_Jv_proxy,100.0,100.0,-1.3073361091088742,-0.13368114744126558,-1.3073361091088742,-0.13368114744126558,1.3073361091088742,0.13368114744126558,1.3073361091088742,0.13368114744126558,17,2,2,15,0.8823529411764706,0.11764705882352941,78.53981633974483,7.0,0.21645072260497766,0.2857142857142857,0.2857142857142857,0.025464790894703253,0.1909859317102744,0.47416938588735935,0.4383878821108558,0.035781503776503576,1,1,1,1,1,1,100.0,100.0,0.0,100.0,100.0,81,4.0,4.0,0.0,4.0,4.0,81,1.3066811955698716,1.3066811955698716,0.338072890848799,0.7518952396913307,2.0279374370760457,81,1.8653059456497476,1.8653059456497476,0.3740206361109489,1.2750526372592565,2.6740809717152683,81,0.8000907603125308,0.8063975937763108,0.10318413823005129,0.5888109468335544,1.0,81,0.9991560793918962,1.0087301645870042,0.2936155999178232,0.5,1.6276252409054266,81,15.51996470172028,13.91094439876135,5.752805946225244,8.206208136877436,35.02592158185373,81,17.51296079092686,17.512960790926865,3.552713678800501e-15,17.512960790926865,17.512960790926865,81
granite_sparse,46,80,80.5,15.549008179672846,14.112173711612394,17.99021085326768,17.99021085326768,18.964159267854605,18.75,1.2196378732790412,3.4151510881817586,0.08623090200091532,1.0422334764683603,0.7597891467323201,17,100.0,100.0,100.0,100.0,100.0,0.0,0,100.0,0.0,100.0,0,0.25,P32_derived_Jv_proxy,100.0,100.0,0.0,0.0,0.0,0.0,0.0,0.0,0.0,0.0,17,0,0,17,1.0,0.0,78.53981633974483,7.0,0.21645072260497766,0.0,0.0,0.0,0.21645072260497766,0.4074297281409416,0.0,0.4074297281409416,1,1,1,1,1,1,100.0,100.0,0.0,100.0,100.0,81,4.0,4.0,0.0,4.0,4.0,81,1.4949847552788664,1.4949847552788664,0.270226391030162,1.0033772821399822,2.164130567084639,81,2.077497545015325,2.077497545015325,0.5120828436082938,1.3747259220207166,2.953769063657118,81,0.7783586508369653,0.778739810876117,0.10682066825708778,0.5189807029041008,1.0,81,0.9934450014940739,1.0075975264683361,0.287922604049271,0.5,1.6299028307777899,81,15.549008179672846,14.112173711612394,5.812948606181118,7.274194734917707,35.98042170653536,81,17.99021085326768,17.99021085326768,0.0,17.99021085326768,17.99021085326768,81
granite_sparse,47,10,10.5,16.9831893124115,16.346527782331766,19.007093546342094,19.007093546342094,13.74680500338644,17.637901544067084,0.8094360105460359,-3.236384309025061,-0.09181747843030941,0.9279641572270522,-1.3691920022750104,20,100.0,100.0,100.0,99.61949275591319,99.86631885255873,0.2857142857142857,2,100.0,0.2,99.98026467728904,2,0.25,P32_derived_Jv_proxy,100.0,100.0,-0.38050724408681447,-0.13368114744126558,-0.38050724408681447,-0.13368114744126558,0.38050724408681447,0.13368114744126558,0.38050724408681447,0.13368114744126558,20,2,1,19,0.95,0.05,78.53981633974483,7.0,0.25464790894703254,0.2857142857142857,0.2857142857142857,0.012732395447351627,0.2419155134996809,0.42470486627040793,0.5180588181550647,-0.09335395188465678,1,1,1,1,1,1,100.0,100.0,0.0,100.0,100.0,81,4.0,4.0,0.0,4.0,4.0,81,1.5494477730002145,1.5494477730002145,0.3514047247205809,1.0074095282938673,2.327603361855467,81,2.0379861987084356,2.0379861987084356,0.43094047329576074,1.4684641191428047,2.9430816078286215,81,0.8089080293811967,0.7949763224522894,0.09826888455299249,0.5318379943918443,1.0,81,1.0083009705827928,0.922535566224743,0.3309949397890558,0.5,1.8902504458979594,81,16.9831893124115,16.346527782331766,6.1068568139903325,7.298548812776765,36.61369237467195,81,19.007093546342094,19.007093546342094,0.0,19.007093546342094,19.007093546342094,81
granite_sparse,47,20,20.5,15.363385018017569,13.669443728855763,18.98715680083689,18.987156800836893,16.566378207801797,18.75,1.0783026128924977,1.2029931897842285,0.03274065757286038,0.9875096201435258,-0.23715680083688895,21,100.0,100.0,100.0,100.0,100.0,0.0,0,100.0,0.1,99.99503320866597,1,0.25,P32_derived_Jv_proxy,100.0,100.0,0.0,0.0,0.0,0.0,0.0,0.0,0.0,0.0,21,0,0,21,1.0,0.0,78.53981633974483,7.0,0.26738030439438415,0.0,0.0,0.0,0.26738030439438415,0.3753515207158147,0.0,0.3753515207158147,1,1,1,1,1,1,100.0,100.0,0.0,100.0,100.0,81,4.0,4.0,0.0,4.0,4.0,81,1.4620619273797406,1.4620619273797406,0.28596920069116444,0.8717736223007647,1.8685191334876985,81,1.9250669580441049,1.9250669580441049,0.43061897023034895,1.2262323097387666,2.8307755163568555,81,0.7952708205609522,0.7890438151584972,0.09100439780163969,0.5883143569511564,1.0,81,1.0718930519267948,1.0797772457288954,0.2807788641735918,0.5,1.667658798918481,81,15.363385018017569,13.669443728855763,5.368090615443767,6.698262828619038,31.163043457571995,81,18.98715680083689,18.987156800836893,3.552713678800501e-15,18.987156800836893,18.987156800836893,81
granite_sparse,47,30,30.5,16.32750974433747,14.674223511828016,18.75610662865071,18.756106628650706,13.75340757266188,16.495087128609963,0.8423456968036224,-2.574102171675589,-0.07450963842596181,0.8794515543760587,-2.261019500040746,18,99.46783792249275,99.46783792249275,99.46783792249275,100.0,99.79947827883811,0.42857142857142855,3,99.46783792249275,0.3,99.95588995549635,3,0.25,P32_derived_Jv_proxy,100.0,99.46783792249275,0.5321620775072518,0.3316403563453605,0.0,-0.20052172116189126,0.5321620775072518,0.3316403563453605,0.0,0.20052172116189126,18,3,1,17,0.9444444444444444,0.05555555555555555,78.53981633974483,7.0,0.22918311805232927,0.42857142857142855,0.42857142857142855,0.012732395447351627,0.21645072260497766,0.4076162658777246,0.38198895350705897,0.025627312370665623,1,1,1,1,1,1,99.46783792249275,99.46783792249275,0.0,99.46783792249275,99.46783792249275,81,4.0,4.0,0.0,4.0,4.0,81,1.6017814815505587,1.6017814815505587,0.2606551021461033,1.1311850831254446,2.0257922270483903,81,2.123651565175376,2.123651565175376,0.5647514287343673,0.8906148856781964,3.305352016945732,81,0.7873844413289043,0.7657799896578825,0.08929412439927069,0.6371549749684965,1.0,81,0.9911139555059092,0.9983837533221154,0.27417052103122,0.5,1.5806110025729119,81,16.32750974433747,14.674223511828016,5.95258884149879,7.896028467373629,35.2270884322058,81,18.75610662865071,18.756106628650706,3.552713678800501e-15,18.756106628650706,18.756106628650706,81
granite_sparse,47,40,40.5,17.437990448315865,15.64360676233474,19.742205356206206,19.74220535620621,16.960348557766803,18.82796689279454,0.9726091207605179,-0.47764189054906225,-0.012061662099333681,0.9536911683919717,-0.9142384634116674,14,100.0,100.0,100.0,100.0,99.93315942627937,0.14285714285714285,1,100.0,0.3,99.95588995549635,3,0.25,P32_derived_Jv_proxy,100.0,100.0,0.0,-0.06684057372062568,0.0,-0.06684057372062568,0.0,0.06684057372062568,0.0,0.06684057372062568,14,1,0,14,1.0,0.0,78.53981633974483,7.0,0.17825353626292278,0.14285714285714285,0.14285714285714285,0.0,0.17825353626292278,0.37127806321219714,0.4756839022193914,-0.10440583900719425,1,1,1,1,1,1,100.0,100.0,0.0,100.0,100.0,81,4.0,4.0,0.0,4.0,4.0,81,1.5053308721011327,1.5053308721011327,0.2085578069567492,1.1191166955964447,1.791886766388728,81,1.9062344415690025,1.9062344415690025,0.5618422134683418,0.75,3.2802806475271398,81,0.7972690592383376,0.7760565735779124,0.10247842924309968,0.5298984474827102,1.0,81,0.9969798289085633,0.9854340984229107,0.2974810228355977,0.5,1.7376234100160857,81,17.437990448315865,15.64360676233474,6.393717831565292,7.965505098673417,38.4429877099509,81,19.742205356206206,19.74220535620621,3.552713678800501e-15,19.74220535620621,19.74220535620621,81
granite_sparse,47,50,50.5,17.460679746181118,16.40342017806452,20.025395753661716,20.025395753661716,18.6085977141382,17.867865474088134,1.0657430286016296,1.1479179679570812,0.027652500456166518,0.8922602925747887,-2.1575302795735816,18,100.0,100.0,100.0,98.68855186948237,99.93315942627937,0.14285714285714285,1,100.0,0.1,99.99503320866597,1,0.25,P32_derived_Jv_proxy,100.0,100.0,-1.3114481305176326,-0.06684057372062568,-1.3114481305176326,-0.06684057372062568,1.3114481305176326,0.06684057372062568,1.3114481305176326,0.06684057372062568,18,1,0,18,1.0,0.0,78.53981633974483,7.0,0.22918311805232927,0.14285714285714285,0.14285714285714285,0.0,0.22918311805232927,0.2958537023806246,0.1592180105363311,0.13663569184429347,1,1,1,1,1,1,100.0,100.0,0.0,100.0,100.0,81,4.0,4.0,0.0,4.0,4.0,81,1.5246962436362386,1.5246962436362386,0.3543747022531768,0.908248214465224,2.27741958329173,81,1.9034533229604744,1.9034533229604744,0.63215419727585,0.75,3.12857686624762,81,0.8011436671212637,0.8065709509784248,0.10632814008608729,0.48720500436414005,1.0,81,0.9904353285678427,0.965021836205072,0.2514883160570266,0.5,1.6537488025322318,81,17.460679746181118,16.40342017806452,5.723202712406253,7.909510565806384,36.620048378506546,81,20.025395753661716,20.025395753661716,0.0,20.025395753661716,20.025395753661716,81
granite_sparse,47,60,60.5,16.775325304323943,14.774311017186673,19.331093086243722,19.331093086243722,12.527002454671768,17.366581313366186,0.7467516860279816,-4.248322849652174,-0.12682378816565243,0.8983755463742756,-1.964511772877536,21,100.0,100.0,100.0,98.98245593397381,99.93315942627937,0.14285714285714285,1,100.0,0.1,99.99503320866597,1,0.25,P32_derived_Jv_proxy,100.0,100.0,-1.0175440660261899,-0.06684057372062568,-1.0175440660261899,-0.06684057372062568,1.0175440660261899,0.06684057372062568,1.0175440660261899,0.06684057372062568,21,1,1,20,0.9523809523809523,0.047619047619047616,78.53981633974483,7.0,0.26738030439438415,0.14285714285714285,0.14285714285714285,0.012732395447351627,0.25464790894703254,0.4720048115638521,0.3394708625266111,0.13253394903724103,0,1,1,1,1,1,100.0,100.0,0.0,100.0,100.0,81,4.0,4.0,0.0,4.0,4.0,81,1.5643283697121186,1.5643283697121186,0.289037017128562,1.0358298274208435,2.27741958329173,81,2.023072832370401,2.023072832370401,0.4632721111900659,1.0536626327997225,2.9399396758167464,81,0.8055026222190359,0.8233368231270509,0.09253181657882649,0.6226365094750156,0.9833824178432364,81,1.056291675092586,1.0656433780789318,0.3639442485228021,0.5,1.9858802752006142,81,16.775325304323943,14.774311017186673,6.7314598746722885,8.030996521937945,34.44711053327678,81,19.331093086243722,19.331093086243722,0.0,19.331093086243722,19.331093086243722,81
granite_sparse,47,70,70.5,14.67893662697627,13.306583157259913,17.8145443468369,17.8145443468369,16.7420273433925,18.75,1.1405476955752216,2.06309071641623,0.057113451376819,1.052510781917877,0.9354556531630998,12,100.0,100.0,100.0,100.0,100.0,0.0,0,100.0,0.1,99.99503320866597,1,0.25,P32_derived_Jv_proxy,100.0,100.0,0.0,0.0,0.0,0.0,0.0,0.0,0.0,0.0,12,0,0,12,1.0,0.0,78.53981633974483,7.0,0.15278874536821951,0.0,0.0,0.0,0.15278874536821951,0.4338965701021308,0.0,0.4338965701021308,1,1,1,1,1,1,100.0,100.0,0.0,100.0,100.0,81,4.0,4.0,0.0,4.0,4.0,81,1.5197868219859296,1.5197868219859296,0.36603057385077975,0.909927873587815,2.296449721098162,81,2.132789355142528,2.132789355142528,0.6097317939778307,0.8644488727047217,3.0051114948413655,81,0.7951112059850274,0.7912591037104985,0.09887478501839339,0.4778871707931277,1.0,81,1.0543787868975942,1.0726662240570644,0.3055231633599356,0.5,1.8795831270211694,81,14.67893662697627,13.306583157259913,4.918389422535428,7.291274881741181,27.67281107349289,81,17.8145443468369,17.8145443468369,0.0,17.8145443468369,17.8145443468369,81
granite_sparse,47,80,80.5,15.037622908526242,13.75860549885455,17.95172241541056,17.95172241541056,14.8251156881596,18.75,0.985868297026776,-0.21250722036664094,-0.006181098948147001,1.0444680218486535,0.7982775845894388,23,100.0,100.0,100.0,100.0,100.0,0.0,0,100.0,0.2,99.98026467728904,2,0.25,P32_derived_Jv_proxy,100.0,100.0,0.0,0.0,0.0,0.0,0.0,0.0,0.0,0.0,23,0,0,23,1.0,0.0,78.53981633974483,7.0,0.2928450952890874,0.0,0.0,0.0,0.2928450952890874,0.3380489984443199,0.0,0.3380489984443199,1,1,1,1,1,1,100.0,100.0,0.0,100.0,100.0,81,4.0,4.0,0.0,4.0,4.0,81,1.4257045419087955,1.4257045419087955,0.20736012092995945,0.9343443348613516,1.734075234625622,81,1.9854704035041602,1.9854704035041602,0.4199940144528332,1.303734394556316,3.0473154454184943,81,0.7869883218048704,0.7987146868052973,0.10615854019025994,0.4942880289569222,1.0,81,1.024699905267018,0.9994715446461165,0.29239274319330255,0.5,2.0600190888708036,81,15.037622908526242,13.75860549885455,5.083670727137352,7.30933502398327,29.838943654706608,81,17.95172241541056,17.95172241541056,0.0,17.95172241541056,17.95172241541056,81
granite_sparse,48,10,10.5,14.228119798750061,13.508569172388365,16.901713982703424,16.901713982703424,16.669500313427562,18.241081565294696,1.171588414295751,2.441380514677501,0.06877506834218083,1.0792444827762397,1.3393675825912723,19,100.0,100.0,100.0,100.0,99.93315942627937,0.14285714285714285,1,100.0,0.2,99.98026467728904,2,0.25,P32_derived_Jv_proxy,100.0,100.0,0.0,-0.06684057372062568,0.0,-0.06684057372062568,0.0,0.06684057372062568,0.0,0.06684057372062568,19,1,0,19,1.0,0.0,78.53981633974483,7.0,0.2419155134996809,0.14285714285714285,0.14285714285714285,0.0,0.2419155134996809,0.4114486406552934,0.08542820221985137,0.32602043843544204,1,1,1,1,1,1,100.0,100.0,0.0,100.0,100.0,81,4.0,4.0,0.0,4.0,4.0,81,1.3659344245602099,1.3659344245602099,0.2786121366276457,0.8629343320672002,1.8958183726776598,81,2.0204081461176893,2.0204081461176893,0.4574082386235272,1.304795551449303,3.174890439898197,81,0.7875461193518724,0.7820669830548206,0.10691670802820216,0.48071902895720164,1.0,81,1.0206610949738373,1.0005949930088611,0.30885139687871277,0.5,1.8149665430266715,81,14.228119798750061,13.508569172388365,4.63505447823021,6.604652185965015,29.788486104693018,81,16.901713982703424,16.901713982703424,0.0,16.901713982703424,16.901713982703424,81
granite_sparse,48,20,20.5,18.257568392136644,17.28601774348539,20.81181412633625,20.811814126336248,15.84743118236933,18.40081368969576,0.8679924315219689,-2.4101372097673135,-0.0614840616467518,0.8841523174287099,-2.4110004366404922,22,100.0,100.0,100.0,100.0,99.93315942627937,0.14285714285714285,1,100.0,0.2,99.98026467728904,2,0.25,P32_derived_Jv_proxy,100.0,100.0,0.0,-0.06684057372062568,0.0,-0.06684057372062568,0.0,0.06684057372062568,0.0,0.06684057372062568,22,1,0,22,1.0,0.0,78.53981633974483,7.0,0.2801126998417358,0.14285714285714285,0.14285714285714285,0.0,0.2801126998417358,0.3944713554346986,0.1065585137470545,0.2879128416876441,1,1,1,1,1,1,100.0,100.0,0.0,100.0,100.0,81,4.0,4.0,0.0,4.0,4.0,81,1.585297669807374,1.585297669807374,0.3077265119682799,0.9587008946069483,2.068538096727304,81,1.9043242220307741,1.9043242220307741,0.4025968338733322,1.0170319697872716,2.7378559622729224,81,0.8146611604917224,0.8057933674923249,0.09921872831806995,0.5364609462276558,1.0,81,1.009229992700725,0.9931543087050523,0.28472271507375246,0.5,1.6839235638184176,81,18.257568392136644,17.28601774348539,5.960205562649322,9.148189476067826,40.45253873520744,81,20.81181412633625,20.811814126336248,3.552713678800501e-15,20.811814126336248,20.811814126336248,81
granite_sparse,48,30,30.5,16.44616977166169,15.676784391207015,18.8266670522186,18.8266670522186,18.463074203391272,21.51296713111118,1.1226367269541933,2.016904431729582,0.05023924601890539,1.142685907783981,2.686300078892579,22,100.0,100.0,100.0,100.0,99.93315942627937,0.14285714285714285,1,100.0,0.1,99.99503320866597,1,0.25,P32_derived_Jv_proxy,100.0,100.0,0.0,-0.06684057372062568,0.0,-0.06684057372062568,0.0,0.06684057372062568,0.0,0.06684057372062568,22,1,0,22,1.0,0.0,78.53981633974483,7.0,0.2801126998417358,0.14285714285714285,0.14285714285714285,0.0,0.2801126998417358,0.3390492873569305,0.7071009884922246,-0.36805170113529406,1,1,1,1,1,1,100.0,100.0,0.0,100.0,100.0,81,4.0,4.0,0.0,4.0,4.0,81,1.5339226062497724,1.5339226062497724,0.3385219545108676,0.8770043707009568,2.0883573470060526,81,2.0369014361320654,2.0369014361320654,0.5855388548776426,0.759831173162919,3.648462438344179,81,0.8236881799105977,0.824487554205073,0.08112997677413807,0.6209282483534614,1.0,81,1.0077241836143125,1.000064816020931,0.2536195219434247,0.5037102629839664,1.5794418630247624,81,16.44616977166169,15.676784391207015,4.7414879479407634,8.91044821290698,31.26230478524176,81,18.8266670522186,18.8266670522186,0.0,18.8266670522186,18.8266670522186,81
granite_sparse,48,40,40.5,14.923933665189054,13.713649399944384,17.323431137092772,17.323431137092776,17.616741748156137,17.98441815888448,1.1804355435623661,2.6928080829670833,0.07204227787011241,1.0381556642307659,0.6609870217917084,19,100.0,100.0,100.0,98.85015919968032,99.93315942627937,0.14285714285714285,1,100.0,0.1,99.99503320866597,1,0.25,P32_derived_Jv_proxy,100.0,100.0,-1.14984080031968,-0.06684057372062568,-1.14984080031968,-0.06684057372062568,1.14984080031968,0.06684057372062568,1.14984080031968,0.06684057372062568,19,1,1,18,0.9473684210526315,0.05263157894736842,78.53981633974483,7.0,0.2419155134996809,0.14285714285714285,0.14285714285714285,0.012732395447351627,0.22918311805232927,0.4197635694484949,0.672937415371261,-0.25317384592276604,1,1,1,1,1,1,100.0,100.0,0.0,100.0,100.0,81,4.0,4.0,0.0,4.0,4.0,81,1.4478811062565828,1.4478811062565828,0.26910446901476176,0.9485369694994323,1.9595317900152596,81,2.0894837385250904,2.0894837385250904,0.4273007866296974,1.2440094645651785,2.9518960685696713,81,0.8004156201957708,0.7917339926443703,0.11104536389192048,0.5447106566197294,1.0,81,1.0135912357751853,0.981133211571501,0.27587179029104913,0.5,1.6486961258274384,81,14.923933665189054,13.713649399944384,5.29282763445967,6.94199085917381,31.86403251133295,81,17.323431137092772,17.323431137092776,3.552713678800501e-15,17.323431137092776,17.323431137092776,81
granite_sparse,48,50,50.5,13.784376005907712,13.05760413363354,16.59909501766029,16.599095017660282,13.582511462253112,18.92629476438614,0.985355554464846,-0.20186454365459916,-0.0064070309447965546,1.140200399133198,2.3271997467258494,22,100.0,100.0,100.0,100.0,99.93315942627937,0.14285714285714285,1,100.0,0.1,99.99503320866597,1,0.25,P32_derived_Jv_proxy,100.0,100.0,0.0,-0.06684057372062568,0.0,-0.06684057372062568,0.0,0.06684057372062568,0.0,0.06684057372062568,22,1,0,22,1.0,0.0,78.53981633974483,7.0,0.2801126998417358,0.14285714285714285,0.14285714285714285,0.0,0.2801126998417358,0.3562731400393494,0.02381852406642415,0.33245461597292525,1,1,1,1,1,1,100.0,100.0,0.0,100.0,100.0,81,4.0,4.0,0.0,4.0,4.0,81,1.401199718715542,1.401199718715542,0.21879362078361037,0.9443893133684019,1.8142026285052382,81,2.1103555905077402,2.1103555905077402,0.5986108166555544,0.9839837105690257,3.710616940738606,81,0.8036090976929678,0.7980159393577346,0.08949790371933214,0.5128447149712022,1.0,81,1.0604292125073718,1.0153370415711023,0.30366640902774217,0.5,2.082679152367628,81,13.784376005907712,13.05760413363354,4.8205741481690865,6.296458762812067,27.723259840244506,81,16.59909501766029,16.599095017660282,7.105427357601002e-15,16.599095017660282,16.599095017660282,81
granite_sparse,48,60,60.5,14.844201301174053,13.702795921842897,17.76155375497479,17.761553754974795,14.655195131324435,18.617639759086632,0.9872673398847893,-0.18900616984961793,-0.0055652297867605505,1.048198824039933,0.856086004111841,16,100.0,100.0,100.0,98.67930301621449,99.7496700527654,0.2857142857142857,2,100.0,0.3,99.95588995549635,3,0.25,P32_derived_Jv_proxy,100.0,100.0,-1.3206969837855098,-0.25032994723460433,-1.3206969837855098,-0.25032994723460433,1.3206969837855098,0.25032994723460433,1.3206969837855098,0.25032994723460433,16,2,2,14,0.875,0.125,78.53981633974483,7.0,0.20371832715762603,0.2857142857142857,0.2857142857142857,0.025464790894703253,0.17825353626292278,0.45401633463392876,0.1963037511101523,0.25771258352377646,1,1,1,1,1,1,100.0,100.0,0.0,100.0,100.0,81,4.0,4.0,0.0,4.0,4.0,81,1.4017597880571746,1.4017597880571746,0.30410343198897866,0.8314430871905373,1.8046535169596252,81,1.9730252873633856,1.9730252873633856,0.5029177825155143,1.0017043298518404,2.6678845428324696,81,0.7870191075962926,0.7907279909506533,0.09379029182290412,0.5058599638772637,1.0,81,1.0268729671828085,0.9824971075870756,0.29267007206574336,0.5,1.7489648712033357,81,14.844201301174053,13.702795921842897,4.948315502336504,7.172483045097052,30.476500295365938,81,17.76155375497479,17.761553754974795,3.552713678800501e-15,17.761553754974795,17.761553754974795,81
granite_sparse,48,70,70.5,16.958077036416217,15.277377557107556,20.50203052459022,20.502030524590218,12.154740806075683,18.75,0.716752305109493,-4.803336230340534,-0.14463090166752846,0.9145435608200452,-1.7520305245902215,9,100.0,100.0,100.0,100.0,100.0,0.0,0,100.0,0.0,100.0,0,0.25,P32_derived_Jv_proxy,100.0,100.0,0.0,0.0,0.0,0.0,0.0,0.0,0.0,0.0,9,0,0,9,1.0,0.0,78.53981633974483,7.0,0.11459155902616464,0.0,0.0,0.0,0.11459155902616464,0.31925054272333364,0.0,0.31925054272333364,0,1,1,1,1,1,100.0,100.0,0.0,100.0,100.0,81,4.0,4.0,0.0,4.0,4.0,81,1.517941248116178,1.517941248116178,0.27659110442841195,1.136330890015291,2.0266100581287856,81,1.850964525557058,1.850964525557058,0.3765279008105118,1.2838129157215086,2.4383912297821695,81,0.7866498877159113,0.7816879119059458,0.10077375140992606,0.5661051228465592,1.0,81,1.0397662402094812,1.048825337302501,0.3005318555970452,0.5,2.073632273561048,81,16.958077036416217,15.277377557107556,5.767290716265748,6.327128482543968,31.529643928782995,81,20.50203052459022,20.502030524590218,3.552713678800501e-15,20.502030524590218,20.502030524590218,81
granite_sparse,48,80,80.5,15.9171613896841,14.903220150359898,18.52844898417342,18.52844898417342,12.883802315140644,18.75,0.809428389881793,-3.0333590745434567,-0.09182156723778245,1.011957342787614,0.22155101582658077,20,100.0,100.0,100.0,100.0,100.0,0.0,0,100.0,0.2,99.98026467728904,2,0.25,P32_derived_Jv_proxy,100.0,100.0,0.0,0.0,0.0,0.0,0.0,0.0,0.0,0.0,20,0,0,20,1.0,0.0,78.53981633974483,7.0,0.25464790894703254,0.0,0.0,0.0,0.25464790894703254,0.40298841587698553,0.0,0.40298841587698553,1,1,1,1,1,1,100.0,100.0,0.0,100.0,100.0,81,4.0,4.0,0.0,4.0,4.0,81,1.522145167495451,1.522145167495451,0.35058331042335134,0.9580177476997314,2.3292918121062827,81,2.053794638714272,2.053794638714272,0.39891154590811073,1.1514792191001895,2.6433866377088235,81,0.7973902434697542,0.7957002868520555,0.09032120288040073,0.5715826576870513,1.0,81,1.0066636378845086,0.9956263445757828,0.26787819651952116,0.5,1.6857531196525006,81,15.9171613896841,14.903220150359898,5.2861711404247425,7.547220989555277,37.05689796834684,81,18.52844898417342,18.52844898417342,0.0,18.52844898417342,18.52844898417342,81
granite_sparse,49,10,10.5,15.83725224303357,15.248455616208705,19.1612319965983,19.161231996598296,16.192030723590445,18.75,1.02240151732842,0.35477848055687566,0.009621485343737302,0.9785383321557138,-0.4112319965982998,14,100.0,100.0,100.0,100.0,100.0,0.0,0,100.0,0.2,99.98026467728904,2,0.25,P32_derived_Jv_proxy,100.0,100.0,0.0,0.0,0.0,0.0,0.0,0.0,0.0,0.0,14,0,0,14,1.0,0.0,78.53981633974483,7.0,0.17825353626292278,0.0,0.0,0.0,0.17825353626292278,0.40442511636765766,0.0,0.40442511636765766,1,1,1,1,1,1,100.0,100.0,0.0,100.0,100.0,81,4.0,4.0,0.0,4.0,4.0,81,1.4173062116211579,1.4173062116211579,0.24090300728293498,1.103425741788572,1.7964974171431474,81,1.849184608631602,1.849184608631602,0.45952891423850517,0.9884721300808665,2.779070825079666,81,0.8120884137393153,0.8263962332537989,0.10275519926631112,0.5561934259416487,1.0,81,1.0584977019402422,1.041526649128181,0.2810619135789203,0.5,1.7948564452614986,81,15.83725224303357,15.248455616208705,5.015799566125079,7.576844232869968,34.98052316349687,81,19.1612319965983,19.161231996598296,3.552713678800501e-15,19.161231996598296,19.161231996598296,81
granite_sparse,49,20,20.5,15.636814312026686,14.221647454818513,18.265050243927202,18.265050243927206,19.09753110314793,18.75,1.2213185321552047,3.460716791121243,0.086828947086518,1.0265506937893059,0.48494975607279756,20,100.0,100.0,100.0,100.0,100.0,0.0,0,100.0,0.3,99.95588995549635,3,0.25,P32_derived_Jv_proxy,100.0,100.0,0.0,0.0,0.0,0.0,0.0,0.0,0.0,0.0,20,0,0,20,1.0,0.0,78.53981633974483,7.0,0.25464790894703254,0.0,0.0,0.0,0.25464790894703254,0.43690597410394016,0.0,0.43690597410394016,1,1,1,1,1,1,100.0,100.0,0.0,100.0,100.0,81,4.0,4.0,0.0,4.0,4.0,81,1.5420175680828097,1.5420175680828097,0.2790425183560703,0.6662962664811416,1.9487603049766375,81,2.110612272467608,2.110612272467608,0.4139115396586395,1.431118861975597,2.9663852972306017,81,0.8026806372678075,0.8033954083239402,0.09584258282879426,0.6100266111428901,1.0,81,1.0182730122477035,0.9792060697134359,0.28131329178959874,0.5,1.6351497209584223,81,15.636814312026686,14.221647454818513,5.239345715541178,8.219511015497801,34.582678958127794,81,18.265050243927202,18.265050243927206,3.552713678800501e-15,18.265050243927206,18.265050243927206,81
granite_sparse,49,30,30.5,14.032533781536232,13.362889049622792,17.308011356873603,17.3080113568736,17.620040120110932,17.986844868245225,1.2556563479145213,3.5875063385747,0.0988707965463631,1.0392207687743418,0.6788335113716215,23,100.0,100.0,100.0,99.06094267669349,99.93315942627937,0.14285714285714285,1,100.0,0.1,99.99503320866597,1,0.25,P32_derived_Jv_proxy,100.0,100.0,-0.939057323306514,-0.06684057372062568,-0.939057323306514,-0.06684057372062568,0.939057323306514,0.06684057372062568,0.939057323306514,0.06684057372062568,23,1,0,23,1.0,0.0,78.53981633974483,7.0,0.2928450952890874,0.14285714285714285,0.14285714285714285,0.0,0.2928450952890874,0.3922308761708442,0.26416658404742654,0.12806429212341763,0,1,1,1,1,1,100.0,100.0,0.0,100.0,100.0,81,4.0,4.0,0.0,4.0,4.0,81,1.4834344070839558,1.4834344070839558,0.27711835816916,0.9160363628633564,2.11207307425471,81,2.142699089596497,2.142699089596497,0.4295087900391881,1.4226221239607588,3.1130934236090297,81,0.8059181062213961,0.8067780888304694,0.09760486076169199,0.5334840383219855,1.0,81,1.0781340564538626,1.0756367145839782,0.28601625896325994,0.5,1.8009480701978726,81,14.032533781536232,13.362889049622792,4.754672931010027,6.743671687620628,32.08725044217977,81,17.308011356873603,17.3080113568736,3.552713678800501e-15,17.3080113568736,17.3080113568736,81
granite_sparse,49,40,40.5,17.259084137428317,16.4406140647663,20.40647524464786,20.40647524464786,17.223533392240146,20.56225805472022,0.9979401719752281,-0.03555074518817136,-0.0008954945441577156,1.0076339891237815,0.15578281007235972,19,100.0,100.0,100.0,100.0,99.93315942627937,0.14285714285714285,1,100.0,0.1,99.99503320866597,1,0.25,P32_derived_Jv_proxy,100.0,100.0,0.0,-0.06684057372062568,0.0,-0.06684057372062568,0.0,0.06684057372062568,0.0,0.06684057372062568,19,1,1,18,0.9473684210526315,0.05263157894736842,78.53981633974483,7.0,0.2419155134996809,0.14285714285714285,0.14285714285714285,0.012732395447351627,0.22918311805232927,0.4224551043784246,0.1825805405053832,0.2398745638730414,1,1,1,1,1,1,100.0,100.0,0.0,100.0,100.0,81,4.0,4.0,0.0,4.0,4.0,81,1.4548853203798984,1.4548853203798984,0.3088309705236295,0.711605368415343,2.043618518328965,81,1.7823819436449229,1.7823819436449229,0.46419441965997055,0.91595499936673,2.691363245637438,81,0.8078007719868309,0.8038118371455693,0.10780495577246738,0.43378714797851214,1.0,81,1.0281099087018273,1.0352591536118272,0.2803522715671556,0.5588251103462913,1.7410191032665125,81,17.259084137428317,16.4406140647663,5.336232416963666,8.19804181218214,31.271585525964564,81,20.40647524464786,20.40647524464786,0.0,20.40647524464786,20.40647524464786,81
granite_sparse,49,50,50.5,13.683821516650102,12.835612784870657,15.924396912218644,15.924396912218644,15.991653656022603,18.454787779167983,1.1686540661586673,2.3078321393725005,0.06768597447057689,1.1589002635954015,2.5303908669493396,14,100.0,100.0,100.0,100.0,99.93315942627937,0.14285714285714285,1,100.0,0.0,100.0,0,0.25,P32_derived_Jv_proxy,100.0,100.0,0.0,-0.06684057372062568,0.0,-0.06684057372062568,0.0,0.06684057372062568,0.0,0.06684057372062568,14,1,1,13,0.9285714285714286,0.07142857142857142,78.53981633974483,7.0,0.17825353626292278,0.14285714285714285,0.14285714285714285,0.012732395447351627,0.16552114081557115,0.4724000937791718,0.105611885504862,0.3667882082743098,1,1,1,1,1,1,100.0,100.0,0.0,100.0,100.0,81,4.0,4.0,0.0,4.0,4.0,81,1.3529666053704557,1.3529666053704557,0.28071789919987983,0.6664926939817758,2.003347803645054,81,2.124046852179904,2.124046852179904,0.5027598791927687,1.3625576477499537,3.1895510536676683,81,0.798102691007179,0.8116350744354175,0.0959528741109582,0.5233562620188199,1.0,81,1.0140491393403188,0.9883664598149039,0.27999222552958714,0.5,1.6671270713542141,81,13.683821516650102,12.835612784870657,4.6025303820097765,6.501258306814298,26.69673273239479,81,15.924396912218644,15.924396912218644,0.0,15.924396912218644,15.924396912218644,81
granite_sparse,49,60,60.5,17.356136476390773,15.751680648705305,19.55057702421846,19.55057702421846,16.641724715629916,20.49833600786153,0.9588380880887485,-0.7144117607608571,-0.018254722742027996,1.0484772895689485,0.9477589836430695,17,100.0,100.0,100.0,100.0,99.86631885255873,0.2857142857142857,2,100.0,0.1,99.99503320866597,1,0.25,P32_derived_Jv_proxy,100.0,100.0,0.0,-0.13368114744126558,0.0,-0.13368114744126558,0.0,0.13368114744126558,0.0,0.13368114744126558,17,2,0,17,1.0,0.0,78.53981633974483,7.0,0.21645072260497766,0.2857142857142857,0.2857142857142857,0.0,0.21645072260497766,0.38745502736143855,0.1167339434306719,0.27072108393076666,1,1,1,1,1,1,100.0,100.0,0.0,100.0,100.0,81,4.0,4.0,0.0,4.0,4.0,81,1.5802258188771936,1.5802258188771936,0.3024748428114167,0.8605587828375746,2.099253091834359,81,2.020689487731838,2.020689487731838,0.3009028786065602,1.537037513403287,2.7174075378196827,81,0.8158225379379701,0.8253953465711736,0.09598350343512235,0.5449674353041102,1.0,81,1.0148003335866194,1.0321918656560003,0.2930315213963172,0.5,1.690232887708877,81,17.356136476390773,15.751680648705305,6.491741808065486,8.197594549608409,37.4028756780808,81,19.55057702421846,19.55057702421846,0.0,19.55057702421846,19.55057702421846,81
granite_sparse,49,70,70.5,19.8876909858226,18.605245383525343,21.751264363863353,21.75126436386335,18.88212706846893,18.75,0.949437875011709,-1.0055639173536726,-0.022533447380148175,0.8620188549200143,-3.0012643638633527,8,100.0,100.0,100.0,100.0,100.0,0.0,0,100.0,0.0,100.0,0,0.25,P32_derived_Jv_proxy,100.0,100.0,0.0,0.0,0.0,0.0,0.0,0.0,0.0,0.0,8,0,0,8,1.0,0.0,78.53981633974483,7.0,0.10185916357881301,0.0,0.0,0.0,0.10185916357881301,0.3633663424798994,0.0,0.3633663424798994,1,1,1,1,1,1,100.0,100.0,0.0,100.0,100.0,81,4.0,4.0,0.0,4.0,4.0,81,1.7863414302604173,1.7863414302604173,0.20262051488029728,1.5183036458941732,2.0909981556243937,81,2.0531466589456877,2.0531466589456877,0.3088242077163279,1.3621332415870029,2.4041001246600056,81,0.8047353331915218,0.8013749957062574,0.09427592358966462,0.5571607811470304,1.0,81,0.9530808022619482,0.9240469948446344,0.259513988253164,0.5,1.5148708932821469,81,19.8876909858226,18.605245383525343,6.459434984288557,10.038807164178055,38.8189175771637,81,21.751264363863353,21.75126436386335,3.552713678800501e-15,21.75126436386335,21.75126436386335,81
granite_sparse,49,80,80.5,15.779379821053444,14.539200098144068,18.56339386806791,18.56339386806791,17.635987629671614,21.084058870118866,1.1176603789041832,1.85660780861817,0.04830985545097266,1.1357868620342595,2.520665002050958,23,100.0,100.0,100.0,100.0,99.86631885255873,0.2857142857142857,2,100.0,0.1,99.99503320866597,1,0.25,P32_derived_Jv_proxy,100.0,100.0,0.0,-0.13368114744126558,0.0,-0.13368114744126558,0.0,0.13368114744126558,0.0,0.13368114744126558,23,2,0,23,1.0,0.0,78.53981633974483,7.0,0.2928450952890874,0.2857142857142857,0.2857142857142857,0.0,0.2928450952890874,0.34076915142363895,0.144962737061186,0.19580641436245294,1,1,1,1,1,1,100.0,100.0,0.0,100.0,100.0,81,4.0,4.0,0.0,4.0,4.0,81,1.372350887539923,1.372350887539923,0.1556872073582894,0.9657204660070627,1.6101055859817472,81,1.8481950246993792,1.8481950246993792,0.4510931188089631,0.9836533961067309,2.45416645606755,81,0.7936181600077753,0.7955307687519819,0.1017476596307102,0.5886710297266916,1.0,81,1.0098610894183522,1.0249860229469183,0.2660035296284057,0.5,1.6155016396162434,81,15.779379821053444,14.539200098144068,5.236012531009701,8.287251004035058,34.438085613025336,81,18.56339386806791,18.56339386806791,0.0,18.56339386806791,18.56339386806791,81
granite_sparse,50,10,10.5,16.410473761409946,14.679215711413438,19.047253839889667,19.04725383988967,12.016227139866134,18.139380822960977,0.7322291430807376,-4.394246621543813,-0.1353529899760999,0.952335752725289,-0.9078730169286899,13,100.0,100.0,100.0,100.0,99.93315942627937,0.14285714285714285,1,100.0,0.1,99.99503320866597,1,0.25,P32_derived_Jv_proxy,100.0,100.0,0.0,-0.06684057372062568,0.0,-0.06684057372062568,0.0,0.06684057372062568,0.0,0.06684057372062568,13,1,0,13,1.0,0.0,78.53981633974483,7.0,0.16552114081557115,0.14285714285714285,0.14285714285714285,0.0,0.16552114081557115,0.3981271946827858,0.41298997551914596,-0.014862780836360168,0,1,1,1,1,1,100.0,100.0,0.0,100.0,100.0,81,4.0,4.0,0.0,4.0,4.0,81,1.5329068036578208,1.5329068036578208,0.3193922238914757,1.0969350736779646,2.290564917627537,81,2.01197875628603,2.01197875628603,0.4804010704226705,1.1735083948760565,2.836937563151926,81,0.7955343864600936,0.7809868200684269,0.09177243480029444,0.5537817811934956,0.9840822758677985,81,1.0213685082062083,1.0395604635837303,0.330128132818617,0.5,1.8644055566427016,81,16.410473761409946,14.679215711413438,5.473631433030655,8.319049602330571,31.14648832690748,81,19.047253839889667,19.04725383988967,3.552713678800501e-15,19.04725383988967,19.04725383988967,81
granite_sparse,50,20,20.5,18.363031012721375,18.201910987183393,21.18179934317501,21.181799343175005,15.12222286057096,18.75,0.8235145303678201,-3.240808152150416,-0.08432873358846837,0.8851939203192122,-2.4317993431750082,13,100.0,100.0,100.0,100.0,100.0,0.0,0,100.0,0.0,100.0,0,0.25,P32_derived_Jv_proxy,100.0,100.0,0.0,0.0,0.0,0.0,0.0,0.0,0.0,0.0,13,0,0,13,1.0,0.0,78.53981633974483,7.0,0.16552114081557115,0.0,0.0,0.0,0.16552114081557115,0.4619869455188147,0.0,0.4619869455188147,1,1,1,1,1,1,100.0,100.0,0.0,100.0,100.0,81,4.0,4.0,0.0,4.0,4.0,81,1.557547003615523,1.557547003615523,0.3505751069598968,0.816484939391457,2.022586634518441,81,1.8383081842824898,1.8383081842824898,0.3972255124187426,0.9005349971486176,2.396994743767568,81,0.7933618928165986,0.7918102767390782,0.11005258019205046,0.5248795410418331,1.0,81,0.9900331527042265,0.9735808827074941,0.2853629792595352,0.5,1.8140894592506938,81,18.363031012721375,18.201910987183393,5.627055501588317,8.913791088571655,33.93515102764749,81,21.18179934317501,21.181799343175005,3.552713678800501e-15,21.181799343175005,21.181799343175005,81
granite_sparse,50,30,30.5,15.629509655422892,14.595745517233935,18.34296822317035,18.34296822317035,15.290087847583376,20.39217336977966,0.9782832721356841,-0.3394218078395159,-0.009535372500423245,1.1117161149535661,2.04920514660931,22,100.0,100.0,100.0,99.73549782458811,99.68282947904478,0.42857142857142855,3,100.0,0.1,99.99503320866597,1,0.25,P32_derived_Jv_proxy,100.0,100.0,-0.26450217541189147,-0.3171705209552158,-0.26450217541189147,-0.3171705209552158,0.26450217541189147,0.3171705209552158,0.26450217541189147,0.3171705209552158,22,3,1,21,0.9545454545454546,0.045454545454545456,78.53981633974483,7.0,0.2801126998417358,0.42857142857142855,0.42857142857142855,0.012732395447351627,0.26738030439438415,0.3859329153590234,0.3155558207991511,0.07037709455987229,1,1,1,1,1,1,100.0,100.0,0.0,100.0,100.0,81,4.0,4.0,0.0,4.0,4.0,81,1.4674034470007848,1.4674034470007848,0.2711244510779683,0.9640245193913868,1.9137397865870558,81,1.9999536459251999,1.9999536459251999,0.4181082366131472,1.2950634719162175,2.7727790534102326,81,0.7872961158187808,0.7972223219889195,0.10384230147324675,0.5615071323303882,1.0,81,1.0167259208804145,1.018968127164253,0.2896808416069519,0.5,1.9387880917179439,81,15.629509655422892,14.595745517233935,5.9645444012863384,7.054434087184854,35.01728634500195,81,18.34296822317035,18.34296822317035,0.0,18.34296822317035,18.34296822317035,81
granite_sparse,50,40,40.5,15.954763407300545,14.39021778995914,19.561707733655254,19.561707733655247,18.60263733707105,18.75,1.1659613409597098,2.6478739297705065,0.06668415103516634,0.9585052724073401,-0.8117077336552541,19,100.0,100.0,100.0,100.0,100.0,0.0,0,100.0,0.1,99.99503320866597,1,0.25,P32_derived_Jv_proxy,100.0,100.0,0.0,0.0,0.0,0.0,0.0,0.0,0.0,0.0,19,0,0,19,1.0,0.0,78.53981633974483,7.0,0.2419155134996809,0.0,0.0,0.0,0.2419155134996809,0.3070959142795394,0.0,0.3070959142795394,1,1,1,1,1,1,100.0,100.0,0.0,100.0,100.0,81,4.0,4.0,0.0,4.0,4.0,81,1.4486774342491788,1.4486774342491788,0.2732252583519804,0.857050535144985,1.8807927553328274,81,1.8514199449938349,1.8514199449938349,0.4759576526832363,1.0340779533323068,2.712781482180596,81,0.7892632851811698,0.7904588545357104,0.09678555341746373,0.5450880953344516,1.0,81,1.0582551932642357,1.0546872355950234,0.3003887592593481,0.5,1.8401142922808147,81,15.954763407300545,14.39021778995914,5.46797432410038,7.281939552546893,32.75034115656228,81,19.561707733655254,19.561707733655247,7.105427357601002e-15,19.561707733655247,19.561707733655247,81
granite_sparse,50,50,50.5,15.65451473822195,14.153113146904166,19.03095074515836,19.03095074515836,15.186957588324319,18.978822031834774,0.9701327599279684,-0.4675571498976314,-0.013168829693690931,0.997260845555136,-0.052128713323586595,19,100.0,100.0,100.0,100.0,99.93315942627937,0.14285714285714285,1,100.0,0.1,99.99503320866597,1,0.25,P32_derived_Jv_proxy,100.0,100.0,0.0,-0.06684057372062568,0.0,-0.06684057372062568,0.0,0.06684057372062568,0.0,0.06684057372062568,19,1,1,18,0.9473684210526315,0.05263157894736842,78.53981633974483,7.0,0.2419155134996809,0.14285714285714285,0.14285714285714285,0.012732395447351627,0.22918311805232927,0.3735385324840187,0.16823571944665083,0.20530281303736786,1,1,1,1,1,1,100.0,100.0,0.0,100.0,100.0,81,4.0,4.0,0.0,4.0,4.0,81,1.527947360763462,1.527947360763462,0.21650064751088233,1.0400078626284794,1.835421596909006,81,2.007187372328449,2.007187372328449,0.32850433068940393,1.3527627014711159,2.498382800378411,81,0.7893542837799735,0.7914503017375882,0.09093508364992649,0.5214981345946683,1.0,81,1.0636705114418306,1.0421842854706984,0.3342966007719294,0.5,1.9263354491396614,81,15.65451473822195,14.153113146904166,5.661629215061895,6.817979015722747,33.78168633444841,81,19.03095074515836,19.03095074515836,0.0,19.03095074515836,19.03095074515836,81
granite_sparse,50,60,60.5,14.046574712940917,13.42893786930576,17.619738260319505,17.6197382603195,17.881566368037205,18.663519795178193,1.2730197029147017,3.834991655096289,0.10483512541399587,1.0592393325847147,1.043781534858688,21,100.0,100.0,100.0,100.0,99.93315942627937,0.14285714285714285,1,100.0,0.1,99.99503320866597,1,0.25,P32_derived_Jv_proxy,100.0,100.0,0.0,-0.06684057372062568,0.0,-0.06684057372062568,0.0,0.06684057372062568,0.0,0.06684057372062568,21,1,0,21,1.0,0.0,78.53981633974483,7.0,0.26738030439438415,0.14285714285714285,0.14285714285714285,0.0,0.26738030439438415,0.3724602302707605,0.0765331116748511,0.29592711859590937,0,1,1,1,1,1,100.0,100.0,0.0,100.0,100.0,81,4.0,4.0,0.0,4.0,4.0,81,1.4154914982714488,1.4154914982714488,0.30516415922244966,0.7465491642477526,2.0864318761394762,81,2.008388940514519,2.008388940514519,0.6191113418333335,0.77967560240337,3.0216787569525954,81,0.7874601381764889,0.7843495387742621,0.09695425210959312,0.5481788268996802,1.0,81,1.055896049145417,1.0567827711880764,0.262994875293279,0.5,1.7275956147172196,81,14.046574712940917,13.42893786930576,4.230334338445605,8.034452094495805,26.847374557953554,81,17.619738260319505,17.6197382603195,3.552713678800501e-15,17.6197382603195,17.6197382603195,81
granite_sparse,50,70,70.5,15.65824615767646,15.365822339316022,18.3643641489984,18.364364148998405,18.96542517333382,19.12510491106433,1.2112100539456658,3.3071790156573595,0.08321946713866102,1.041424835398258,0.7607407620659288,23,100.0,100.0,100.0,97.79848148206666,99.86631885255873,0.2857142857142857,2,100.0,0.3,99.95588995549635,3,0.25,P32_derived_Jv_proxy,100.0,100.0,-2.201518517933337,-0.13368114744126558,-2.201518517933337,-0.13368114744126558,2.201518517933337,0.13368114744126558,2.201518517933337,0.13368114744126558,23,2,2,21,0.9130434782608695,0.08695652173913043,78.53981633974483,7.0,0.2928450952890874,0.2857142857142857,0.2857142857142857,0.025464790894703253,0.26738030439438415,0.3296201685143706,0.44850994783898446,-0.11888977932461386,1,1,1,1,1,1,100.0,100.0,0.0,100.0,100.0,81,4.0,4.0,0.0,4.0,4.0,81,1.5683924312797124,1.5683924312797124,0.24315030125090636,1.1189185133882409,2.031481919885655,81,2.135103097709556,2.135103097709556,0.34284502651402315,1.5741019307130624,2.7074747032837183,81,0.7906703835997104,0.8031802299317032,0.09232205502845092,0.5855439423010901,1.0,81,1.005069477355901,1.0085529256467987,0.28649813452047623,0.5,1.766908609332754,81,15.65824615767646,15.365822339316022,4.746894106927602,7.0265474990330965,27.31174860035672,81,18.3643641489984,18.364364148998405,3.552713678800501e-15,18.364364148998405,18.364364148998405,81
granite_sparse,50,80,80.5,16.72099957676667,15.409467870967813,19.061378751267977,19.06137875126798,15.53024188371098,18.75,0.9287866919923728,-1.190757693055689,-0.03208401596078714,0.9836644161300628,-0.3113787512679771,21,100.0,100.0,100.0,100.0,100.0,0.0,0,100.0,0.0,100.0,0,0.25,P32_derived_Jv_proxy,100.0,100.0,0.0,0.0,0.0,0.0,0.0,0.0,0.0,0.0,21,0,0,21,1.0,0.0,78.53981633974483,7.0,0.26738030439438415,0.0,0.0,0.0,0.26738030439438415,0.43336338904451543,0.0,0.43336338904451543,1,1,1,1,1,1,100.0,100.0,0.0,100.0,100.0,81,4.0,4.0,0.0,4.0,4.0,81,1.5378205091472006,1.5378205091472006,0.25283519517039243,0.8409051182031397,1.8416971274417941,81,2.0169324176574888,2.0169324176574888,0.4602046387129789,1.0627981844170034,2.6566478798653015,81,0.7938390319979844,0.7991128798108118,0.10819846485450738,0.5738170559431729,1.0,81,1.0118141904934224,1.0057213680815007,0.3164670787012683,0.5,1.8821514771085883,81,16.72099957676667,15.409467870967813,6.523712540431718,7.329333326937683,35.64033934218832,81,19.061378751267977,19.06137875126798,3.552713678800501e-15,19.06137875126798,19.06137875126798,81
granite_sparse,51,10,10.5,17.855447775893342,16.308273179576464,19.425182548685335,19.42518254868533,24.231117873979038,18.964234790567243,1.3570714203366825,6.3756700980856955,0.13260270443343258,0.9762706086821672,-0.46094775811809185,22,100.0,100.0,100.0,100.0,99.93315942627937,0.14285714285714285,1,100.0,0.3,99.95588995549635,3,0.25,P32_derived_Jv_proxy,100.0,100.0,0.0,-0.06684057372062568,0.0,-0.06684057372062568,0.0,0.06684057372062568,0.0,0.06684057372062568,22,1,0,22,1.0,0.0,78.53981633974483,7.0,0.2801126998417358,0.14285714285714285,0.14285714285714285,0.0,0.2801126998417358,0.5529623131255281,0.3523183482683614,0.20064396485716673,0,1,1,1,1,1,100.0,100.0,0.0,100.0,100.0,81,4.0,4.0,0.0,4.0,4.0,81,1.5541628435712587,1.5541628435712587,0.3474182810101375,0.9063228169429904,2.1079750752297426,81,2.000190782861449,2.000190782861449,0.45268947085872463,1.1961156244406534,3.0608935514712865,81,0.8069341623113596,0.8050898115906931,0.09220232731602251,0.5303740571999812,1.0,81,0.9772009866085334,0.9338746072220193,0.3038260494765155,0.5,1.6612061864765497,81,17.855447775893342,16.308273179576464,6.625369581706469,9.048302178759176,37.96564790853428,81,19.425182548685335,19.42518254868533,3.552713678800501e-15,19.42518254868533,19.42518254868533,81
granite_sparse,51,20,20.5,16.653930544797362,14.76058979666452,18.164309962656066,18.16430996265607,22.278946260889917,20.612100445220182,1.3377590473889538,5.625015716092555,0.12637789683022915,1.1347582422671998,2.447790482564116,18,98.85620720871259,98.85620720871259,98.85620720871259,100.0,99.93315942627937,0.14285714285714285,1,98.85620720871259,0.3,99.95588995549635,3,0.25,P32_derived_Jv_proxy,100.0,98.85620720871259,1.1437927912874102,1.0769522175667845,0.0,-0.06684057372062568,1.1437927912874102,1.0769522175667845,0.0,0.06684057372062568,18,1,0,18,1.0,0.0,78.53981633974483,7.0,0.22918311805232927,0.14285714285714285,0.14285714285714285,0.0,0.22918311805232927,0.4955308455994577,0.1438116055350125,0.3517192400644452,0,1,1,1,1,1,98.85620720871259,98.85620720871259,0.0,98.85620720871259,98.85620720871259,81,4.0,4.0,0.0,4.0,4.0,81,1.464145080603462,1.464145080603462,0.2688754584975143,0.9315518711793273,1.9618848992584255,81,1.9920909433020446,1.9920909433020446,0.4595825761896731,1.3082244348079022,2.959701703009885,81,0.815941136305098,0.8072649511295511,0.10039738939437683,0.5145903613530548,1.0,81,0.9912417643209227,1.0167203311381006,0.29466277594248785,0.5,1.670831042112046,81,16.653930544797362,14.76058979666452,6.301865261326736,6.187884966233668,36.32861992531214,81,18.164309962656066,18.16430996265607,3.552713678800501e-15,18.16430996265607,18.16430996265607,81
granite_sparse,51,30,30.5,17.100639071018495,16.340032166713666,20.74587218384122,20.745872183841225,18.227481488184505,22.065972883972766,1.0658947547215203,1.12684241716601,0.027714325046869437,1.063631969214568,1.320100700131544,15,100.0,100.0,100.0,99.60774874293932,99.79947827883811,0.42857142857142855,3,100.0,0.1,99.99503320866597,1,0.25,P32_derived_Jv_proxy,100.0,100.0,-0.3922512570606784,-0.20052172116189126,-0.3922512570606784,-0.20052172116189126,0.3922512570606784,0.20052172116189126,0.3922512570606784,0.20052172116189126,15,3,1,14,0.9333333333333333,0.06666666666666667,78.53981633974483,7.0,0.1909859317102744,0.42857142857142855,0.42857142857142855,0.012732395447351627,0.17825353626292278,0.3572409490118954,0.2236133778879018,0.1336275711239936,1,1,1,1,1,1,100.0,100.0,0.0,100.0,100.0,81,4.0,4.0,0.0,4.0,4.0,81,1.5277179619624441,1.5277179619624441,0.31198041332592996,0.8636264554778019,2.2288812231012147,81,1.8409902804090952,1.8409902804090952,0.5005979142949876,0.821601352985948,2.710897578131306,81,0.7858091298014285,0.7845142905262456,0.08985074709213502,0.5715791235736324,1.0,81,1.0310814505311707,1.0169442276015848,0.2911337577769954,0.5,1.9044562340043607,81,17.100639071018495,16.340032166713666,5.121537209890396,7.435356878841601,31.335844672915197,81,20.74587218384122,20.745872183841225,3.552713678800501e-15,20.745872183841225,20.745872183841225,81
granite_sparse,51,40,40.5,16.034177958307986,14.287025894832226,19.17484668414347,19.174846684143475,21.625964256602323,18.96287262155453,1.3487416887123294,5.591786298294338,0.12992878146668962,0.9889452016967504,-0.21197406258893992,20,100.0,100.0,100.0,99.33480409444893,99.79947827883811,0.42857142857142855,3,100.0,0.1,99.99503320866597,1,0.25,P32_derived_Jv_proxy,100.0,100.0,-0.665195905551073,-0.20052172116189126,-0.665195905551073,-0.20052172116189126,0.665195905551073,0.20052172116189126,0.665195905551073,0.20052172116189126,20,3,1,19,0.95,0.05,78.53981633974483,7.0,0.25464790894703254,0.42857142857142855,0.42857142857142855,0.012732395447351627,0.2419155134996809,0.37036262966594713,0.33233268353704026,0.038029946128906866,0,1,1,1,1,1,100.0,100.0,0.0,100.0,100.0,81,4.0,4.0,0.0,4.0,4.0,81,1.4090505438150196,1.4090505438150196,0.21777006909473473,0.9566389265405033,1.7476543187758835,81,1.8371079662663294,1.8371079662663294,0.3425807799044978,1.3397227098416586,2.6433446821519024,81,0.807218682264119,0.789772509678702,0.10283430440142691,0.5538072656124634,1.0,81,1.0463773473319053,1.0966182589559417,0.2587405606464073,0.5,1.6718416434034427,81,16.034177958307986,14.287025894832226,5.749087174728044,7.894595596468031,35.30168054405082,81,19.17484668414347,19.174846684143475,3.552713678800501e-15,19.174846684143475,19.174846684143475,81
granite_sparse,51,50,50.5,17.996517673852093,16.904352740086683,21.616131656887298,21.6161316568873,10.729553803913456,16.942254442132736,0.5962016651423003,-7.266963869938637,-0.22460681535286353,0.7837782777722221,-4.673877214754562,17,99.23065166218609,99.23065166218609,99.23065166218609,100.0,99.68282947904478,0.42857142857142855,3,99.23065166218609,0.3,99.95588995549635,3,0.25,P32_derived_Jv_proxy,100.0,99.23065166218609,0.7693483378139092,0.4521778168586934,0.0,-0.3171705209552158,0.7693483378139092,0.4521778168586934,0.0,0.3171705209552158,17,3,2,15,0.8823529411764706,0.11764705882352941,78.53981633974483,7.0,0.21645072260497766,0.42857142857142855,0.42857142857142855,0.025464790894703253,0.1909859317102744,0.5273949373655848,0.22618273050402904,0.3012122068615558,0,0,1,0,1,1,99.23065166218609,99.23065166218609,0.0,99.23065166218609,99.23065166218609,81,4.0,4.0,0.0,4.0,4.0,81,1.499888762835739,1.499888762835739,0.3704310877567179,0.7627934953907393,2.118860755220405,81,1.7213410535177656,1.7213410535177656,0.49347579289257665,0.75,2.467044134427584,81,0.7970853688359029,0.7941504334039503,0.09886732986393418,0.536069052069871,1.0,81,1.0434167522196485,1.0320528664875812,0.29676652321174823,0.5,1.9662893953373841,81,17.996517673852093,16.904352740086683,5.89214951981524,8.209781642987696,36.8860722114367,81,21.616131656887298,21.6161316568873,3.552713678800501e-15,21.6161316568873,21.6161316568873,81
granite_sparse,51,60,60.5,16.332844129648578,15.525327084938363,19.235478668629437,19.235478668629437,25.395106520276947,18.75,1.5548490096821463,9.06226239062837,0.1916882213720541,0.9747612899583732,-0.4854786686294368,22,100.0,100.0,100.0,100.0,100.0,0.0,0,100.0,0.3,99.95588995549635,3,0.25,P32_derived_Jv_proxy,100.0,100.0,0.0,0.0,0.0,0.0,0.0,0.0,0.0,0.0,22,0,0,22,1.0,0.0,78.53981633974483,7.0,0.2801126998417358,0.0,0.0,0.0,0.2801126998417358,0.33886166366473613,0.0,0.33886166366473613,0,0,1,1,1,1,100.0,100.0,0.0,100.0,100.0,81,4.0,4.0,0.0,4.0,4.0,81,1.45819517899585,1.45819517899585,0.27782003741162065,0.8982545903107932,1.8720258287283857,81,1.8951896182521006,1.8951896182521006,0.3509189176260362,1.3508046483687823,2.6423064841282162,81,0.8131424001623218,0.818556709405455,0.09702222170858028,0.5086314498032902,1.0,81,1.0559840633695008,1.0668078586324339,0.31574060399209253,0.5,1.689659858254578,81,16.332844129648578,15.525327084938363,5.735404310000297,7.796853138845372,33.75808560760769,81,19.235478668629437,19.235478668629437,0.0,19.235478668629437,19.235478668629437,81
granite_sparse,51,70,70.5,17.47102095781229,15.193842969881622,19.172651026175455,19.17265102617545,15.599744136227047,18.75,0.8928925318043026,-1.8712768215852424,-0.04920080947989858,0.977955525002858,-0.4226510261754548,23,100.0,100.0,100.0,100.0,100.0,0.0,0,100.0,0.3,99.95588995549635,3,0.25,P32_derived_Jv_proxy,100.0,100.0,0.0,0.0,0.0,0.0,0.0,0.0,0.0,0.0,23,0,0,23,1.0,0.0,78.53981633974483,7.0,0.2928450952890874,0.0,0.0,0.0,0.2928450952890874,0.44446666010841784,0.0,0.44446666010841784,1,1,1,1,1,1,100.0,100.0,0.0,100.0,100.0,81,4.0,4.0,0.0,4.0,4.0,81,1.505303108017898,1.505303108017898,0.317891100247133,0.6695334498304335,2.1965905808242456,81,1.9628259883867698,1.9628259883867698,0.42773510327442993,0.9044328720053005,2.874827323850642,81,0.8023404130066586,0.8042982252052315,0.0945332022242995,0.5760668787595602,1.0,81,0.9797225629969077,0.9885438605895746,0.2973216732079027,0.5,1.7695815526314984,81,17.47102095781229,15.193842969881622,6.458137621537343,8.502981935194018,36.707833026175344,81,19.172651026175455,19.17265102617545,3.552713678800501e-15,19.17265102617545,19.17265102617545,81
granite_sparse,51,80,80.5,19.32925800770373,18.346774356214503,21.85999797588415,21.859997975884152,17.54014386522115,19.258007291502047,0.9074401023686723,-1.7891141424825783,-0.04218203193292536,0.8809702229957841,-2.601990684382102,16,100.0,100.0,100.0,100.0,99.93315942627937,0.14285714285714285,1,100.0,0.5,99.87908957257498,5,0.25,P32_derived_Jv_proxy,100.0,100.0,0.0,-0.06684057372062568,0.0,-0.06684057372062568,0.0,0.06684057372062568,0.0,0.06684057372062568,16,1,0,16,1.0,0.0,78.53981633974483,7.0,0.20371832715762603,0.14285714285714285,0.14285714285714285,0.0,0.20371832715762603,0.4228250031864462,0.19204590521235898,0.23077909797408724,1,1,1,1,1,1,100.0,100.0,0.0,100.0,100.0,81,4.0,4.0,0.0,4.0,4.0,81,1.4581284493503892,1.4581284493503892,0.26788084629325,0.8623816010400658,1.9711109631272477,81,1.667576148633442,1.667576148633442,0.6638558409964541,0.75,2.716616384158575,81,0.805383436447178,0.8076600411866947,0.1002509035550152,0.5610539298096725,1.0,81,0.9952001961939748,0.9894195621814642,0.28467629427346325,0.5,1.7737852241566043,81,19.32925800770373,18.346774356214503,6.527951317378016,8.368784105122675,40.86781066731885,81,21.85999797588415,21.859997975884152,3.552713678800501e-15,21.859997975884152,21.859997975884152,81
